[
    {
        "start": 1725647400,
        "end": 1725649740,
        "bounce": {
            "isBounced": false,
            "pathname": "/frontend/index.html"
        },
        "device": "Mobile",
        "browser": "Edge",
        "location": {
            "latitude": 1.985734,
            "longitude": 1.843233
        },
        "uniqueId": "31b1cad6-43b6-4fa7-95e5-7d79676b01e7",
        "pathname": "/settings",
        "language": "lij",
        "referrer": "http://holmes.biz/",
        "events": {
            "loadCount": 2,
            "visibilitychangeCount": 3,
            "resizeCount": 0,
            "focusCount": 10,
            "clickCount": 3,
            "blurCount": 9
        },
        "pageLoadTime": {
            "loadStart": 1725647400000,
            "loadEnd": 1725647400767
        },
        "productId": "TRK-Ob2CJVFgaau7",
        "pathCounts": {
            "/login": 10,
            "/home": 7,
            "/settings": 10
        }
    },
    {
        "start": 1725647400,
        "end": 1725648300,
        "bounce": {
            "isBounced": false,
            "pathname": "/frontend/index.html"
        },
        "device": "Laptop",
        "browser": "Chrome",
        "location": {
            "latitude": 59.1333035,
            "longitude": 40.831006
        },
        "uniqueId": "9b47b488-09f3-4d00-a56c-8c970bdfab8e",
        "pathname": "/profile",
        "language": "bg",
        "referrer": "http://mills.com/",
        "events": {
            "loadCount": 3,
            "visibilitychangeCount": 7,
            "resizeCount": 7,
            "focusCount": 0,
            "clickCount": 8,
            "blurCount": 5
        },
        "pageLoadTime": {
            "loadStart": 1725647400000,
            "loadEnd": 1725647400123
        },
        "productId": "TRK-Ob2CJVFgaau7",
        "pathCounts": {
            "/home/dashboard": 10,
            "/cart": 1,
            "/profile": 10,
            "/settings": 6,
            "/home": 2
        }
    },
    {
        "start": 1725647400,
        "end": 1725649380,
        "bounce": {
            "isBounced": true,
            "pathname": "/frontend/index.html"
        },
        "device": "Tablet",
        "browser": "Chrome",
        "location": {
            "latitude": 76.2700005,
            "longitude": -24.387038
        },
        "uniqueId": "aca50ebd-2a70-41b2-a3f9-1a2deecc8322",
        "pathname": "/home",
        "language": "ml",
        "referrer": "http://www.macias-foley.net/",
        "events": {
            "loadCount": 2,
            "visibilitychangeCount": 0,
            "resizeCount": 6,
            "focusCount": 4,
            "clickCount": 1,
            "blurCount": 4
        },
        "pageLoadTime": {
            "loadStart": 1725647400000,
            "loadEnd": 1725647400333
        },
        "productId": "TRK-Ob2CJVFgaau7",
        "pathCounts": {
            "/checkout": 8,
            "/home": 6,
            "/cart": 9,
            "/login": 8,
            "/home/create": 3
        }
    },
    {
        "start": 1725647400,
        "end": 1725647640,
        "bounce": {
            "isBounced": true,
            "pathname": "/frontend/index.html"
        },
        "device": "Mobile",
        "browser": "Chrome",
        "location": {
            "latitude": -56.2107995,
            "longitude": -48.805297
        },
        "uniqueId": "d86a654c-f156-4873-9fec-b758bd53146a",
        "pathname": "/profile",
        "language": "ast",
        "referrer": "http://knapp.com/",
        "events": {
            "loadCount": 0,
            "visibilitychangeCount": 4,
            "resizeCount": 9,
            "focusCount": 7,
            "clickCount": 8,
            "blurCount": 3
        },
        "pageLoadTime": {
            "loadStart": 1725647400000,
            "loadEnd": 1725647400956
        },
        "productId": "TRK-89olAsKyNOG7",
        "pathCounts": {
            "/checkout": 10,
            "/profile": 7,
            "/login": 4
        }
    },
    {
        "start": 1725647400,
        "end": 1725648780,
        "bounce": {
            "isBounced": false,
            "pathname": "/frontend/index.html"
        },
        "device": "Desktop",
        "browser": "Safari",
        "location": {
            "latitude": -12.985059,
            "longitude": -164.00802
        },
        "uniqueId": "ca9d1f5f-925b-4a59-b362-4703a75ad77c",
        "pathname": "/frontend/index.html",
        "language": "mk",
        "referrer": "http://www.thomas-harris.biz/",
        "events": {
            "loadCount": 4,
            "visibilitychangeCount": 6,
            "resizeCount": 6,
            "focusCount": 5,
            "clickCount": 10,
            "blurCount": 10
        },
        "pageLoadTime": {
            "loadStart": 1725647400000,
            "loadEnd": 1725647400513
        },
        "productId": "TRK-TlxlcwGkl19t",
        "pathCounts": {
            "/settings": 7,
            "/checkout": 8
        }
    },
    {
        "start": 1725647400,
        "end": 1725647940,
        "bounce": {
            "isBounced": true,
            "pathname": "/frontend/index.html"
        },
        "device": "Laptop",
        "browser": "Chrome",
        "location": {
            "latitude": -39.626372,
            "longitude": 151.096157
        },
        "uniqueId": "aca50ebd-2a70-41b2-a3f9-1a2deecc8322",
        "pathname": "/dashboard",
        "language": "ru",
        "referrer": "",
        "events": {
            "loadCount": 4,
            "visibilitychangeCount": 7,
            "resizeCount": 1,
            "focusCount": 6,
            "clickCount": 3,
            "blurCount": 6
        },
        "pageLoadTime": {
            "loadStart": 1725647400000,
            "loadEnd": 1725647400529
        },
        "productId": "TRK-TlxlcwGkl19t",
        "pathCounts": {
            "/home/dashboard": 10,
            "/login": 3,
            "/home/create": 2,
            "/home": 3,
            "/settings": 7
        }
    },
    {
        "start": 1725647400,
        "end": 1725649380,
        "bounce": {
            "isBounced": true,
            "pathname": "/frontend/index.html"
        },
        "device": "Mobile",
        "browser": "Safari",
        "location": {
            "latitude": 31.9120505,
            "longitude": 135.142878
        },
        "uniqueId": "9b47b488-09f3-4d00-a56c-8c970bdfab8e",
        "pathname": "/settings",
        "language": "ce",
        "referrer": "",
        "events": {
            "loadCount": 1,
            "visibilitychangeCount": 8,
            "resizeCount": 10,
            "focusCount": 7,
            "clickCount": 1,
            "blurCount": 9
        },
        "pageLoadTime": {
            "loadStart": 1725647400000,
            "loadEnd": 1725647400867
        },
        "productId": "TRK-Ob2CJVFgaau7",
        "pathCounts": {
            "/cart": 6,
            "/home": 3
        }
    },
    {
        "start": 1725647400,
        "end": 1725647580,
        "bounce": {
            "isBounced": false,
            "pathname": "/frontend/index.html"
        },
        "device": "Laptop",
        "browser": "Safari",
        "location": {
            "latitude": -39.0043755,
            "longitude": 93.635863
        },
        "uniqueId": "aca50ebd-2a70-41b2-a3f9-1a2deecc8322",
        "pathname": "/dashboard",
        "language": "lg",
        "referrer": "http://www.fisher-bryant.net/",
        "events": {
            "loadCount": 8,
            "visibilitychangeCount": 9,
            "resizeCount": 7,
            "focusCount": 5,
            "clickCount": 4,
            "blurCount": 9
        },
        "pageLoadTime": {
            "loadStart": 1725647400000,
            "loadEnd": 1725647400130
        },
        "productId": "TRK-TlxlcwGkl19t",
        "pathCounts": {
            "/login": 1,
            "/home/dashboard": 4,
            "/home/create": 6
        }
    },
    {
        "start": 1725647400,
        "end": 1725649080,
        "bounce": {
            "isBounced": true,
            "pathname": "/frontend/index.html"
        },
        "device": "Laptop",
        "browser": "Mozilla",
        "location": {
            "latitude": -64.0319465,
            "longitude": 101.098585
        },
        "uniqueId": "4f113d91-1e3e-46f7-a9ca-95f02de96297",
        "pathname": "/home",
        "language": "tn",
        "referrer": "https://www.flores.com/",
        "events": {
            "loadCount": 0,
            "visibilitychangeCount": 10,
            "resizeCount": 5,
            "focusCount": 3,
            "clickCount": 4,
            "blurCount": 6
        },
        "pageLoadTime": {
            "loadStart": 1725647400000,
            "loadEnd": 1725647400309
        },
        "productId": "TRK-89olAsKyNOG7",
        "pathCounts": {
            "/home/dashboard": 10,
            "/checkout": 10,
            "/profile": 8
        }
    },
    {
        "start": 1725647400,
        "end": 1725648060,
        "bounce": {
            "isBounced": true,
            "pathname": "/frontend/index.html"
        },
        "device": "Tablet",
        "browser": "Chrome",
        "location": {
            "latitude": 27.556956,
            "longitude": 2.554532
        },
        "uniqueId": "77f0712b-554f-4c5c-9898-14e7c77b26a0",
        "pathname": "/frontend/index.html",
        "language": "ps",
        "referrer": "http://www.whitaker.com/",
        "events": {
            "loadCount": 3,
            "visibilitychangeCount": 3,
            "resizeCount": 4,
            "focusCount": 10,
            "clickCount": 0,
            "blurCount": 3
        },
        "pageLoadTime": {
            "loadStart": 1725647400000,
            "loadEnd": 1725647400147
        },
        "productId": "TRK-Ob2CJVFgaau7",
        "pathCounts": {
            "/login": 1,
            "/profile": 8,
            "/checkout": 4,
            "/cart": 10
        }
    },
    {
        "start": 1725647400,
        "end": 1725648900,
        "bounce": {
            "isBounced": false,
            "pathname": "/frontend/index.html"
        },
        "device": "Desktop",
        "browser": "Safari",
        "location": {
            "latitude": -52.541658,
            "longitude": 8.110084
        },
        "uniqueId": "625ea2f3-d6f3-47f0-abd3-a204ea4eb491",
        "pathname": "/frontend/index.html",
        "language": "om",
        "referrer": "https://lee-turner.com/",
        "events": {
            "loadCount": 0,
            "visibilitychangeCount": 6,
            "resizeCount": 6,
            "focusCount": 9,
            "clickCount": 10,
            "blurCount": 6
        },
        "pageLoadTime": {
            "loadStart": 1725647400000,
            "loadEnd": 1725647400003
        },
        "productId": "TRK-TlxlcwGkl19t",
        "pathCounts": {
            "/checkout": 6,
            "/profile": 1,
            "/cart": 7
        }
    },
    {
        "start": 1725647400,
        "end": 1725648360,
        "bounce": {
            "isBounced": true,
            "pathname": "/frontend/index.html"
        },
        "device": "Tablet",
        "browser": "Chrome",
        "location": {
            "latitude": -34.4701915,
            "longitude": 117.084241
        },
        "uniqueId": "4f113d91-1e3e-46f7-a9ca-95f02de96297",
        "pathname": "/profile",
        "language": "ca",
        "referrer": "https://www.ramsey.com/",
        "events": {
            "loadCount": 5,
            "visibilitychangeCount": 3,
            "resizeCount": 6,
            "focusCount": 10,
            "clickCount": 0,
            "blurCount": 0
        },
        "pageLoadTime": {
            "loadStart": 1725647400000,
            "loadEnd": 1725647400997
        },
        "productId": "TRK-Ob2CJVFgaau7",
        "pathCounts": {
            "/checkout": 5,
            "/settings": 3
        }
    },
    {
        "start": 1725647400,
        "end": 1725650640,
        "bounce": {
            "isBounced": false,
            "pathname": "/frontend/index.html"
        },
        "device": "Desktop",
        "browser": "Safari",
        "location": {
            "latitude": -67.131321,
            "longitude": 162.732981
        },
        "uniqueId": "111907fd-95b7-4729-a2af-e51ad656e288",
        "pathname": "/profile",
        "language": "lb",
        "referrer": "",
        "events": {
            "loadCount": 3,
            "visibilitychangeCount": 6,
            "resizeCount": 4,
            "focusCount": 6,
            "clickCount": 2,
            "blurCount": 7
        },
        "pageLoadTime": {
            "loadStart": 1725647400000,
            "loadEnd": 1725647400360
        },
        "productId": "TRK-89olAsKyNOG7",
        "pathCounts": {
            "/home/create": 1,
            "/checkout": 2,
            "/home/dashboard": 4
        }
    },
    {
        "start": 1725647400,
        "end": 1725648720,
        "bounce": {
            "isBounced": false,
            "pathname": "/frontend/index.html"
        },
        "device": "Desktop",
        "browser": "Edge",
        "location": {
            "latitude": -29.431644,
            "longitude": 122.075211
        },
        "uniqueId": "ca9d1f5f-925b-4a59-b362-4703a75ad77c",
        "pathname": "/frontend/index.html",
        "language": "shs",
        "referrer": "",
        "events": {
            "loadCount": 9,
            "visibilitychangeCount": 7,
            "resizeCount": 0,
            "focusCount": 10,
            "clickCount": 3,
            "blurCount": 2
        },
        "pageLoadTime": {
            "loadStart": 1725647400000,
            "loadEnd": 1725647400461
        },
        "productId": "TRK-89olAsKyNOG7",
        "pathCounts": {
            "/home": 2,
            "/home/dashboard": 9,
            "/home/create": 4,
            "/profile": 3
        }
    },
    {
        "start": 1725647400,
        "end": 1725650760,
        "bounce": {
            "isBounced": false,
            "pathname": "/frontend/index.html"
        },
        "device": "Desktop",
        "browser": "Mozilla",
        "location": {
            "latitude": -23.9267405,
            "longitude": -31.028203
        },
        "uniqueId": "31b1cad6-43b6-4fa7-95e5-7d79676b01e7",
        "pathname": "/frontend/index.html",
        "language": "dv",
        "referrer": "",
        "events": {
            "loadCount": 9,
            "visibilitychangeCount": 2,
            "resizeCount": 5,
            "focusCount": 10,
            "clickCount": 8,
            "blurCount": 3
        },
        "pageLoadTime": {
            "loadStart": 1725647400000,
            "loadEnd": 1725647400277
        },
        "productId": "TRK-89olAsKyNOG7",
        "pathCounts": {
            "/home/dashboard": 8,
            "/home": 3,
            "/cart": 4,
            "/home/create": 4
        }
    },
    {
        "start": 1725647400,
        "end": 1725650520,
        "bounce": {
            "isBounced": false,
            "pathname": "/frontend/index.html"
        },
        "device": "Mobile",
        "browser": "Chrome",
        "location": {
            "latitude": 27.420355,
            "longitude": 106.10761
        },
        "uniqueId": "ffef8945-c190-4f95-930f-4e35c2e3a868",
        "pathname": "/settings",
        "language": "uk",
        "referrer": "https://medina.biz/",
        "events": {
            "loadCount": 4,
            "visibilitychangeCount": 8,
            "resizeCount": 7,
            "focusCount": 9,
            "clickCount": 7,
            "blurCount": 7
        },
        "pageLoadTime": {
            "loadStart": 1725647400000,
            "loadEnd": 1725647400053
        },
        "productId": "TRK-Ob2CJVFgaau7",
        "pathCounts": {
            "/home/dashboard": 7,
            "/cart": 5,
            "/login": 7
        }
    },
    {
        "start": 1725647400,
        "end": 1725647640,
        "bounce": {
            "isBounced": true,
            "pathname": "/frontend/index.html"
        },
        "device": "Laptop",
        "browser": "Safari",
        "location": {
            "latitude": 67.132024,
            "longitude": -20.741236
        },
        "uniqueId": "3da55713-36de-4077-9d4d-626d934aafe0",
        "pathname": "/home",
        "language": "sl",
        "referrer": "https://www.jones-smith.com/",
        "events": {
            "loadCount": 8,
            "visibilitychangeCount": 7,
            "resizeCount": 8,
            "focusCount": 6,
            "clickCount": 3,
            "blurCount": 10
        },
        "pageLoadTime": {
            "loadStart": 1725647400000,
            "loadEnd": 1725647400926
        },
        "productId": "TRK-TlxlcwGkl19t",
        "pathCounts": {
            "/settings": 4,
            "/home/create": 5,
            "/login": 8,
            "/home/dashboard": 2,
            "/profile": 3
        }
    },
    {
        "start": 1725647400,
        "end": 1725649740,
        "bounce": {
            "isBounced": true,
            "pathname": "/frontend/index.html"
        },
        "device": "Mobile",
        "browser": "Edge",
        "location": {
            "latitude": 56.610138,
            "longitude": 152.534278
        },
        "uniqueId": "f9c7e851-4d89-46ce-8678-25b88916a574",
        "pathname": "/home",
        "language": "szl",
        "referrer": "",
        "events": {
            "loadCount": 8,
            "visibilitychangeCount": 3,
            "resizeCount": 9,
            "focusCount": 8,
            "clickCount": 10,
            "blurCount": 7
        },
        "pageLoadTime": {
            "loadStart": 1725647400000,
            "loadEnd": 1725647400144
        },
        "productId": "TRK-TlxlcwGkl19t",
        "pathCounts": {
            "/cart": 7,
            "/home/dashboard": 4,
            "/settings": 1,
            "/login": 1,
            "/home/create": 9,
            "/home": 7
        }
    },
    {
        "start": 1725647400,
        "end": 1725647700,
        "bounce": {
            "isBounced": true,
            "pathname": "/frontend/index.html"
        },
        "device": "Mobile",
        "browser": "Chrome",
        "location": {
            "latitude": -88.7008655,
            "longitude": 166.377475
        },
        "uniqueId": "f25d6d08-ed4a-4680-b7e3-94d4b30207df",
        "pathname": "/settings",
        "language": "ber",
        "referrer": "https://www.king.net/",
        "events": {
            "loadCount": 0,
            "visibilitychangeCount": 7,
            "resizeCount": 4,
            "focusCount": 8,
            "clickCount": 10,
            "blurCount": 8
        },
        "pageLoadTime": {
            "loadStart": 1725647400000,
            "loadEnd": 1725647400427
        },
        "productId": "TRK-TlxlcwGkl19t",
        "pathCounts": {
            "/home/dashboard": 9,
            "/home/create": 7,
            "/checkout": 1,
            "/home": 6
        }
    },
    {
        "start": 1725647400,
        "end": 1725648180,
        "bounce": {
            "isBounced": false,
            "pathname": "/frontend/index.html"
        },
        "device": "Mobile",
        "browser": "Safari",
        "location": {
            "latitude": 36.620342,
            "longitude": 176.412657
        },
        "uniqueId": "31b1cad6-43b6-4fa7-95e5-7d79676b01e7",
        "pathname": "/home",
        "language": "mk",
        "referrer": "",
        "events": {
            "loadCount": 0,
            "visibilitychangeCount": 3,
            "resizeCount": 10,
            "focusCount": 7,
            "clickCount": 10,
            "blurCount": 0
        },
        "pageLoadTime": {
            "loadStart": 1725647400000,
            "loadEnd": 1725647400488
        },
        "productId": "TRK-Ob2CJVFgaau7",
        "pathCounts": {
            "/checkout": 5,
            "/home": 3,
            "/settings": 5
        }
    }
]