[
    {
        "start": 1727289000,
        "end": 1727290620,
        "bounce": {
            "isBounced": false,
            "pathname": "/frontend/index.html"
        },
        "device": "Mobile",
        "browser": "Safari",
        "location": {
            "latitude": -58.536754,
            "longitude": -46.480597
        },
        "uniqueId": "f25d6d08-ed4a-4680-b7e3-94d4b30207df",
        "pathname": "/dashboard",
        "language": "be",
        "referrer": "http://patton.net/",
        "events": {
            "loadCount": 8,
            "visibilitychangeCount": 8,
            "resizeCount": 5,
            "focusCount": 1,
            "clickCount": 8,
            "blurCount": 5
        },
        "pageLoadTime": {
            "loadStart": 1727289000000,
            "loadEnd": 1727289000498
        },
        "productId": "TRK-TlxlcwGkl19t",
        "pathCounts": {
            "/profile": 7,
            "/checkout": 1,
            "/cart": 8,
            "/home": 3,
            "/home/dashboard": 5
        }
    },
    {
        "start": 1727289000,
        "end": 1727289840,
        "bounce": {
            "isBounced": false,
            "pathname": "/frontend/index.html"
        },
        "device": "Desktop",
        "browser": "Safari",
        "location": {
            "latitude": 56.504108,
            "longitude": -117.652298
        },
        "uniqueId": "77f0712b-554f-4c5c-9898-14e7c77b26a0",
        "pathname": "/frontend/index.html",
        "language": "uk",
        "referrer": "https://martin.com/",
        "events": {
            "loadCount": 4,
            "visibilitychangeCount": 8,
            "resizeCount": 8,
            "focusCount": 3,
            "clickCount": 4,
            "blurCount": 9
        },
        "pageLoadTime": {
            "loadStart": 1727289000000,
            "loadEnd": 1727289000899
        },
        "productId": "TRK-89olAsKyNOG7",
        "pathCounts": {
            "/home/create": 2,
            "/login": 10,
            "/checkout": 10,
            "/home/dashboard": 2
        }
    },
    {
        "start": 1727289000,
        "end": 1727290980,
        "bounce": {
            "isBounced": false,
            "pathname": "/frontend/index.html"
        },
        "device": "Laptop",
        "browser": "Safari",
        "location": {
            "latitude": 73.4486055,
            "longitude": 135.503777
        },
        "uniqueId": "9b47b488-09f3-4d00-a56c-8c970bdfab8e",
        "pathname": "/frontend/index.html",
        "language": "oc",
        "referrer": "",
        "events": {
            "loadCount": 6,
            "visibilitychangeCount": 10,
            "resizeCount": 3,
            "focusCount": 1,
            "clickCount": 9,
            "blurCount": 1
        },
        "pageLoadTime": {
            "loadStart": 1727289000000,
            "loadEnd": 1727289000425
        },
        "productId": "TRK-TlxlcwGkl19t",
        "pathCounts": {
            "/cart": 9,
            "/home/dashboard": 1,
            "/home": 10,
            "/checkout": 9
        }
    },
    {
        "start": 1727289000,
        "end": 1727291160,
        "bounce": {
            "isBounced": false,
            "pathname": "/frontend/index.html"
        },
        "device": "Laptop",
        "browser": "Chrome",
        "location": {
            "latitude": -51.9670715,
            "longitude": -27.396239
        },
        "uniqueId": "31b1cad6-43b6-4fa7-95e5-7d79676b01e7",
        "pathname": "/dashboard",
        "language": "nhn",
        "referrer": "",
        "events": {
            "loadCount": 1,
            "visibilitychangeCount": 8,
            "resizeCount": 3,
            "focusCount": 4,
            "clickCount": 0,
            "blurCount": 0
        },
        "pageLoadTime": {
            "loadStart": 1727289000000,
            "loadEnd": 1727289000697
        },
        "productId": "TRK-Ob2CJVFgaau7",
        "pathCounts": {
            "/login": 1,
            "/checkout": 4,
            "/home/create": 7,
            "/settings": 5,
            "/home": 3
        }
    },
    {
        "start": 1727289000,
        "end": 1727291820,
        "bounce": {
            "isBounced": false,
            "pathname": "/frontend/index.html"
        },
        "device": "Laptop",
        "browser": "Chrome",
        "location": {
            "latitude": 24.649837,
            "longitude": 22.008289
        },
        "uniqueId": "37f86d6c-c234-4339-9c0f-ec3bdaab8536",
        "pathname": "/frontend/index.html",
        "language": "ht",
        "referrer": "",
        "events": {
            "loadCount": 5,
            "visibilitychangeCount": 1,
            "resizeCount": 8,
            "focusCount": 5,
            "clickCount": 8,
            "blurCount": 9
        },
        "pageLoadTime": {
            "loadStart": 1727289000000,
            "loadEnd": 1727289000784
        },
        "productId": "TRK-Ob2CJVFgaau7",
        "pathCounts": {
            "/checkout": 2,
            "/home": 10,
            "/home/dashboard": 8
        }
    },
    {
        "start": 1727289000,
        "end": 1727289180,
        "bounce": {
            "isBounced": false,
            "pathname": "/frontend/index.html"
        },
        "device": "Desktop",
        "browser": "Edge",
        "location": {
            "latitude": 65.938773,
            "longitude": -61.200764
        },
        "uniqueId": "f25d6d08-ed4a-4680-b7e3-94d4b30207df",
        "pathname": "/profile",
        "language": "ti",
        "referrer": "https://herring.com/",
        "events": {
            "loadCount": 9,
            "visibilitychangeCount": 10,
            "resizeCount": 10,
            "focusCount": 9,
            "clickCount": 8,
            "blurCount": 9
        },
        "pageLoadTime": {
            "loadStart": 1727289000000,
            "loadEnd": 1727289000301
        },
        "productId": "TRK-89olAsKyNOG7",
        "pathCounts": {
            "/home/create": 10,
            "/login": 6,
            "/checkout": 1,
            "/cart": 5,
            "/settings": 3
        }
    },
    {
        "start": 1727289000,
        "end": 1727290500,
        "bounce": {
            "isBounced": false,
            "pathname": "/frontend/index.html"
        },
        "device": "Laptop",
        "browser": "Edge",
        "location": {
            "latitude": -77.309265,
            "longitude": 158.15922
        },
        "uniqueId": "3ba5c0ca-2d1c-4d75-82b7-a2c821f2ea43",
        "pathname": "/profile",
        "language": "id",
        "referrer": "",
        "events": {
            "loadCount": 2,
            "visibilitychangeCount": 8,
            "resizeCount": 3,
            "focusCount": 4,
            "clickCount": 9,
            "blurCount": 0
        },
        "pageLoadTime": {
            "loadStart": 1727289000000,
            "loadEnd": 1727289000609
        },
        "productId": "TRK-Ob2CJVFgaau7",
        "pathCounts": {
            "/settings": 1,
            "/checkout": 1,
            "/home/create": 1
        }
    },
    {
        "start": 1727289000,
        "end": 1727289540,
        "bounce": {
            "isBounced": false,
            "pathname": "/frontend/index.html"
        },
        "device": "Mobile",
        "browser": "Safari",
        "location": {
            "latitude": -52.702812,
            "longitude": -12.968241
        },
        "uniqueId": "ffef8945-c190-4f95-930f-4e35c2e3a868",
        "pathname": "/dashboard",
        "language": "byn",
        "referrer": "",
        "events": {
            "loadCount": 1,
            "visibilitychangeCount": 10,
            "resizeCount": 10,
            "focusCount": 4,
            "clickCount": 5,
            "blurCount": 4
        },
        "pageLoadTime": {
            "loadStart": 1727289000000,
            "loadEnd": 1727289000360
        },
        "productId": "TRK-89olAsKyNOG7",
        "pathCounts": {
            "/profile": 6,
            "/home": 9,
            "/checkout": 5,
            "/cart": 9
        }
    },
    {
        "start": 1727289000,
        "end": 1727290680,
        "bounce": {
            "isBounced": false,
            "pathname": "/frontend/index.html"
        },
        "device": "Laptop",
        "browser": "Edge",
        "location": {
            "latitude": 54.9699965,
            "longitude": -94.993533
        },
        "uniqueId": "aca50ebd-2a70-41b2-a3f9-1a2deecc8322",
        "pathname": "/dashboard",
        "language": "ti",
        "referrer": "http://www.stewart.com/",
        "events": {
            "loadCount": 9,
            "visibilitychangeCount": 3,
            "resizeCount": 4,
            "focusCount": 1,
            "clickCount": 9,
            "blurCount": 3
        },
        "pageLoadTime": {
            "loadStart": 1727289000000,
            "loadEnd": 1727289000494
        },
        "productId": "TRK-89olAsKyNOG7",
        "pathCounts": {
            "/home/dashboard": 7,
            "/checkout": 4
        }
    },
    {
        "start": 1727289000,
        "end": 1727292480,
        "bounce": {
            "isBounced": true,
            "pathname": "/frontend/index.html"
        },
        "device": "Laptop",
        "browser": "Chrome",
        "location": {
            "latitude": 66.5705145,
            "longitude": -38.606702
        },
        "uniqueId": "4f113d91-1e3e-46f7-a9ca-95f02de96297",
        "pathname": "/settings",
        "language": "fi",
        "referrer": "",
        "events": {
            "loadCount": 3,
            "visibilitychangeCount": 2,
            "resizeCount": 6,
            "focusCount": 2,
            "clickCount": 7,
            "blurCount": 9
        },
        "pageLoadTime": {
            "loadStart": 1727289000000,
            "loadEnd": 1727289000974
        },
        "productId": "TRK-89olAsKyNOG7",
        "pathCounts": {
            "/login": 5,
            "/checkout": 4,
            "/cart": 5
        }
    },
    {
        "start": 1727289000,
        "end": 1727289120,
        "bounce": {
            "isBounced": true,
            "pathname": "/frontend/index.html"
        },
        "device": "Desktop",
        "browser": "Chrome",
        "location": {
            "latitude": 82.312447,
            "longitude": -74.83166
        },
        "uniqueId": "5bde6480-0ab0-43b2-8529-ae22b458f836",
        "pathname": "/dashboard",
        "language": "sd",
        "referrer": "https://greene.com/",
        "events": {
            "loadCount": 9,
            "visibilitychangeCount": 2,
            "resizeCount": 3,
            "focusCount": 10,
            "clickCount": 5,
            "blurCount": 3
        },
        "pageLoadTime": {
            "loadStart": 1727289000000,
            "loadEnd": 1727289000412
        },
        "productId": "TRK-TlxlcwGkl19t",
        "pathCounts": {
            "/profile": 5,
            "/cart": 10,
            "/home/dashboard": 9
        }
    },
    {
        "start": 1727289000,
        "end": 1727292180,
        "bounce": {
            "isBounced": true,
            "pathname": "/frontend/index.html"
        },
        "device": "Laptop",
        "browser": "Mozilla",
        "location": {
            "latitude": -35.0444095,
            "longitude": -170.125637
        },
        "uniqueId": "14ec54a1-24e9-462b-9378-3e9d812cba5a",
        "pathname": "/profile",
        "language": "kw",
        "referrer": "http://www.vasquez.com/",
        "events": {
            "loadCount": 5,
            "visibilitychangeCount": 10,
            "resizeCount": 1,
            "focusCount": 4,
            "clickCount": 8,
            "blurCount": 1
        },
        "pageLoadTime": {
            "loadStart": 1727289000000,
            "loadEnd": 1727289000605
        },
        "productId": "TRK-89olAsKyNOG7",
        "pathCounts": {
            "/home/dashboard": 7,
            "/profile": 4,
            "/checkout": 5,
            "/login": 9
        }
    }
]