[
    {
        "start": 1725301800,
        "end": 1725303960,
        "bounce": {
            "isBounced": true,
            "pathname": "/frontend/index.html"
        },
        "device": "Desktop",
        "browser": "Edge",
        "location": {
            "latitude": -15.4789665,
            "longitude": -147.757229
        },
        "uniqueId": "625ea2f3-d6f3-47f0-abd3-a204ea4eb491",
        "pathname": "/profile",
        "language": "pa",
        "referrer": "https://andrews.info/",
        "events": {
            "loadCount": 4,
            "visibilitychangeCount": 7,
            "resizeCount": 7,
            "focusCount": 9,
            "clickCount": 10,
            "blurCount": 10
        },
        "pageLoadTime": {
            "loadStart": 1725301800000,
            "loadEnd": 1725301800058
        },
        "productId": "TRK-Ob2CJVFgaau7",
        "pathCounts": {
            "/home": 4,
            "/cart": 1,
            "/home/create": 8
        }
    },
    {
        "start": 1725301800,
        "end": 1725303240,
        "bounce": {
            "isBounced": false,
            "pathname": "/frontend/index.html"
        },
        "device": "Desktop",
        "browser": "Chrome",
        "location": {
            "latitude": -58.259934,
            "longitude": 78.753932
        },
        "uniqueId": "80d8a76b-4c97-4a12-9ac3-02a6d37e11a9",
        "pathname": "/frontend/index.html",
        "language": "se",
        "referrer": "",
        "events": {
            "loadCount": 4,
            "visibilitychangeCount": 5,
            "resizeCount": 10,
            "focusCount": 8,
            "clickCount": 3,
            "blurCount": 6
        },
        "pageLoadTime": {
            "loadStart": 1725301800000,
            "loadEnd": 1725301800549
        },
        "productId": "TRK-89olAsKyNOG7",
        "pathCounts": {
            "/home": 10,
            "/home/create": 10,
            "/login": 9
        }
    },
    {
        "start": 1725301800,
        "end": 1725303420,
        "bounce": {
            "isBounced": false,
            "pathname": "/frontend/index.html"
        },
        "device": "Laptop",
        "browser": "Safari",
        "location": {
            "latitude": 34.373591,
            "longitude": 95.615992
        },
        "uniqueId": "77f0712b-554f-4c5c-9898-14e7c77b26a0",
        "pathname": "/profile",
        "language": "ky",
        "referrer": "https://spencer.net/",
        "events": {
            "loadCount": 0,
            "visibilitychangeCount": 9,
            "resizeCount": 5,
            "focusCount": 8,
            "clickCount": 6,
            "blurCount": 9
        },
        "pageLoadTime": {
            "loadStart": 1725301800000,
            "loadEnd": 1725301800616
        },
        "productId": "TRK-TlxlcwGkl19t",
        "pathCounts": {
            "/login": 10,
            "/home/dashboard": 4,
            "/settings": 4
        }
    },
    {
        "start": 1725301800,
        "end": 1725302820,
        "bounce": {
            "isBounced": true,
            "pathname": "/frontend/index.html"
        },
        "device": "Desktop",
        "browser": "Edge",
        "location": {
            "latitude": 55.5940695,
            "longitude": 73.284828
        },
        "uniqueId": "4f113d91-1e3e-46f7-a9ca-95f02de96297",
        "pathname": "/frontend/index.html",
        "language": "eu",
        "referrer": "https://neal-hernandez.com/",
        "events": {
            "loadCount": 1,
            "visibilitychangeCount": 9,
            "resizeCount": 0,
            "focusCount": 10,
            "clickCount": 9,
            "blurCount": 9
        },
        "pageLoadTime": {
            "loadStart": 1725301800000,
            "loadEnd": 1725301800072
        },
        "productId": "TRK-Ob2CJVFgaau7",
        "pathCounts": {
            "/login": 2,
            "/checkout": 6,
            "/home/create": 7,
            "/home/dashboard": 3,
            "/cart": 10
        }
    },
    {
        "start": 1725301800,
        "end": 1725304980,
        "bounce": {
            "isBounced": false,
            "pathname": "/frontend/index.html"
        },
        "device": "Mobile",
        "browser": "Safari",
        "location": {
            "latitude": -17.2410675,
            "longitude": 89.61953
        },
        "uniqueId": "111907fd-95b7-4729-a2af-e51ad656e288",
        "pathname": "/dashboard",
        "language": "zh",
        "referrer": "https://mcdaniel-knight.com/",
        "events": {
            "loadCount": 4,
            "visibilitychangeCount": 0,
            "resizeCount": 9,
            "focusCount": 2,
            "clickCount": 2,
            "blurCount": 0
        },
        "pageLoadTime": {
            "loadStart": 1725301800000,
            "loadEnd": 1725301800895
        },
        "productId": "TRK-TlxlcwGkl19t",
        "pathCounts": {
            "/home/dashboard": 4,
            "/cart": 3,
            "/profile": 6,
            "/checkout": 10
        }
    },
    {
        "start": 1725301800,
        "end": 1725302640,
        "bounce": {
            "isBounced": true,
            "pathname": "/frontend/index.html"
        },
        "device": "Mobile",
        "browser": "Chrome",
        "location": {
            "latitude": -9.7971265,
            "longitude": -90.568944
        },
        "uniqueId": "31b1cad6-43b6-4fa7-95e5-7d79676b01e7",
        "pathname": "/frontend/index.html",
        "language": "ur",
        "referrer": "https://www.fields.com/",
        "events": {
            "loadCount": 8,
            "visibilitychangeCount": 8,
            "resizeCount": 0,
            "focusCount": 1,
            "clickCount": 8,
            "blurCount": 5
        },
        "pageLoadTime": {
            "loadStart": 1725301800000,
            "loadEnd": 1725301800191
        },
        "productId": "TRK-89olAsKyNOG7",
        "pathCounts": {
            "/profile": 6,
            "/settings": 10,
            "/cart": 7,
            "/login": 6,
            "/home/create": 5
        }
    },
    {
        "start": 1725301800,
        "end": 1725304500,
        "bounce": {
            "isBounced": false,
            "pathname": "/frontend/index.html"
        },
        "device": "Mobile",
        "browser": "Chrome",
        "location": {
            "latitude": 39.263216,
            "longitude": 102.797355
        },
        "uniqueId": "5bde6480-0ab0-43b2-8529-ae22b458f836",
        "pathname": "/profile",
        "language": "mn",
        "referrer": "",
        "events": {
            "loadCount": 7,
            "visibilitychangeCount": 8,
            "resizeCount": 9,
            "focusCount": 9,
            "clickCount": 0,
            "blurCount": 4
        },
        "pageLoadTime": {
            "loadStart": 1725301800000,
            "loadEnd": 1725301800629
        },
        "productId": "TRK-TlxlcwGkl19t",
        "pathCounts": {
            "/home/dashboard": 1,
            "/settings": 4,
            "/cart": 8,
            "/login": 10,
            "/checkout": 2
        }
    }
]