[
    {
        "start": 1726252200,
        "end": 1726252740,
        "bounce": {
            "isBounced": true,
            "pathname": "/frontend/index.html"
        },
        "device": "Mobile",
        "browser": "Safari",
        "location": {
            "latitude": -29.9297555,
            "longitude": 70.516092
        },
        "uniqueId": "ca9d1f5f-925b-4a59-b362-4703a75ad77c",
        "pathname": "/home",
        "language": "yo",
        "referrer": "",
        "events": {
            "loadCount": 9,
            "visibilitychangeCount": 9,
            "resizeCount": 2,
            "focusCount": 1,
            "clickCount": 8,
            "blurCount": 8
        },
        "pageLoadTime": {
            "loadStart": 1726252200000,
            "loadEnd": 1726252200142
        },
        "productId": "TRK-TlxlcwGkl19t",
        "pathCounts": {
            "/home": 3,
            "/settings": 4,
            "/login": 8,
            "/cart": 7
        }
    },
    {
        "start": 1726252200,
        "end": 1726252680,
        "bounce": {
            "isBounced": true,
            "pathname": "/frontend/index.html"
        },
        "device": "Tablet",
        "browser": "Mozilla",
        "location": {
            "latitude": -30.5224145,
            "longitude": 148.37596
        },
        "uniqueId": "14ec54a1-24e9-462b-9378-3e9d812cba5a",
        "pathname": "/profile",
        "language": "om",
        "referrer": "",
        "events": {
            "loadCount": 3,
            "visibilitychangeCount": 6,
            "resizeCount": 5,
            "focusCount": 4,
            "clickCount": 4,
            "blurCount": 4
        },
        "pageLoadTime": {
            "loadStart": 1726252200000,
            "loadEnd": 1726252200841
        },
        "productId": "TRK-Ob2CJVFgaau7",
        "pathCounts": {
            "/home/dashboard": 9,
            "/home": 7
        }
    },
    {
        "start": 1726252200,
        "end": 1726253400,
        "bounce": {
            "isBounced": false,
            "pathname": "/frontend/index.html"
        },
        "device": "Tablet",
        "browser": "Safari",
        "location": {
            "latitude": 84.264529,
            "longitude": 47.273222
        },
        "uniqueId": "9ce1bf0b-8366-40e1-b77c-9493a981c91b",
        "pathname": "/frontend/index.html",
        "language": "ff",
        "referrer": "",
        "events": {
            "loadCount": 8,
            "visibilitychangeCount": 9,
            "resizeCount": 4,
            "focusCount": 3,
            "clickCount": 6,
            "blurCount": 10
        },
        "pageLoadTime": {
            "loadStart": 1726252200000,
            "loadEnd": 1726252200929
        },
        "productId": "TRK-89olAsKyNOG7",
        "pathCounts": {
            "/profile": 4,
            "/home/dashboard": 1,
            "/cart": 7,
            "/checkout": 8
        }
    },
    {
        "start": 1726252200,
        "end": 1726254600,
        "bounce": {
            "isBounced": true,
            "pathname": "/frontend/index.html"
        },
        "device": "Mobile",
        "browser": "Safari",
        "location": {
            "latitude": 14.4505045,
            "longitude": 17.44721
        },
        "uniqueId": "ffef8945-c190-4f95-930f-4e35c2e3a868",
        "pathname": "/frontend/index.html",
        "language": "gu",
        "referrer": "",
        "events": {
            "loadCount": 10,
            "visibilitychangeCount": 7,
            "resizeCount": 7,
            "focusCount": 4,
            "clickCount": 1,
            "blurCount": 9
        },
        "pageLoadTime": {
            "loadStart": 1726252200000,
            "loadEnd": 1726252200841
        },
        "productId": "TRK-Ob2CJVFgaau7",
        "pathCounts": {
            "/cart": 9,
            "/home/create": 6,
            "/checkout": 7,
            "/home/dashboard": 8,
            "/settings": 10
        }
    },
    {
        "start": 1726252200,
        "end": 1726252320,
        "bounce": {
            "isBounced": true,
            "pathname": "/frontend/index.html"
        },
        "device": "Desktop",
        "browser": "Safari",
        "location": {
            "latitude": -8.5307105,
            "longitude": -2.122576
        },
        "uniqueId": "d86a654c-f156-4873-9fec-b758bd53146a",
        "pathname": "/home",
        "language": "ka",
        "referrer": "",
        "events": {
            "loadCount": 10,
            "visibilitychangeCount": 6,
            "resizeCount": 3,
            "focusCount": 5,
            "clickCount": 2,
            "blurCount": 10
        },
        "pageLoadTime": {
            "loadStart": 1726252200000,
            "loadEnd": 1726252200074
        },
        "productId": "TRK-Ob2CJVFgaau7",
        "pathCounts": {
            "/home": 5,
            "/settings": 7,
            "/checkout": 9,
            "/profile": 1
        }
    }
]