[
    {
        "start": 1726770600,
        "end": 1726773720,
        "bounce": {
            "isBounced": true,
            "pathname": "/frontend/index.html"
        },
        "device": "Tablet",
        "browser": "Edge",
        "location": {
            "latitude": -16.9847405,
            "longitude": -17.07338
        },
        "uniqueId": "ca9d1f5f-925b-4a59-b362-4703a75ad77c",
        "pathname": "/frontend/index.html",
        "language": "ht",
        "referrer": "https://vaughan.org/",
        "events": {
            "loadCount": 0,
            "visibilitychangeCount": 4,
            "resizeCount": 10,
            "focusCount": 8,
            "clickCount": 7,
            "blurCount": 3
        },
        "pageLoadTime": {
            "loadStart": 1726770600000,
            "loadEnd": 1726770600701
        },
        "productId": "TRK-89olAsKyNOG7",
        "pathCounts": {
            "/login": 9,
            "/home": 5,
            "/home/create": 7,
            "/home/dashboard": 6,
            "/checkout": 2
        }
    },
    {
        "start": 1726770600,
        "end": 1726772400,
        "bounce": {
            "isBounced": false,
            "pathname": "/frontend/index.html"
        },
        "device": "Mobile",
        "browser": "Mozilla",
        "location": {
            "latitude": 52.0714205,
            "longitude": -29.874407
        },
        "uniqueId": "ca9d1f5f-925b-4a59-b362-4703a75ad77c",
        "pathname": "/frontend/index.html",
        "language": "sid",
        "referrer": "http://stone-williams.com/",
        "events": {
            "loadCount": 1,
            "visibilitychangeCount": 0,
            "resizeCount": 4,
            "focusCount": 5,
            "clickCount": 7,
            "blurCount": 5
        },
        "pageLoadTime": {
            "loadStart": 1726770600000,
            "loadEnd": 1726770600992
        },
        "productId": "TRK-Ob2CJVFgaau7",
        "pathCounts": {
            "/cart": 10,
            "/home/dashboard": 1,
            "/home/create": 4
        }
    },
    {
        "start": 1726770600,
        "end": 1726772880,
        "bounce": {
            "isBounced": true,
            "pathname": "/frontend/index.html"
        },
        "device": "Mobile",
        "browser": "Edge",
        "location": {
            "latitude": -53.1155215,
            "longitude": -106.13057
        },
        "uniqueId": "4f113d91-1e3e-46f7-a9ca-95f02de96297",
        "pathname": "/settings",
        "language": "is",
        "referrer": "",
        "events": {
            "loadCount": 7,
            "visibilitychangeCount": 3,
            "resizeCount": 8,
            "focusCount": 1,
            "clickCount": 0,
            "blurCount": 7
        },
        "pageLoadTime": {
            "loadStart": 1726770600000,
            "loadEnd": 1726770600137
        },
        "productId": "TRK-Ob2CJVFgaau7",
        "pathCounts": {
            "/profile": 1,
            "/login": 3,
            "/checkout": 8,
            "/home/dashboard": 4
        }
    },
    {
        "start": 1726770600,
        "end": 1726771260,
        "bounce": {
            "isBounced": true,
            "pathname": "/frontend/index.html"
        },
        "device": "Desktop",
        "browser": "Edge",
        "location": {
            "latitude": -51.2981735,
            "longitude": -25.114494
        },
        "uniqueId": "ffef8945-c190-4f95-930f-4e35c2e3a868",
        "pathname": "/settings",
        "language": "ug",
        "referrer": "http://www.johnson-duran.com/",
        "events": {
            "loadCount": 6,
            "visibilitychangeCount": 5,
            "resizeCount": 2,
            "focusCount": 2,
            "clickCount": 10,
            "blurCount": 9
        },
        "pageLoadTime": {
            "loadStart": 1726770600000,
            "loadEnd": 1726770600278
        },
        "productId": "TRK-TlxlcwGkl19t",
        "pathCounts": {
            "/profile": 8,
            "/settings": 7,
            "/login": 3
        }
    },
    {
        "start": 1726770600,
        "end": 1726771560,
        "bounce": {
            "isBounced": true,
            "pathname": "/frontend/index.html"
        },
        "device": "Mobile",
        "browser": "Safari",
        "location": {
            "latitude": -87.774907,
            "longitude": -98.368821
        },
        "uniqueId": "77f0712b-554f-4c5c-9898-14e7c77b26a0",
        "pathname": "/frontend/index.html",
        "language": "pap",
        "referrer": "http://hunt.com/",
        "events": {
            "loadCount": 3,
            "visibilitychangeCount": 0,
            "resizeCount": 9,
            "focusCount": 9,
            "clickCount": 10,
            "blurCount": 1
        },
        "pageLoadTime": {
            "loadStart": 1726770600000,
            "loadEnd": 1726770600790
        },
        "productId": "TRK-89olAsKyNOG7",
        "pathCounts": {
            "/home/dashboard": 5,
            "/settings": 4,
            "/home": 6
        }
    },
    {
        "start": 1726770600,
        "end": 1726771020,
        "bounce": {
            "isBounced": true,
            "pathname": "/frontend/index.html"
        },
        "device": "Desktop",
        "browser": "Edge",
        "location": {
            "latitude": -64.231479,
            "longitude": -100.364768
        },
        "uniqueId": "ca9d1f5f-925b-4a59-b362-4703a75ad77c",
        "pathname": "/settings",
        "language": "apn",
        "referrer": "http://johnson.com/",
        "events": {
            "loadCount": 4,
            "visibilitychangeCount": 0,
            "resizeCount": 3,
            "focusCount": 1,
            "clickCount": 1,
            "blurCount": 5
        },
        "pageLoadTime": {
            "loadStart": 1726770600000,
            "loadEnd": 1726770600482
        },
        "productId": "TRK-TlxlcwGkl19t",
        "pathCounts": {
            "/profile": 8,
            "/login": 10,
            "/home": 5,
            "/settings": 1,
            "/cart": 5
        }
    },
    {
        "start": 1726770600,
        "end": 1726773000,
        "bounce": {
            "isBounced": false,
            "pathname": "/frontend/index.html"
        },
        "device": "Mobile",
        "browser": "Chrome",
        "location": {
            "latitude": 80.0094945,
            "longitude": 99.228292
        },
        "uniqueId": "9ce1bf0b-8366-40e1-b77c-9493a981c91b",
        "pathname": "/profile",
        "language": "it",
        "referrer": "https://grant.com/",
        "events": {
            "loadCount": 2,
            "visibilitychangeCount": 2,
            "resizeCount": 5,
            "focusCount": 0,
            "clickCount": 4,
            "blurCount": 10
        },
        "pageLoadTime": {
            "loadStart": 1726770600000,
            "loadEnd": 1726770600396
        },
        "productId": "TRK-89olAsKyNOG7",
        "pathCounts": {
            "/login": 10,
            "/settings": 7,
            "/cart": 5,
            "/home": 5
        }
    },
    {
        "start": 1726770600,
        "end": 1726773240,
        "bounce": {
            "isBounced": false,
            "pathname": "/frontend/index.html"
        },
        "device": "Laptop",
        "browser": "Safari",
        "location": {
            "latitude": -13.1623235,
            "longitude": -48.966501
        },
        "uniqueId": "f25d6d08-ed4a-4680-b7e3-94d4b30207df",
        "pathname": "/settings",
        "language": "fa",
        "referrer": "http://diaz-nguyen.com/",
        "events": {
            "loadCount": 2,
            "visibilitychangeCount": 8,
            "resizeCount": 9,
            "focusCount": 5,
            "clickCount": 0,
            "blurCount": 7
        },
        "pageLoadTime": {
            "loadStart": 1726770600000,
            "loadEnd": 1726770600007
        },
        "productId": "TRK-Ob2CJVFgaau7",
        "pathCounts": {
            "/home/create": 2,
            "/home/dashboard": 5,
            "/login": 8
        }
    },
    {
        "start": 1726770600,
        "end": 1726771740,
        "bounce": {
            "isBounced": true,
            "pathname": "/frontend/index.html"
        },
        "device": "Mobile",
        "browser": "Safari",
        "location": {
            "latitude": 23.729024,
            "longitude": 125.961939
        },
        "uniqueId": "ffef8945-c190-4f95-930f-4e35c2e3a868",
        "pathname": "/dashboard",
        "language": "om",
        "referrer": "https://www.jones.com/",
        "events": {
            "loadCount": 4,
            "visibilitychangeCount": 10,
            "resizeCount": 9,
            "focusCount": 9,
            "clickCount": 8,
            "blurCount": 7
        },
        "pageLoadTime": {
            "loadStart": 1726770600000,
            "loadEnd": 1726770600375
        },
        "productId": "TRK-Ob2CJVFgaau7",
        "pathCounts": {
            "/checkout": 6,
            "/cart": 1,
            "/home/dashboard": 1
        }
    },
    {
        "start": 1726770600,
        "end": 1726772520,
        "bounce": {
            "isBounced": false,
            "pathname": "/frontend/index.html"
        },
        "device": "Desktop",
        "browser": "Chrome",
        "location": {
            "latitude": -73.995004,
            "longitude": 33.642844
        },
        "uniqueId": "9ce1bf0b-8366-40e1-b77c-9493a981c91b",
        "pathname": "/home",
        "language": "szl",
        "referrer": "",
        "events": {
            "loadCount": 0,
            "visibilitychangeCount": 2,
            "resizeCount": 2,
            "focusCount": 2,
            "clickCount": 0,
            "blurCount": 7
        },
        "pageLoadTime": {
            "loadStart": 1726770600000,
            "loadEnd": 1726770600069
        },
        "productId": "TRK-Ob2CJVFgaau7",
        "pathCounts": {
            "/cart": 2,
            "/checkout": 6,
            "/login": 7
        }
    },
    {
        "start": 1726770600,
        "end": 1726770780,
        "bounce": {
            "isBounced": true,
            "pathname": "/frontend/index.html"
        },
        "device": "Tablet",
        "browser": "Safari",
        "location": {
            "latitude": -29.530208,
            "longitude": 75.419015
        },
        "uniqueId": "aca50ebd-2a70-41b2-a3f9-1a2deecc8322",
        "pathname": "/settings",
        "language": "am",
        "referrer": "http://www.hall.com/",
        "events": {
            "loadCount": 8,
            "visibilitychangeCount": 7,
            "resizeCount": 5,
            "focusCount": 4,
            "clickCount": 8,
            "blurCount": 8
        },
        "pageLoadTime": {
            "loadStart": 1726770600000,
            "loadEnd": 1726770600208
        },
        "productId": "TRK-89olAsKyNOG7",
        "pathCounts": {
            "/cart": 2,
            "/settings": 7,
            "/profile": 4,
            "/home/create": 9
        }
    },
    {
        "start": 1726770600,
        "end": 1726771080,
        "bounce": {
            "isBounced": false,
            "pathname": "/frontend/index.html"
        },
        "device": "Mobile",
        "browser": "Mozilla",
        "location": {
            "latitude": -15.705436,
            "longitude": 168.229519
        },
        "uniqueId": "f9c7e851-4d89-46ce-8678-25b88916a574",
        "pathname": "/frontend/index.html",
        "language": "ti",
        "referrer": "http://smith-simmons.com/",
        "events": {
            "loadCount": 3,
            "visibilitychangeCount": 4,
            "resizeCount": 6,
            "focusCount": 4,
            "clickCount": 2,
            "blurCount": 10
        },
        "pageLoadTime": {
            "loadStart": 1726770600000,
            "loadEnd": 1726770600736
        },
        "productId": "TRK-Ob2CJVFgaau7",
        "pathCounts": {
            "/cart": 10,
            "/profile": 9,
            "/home/create": 10
        }
    },
    {
        "start": 1726770600,
        "end": 1726772220,
        "bounce": {
            "isBounced": true,
            "pathname": "/frontend/index.html"
        },
        "device": "Mobile",
        "browser": "Chrome",
        "location": {
            "latitude": 0.2980505,
            "longitude": -52.899041
        },
        "uniqueId": "d86a654c-f156-4873-9fec-b758bd53146a",
        "pathname": "/dashboard",
        "language": "vi",
        "referrer": "http://turner.info/",
        "events": {
            "loadCount": 7,
            "visibilitychangeCount": 1,
            "resizeCount": 6,
            "focusCount": 8,
            "clickCount": 1,
            "blurCount": 10
        },
        "pageLoadTime": {
            "loadStart": 1726770600000,
            "loadEnd": 1726770600872
        },
        "productId": "TRK-89olAsKyNOG7",
        "pathCounts": {
            "/profile": 3,
            "/login": 5,
            "/home/dashboard": 8,
            "/checkout": 4
        }
    },
    {
        "start": 1726770600,
        "end": 1726772940,
        "bounce": {
            "isBounced": true,
            "pathname": "/frontend/index.html"
        },
        "device": "Laptop",
        "browser": "Mozilla",
        "location": {
            "latitude": -5.74338,
            "longitude": -52.331355
        },
        "uniqueId": "d86a654c-f156-4873-9fec-b758bd53146a",
        "pathname": "/dashboard",
        "language": "nb",
        "referrer": "",
        "events": {
            "loadCount": 1,
            "visibilitychangeCount": 0,
            "resizeCount": 7,
            "focusCount": 6,
            "clickCount": 1,
            "blurCount": 2
        },
        "pageLoadTime": {
            "loadStart": 1726770600000,
            "loadEnd": 1726770600005
        },
        "productId": "TRK-TlxlcwGkl19t",
        "pathCounts": {
            "/cart": 6,
            "/login": 5
        }
    },
    {
        "start": 1726770600,
        "end": 1726772400,
        "bounce": {
            "isBounced": false,
            "pathname": "/frontend/index.html"
        },
        "device": "Desktop",
        "browser": "Safari",
        "location": {
            "latitude": -12.289304,
            "longitude": -179.43148
        },
        "uniqueId": "3ba5c0ca-2d1c-4d75-82b7-a2c821f2ea43",
        "pathname": "/profile",
        "language": "sk",
        "referrer": "",
        "events": {
            "loadCount": 9,
            "visibilitychangeCount": 9,
            "resizeCount": 1,
            "focusCount": 9,
            "clickCount": 1,
            "blurCount": 10
        },
        "pageLoadTime": {
            "loadStart": 1726770600000,
            "loadEnd": 1726770600671
        },
        "productId": "TRK-89olAsKyNOG7",
        "pathCounts": {
            "/home": 8,
            "/home/dashboard": 7,
            "/home/create": 1
        }
    },
    {
        "start": 1726770600,
        "end": 1726773960,
        "bounce": {
            "isBounced": true,
            "pathname": "/frontend/index.html"
        },
        "device": "Tablet",
        "browser": "Chrome",
        "location": {
            "latitude": 33.361084,
            "longitude": -82.258368
        },
        "uniqueId": "ffef8945-c190-4f95-930f-4e35c2e3a868",
        "pathname": "/profile",
        "language": "br",
        "referrer": "https://shaffer.net/",
        "events": {
            "loadCount": 1,
            "visibilitychangeCount": 5,
            "resizeCount": 10,
            "focusCount": 1,
            "clickCount": 10,
            "blurCount": 7
        },
        "pageLoadTime": {
            "loadStart": 1726770600000,
            "loadEnd": 1726770600877
        },
        "productId": "TRK-Ob2CJVFgaau7",
        "pathCounts": {
            "/profile": 3,
            "/home/dashboard": 7,
            "/cart": 8
        }
    },
    {
        "start": 1726770600,
        "end": 1726774080,
        "bounce": {
            "isBounced": true,
            "pathname": "/frontend/index.html"
        },
        "device": "Tablet",
        "browser": "Chrome",
        "location": {
            "latitude": -71.895989,
            "longitude": -96.347069
        },
        "uniqueId": "4f113d91-1e3e-46f7-a9ca-95f02de96297",
        "pathname": "/profile",
        "language": "rw",
        "referrer": "https://www.bell.net/",
        "events": {
            "loadCount": 5,
            "visibilitychangeCount": 0,
            "resizeCount": 7,
            "focusCount": 1,
            "clickCount": 0,
            "blurCount": 8
        },
        "pageLoadTime": {
            "loadStart": 1726770600000,
            "loadEnd": 1726770600674
        },
        "productId": "TRK-89olAsKyNOG7",
        "pathCounts": {
            "/checkout": 10,
            "/home/create": 2,
            "/cart": 5,
            "/settings": 4,
            "/home/dashboard": 1
        }
    },
    {
        "start": 1726770600,
        "end": 1726774080,
        "bounce": {
            "isBounced": false,
            "pathname": "/frontend/index.html"
        },
        "device": "Desktop",
        "browser": "Edge",
        "location": {
            "latitude": -43.681776,
            "longitude": -18.44945
        },
        "uniqueId": "9ce1bf0b-8366-40e1-b77c-9493a981c91b",
        "pathname": "/home",
        "language": "crh",
        "referrer": "",
        "events": {
            "loadCount": 3,
            "visibilitychangeCount": 4,
            "resizeCount": 5,
            "focusCount": 7,
            "clickCount": 3,
            "blurCount": 8
        },
        "pageLoadTime": {
            "loadStart": 1726770600000,
            "loadEnd": 1726770600289
        },
        "productId": "TRK-89olAsKyNOG7",
        "pathCounts": {
            "/profile": 2,
            "/checkout": 1,
            "/home/create": 2,
            "/home": 6
        }
    },
    {
        "start": 1726770600,
        "end": 1726771380,
        "bounce": {
            "isBounced": true,
            "pathname": "/frontend/index.html"
        },
        "device": "Tablet",
        "browser": "Edge",
        "location": {
            "latitude": -1.4768095,
            "longitude": 22.185685
        },
        "uniqueId": "37f86d6c-c234-4339-9c0f-ec3bdaab8536",
        "pathname": "/home",
        "language": "tcy",
        "referrer": "https://montoya.com/",
        "events": {
            "loadCount": 8,
            "visibilitychangeCount": 2,
            "resizeCount": 3,
            "focusCount": 6,
            "clickCount": 6,
            "blurCount": 6
        },
        "pageLoadTime": {
            "loadStart": 1726770600000,
            "loadEnd": 1726770600160
        },
        "productId": "TRK-89olAsKyNOG7",
        "pathCounts": {
            "/home/dashboard": 6,
            "/profile": 2,
            "/login": 1
        }
    }
]