[
    {
        "start": 1725820200,
        "end": 1725823680,
        "bounce": {
            "isBounced": true,
            "pathname": "/frontend/index.html"
        },
        "device": "Tablet",
        "browser": "Safari",
        "location": {
            "latitude": 74.5056485,
            "longitude": -155.41463
        },
        "uniqueId": "80d8a76b-4c97-4a12-9ac3-02a6d37e11a9",
        "pathname": "/dashboard",
        "language": "tr",
        "referrer": "",
        "events": {
            "loadCount": 2,
            "visibilitychangeCount": 8,
            "resizeCount": 5,
            "focusCount": 0,
            "clickCount": 0,
            "blurCount": 4
        },
        "pageLoadTime": {
            "loadStart": 1725820200000,
            "loadEnd": 1725820200403
        },
        "productId": "TRK-89olAsKyNOG7",
        "pathCounts": {
            "/checkout": 2,
            "/profile": 2,
            "/home/create": 9
        }
    },
    {
        "start": 1725820200,
        "end": 1725821040,
        "bounce": {
            "isBounced": true,
            "pathname": "/frontend/index.html"
        },
        "device": "Desktop",
        "browser": "Edge",
        "location": {
            "latitude": 41.9556335,
            "longitude": 15.704182
        },
        "uniqueId": "9ce1bf0b-8366-40e1-b77c-9493a981c91b",
        "pathname": "/profile",
        "language": "dz",
        "referrer": "http://johnson.com/",
        "events": {
            "loadCount": 0,
            "visibilitychangeCount": 4,
            "resizeCount": 8,
            "focusCount": 1,
            "clickCount": 4,
            "blurCount": 5
        },
        "pageLoadTime": {
            "loadStart": 1725820200000,
            "loadEnd": 1725820200612
        },
        "productId": "TRK-89olAsKyNOG7",
        "pathCounts": {
            "/cart": 3,
            "/home/create": 4,
            "/login": 6,
            "/home/dashboard": 4
        }
    },
    {
        "start": 1725820200,
        "end": 1725821040,
        "bounce": {
            "isBounced": false,
            "pathname": "/frontend/index.html"
        },
        "device": "Laptop",
        "browser": "Edge",
        "location": {
            "latitude": -89.558176,
            "longitude": 17.577674
        },
        "uniqueId": "5bde6480-0ab0-43b2-8529-ae22b458f836",
        "pathname": "/home",
        "language": "shs",
        "referrer": "",
        "events": {
            "loadCount": 3,
            "visibilitychangeCount": 5,
            "resizeCount": 0,
            "focusCount": 2,
            "clickCount": 10,
            "blurCount": 5
        },
        "pageLoadTime": {
            "loadStart": 1725820200000,
            "loadEnd": 1725820200196
        },
        "productId": "TRK-TlxlcwGkl19t",
        "pathCounts": {
            "/home/create": 10,
            "/checkout": 4,
            "/profile": 8,
            "/login": 5,
            "/cart": 1
        }
    },
    {
        "start": 1725820200,
        "end": 1725820320,
        "bounce": {
            "isBounced": true,
            "pathname": "/frontend/index.html"
        },
        "device": "Mobile",
        "browser": "Safari",
        "location": {
            "latitude": 32.035408,
            "longitude": -172.397269
        },
        "uniqueId": "3ba5c0ca-2d1c-4d75-82b7-a2c821f2ea43",
        "pathname": "/home",
        "language": "zu",
        "referrer": "",
        "events": {
            "loadCount": 4,
            "visibilitychangeCount": 0,
            "resizeCount": 3,
            "focusCount": 2,
            "clickCount": 2,
            "blurCount": 7
        },
        "pageLoadTime": {
            "loadStart": 1725820200000,
            "loadEnd": 1725820200475
        },
        "productId": "TRK-TlxlcwGkl19t",
        "pathCounts": {
            "/home/create": 1,
            "/checkout": 6,
            "/settings": 6
        }
    },
    {
        "start": 1725820200,
        "end": 1725821880,
        "bounce": {
            "isBounced": false,
            "pathname": "/frontend/index.html"
        },
        "device": "Desktop",
        "browser": "Safari",
        "location": {
            "latitude": 87.2407935,
            "longitude": -101.389092
        },
        "uniqueId": "5bde6480-0ab0-43b2-8529-ae22b458f836",
        "pathname": "/frontend/index.html",
        "language": "se",
        "referrer": "http://wilson.com/",
        "events": {
            "loadCount": 1,
            "visibilitychangeCount": 2,
            "resizeCount": 9,
            "focusCount": 0,
            "clickCount": 2,
            "blurCount": 3
        },
        "pageLoadTime": {
            "loadStart": 1725820200000,
            "loadEnd": 1725820200535
        },
        "productId": "TRK-89olAsKyNOG7",
        "pathCounts": {
            "/checkout": 8,
            "/cart": 6,
            "/home": 3,
            "/home/dashboard": 7
        }
    },
    {
        "start": 1725820200,
        "end": 1725823260,
        "bounce": {
            "isBounced": true,
            "pathname": "/frontend/index.html"
        },
        "device": "Desktop",
        "browser": "Edge",
        "location": {
            "latitude": 54.221065,
            "longitude": -162.010722
        },
        "uniqueId": "14ec54a1-24e9-462b-9378-3e9d812cba5a",
        "pathname": "/home",
        "language": "ff",
        "referrer": "https://www.olson.org/",
        "events": {
            "loadCount": 8,
            "visibilitychangeCount": 6,
            "resizeCount": 8,
            "focusCount": 10,
            "clickCount": 7,
            "blurCount": 8
        },
        "pageLoadTime": {
            "loadStart": 1725820200000,
            "loadEnd": 1725820200493
        },
        "productId": "TRK-TlxlcwGkl19t",
        "pathCounts": {
            "/checkout": 8,
            "/home/dashboard": 6
        }
    },
    {
        "start": 1725820200,
        "end": 1725820560,
        "bounce": {
            "isBounced": false,
            "pathname": "/frontend/index.html"
        },
        "device": "Laptop",
        "browser": "Mozilla",
        "location": {
            "latitude": -17.211093,
            "longitude": 154.78533
        },
        "uniqueId": "f9c7e851-4d89-46ce-8678-25b88916a574",
        "pathname": "/settings",
        "language": "apn",
        "referrer": "",
        "events": {
            "loadCount": 5,
            "visibilitychangeCount": 10,
            "resizeCount": 2,
            "focusCount": 1,
            "clickCount": 5,
            "blurCount": 7
        },
        "pageLoadTime": {
            "loadStart": 1725820200000,
            "loadEnd": 1725820200516
        },
        "productId": "TRK-Ob2CJVFgaau7",
        "pathCounts": {
            "/home/create": 5,
            "/cart": 1,
            "/checkout": 9,
            "/login": 1,
            "/settings": 6,
            "/profile": 2
        }
    },
    {
        "start": 1725820200,
        "end": 1725821640,
        "bounce": {
            "isBounced": true,
            "pathname": "/frontend/index.html"
        },
        "device": "Tablet",
        "browser": "Mozilla",
        "location": {
            "latitude": -89.092677,
            "longitude": 44.282896
        },
        "uniqueId": "f25d6d08-ed4a-4680-b7e3-94d4b30207df",
        "pathname": "/dashboard",
        "language": "nso",
        "referrer": "https://www.martinez-sanders.com/",
        "events": {
            "loadCount": 9,
            "visibilitychangeCount": 2,
            "resizeCount": 4,
            "focusCount": 5,
            "clickCount": 7,
            "blurCount": 8
        },
        "pageLoadTime": {
            "loadStart": 1725820200000,
            "loadEnd": 1725820200946
        },
        "productId": "TRK-89olAsKyNOG7",
        "pathCounts": {
            "/home/create": 1,
            "/home/dashboard": 1,
            "/profile": 6,
            "/home": 1
        }
    },
    {
        "start": 1725820200,
        "end": 1725823500,
        "bounce": {
            "isBounced": true,
            "pathname": "/frontend/index.html"
        },
        "device": "Mobile",
        "browser": "Chrome",
        "location": {
            "latitude": -10.5616445,
            "longitude": 167.931664
        },
        "uniqueId": "77f0712b-554f-4c5c-9898-14e7c77b26a0",
        "pathname": "/frontend/index.html",
        "language": "bg",
        "referrer": "http://www.baker.com/",
        "events": {
            "loadCount": 7,
            "visibilitychangeCount": 7,
            "resizeCount": 0,
            "focusCount": 7,
            "clickCount": 6,
            "blurCount": 3
        },
        "pageLoadTime": {
            "loadStart": 1725820200000,
            "loadEnd": 1725820200059
        },
        "productId": "TRK-Ob2CJVFgaau7",
        "pathCounts": {
            "/home/dashboard": 6,
            "/checkout": 8,
            "/home/create": 3,
            "/settings": 8,
            "/home": 1
        }
    },
    {
        "start": 1725820200,
        "end": 1725821340,
        "bounce": {
            "isBounced": true,
            "pathname": "/frontend/index.html"
        },
        "device": "Tablet",
        "browser": "Safari",
        "location": {
            "latitude": -1.5260465,
            "longitude": -161.180481
        },
        "uniqueId": "3ba5c0ca-2d1c-4d75-82b7-a2c821f2ea43",
        "pathname": "/dashboard",
        "language": "tl",
        "referrer": "",
        "events": {
            "loadCount": 0,
            "visibilitychangeCount": 7,
            "resizeCount": 0,
            "focusCount": 7,
            "clickCount": 3,
            "blurCount": 4
        },
        "pageLoadTime": {
            "loadStart": 1725820200000,
            "loadEnd": 1725820200773
        },
        "productId": "TRK-TlxlcwGkl19t",
        "pathCounts": {
            "/home/create": 3,
            "/cart": 4,
            "/settings": 5,
            "/home/dashboard": 7
        }
    },
    {
        "start": 1725820200,
        "end": 1725823260,
        "bounce": {
            "isBounced": false,
            "pathname": "/frontend/index.html"
        },
        "device": "Tablet",
        "browser": "Edge",
        "location": {
            "latitude": 85.203049,
            "longitude": -89.204527
        },
        "uniqueId": "111907fd-95b7-4729-a2af-e51ad656e288",
        "pathname": "/dashboard",
        "language": "hy",
        "referrer": "",
        "events": {
            "loadCount": 9,
            "visibilitychangeCount": 6,
            "resizeCount": 10,
            "focusCount": 5,
            "clickCount": 5,
            "blurCount": 8
        },
        "pageLoadTime": {
            "loadStart": 1725820200000,
            "loadEnd": 1725820200709
        },
        "productId": "TRK-89olAsKyNOG7",
        "pathCounts": {
            "/home": 5,
            "/checkout": 2,
            "/settings": 2
        }
    },
    {
        "start": 1725820200,
        "end": 1725822060,
        "bounce": {
            "isBounced": true,
            "pathname": "/frontend/index.html"
        },
        "device": "Tablet",
        "browser": "Safari",
        "location": {
            "latitude": 51.168577,
            "longitude": -71.560398
        },
        "uniqueId": "77f0712b-554f-4c5c-9898-14e7c77b26a0",
        "pathname": "/dashboard",
        "language": "fi",
        "referrer": "",
        "events": {
            "loadCount": 0,
            "visibilitychangeCount": 8,
            "resizeCount": 0,
            "focusCount": 4,
            "clickCount": 0,
            "blurCount": 1
        },
        "pageLoadTime": {
            "loadStart": 1725820200000,
            "loadEnd": 1725820200731
        },
        "productId": "TRK-89olAsKyNOG7",
        "pathCounts": {
            "/home/create": 1,
            "/settings": 1,
            "/home": 8
        }
    }
]