[
    {
        "start": 1725388200,
        "end": 1725389580,
        "bounce": {
            "isBounced": false,
            "pathname": "/frontend/index.html"
        },
        "device": "Mobile",
        "browser": "Chrome",
        "location": {
            "latitude": 75.89364,
            "longitude": 63.532592
        },
        "uniqueId": "ffef8945-c190-4f95-930f-4e35c2e3a868",
        "pathname": "/profile",
        "language": "sid",
        "referrer": "",
        "events": {
            "loadCount": 4,
            "visibilitychangeCount": 6,
            "resizeCount": 1,
            "focusCount": 0,
            "clickCount": 8,
            "blurCount": 0
        },
        "pageLoadTime": {
            "loadStart": 1725388200000,
            "loadEnd": 1725388200738
        },
        "productId": "TRK-Ob2CJVFgaau7",
        "pathCounts": {
            "/checkout": 3,
            "/home/create": 8,
            "/home": 8
        }
    },
    {
        "start": 1725388200,
        "end": 1725390480,
        "bounce": {
            "isBounced": false,
            "pathname": "/frontend/index.html"
        },
        "device": "Mobile",
        "browser": "Edge",
        "location": {
            "latitude": 49.826734,
            "longitude": -155.550011
        },
        "uniqueId": "ca9d1f5f-925b-4a59-b362-4703a75ad77c",
        "pathname": "/frontend/index.html",
        "language": "lzh",
        "referrer": "https://www.shepherd.net/",
        "events": {
            "loadCount": 4,
            "visibilitychangeCount": 3,
            "resizeCount": 2,
            "focusCount": 6,
            "clickCount": 9,
            "blurCount": 9
        },
        "pageLoadTime": {
            "loadStart": 1725388200000,
            "loadEnd": 1725388200338
        },
        "productId": "TRK-89olAsKyNOG7",
        "pathCounts": {
            "/home": 7,
            "/checkout": 5,
            "/home/dashboard": 8,
            "/cart": 1
        }
    },
    {
        "start": 1725388200,
        "end": 1725389160,
        "bounce": {
            "isBounced": true,
            "pathname": "/frontend/index.html"
        },
        "device": "Laptop",
        "browser": "Edge",
        "location": {
            "latitude": 48.363225,
            "longitude": 159.065475
        },
        "uniqueId": "d86a654c-f156-4873-9fec-b758bd53146a",
        "pathname": "/settings",
        "language": "wa",
        "referrer": "http://www.stone.com/",
        "events": {
            "loadCount": 9,
            "visibilitychangeCount": 4,
            "resizeCount": 6,
            "focusCount": 1,
            "clickCount": 10,
            "blurCount": 4
        },
        "pageLoadTime": {
            "loadStart": 1725388200000,
            "loadEnd": 1725388200167
        },
        "productId": "TRK-89olAsKyNOG7",
        "pathCounts": {
            "/home/dashboard": 7,
            "/home": 6,
            "/home/create": 10
        }
    },
    {
        "start": 1725388200,
        "end": 1725388320,
        "bounce": {
            "isBounced": false,
            "pathname": "/frontend/index.html"
        },
        "device": "Laptop",
        "browser": "Edge",
        "location": {
            "latitude": -75.467767,
            "longitude": 44.546131
        },
        "uniqueId": "37f86d6c-c234-4339-9c0f-ec3bdaab8536",
        "pathname": "/frontend/index.html",
        "language": "ak",
        "referrer": "https://mooney.com/",
        "events": {
            "loadCount": 2,
            "visibilitychangeCount": 7,
            "resizeCount": 0,
            "focusCount": 4,
            "clickCount": 7,
            "blurCount": 5
        },
        "pageLoadTime": {
            "loadStart": 1725388200000,
            "loadEnd": 1725388200260
        },
        "productId": "TRK-Ob2CJVFgaau7",
        "pathCounts": {
            "/checkout": 10,
            "/home/create": 5
        }
    },
    {
        "start": 1725388200,
        "end": 1725391320,
        "bounce": {
            "isBounced": true,
            "pathname": "/frontend/index.html"
        },
        "device": "Laptop",
        "browser": "Mozilla",
        "location": {
            "latitude": -65.6104235,
            "longitude": 85.47226
        },
        "uniqueId": "3da55713-36de-4077-9d4d-626d934aafe0",
        "pathname": "/profile",
        "language": "mk",
        "referrer": "",
        "events": {
            "loadCount": 8,
            "visibilitychangeCount": 5,
            "resizeCount": 8,
            "focusCount": 3,
            "clickCount": 9,
            "blurCount": 7
        },
        "pageLoadTime": {
            "loadStart": 1725388200000,
            "loadEnd": 1725388200610
        },
        "productId": "TRK-89olAsKyNOG7",
        "pathCounts": {
            "/checkout": 10,
            "/settings": 1,
            "/cart": 6,
            "/home/dashboard": 5,
            "/home/create": 1,
            "/home": 7
        }
    },
    {
        "start": 1725388200,
        "end": 1725389940,
        "bounce": {
            "isBounced": true,
            "pathname": "/frontend/index.html"
        },
        "device": "Laptop",
        "browser": "Chrome",
        "location": {
            "latitude": -24.5194095,
            "longitude": 27.383968
        },
        "uniqueId": "d86a654c-f156-4873-9fec-b758bd53146a",
        "pathname": "/frontend/index.html",
        "language": "se",
        "referrer": "",
        "events": {
            "loadCount": 4,
            "visibilitychangeCount": 2,
            "resizeCount": 4,
            "focusCount": 9,
            "clickCount": 8,
            "blurCount": 4
        },
        "pageLoadTime": {
            "loadStart": 1725388200000,
            "loadEnd": 1725388200097
        },
        "productId": "TRK-TlxlcwGkl19t",
        "pathCounts": {
            "/login": 9,
            "/cart": 5,
            "/profile": 6,
            "/home/create": 8
        }
    },
    {
        "start": 1725388200,
        "end": 1725389100,
        "bounce": {
            "isBounced": true,
            "pathname": "/frontend/index.html"
        },
        "device": "Tablet",
        "browser": "Mozilla",
        "location": {
            "latitude": -40.102456,
            "longitude": -48.713653
        },
        "uniqueId": "5bde6480-0ab0-43b2-8529-ae22b458f836",
        "pathname": "/profile",
        "language": "fo",
        "referrer": "http://www.knight.info/",
        "events": {
            "loadCount": 2,
            "visibilitychangeCount": 1,
            "resizeCount": 9,
            "focusCount": 4,
            "clickCount": 8,
            "blurCount": 6
        },
        "pageLoadTime": {
            "loadStart": 1725388200000,
            "loadEnd": 1725388200215
        },
        "productId": "TRK-Ob2CJVFgaau7",
        "pathCounts": {
            "/checkout": 2,
            "/home": 2,
            "/cart": 1,
            "/home/dashboard": 4
        }
    },
    {
        "start": 1725388200,
        "end": 1725390900,
        "bounce": {
            "isBounced": false,
            "pathname": "/frontend/index.html"
        },
        "device": "Tablet",
        "browser": "Chrome",
        "location": {
            "latitude": -6.4216575,
            "longitude": -20.60496
        },
        "uniqueId": "3ba5c0ca-2d1c-4d75-82b7-a2c821f2ea43",
        "pathname": "/settings",
        "language": "es",
        "referrer": "http://www.flynn.com/",
        "events": {
            "loadCount": 3,
            "visibilitychangeCount": 10,
            "resizeCount": 0,
            "focusCount": 5,
            "clickCount": 7,
            "blurCount": 6
        },
        "pageLoadTime": {
            "loadStart": 1725388200000,
            "loadEnd": 1725388200731
        },
        "productId": "TRK-Ob2CJVFgaau7",
        "pathCounts": {
            "/login": 4,
            "/home/create": 2,
            "/checkout": 1
        }
    },
    {
        "start": 1725388200,
        "end": 1725390780,
        "bounce": {
            "isBounced": true,
            "pathname": "/frontend/index.html"
        },
        "device": "Laptop",
        "browser": "Mozilla",
        "location": {
            "latitude": -3.6716545,
            "longitude": -175.545049
        },
        "uniqueId": "111907fd-95b7-4729-a2af-e51ad656e288",
        "pathname": "/settings",
        "language": "uk",
        "referrer": "",
        "events": {
            "loadCount": 8,
            "visibilitychangeCount": 10,
            "resizeCount": 1,
            "focusCount": 6,
            "clickCount": 8,
            "blurCount": 4
        },
        "pageLoadTime": {
            "loadStart": 1725388200000,
            "loadEnd": 1725388200958
        },
        "productId": "TRK-TlxlcwGkl19t",
        "pathCounts": {
            "/checkout": 2,
            "/home": 7,
            "/cart": 9,
            "/home/dashboard": 2
        }
    },
    {
        "start": 1725388200,
        "end": 1725391380,
        "bounce": {
            "isBounced": false,
            "pathname": "/frontend/index.html"
        },
        "device": "Desktop",
        "browser": "Mozilla",
        "location": {
            "latitude": -83.203787,
            "longitude": -72.916377
        },
        "uniqueId": "f9c7e851-4d89-46ce-8678-25b88916a574",
        "pathname": "/home",
        "language": "aa",
        "referrer": "",
        "events": {
            "loadCount": 2,
            "visibilitychangeCount": 4,
            "resizeCount": 5,
            "focusCount": 10,
            "clickCount": 9,
            "blurCount": 6
        },
        "pageLoadTime": {
            "loadStart": 1725388200000,
            "loadEnd": 1725388200682
        },
        "productId": "TRK-TlxlcwGkl19t",
        "pathCounts": {
            "/home/create": 4,
            "/settings": 3,
            "/home": 4
        }
    },
    {
        "start": 1725388200,
        "end": 1725389160,
        "bounce": {
            "isBounced": true,
            "pathname": "/frontend/index.html"
        },
        "device": "Laptop",
        "browser": "Edge",
        "location": {
            "latitude": -64.07832,
            "longitude": -41.471128
        },
        "uniqueId": "111907fd-95b7-4729-a2af-e51ad656e288",
        "pathname": "/settings",
        "language": "lv",
        "referrer": "https://brown-rosales.biz/",
        "events": {
            "loadCount": 1,
            "visibilitychangeCount": 5,
            "resizeCount": 3,
            "focusCount": 10,
            "clickCount": 3,
            "blurCount": 0
        },
        "pageLoadTime": {
            "loadStart": 1725388200000,
            "loadEnd": 1725388200720
        },
        "productId": "TRK-89olAsKyNOG7",
        "pathCounts": {
            "/checkout": 1,
            "/cart": 6,
            "/home/dashboard": 8,
            "/settings": 4
        }
    },
    {
        "start": 1725388200,
        "end": 1725389220,
        "bounce": {
            "isBounced": true,
            "pathname": "/frontend/index.html"
        },
        "device": "Laptop",
        "browser": "Safari",
        "location": {
            "latitude": -71.600248,
            "longitude": -101.505041
        },
        "uniqueId": "4f113d91-1e3e-46f7-a9ca-95f02de96297",
        "pathname": "/settings",
        "language": "mag",
        "referrer": "https://www.sanchez.com/",
        "events": {
            "loadCount": 2,
            "visibilitychangeCount": 9,
            "resizeCount": 4,
            "focusCount": 1,
            "clickCount": 3,
            "blurCount": 7
        },
        "pageLoadTime": {
            "loadStart": 1725388200000,
            "loadEnd": 1725388200564
        },
        "productId": "TRK-89olAsKyNOG7",
        "pathCounts": {
            "/home": 8,
            "/cart": 5
        }
    },
    {
        "start": 1725388200,
        "end": 1725390060,
        "bounce": {
            "isBounced": false,
            "pathname": "/frontend/index.html"
        },
        "device": "Desktop",
        "browser": "Chrome",
        "location": {
            "latitude": -53.210341,
            "longitude": -112.404214
        },
        "uniqueId": "37f86d6c-c234-4339-9c0f-ec3bdaab8536",
        "pathname": "/settings",
        "language": "lt",
        "referrer": "http://miller-lowe.biz/",
        "events": {
            "loadCount": 7,
            "visibilitychangeCount": 4,
            "resizeCount": 6,
            "focusCount": 3,
            "clickCount": 4,
            "blurCount": 2
        },
        "pageLoadTime": {
            "loadStart": 1725388200000,
            "loadEnd": 1725388200385
        },
        "productId": "TRK-Ob2CJVFgaau7",
        "pathCounts": {
            "/login": 5,
            "/home": 5,
            "/cart": 10
        }
    },
    {
        "start": 1725388200,
        "end": 1725390840,
        "bounce": {
            "isBounced": true,
            "pathname": "/frontend/index.html"
        },
        "device": "Desktop",
        "browser": "Mozilla",
        "location": {
            "latitude": -25.5672505,
            "longitude": 81.082137
        },
        "uniqueId": "3da55713-36de-4077-9d4d-626d934aafe0",
        "pathname": "/settings",
        "language": "cs",
        "referrer": "http://www.barron.info/",
        "events": {
            "loadCount": 2,
            "visibilitychangeCount": 0,
            "resizeCount": 4,
            "focusCount": 6,
            "clickCount": 1,
            "blurCount": 9
        },
        "pageLoadTime": {
            "loadStart": 1725388200000,
            "loadEnd": 1725388200702
        },
        "productId": "TRK-Ob2CJVFgaau7",
        "pathCounts": {
            "/settings": 9,
            "/home/dashboard": 9,
            "/home": 9
        }
    },
    {
        "start": 1725388200,
        "end": 1725389220,
        "bounce": {
            "isBounced": true,
            "pathname": "/frontend/index.html"
        },
        "device": "Desktop",
        "browser": "Edge",
        "location": {
            "latitude": -28.478472,
            "longitude": -122.251608
        },
        "uniqueId": "14ec54a1-24e9-462b-9378-3e9d812cba5a",
        "pathname": "/settings",
        "language": "cmn",
        "referrer": "",
        "events": {
            "loadCount": 9,
            "visibilitychangeCount": 1,
            "resizeCount": 10,
            "focusCount": 10,
            "clickCount": 5,
            "blurCount": 9
        },
        "pageLoadTime": {
            "loadStart": 1725388200000,
            "loadEnd": 1725388200600
        },
        "productId": "TRK-Ob2CJVFgaau7",
        "pathCounts": {
            "/home": 4,
            "/home/dashboard": 1,
            "/settings": 1,
            "/cart": 8
        }
    },
    {
        "start": 1725388200,
        "end": 1725390720,
        "bounce": {
            "isBounced": true,
            "pathname": "/frontend/index.html"
        },
        "device": "Desktop",
        "browser": "Mozilla",
        "location": {
            "latitude": 23.6337795,
            "longitude": -147.089798
        },
        "uniqueId": "9ce1bf0b-8366-40e1-b77c-9493a981c91b",
        "pathname": "/frontend/index.html",
        "language": "bem",
        "referrer": "http://harris.org/",
        "events": {
            "loadCount": 2,
            "visibilitychangeCount": 3,
            "resizeCount": 2,
            "focusCount": 6,
            "clickCount": 10,
            "blurCount": 5
        },
        "pageLoadTime": {
            "loadStart": 1725388200000,
            "loadEnd": 1725388200655
        },
        "productId": "TRK-Ob2CJVFgaau7",
        "pathCounts": {
            "/login": 5,
            "/checkout": 3,
            "/profile": 4,
            "/home": 10
        }
    }
]