[
    {
        "start": 1727461800,
        "end": 1727464680,
        "bounce": {
            "isBounced": true,
            "pathname": "/frontend/index.html"
        },
        "device": "Desktop",
        "browser": "Mozilla",
        "location": {
            "latitude": -54.6609355,
            "longitude": -52.777904
        },
        "uniqueId": "ffef8945-c190-4f95-930f-4e35c2e3a868",
        "pathname": "/home",
        "language": "ru",
        "referrer": "",
        "events": {
            "loadCount": 10,
            "visibilitychangeCount": 0,
            "resizeCount": 9,
            "focusCount": 4,
            "clickCount": 6,
            "blurCount": 6
        },
        "pageLoadTime": {
            "loadStart": 1727461800000,
            "loadEnd": 1727461800120
        },
        "productId": "TRK-89olAsKyNOG7",
        "pathCounts": {
            "/login": 7,
            "/checkout": 3,
            "/home": 1,
            "/home/dashboard": 3,
            "/cart": 10
        }
    },
    {
        "start": 1727461800,
        "end": 1727463180,
        "bounce": {
            "isBounced": false,
            "pathname": "/frontend/index.html"
        },
        "device": "Mobile",
        "browser": "Edge",
        "location": {
            "latitude": 88.0140695,
            "longitude": 25.47448
        },
        "uniqueId": "625ea2f3-d6f3-47f0-abd3-a204ea4eb491",
        "pathname": "/home",
        "language": "zh",
        "referrer": "http://www.burnett.com/",
        "events": {
            "loadCount": 1,
            "visibilitychangeCount": 1,
            "resizeCount": 4,
            "focusCount": 5,
            "clickCount": 3,
            "blurCount": 0
        },
        "pageLoadTime": {
            "loadStart": 1727461800000,
            "loadEnd": 1727461800089
        },
        "productId": "TRK-Ob2CJVFgaau7",
        "pathCounts": {
            "/checkout": 10,
            "/home/create": 7,
            "/login": 1,
            "/cart": 9
        }
    },
    {
        "start": 1727461800,
        "end": 1727464620,
        "bounce": {
            "isBounced": false,
            "pathname": "/frontend/index.html"
        },
        "device": "Tablet",
        "browser": "Chrome",
        "location": {
            "latitude": 65.7700365,
            "longitude": -100.700118
        },
        "uniqueId": "ffef8945-c190-4f95-930f-4e35c2e3a868",
        "pathname": "/settings",
        "language": "fa",
        "referrer": "",
        "events": {
            "loadCount": 1,
            "visibilitychangeCount": 9,
            "resizeCount": 0,
            "focusCount": 2,
            "clickCount": 5,
            "blurCount": 3
        },
        "pageLoadTime": {
            "loadStart": 1727461800000,
            "loadEnd": 1727461800553
        },
        "productId": "TRK-89olAsKyNOG7",
        "pathCounts": {
            "/home/dashboard": 1,
            "/home/create": 7
        }
    },
    {
        "start": 1727461800,
        "end": 1727464020,
        "bounce": {
            "isBounced": false,
            "pathname": "/frontend/index.html"
        },
        "device": "Desktop",
        "browser": "Edge",
        "location": {
            "latitude": 3.3864605,
            "longitude": -17.996895
        },
        "uniqueId": "77f0712b-554f-4c5c-9898-14e7c77b26a0",
        "pathname": "/dashboard",
        "language": "cy",
        "referrer": "https://www.arnold.net/",
        "events": {
            "loadCount": 0,
            "visibilitychangeCount": 0,
            "resizeCount": 4,
            "focusCount": 2,
            "clickCount": 1,
            "blurCount": 8
        },
        "pageLoadTime": {
            "loadStart": 1727461800000,
            "loadEnd": 1727461800457
        },
        "productId": "TRK-Ob2CJVFgaau7",
        "pathCounts": {
            "/checkout": 1,
            "/home/create": 5
        }
    },
    {
        "start": 1727461800,
        "end": 1727464800,
        "bounce": {
            "isBounced": true,
            "pathname": "/frontend/index.html"
        },
        "device": "Mobile",
        "browser": "Safari",
        "location": {
            "latitude": 84.51479,
            "longitude": -54.352935
        },
        "uniqueId": "aa76de66-83a4-4c21-92f5-cfe20525387a",
        "pathname": "/home",
        "language": "mi",
        "referrer": "https://mcclure.com/",
        "events": {
            "loadCount": 10,
            "visibilitychangeCount": 7,
            "resizeCount": 8,
            "focusCount": 6,
            "clickCount": 0,
            "blurCount": 0
        },
        "pageLoadTime": {
            "loadStart": 1727461800000,
            "loadEnd": 1727461800819
        },
        "productId": "TRK-Ob2CJVFgaau7",
        "pathCounts": {
            "/cart": 8,
            "/checkout": 4,
            "/home/dashboard": 6,
            "/login": 5,
            "/settings": 9
        }
    },
    {
        "start": 1727461800,
        "end": 1727465100,
        "bounce": {
            "isBounced": false,
            "pathname": "/frontend/index.html"
        },
        "device": "Laptop",
        "browser": "Safari",
        "location": {
            "latitude": -0.5799015,
            "longitude": 168.85045
        },
        "uniqueId": "f25d6d08-ed4a-4680-b7e3-94d4b30207df",
        "pathname": "/profile",
        "language": "hi",
        "referrer": "http://www.turner.biz/",
        "events": {
            "loadCount": 2,
            "visibilitychangeCount": 3,
            "resizeCount": 6,
            "focusCount": 6,
            "clickCount": 8,
            "blurCount": 9
        },
        "pageLoadTime": {
            "loadStart": 1727461800000,
            "loadEnd": 1727461800891
        },
        "productId": "TRK-TlxlcwGkl19t",
        "pathCounts": {
            "/checkout": 6,
            "/profile": 3,
            "/home/dashboard": 6
        }
    },
    {
        "start": 1727461800,
        "end": 1727462580,
        "bounce": {
            "isBounced": false,
            "pathname": "/frontend/index.html"
        },
        "device": "Desktop",
        "browser": "Mozilla",
        "location": {
            "latitude": -15.4318475,
            "longitude": 70.58874
        },
        "uniqueId": "4f113d91-1e3e-46f7-a9ca-95f02de96297",
        "pathname": "/profile",
        "language": "tl",
        "referrer": "",
        "events": {
            "loadCount": 0,
            "visibilitychangeCount": 6,
            "resizeCount": 1,
            "focusCount": 7,
            "clickCount": 1,
            "blurCount": 10
        },
        "pageLoadTime": {
            "loadStart": 1727461800000,
            "loadEnd": 1727461800160
        },
        "productId": "TRK-Ob2CJVFgaau7",
        "pathCounts": {
            "/checkout": 1,
            "/home": 4,
            "/profile": 7,
            "/home/create": 5,
            "/login": 7
        }
    },
    {
        "start": 1727461800,
        "end": 1727463840,
        "bounce": {
            "isBounced": false,
            "pathname": "/frontend/index.html"
        },
        "device": "Desktop",
        "browser": "Safari",
        "location": {
            "latitude": 56.7002615,
            "longitude": -116.401786
        },
        "uniqueId": "5bde6480-0ab0-43b2-8529-ae22b458f836",
        "pathname": "/frontend/index.html",
        "language": "byn",
        "referrer": "",
        "events": {
            "loadCount": 3,
            "visibilitychangeCount": 9,
            "resizeCount": 5,
            "focusCount": 2,
            "clickCount": 3,
            "blurCount": 8
        },
        "pageLoadTime": {
            "loadStart": 1727461800000,
            "loadEnd": 1727461800893
        },
        "productId": "TRK-89olAsKyNOG7",
        "pathCounts": {
            "/home/create": 8,
            "/home": 10
        }
    },
    {
        "start": 1727461800,
        "end": 1727463660,
        "bounce": {
            "isBounced": false,
            "pathname": "/frontend/index.html"
        },
        "device": "Tablet",
        "browser": "Edge",
        "location": {
            "latitude": -55.9140395,
            "longitude": 14.637373
        },
        "uniqueId": "9b47b488-09f3-4d00-a56c-8c970bdfab8e",
        "pathname": "/profile",
        "language": "de",
        "referrer": "",
        "events": {
            "loadCount": 2,
            "visibilitychangeCount": 2,
            "resizeCount": 3,
            "focusCount": 7,
            "clickCount": 7,
            "blurCount": 8
        },
        "pageLoadTime": {
            "loadStart": 1727461800000,
            "loadEnd": 1727461800517
        },
        "productId": "TRK-Ob2CJVFgaau7",
        "pathCounts": {
            "/home/create": 8,
            "/login": 7,
            "/profile": 2
        }
    }
]