[
    {
        "start": 1727116200,
        "end": 1727118960,
        "bounce": {
            "isBounced": false,
            "pathname": "/frontend/index.html"
        },
        "device": "Tablet",
        "browser": "Chrome",
        "location": {
            "latitude": -32.411264,
            "longitude": -25.212323
        },
        "uniqueId": "37f86d6c-c234-4339-9c0f-ec3bdaab8536",
        "pathname": "/home",
        "language": "ta",
        "referrer": "http://www.thompson-mcdonald.com/",
        "events": {
            "loadCount": 6,
            "visibilitychangeCount": 6,
            "resizeCount": 6,
            "focusCount": 6,
            "clickCount": 9,
            "blurCount": 7
        },
        "pageLoadTime": {
            "loadStart": 1727116200000,
            "loadEnd": 1727116200568
        },
        "productId": "TRK-89olAsKyNOG7",
        "pathCounts": {
            "/profile": 4,
            "/settings": 9,
            "/home/create": 6,
            "/checkout": 9,
            "/cart": 3
        }
    },
    {
        "start": 1727116200,
        "end": 1727119680,
        "bounce": {
            "isBounced": false,
            "pathname": "/frontend/index.html"
        },
        "device": "Laptop",
        "browser": "Mozilla",
        "location": {
            "latitude": -13.658227,
            "longitude": -60.524694
        },
        "uniqueId": "14ec54a1-24e9-462b-9378-3e9d812cba5a",
        "pathname": "/dashboard",
        "language": "fa",
        "referrer": "http://www.palmer-ross.com/",
        "events": {
            "loadCount": 2,
            "visibilitychangeCount": 7,
            "resizeCount": 4,
            "focusCount": 10,
            "clickCount": 2,
            "blurCount": 6
        },
        "pageLoadTime": {
            "loadStart": 1727116200000,
            "loadEnd": 1727116200958
        },
        "productId": "TRK-TlxlcwGkl19t",
        "pathCounts": {
            "/checkout": 10,
            "/home/create": 1,
            "/home": 10,
            "/settings": 3
        }
    },
    {
        "start": 1727116200,
        "end": 1727118480,
        "bounce": {
            "isBounced": false,
            "pathname": "/frontend/index.html"
        },
        "device": "Mobile",
        "browser": "Chrome",
        "location": {
            "latitude": -57.5446285,
            "longitude": -95.340663
        },
        "uniqueId": "80d8a76b-4c97-4a12-9ac3-02a6d37e11a9",
        "pathname": "/profile",
        "language": "fur",
        "referrer": "https://bush.org/",
        "events": {
            "loadCount": 7,
            "visibilitychangeCount": 4,
            "resizeCount": 2,
            "focusCount": 4,
            "clickCount": 9,
            "blurCount": 0
        },
        "pageLoadTime": {
            "loadStart": 1727116200000,
            "loadEnd": 1727116200120
        },
        "productId": "TRK-Ob2CJVFgaau7",
        "pathCounts": {
            "/checkout": 10,
            "/login": 2,
            "/profile": 3,
            "/home": 1
        }
    },
    {
        "start": 1727116200,
        "end": 1727118660,
        "bounce": {
            "isBounced": false,
            "pathname": "/frontend/index.html"
        },
        "device": "Tablet",
        "browser": "Safari",
        "location": {
            "latitude": -23.1356535,
            "longitude": 157.813443
        },
        "uniqueId": "625ea2f3-d6f3-47f0-abd3-a204ea4eb491",
        "pathname": "/profile",
        "language": "tcy",
        "referrer": "",
        "events": {
            "loadCount": 1,
            "visibilitychangeCount": 3,
            "resizeCount": 1,
            "focusCount": 5,
            "clickCount": 10,
            "blurCount": 1
        },
        "pageLoadTime": {
            "loadStart": 1727116200000,
            "loadEnd": 1727116200566
        },
        "productId": "TRK-TlxlcwGkl19t",
        "pathCounts": {
            "/home/dashboard": 4,
            "/cart": 10,
            "/home/create": 6
        }
    },
    {
        "start": 1727116200,
        "end": 1727116920,
        "bounce": {
            "isBounced": true,
            "pathname": "/frontend/index.html"
        },
        "device": "Laptop",
        "browser": "Safari",
        "location": {
            "latitude": -17.278344,
            "longitude": 175.534952
        },
        "uniqueId": "ca9d1f5f-925b-4a59-b362-4703a75ad77c",
        "pathname": "/home",
        "language": "fa",
        "referrer": "",
        "events": {
            "loadCount": 9,
            "visibilitychangeCount": 10,
            "resizeCount": 8,
            "focusCount": 7,
            "clickCount": 10,
            "blurCount": 5
        },
        "pageLoadTime": {
            "loadStart": 1727116200000,
            "loadEnd": 1727116200166
        },
        "productId": "TRK-TlxlcwGkl19t",
        "pathCounts": {
            "/cart": 5,
            "/home/create": 9,
            "/login": 1,
            "/checkout": 7
        }
    },
    {
        "start": 1727116200,
        "end": 1727116860,
        "bounce": {
            "isBounced": true,
            "pathname": "/frontend/index.html"
        },
        "device": "Mobile",
        "browser": "Chrome",
        "location": {
            "latitude": -24.1821745,
            "longitude": 148.665255
        },
        "uniqueId": "d86a654c-f156-4873-9fec-b758bd53146a",
        "pathname": "/profile",
        "language": "nn",
        "referrer": "",
        "events": {
            "loadCount": 9,
            "visibilitychangeCount": 0,
            "resizeCount": 7,
            "focusCount": 9,
            "clickCount": 1,
            "blurCount": 4
        },
        "pageLoadTime": {
            "loadStart": 1727116200000,
            "loadEnd": 1727116200731
        },
        "productId": "TRK-TlxlcwGkl19t",
        "pathCounts": {
            "/home/dashboard": 2,
            "/profile": 9,
            "/checkout": 3
        }
    },
    {
        "start": 1727116200,
        "end": 1727119740,
        "bounce": {
            "isBounced": false,
            "pathname": "/frontend/index.html"
        },
        "device": "Tablet",
        "browser": "Edge",
        "location": {
            "latitude": -28.070578,
            "longitude": -3.188619
        },
        "uniqueId": "31b1cad6-43b6-4fa7-95e5-7d79676b01e7",
        "pathname": "/profile",
        "language": "el",
        "referrer": "http://www.gamble-elliott.org/",
        "events": {
            "loadCount": 6,
            "visibilitychangeCount": 0,
            "resizeCount": 3,
            "focusCount": 10,
            "clickCount": 1,
            "blurCount": 4
        },
        "pageLoadTime": {
            "loadStart": 1727116200000,
            "loadEnd": 1727116200498
        },
        "productId": "TRK-89olAsKyNOG7",
        "pathCounts": {
            "/login": 7,
            "/settings": 5,
            "/cart": 9,
            "/home/dashboard": 9
        }
    },
    {
        "start": 1727116200,
        "end": 1727119320,
        "bounce": {
            "isBounced": true,
            "pathname": "/frontend/index.html"
        },
        "device": "Laptop",
        "browser": "Chrome",
        "location": {
            "latitude": 33.0481535,
            "longitude": -159.813638
        },
        "uniqueId": "37f86d6c-c234-4339-9c0f-ec3bdaab8536",
        "pathname": "/settings",
        "language": "ja",
        "referrer": "http://www.perkins.com/",
        "events": {
            "loadCount": 4,
            "visibilitychangeCount": 1,
            "resizeCount": 2,
            "focusCount": 3,
            "clickCount": 4,
            "blurCount": 0
        },
        "pageLoadTime": {
            "loadStart": 1727116200000,
            "loadEnd": 1727116200119
        },
        "productId": "TRK-89olAsKyNOG7",
        "pathCounts": {
            "/home": 5,
            "/settings": 8,
            "/home/dashboard": 4
        }
    }
]