[
    {
        "start": 1725993000,
        "end": 1725993120,
        "bounce": {
            "isBounced": false,
            "pathname": "/frontend/index.html"
        },
        "device": "Desktop",
        "browser": "Safari",
        "location": {
            "latitude": 66.4085655,
            "longitude": 168.54358
        },
        "uniqueId": "37f86d6c-c234-4339-9c0f-ec3bdaab8536",
        "pathname": "/home",
        "language": "zh",
        "referrer": "https://green.com/",
        "events": {
            "loadCount": 10,
            "visibilitychangeCount": 6,
            "resizeCount": 2,
            "focusCount": 1,
            "clickCount": 5,
            "blurCount": 7
        },
        "pageLoadTime": {
            "loadStart": 1725993000000,
            "loadEnd": 1725993000837
        },
        "productId": "TRK-Ob2CJVFgaau7",
        "pathCounts": {
            "/home": 3,
            "/home/dashboard": 6,
            "/settings": 7,
            "/login": 2
        }
    },
    {
        "start": 1725993000,
        "end": 1725995160,
        "bounce": {
            "isBounced": true,
            "pathname": "/frontend/index.html"
        },
        "device": "Desktop",
        "browser": "Edge",
        "location": {
            "latitude": 31.947909,
            "longitude": -128.049347
        },
        "uniqueId": "111907fd-95b7-4729-a2af-e51ad656e288",
        "pathname": "/home",
        "language": "bho",
        "referrer": "http://www.franklin-herrera.com/",
        "events": {
            "loadCount": 7,
            "visibilitychangeCount": 7,
            "resizeCount": 6,
            "focusCount": 9,
            "clickCount": 2,
            "blurCount": 4
        },
        "pageLoadTime": {
            "loadStart": 1725993000000,
            "loadEnd": 1725993000331
        },
        "productId": "TRK-TlxlcwGkl19t",
        "pathCounts": {
            "/profile": 5,
            "/settings": 4,
            "/home/create": 7,
            "/home": 9,
            "/home/dashboard": 6
        }
    },
    {
        "start": 1725993000,
        "end": 1725995940,
        "bounce": {
            "isBounced": true,
            "pathname": "/frontend/index.html"
        },
        "device": "Mobile",
        "browser": "Chrome",
        "location": {
            "latitude": -31.5669675,
            "longitude": -29.729712
        },
        "uniqueId": "d86a654c-f156-4873-9fec-b758bd53146a",
        "pathname": "/dashboard",
        "language": "mk",
        "referrer": "",
        "events": {
            "loadCount": 7,
            "visibilitychangeCount": 9,
            "resizeCount": 2,
            "focusCount": 0,
            "clickCount": 0,
            "blurCount": 8
        },
        "pageLoadTime": {
            "loadStart": 1725993000000,
            "loadEnd": 1725993000591
        },
        "productId": "TRK-Ob2CJVFgaau7",
        "pathCounts": {
            "/home/create": 5,
            "/profile": 3
        }
    },
    {
        "start": 1725993000,
        "end": 1725996360,
        "bounce": {
            "isBounced": false,
            "pathname": "/frontend/index.html"
        },
        "device": "Desktop",
        "browser": "Mozilla",
        "location": {
            "latitude": -42.35513,
            "longitude": -22.528267
        },
        "uniqueId": "3da55713-36de-4077-9d4d-626d934aafe0",
        "pathname": "/profile",
        "language": "ber",
        "referrer": "",
        "events": {
            "loadCount": 0,
            "visibilitychangeCount": 1,
            "resizeCount": 2,
            "focusCount": 7,
            "clickCount": 3,
            "blurCount": 7
        },
        "pageLoadTime": {
            "loadStart": 1725993000000,
            "loadEnd": 1725993000394
        },
        "productId": "TRK-89olAsKyNOG7",
        "pathCounts": {
            "/home/create": 9,
            "/home/dashboard": 3,
            "/cart": 3,
            "/home": 8,
            "/settings": 2
        }
    },
    {
        "start": 1725993000,
        "end": 1725993300,
        "bounce": {
            "isBounced": true,
            "pathname": "/frontend/index.html"
        },
        "device": "Desktop",
        "browser": "Edge",
        "location": {
            "latitude": 47.1157375,
            "longitude": 139.05553
        },
        "uniqueId": "5bde6480-0ab0-43b2-8529-ae22b458f836",
        "pathname": "/frontend/index.html",
        "language": "ig",
        "referrer": "",
        "events": {
            "loadCount": 8,
            "visibilitychangeCount": 5,
            "resizeCount": 7,
            "focusCount": 1,
            "clickCount": 1,
            "blurCount": 5
        },
        "pageLoadTime": {
            "loadStart": 1725993000000,
            "loadEnd": 1725993000096
        },
        "productId": "TRK-89olAsKyNOG7",
        "pathCounts": {
            "/home/dashboard": 8,
            "/cart": 2,
            "/profile": 3,
            "/home/create": 9
        }
    },
    {
        "start": 1725993000,
        "end": 1725994560,
        "bounce": {
            "isBounced": true,
            "pathname": "/frontend/index.html"
        },
        "device": "Laptop",
        "browser": "Chrome",
        "location": {
            "latitude": -11.3014115,
            "longitude": -105.887408
        },
        "uniqueId": "80d8a76b-4c97-4a12-9ac3-02a6d37e11a9",
        "pathname": "/dashboard",
        "language": "dz",
        "referrer": "",
        "events": {
            "loadCount": 5,
            "visibilitychangeCount": 10,
            "resizeCount": 6,
            "focusCount": 10,
            "clickCount": 3,
            "blurCount": 3
        },
        "pageLoadTime": {
            "loadStart": 1725993000000,
            "loadEnd": 1725993000798
        },
        "productId": "TRK-89olAsKyNOG7",
        "pathCounts": {
            "/settings": 2,
            "/login": 5,
            "/checkout": 2
        }
    },
    {
        "start": 1725993000,
        "end": 1725994140,
        "bounce": {
            "isBounced": true,
            "pathname": "/frontend/index.html"
        },
        "device": "Tablet",
        "browser": "Mozilla",
        "location": {
            "latitude": 57.4987475,
            "longitude": 44.208498
        },
        "uniqueId": "aa76de66-83a4-4c21-92f5-cfe20525387a",
        "pathname": "/home",
        "language": "ms",
        "referrer": "",
        "events": {
            "loadCount": 6,
            "visibilitychangeCount": 9,
            "resizeCount": 5,
            "focusCount": 8,
            "clickCount": 8,
            "blurCount": 10
        },
        "pageLoadTime": {
            "loadStart": 1725993000000,
            "loadEnd": 1725993000094
        },
        "productId": "TRK-89olAsKyNOG7",
        "pathCounts": {
            "/profile": 9,
            "/home/create": 7,
            "/login": 7
        }
    },
    {
        "start": 1725993000,
        "end": 1725994140,
        "bounce": {
            "isBounced": true,
            "pathname": "/frontend/index.html"
        },
        "device": "Laptop",
        "browser": "Mozilla",
        "location": {
            "latitude": -8.54277,
            "longitude": -13.073457
        },
        "uniqueId": "3da55713-36de-4077-9d4d-626d934aafe0",
        "pathname": "/home",
        "language": "be",
        "referrer": "",
        "events": {
            "loadCount": 1,
            "visibilitychangeCount": 8,
            "resizeCount": 6,
            "focusCount": 9,
            "clickCount": 6,
            "blurCount": 8
        },
        "pageLoadTime": {
            "loadStart": 1725993000000,
            "loadEnd": 1725993000742
        },
        "productId": "TRK-Ob2CJVFgaau7",
        "pathCounts": {
            "/checkout": 4,
            "/home": 9
        }
    },
    {
        "start": 1725993000,
        "end": 1725994980,
        "bounce": {
            "isBounced": true,
            "pathname": "/frontend/index.html"
        },
        "device": "Laptop",
        "browser": "Chrome",
        "location": {
            "latitude": 23.236841,
            "longitude": -127.120262
        },
        "uniqueId": "9b47b488-09f3-4d00-a56c-8c970bdfab8e",
        "pathname": "/settings",
        "language": "crh",
        "referrer": "",
        "events": {
            "loadCount": 7,
            "visibilitychangeCount": 3,
            "resizeCount": 5,
            "focusCount": 9,
            "clickCount": 4,
            "blurCount": 3
        },
        "pageLoadTime": {
            "loadStart": 1725993000000,
            "loadEnd": 1725993000139
        },
        "productId": "TRK-TlxlcwGkl19t",
        "pathCounts": {
            "/checkout": 3,
            "/home/dashboard": 5
        }
    },
    {
        "start": 1725993000,
        "end": 1725996240,
        "bounce": {
            "isBounced": true,
            "pathname": "/frontend/index.html"
        },
        "device": "Mobile",
        "browser": "Chrome",
        "location": {
            "latitude": -77.9680155,
            "longitude": -136.881065
        },
        "uniqueId": "f9c7e851-4d89-46ce-8678-25b88916a574",
        "pathname": "/dashboard",
        "language": "kok",
        "referrer": "",
        "events": {
            "loadCount": 4,
            "visibilitychangeCount": 1,
            "resizeCount": 6,
            "focusCount": 4,
            "clickCount": 1,
            "blurCount": 8
        },
        "pageLoadTime": {
            "loadStart": 1725993000000,
            "loadEnd": 1725993000977
        },
        "productId": "TRK-Ob2CJVFgaau7",
        "pathCounts": {
            "/cart": 2,
            "/profile": 2,
            "/checkout": 2
        }
    },
    {
        "start": 1725993000,
        "end": 1725995160,
        "bounce": {
            "isBounced": false,
            "pathname": "/frontend/index.html"
        },
        "device": "Laptop",
        "browser": "Mozilla",
        "location": {
            "latitude": 86.026655,
            "longitude": 79.67857
        },
        "uniqueId": "aa76de66-83a4-4c21-92f5-cfe20525387a",
        "pathname": "/frontend/index.html",
        "language": "tig",
        "referrer": "",
        "events": {
            "loadCount": 2,
            "visibilitychangeCount": 2,
            "resizeCount": 6,
            "focusCount": 1,
            "clickCount": 5,
            "blurCount": 6
        },
        "pageLoadTime": {
            "loadStart": 1725993000000,
            "loadEnd": 1725993000720
        },
        "productId": "TRK-89olAsKyNOG7",
        "pathCounts": {
            "/home/create": 7,
            "/login": 2,
            "/cart": 7
        }
    },
    {
        "start": 1725993000,
        "end": 1725994560,
        "bounce": {
            "isBounced": true,
            "pathname": "/frontend/index.html"
        },
        "device": "Desktop",
        "browser": "Safari",
        "location": {
            "latitude": 24.76706,
            "longitude": 75.762474
        },
        "uniqueId": "14ec54a1-24e9-462b-9378-3e9d812cba5a",
        "pathname": "/home",
        "language": "nb",
        "referrer": "https://www.cooper.biz/",
        "events": {
            "loadCount": 4,
            "visibilitychangeCount": 3,
            "resizeCount": 5,
            "focusCount": 5,
            "clickCount": 10,
            "blurCount": 10
        },
        "pageLoadTime": {
            "loadStart": 1725993000000,
            "loadEnd": 1725993000563
        },
        "productId": "TRK-Ob2CJVFgaau7",
        "pathCounts": {
            "/cart": 9,
            "/profile": 7,
            "/home": 2
        }
    },
    {
        "start": 1725993000,
        "end": 1725996360,
        "bounce": {
            "isBounced": false,
            "pathname": "/frontend/index.html"
        },
        "device": "Laptop",
        "browser": "Safari",
        "location": {
            "latitude": -80.887005,
            "longitude": 104.178103
        },
        "uniqueId": "ffef8945-c190-4f95-930f-4e35c2e3a868",
        "pathname": "/dashboard",
        "language": "crh",
        "referrer": "",
        "events": {
            "loadCount": 2,
            "visibilitychangeCount": 0,
            "resizeCount": 1,
            "focusCount": 6,
            "clickCount": 2,
            "blurCount": 9
        },
        "pageLoadTime": {
            "loadStart": 1725993000000,
            "loadEnd": 1725993000182
        },
        "productId": "TRK-Ob2CJVFgaau7",
        "pathCounts": {
            "/settings": 2,
            "/checkout": 4,
            "/cart": 1,
            "/home/dashboard": 10
        }
    },
    {
        "start": 1725993000,
        "end": 1725993420,
        "bounce": {
            "isBounced": false,
            "pathname": "/frontend/index.html"
        },
        "device": "Laptop",
        "browser": "Mozilla",
        "location": {
            "latitude": -22.6131345,
            "longitude": 161.007258
        },
        "uniqueId": "9b47b488-09f3-4d00-a56c-8c970bdfab8e",
        "pathname": "/settings",
        "language": "ta",
        "referrer": "https://www.santana.com/",
        "events": {
            "loadCount": 3,
            "visibilitychangeCount": 5,
            "resizeCount": 9,
            "focusCount": 4,
            "clickCount": 6,
            "blurCount": 0
        },
        "pageLoadTime": {
            "loadStart": 1725993000000,
            "loadEnd": 1725993000848
        },
        "productId": "TRK-89olAsKyNOG7",
        "pathCounts": {
            "/profile": 8,
            "/home/create": 4,
            "/settings": 6,
            "/home/dashboard": 3
        }
    },
    {
        "start": 1725993000,
        "end": 1725993360,
        "bounce": {
            "isBounced": true,
            "pathname": "/frontend/index.html"
        },
        "device": "Laptop",
        "browser": "Safari",
        "location": {
            "latitude": -35.825834,
            "longitude": 82.359651
        },
        "uniqueId": "77f0712b-554f-4c5c-9898-14e7c77b26a0",
        "pathname": "/settings",
        "language": "csb",
        "referrer": "https://molina.com/",
        "events": {
            "loadCount": 1,
            "visibilitychangeCount": 7,
            "resizeCount": 6,
            "focusCount": 10,
            "clickCount": 0,
            "blurCount": 6
        },
        "pageLoadTime": {
            "loadStart": 1725993000000,
            "loadEnd": 1725993000048
        },
        "productId": "TRK-Ob2CJVFgaau7",
        "pathCounts": {
            "/profile": 8,
            "/home/dashboard": 10,
            "/checkout": 10
        }
    },
    {
        "start": 1725993000,
        "end": 1725996180,
        "bounce": {
            "isBounced": true,
            "pathname": "/frontend/index.html"
        },
        "device": "Mobile",
        "browser": "Mozilla",
        "location": {
            "latitude": -70.1679115,
            "longitude": 26.025546
        },
        "uniqueId": "625ea2f3-d6f3-47f0-abd3-a204ea4eb491",
        "pathname": "/profile",
        "language": "lg",
        "referrer": "http://www.mcdonald.com/",
        "events": {
            "loadCount": 7,
            "visibilitychangeCount": 8,
            "resizeCount": 3,
            "focusCount": 6,
            "clickCount": 0,
            "blurCount": 0
        },
        "pageLoadTime": {
            "loadStart": 1725993000000,
            "loadEnd": 1725993000799
        },
        "productId": "TRK-TlxlcwGkl19t",
        "pathCounts": {
            "/settings": 2,
            "/cart": 2,
            "/profile": 8,
            "/home/dashboard": 8
        }
    },
    {
        "start": 1725993000,
        "end": 1725994980,
        "bounce": {
            "isBounced": false,
            "pathname": "/frontend/index.html"
        },
        "device": "Desktop",
        "browser": "Mozilla",
        "location": {
            "latitude": -61.3189195,
            "longitude": -160.06703
        },
        "uniqueId": "f9c7e851-4d89-46ce-8678-25b88916a574",
        "pathname": "/home",
        "language": "ar",
        "referrer": "",
        "events": {
            "loadCount": 4,
            "visibilitychangeCount": 3,
            "resizeCount": 2,
            "focusCount": 6,
            "clickCount": 0,
            "blurCount": 7
        },
        "pageLoadTime": {
            "loadStart": 1725993000000,
            "loadEnd": 1725993000629
        },
        "productId": "TRK-89olAsKyNOG7",
        "pathCounts": {
            "/cart": 5,
            "/checkout": 2,
            "/login": 3
        }
    },
    {
        "start": 1725993000,
        "end": 1725994260,
        "bounce": {
            "isBounced": false,
            "pathname": "/frontend/index.html"
        },
        "device": "Laptop",
        "browser": "Safari",
        "location": {
            "latitude": 64.0083265,
            "longitude": -129.404379
        },
        "uniqueId": "625ea2f3-d6f3-47f0-abd3-a204ea4eb491",
        "pathname": "/home",
        "language": "kk",
        "referrer": "",
        "events": {
            "loadCount": 4,
            "visibilitychangeCount": 7,
            "resizeCount": 7,
            "focusCount": 6,
            "clickCount": 8,
            "blurCount": 9
        },
        "pageLoadTime": {
            "loadStart": 1725993000000,
            "loadEnd": 1725993000931
        },
        "productId": "TRK-Ob2CJVFgaau7",
        "pathCounts": {
            "/home": 5,
            "/cart": 10,
            "/profile": 9
        }
    },
    {
        "start": 1725993000,
        "end": 1725993660,
        "bounce": {
            "isBounced": true,
            "pathname": "/frontend/index.html"
        },
        "device": "Laptop",
        "browser": "Edge",
        "location": {
            "latitude": -37.116432,
            "longitude": 86.993278
        },
        "uniqueId": "3ba5c0ca-2d1c-4d75-82b7-a2c821f2ea43",
        "pathname": "/profile",
        "language": "nds",
        "referrer": "",
        "events": {
            "loadCount": 0,
            "visibilitychangeCount": 1,
            "resizeCount": 3,
            "focusCount": 3,
            "clickCount": 5,
            "blurCount": 0
        },
        "pageLoadTime": {
            "loadStart": 1725993000000,
            "loadEnd": 1725993000120
        },
        "productId": "TRK-89olAsKyNOG7",
        "pathCounts": {
            "/settings": 5,
            "/profile": 7,
            "/checkout": 3
        }
    }
]