[
    {
        "start": 1726338600,
        "end": 1726340520,
        "bounce": {
            "isBounced": false,
            "pathname": "/frontend/index.html"
        },
        "device": "Laptop",
        "browser": "Mozilla",
        "location": {
            "latitude": 33.0582065,
            "longitude": 59.058669
        },
        "uniqueId": "aca50ebd-2a70-41b2-a3f9-1a2deecc8322",
        "pathname": "/profile",
        "language": "cs",
        "referrer": "http://boyer.com/",
        "events": {
            "loadCount": 7,
            "visibilitychangeCount": 9,
            "resizeCount": 2,
            "focusCount": 0,
            "clickCount": 3,
            "blurCount": 3
        },
        "pageLoadTime": {
            "loadStart": 1726338600000,
            "loadEnd": 1726338600123
        },
        "productId": "TRK-Ob2CJVFgaau7",
        "pathCounts": {
            "/settings": 9,
            "/home/dashboard": 2
        }
    },
    {
        "start": 1726338600,
        "end": 1726339980,
        "bounce": {
            "isBounced": false,
            "pathname": "/frontend/index.html"
        },
        "device": "Tablet",
        "browser": "Edge",
        "location": {
            "latitude": 85.6128015,
            "longitude": 155.093815
        },
        "uniqueId": "3ba5c0ca-2d1c-4d75-82b7-a2c821f2ea43",
        "pathname": "/home",
        "language": "ti",
        "referrer": "",
        "events": {
            "loadCount": 4,
            "visibilitychangeCount": 8,
            "resizeCount": 4,
            "focusCount": 0,
            "clickCount": 7,
            "blurCount": 3
        },
        "pageLoadTime": {
            "loadStart": 1726338600000,
            "loadEnd": 1726338600908
        },
        "productId": "TRK-TlxlcwGkl19t",
        "pathCounts": {
            "/login": 10,
            "/home/create": 10,
            "/home": 9
        }
    },
    {
        "start": 1726338600,
        "end": 1726342200,
        "bounce": {
            "isBounced": false,
            "pathname": "/frontend/index.html"
        },
        "device": "Desktop",
        "browser": "Mozilla",
        "location": {
            "latitude": 79.1318215,
            "longitude": -107.795194
        },
        "uniqueId": "ffef8945-c190-4f95-930f-4e35c2e3a868",
        "pathname": "/frontend/index.html",
        "language": "ky",
        "referrer": "http://griffin.com/",
        "events": {
            "loadCount": 7,
            "visibilitychangeCount": 3,
            "resizeCount": 10,
            "focusCount": 1,
            "clickCount": 1,
            "blurCount": 4
        },
        "pageLoadTime": {
            "loadStart": 1726338600000,
            "loadEnd": 1726338600741
        },
        "productId": "TRK-Ob2CJVFgaau7",
        "pathCounts": {
            "/profile": 4,
            "/home/create": 1
        }
    },
    {
        "start": 1726338600,
        "end": 1726339680,
        "bounce": {
            "isBounced": true,
            "pathname": "/frontend/index.html"
        },
        "device": "Mobile",
        "browser": "Edge",
        "location": {
            "latitude": 43.9016465,
            "longitude": -110.827496
        },
        "uniqueId": "37f86d6c-c234-4339-9c0f-ec3bdaab8536",
        "pathname": "/settings",
        "language": "oc",
        "referrer": "",
        "events": {
            "loadCount": 0,
            "visibilitychangeCount": 8,
            "resizeCount": 9,
            "focusCount": 3,
            "clickCount": 10,
            "blurCount": 9
        },
        "pageLoadTime": {
            "loadStart": 1726338600000,
            "loadEnd": 1726338600948
        },
        "productId": "TRK-89olAsKyNOG7",
        "pathCounts": {
            "/profile": 1,
            "/home/create": 6
        }
    },
    {
        "start": 1726338600,
        "end": 1726339260,
        "bounce": {
            "isBounced": false,
            "pathname": "/frontend/index.html"
        },
        "device": "Mobile",
        "browser": "Chrome",
        "location": {
            "latitude": -18.6882475,
            "longitude": -27.656932
        },
        "uniqueId": "14ec54a1-24e9-462b-9378-3e9d812cba5a",
        "pathname": "/home",
        "language": "gu",
        "referrer": "http://www.harmon-cameron.org/",
        "events": {
            "loadCount": 4,
            "visibilitychangeCount": 1,
            "resizeCount": 3,
            "focusCount": 7,
            "clickCount": 10,
            "blurCount": 0
        },
        "pageLoadTime": {
            "loadStart": 1726338600000,
            "loadEnd": 1726338600505
        },
        "productId": "TRK-89olAsKyNOG7",
        "pathCounts": {
            "/profile": 6,
            "/settings": 6
        }
    },
    {
        "start": 1726338600,
        "end": 1726339920,
        "bounce": {
            "isBounced": false,
            "pathname": "/frontend/index.html"
        },
        "device": "Desktop",
        "browser": "Chrome",
        "location": {
            "latitude": -59.6843635,
            "longitude": -98.209191
        },
        "uniqueId": "f9c7e851-4d89-46ce-8678-25b88916a574",
        "pathname": "/frontend/index.html",
        "language": "ha",
        "referrer": "https://www.cruz.net/",
        "events": {
            "loadCount": 7,
            "visibilitychangeCount": 7,
            "resizeCount": 6,
            "focusCount": 10,
            "clickCount": 7,
            "blurCount": 8
        },
        "pageLoadTime": {
            "loadStart": 1726338600000,
            "loadEnd": 1726338600710
        },
        "productId": "TRK-89olAsKyNOG7",
        "pathCounts": {
            "/home": 1,
            "/cart": 10,
            "/home/dashboard": 10,
            "/profile": 10
        }
    },
    {
        "start": 1726338600,
        "end": 1726340280,
        "bounce": {
            "isBounced": true,
            "pathname": "/frontend/index.html"
        },
        "device": "Desktop",
        "browser": "Mozilla",
        "location": {
            "latitude": 39.998901,
            "longitude": 128.341561
        },
        "uniqueId": "31b1cad6-43b6-4fa7-95e5-7d79676b01e7",
        "pathname": "/profile",
        "language": "ln",
        "referrer": "https://www.martinez.org/",
        "events": {
            "loadCount": 10,
            "visibilitychangeCount": 2,
            "resizeCount": 9,
            "focusCount": 4,
            "clickCount": 8,
            "blurCount": 10
        },
        "pageLoadTime": {
            "loadStart": 1726338600000,
            "loadEnd": 1726338600634
        },
        "productId": "TRK-TlxlcwGkl19t",
        "pathCounts": {
            "/login": 2,
            "/home/create": 8,
            "/profile": 7,
            "/cart": 9
        }
    },
    {
        "start": 1726338600,
        "end": 1726339140,
        "bounce": {
            "isBounced": true,
            "pathname": "/frontend/index.html"
        },
        "device": "Laptop",
        "browser": "Edge",
        "location": {
            "latitude": 34.3264315,
            "longitude": 2.239555
        },
        "uniqueId": "3da55713-36de-4077-9d4d-626d934aafe0",
        "pathname": "/home",
        "language": "mr",
        "referrer": "https://wheeler-chan.com/",
        "events": {
            "loadCount": 5,
            "visibilitychangeCount": 3,
            "resizeCount": 1,
            "focusCount": 7,
            "clickCount": 8,
            "blurCount": 4
        },
        "pageLoadTime": {
            "loadStart": 1726338600000,
            "loadEnd": 1726338600644
        },
        "productId": "TRK-TlxlcwGkl19t",
        "pathCounts": {
            "/home/create": 1,
            "/cart": 7,
            "/login": 8,
            "/settings": 10,
            "/home": 8
        }
    },
    {
        "start": 1726338600,
        "end": 1726340880,
        "bounce": {
            "isBounced": true,
            "pathname": "/frontend/index.html"
        },
        "device": "Laptop",
        "browser": "Safari",
        "location": {
            "latitude": -45.3369395,
            "longitude": 123.733272
        },
        "uniqueId": "14ec54a1-24e9-462b-9378-3e9d812cba5a",
        "pathname": "/home",
        "language": "ia",
        "referrer": "",
        "events": {
            "loadCount": 5,
            "visibilitychangeCount": 9,
            "resizeCount": 10,
            "focusCount": 4,
            "clickCount": 8,
            "blurCount": 3
        },
        "pageLoadTime": {
            "loadStart": 1726338600000,
            "loadEnd": 1726338600334
        },
        "productId": "TRK-Ob2CJVFgaau7",
        "pathCounts": {
            "/checkout": 8,
            "/settings": 2,
            "/cart": 9
        }
    }
]