[
    {
        "start": 1726165800,
        "end": 1726168560,
        "bounce": {
            "isBounced": false,
            "pathname": "/frontend/index.html"
        },
        "device": "Laptop",
        "browser": "Mozilla",
        "location": {
            "latitude": -82.1423915,
            "longitude": 107.332966
        },
        "uniqueId": "aa76de66-83a4-4c21-92f5-cfe20525387a",
        "pathname": "/profile",
        "language": "tk",
        "referrer": "https://www.flores.info/",
        "events": {
            "loadCount": 8,
            "visibilitychangeCount": 8,
            "resizeCount": 0,
            "focusCount": 1,
            "clickCount": 7,
            "blurCount": 8
        },
        "pageLoadTime": {
            "loadStart": 1726165800000,
            "loadEnd": 1726165800995
        },
        "productId": "TRK-Ob2CJVFgaau7",
        "pathCounts": {
            "/home/dashboard": 9,
            "/settings": 10,
            "/home/create": 6,
            "/profile": 10,
            "/login": 7
        }
    },
    {
        "start": 1726165800,
        "end": 1726168860,
        "bounce": {
            "isBounced": false,
            "pathname": "/frontend/index.html"
        },
        "device": "Mobile",
        "browser": "Safari",
        "location": {
            "latitude": 39.1762045,
            "longitude": 178.435495
        },
        "uniqueId": "3da55713-36de-4077-9d4d-626d934aafe0",
        "pathname": "/home",
        "language": "or",
        "referrer": "",
        "events": {
            "loadCount": 5,
            "visibilitychangeCount": 4,
            "resizeCount": 3,
            "focusCount": 8,
            "clickCount": 3,
            "blurCount": 7
        },
        "pageLoadTime": {
            "loadStart": 1726165800000,
            "loadEnd": 1726165800254
        },
        "productId": "TRK-89olAsKyNOG7",
        "pathCounts": {
            "/checkout": 9,
            "/home": 10,
            "/profile": 6,
            "/home/create": 4,
            "/login": 2
        }
    },
    {
        "start": 1726165800,
        "end": 1726167240,
        "bounce": {
            "isBounced": false,
            "pathname": "/frontend/index.html"
        },
        "device": "Desktop",
        "browser": "Mozilla",
        "location": {
            "latitude": 28.3690745,
            "longitude": -17.571698
        },
        "uniqueId": "37f86d6c-c234-4339-9c0f-ec3bdaab8536",
        "pathname": "/dashboard",
        "language": "wal",
        "referrer": "https://smith.com/",
        "events": {
            "loadCount": 8,
            "visibilitychangeCount": 9,
            "resizeCount": 1,
            "focusCount": 1,
            "clickCount": 2,
            "blurCount": 7
        },
        "pageLoadTime": {
            "loadStart": 1726165800000,
            "loadEnd": 1726165800599
        },
        "productId": "TRK-Ob2CJVFgaau7",
        "pathCounts": {
            "/cart": 9,
            "/checkout": 9
        }
    },
    {
        "start": 1726165800,
        "end": 1726168200,
        "bounce": {
            "isBounced": false,
            "pathname": "/frontend/index.html"
        },
        "device": "Laptop",
        "browser": "Mozilla",
        "location": {
            "latitude": -12.353199,
            "longitude": -124.912393
        },
        "uniqueId": "3ba5c0ca-2d1c-4d75-82b7-a2c821f2ea43",
        "pathname": "/profile",
        "language": "or",
        "referrer": "http://www.valenzuela.com/",
        "events": {
            "loadCount": 5,
            "visibilitychangeCount": 8,
            "resizeCount": 1,
            "focusCount": 6,
            "clickCount": 4,
            "blurCount": 1
        },
        "pageLoadTime": {
            "loadStart": 1726165800000,
            "loadEnd": 1726165800571
        },
        "productId": "TRK-Ob2CJVFgaau7",
        "pathCounts": {
            "/login": 1,
            "/cart": 7,
            "/checkout": 2,
            "/home/create": 3
        }
    },
    {
        "start": 1726165800,
        "end": 1726168980,
        "bounce": {
            "isBounced": true,
            "pathname": "/frontend/index.html"
        },
        "device": "Mobile",
        "browser": "Chrome",
        "location": {
            "latitude": 17.7504185,
            "longitude": -141.3468
        },
        "uniqueId": "ca9d1f5f-925b-4a59-b362-4703a75ad77c",
        "pathname": "/profile",
        "language": "nl",
        "referrer": "https://www.wiggins.net/",
        "events": {
            "loadCount": 4,
            "visibilitychangeCount": 0,
            "resizeCount": 7,
            "focusCount": 3,
            "clickCount": 6,
            "blurCount": 2
        },
        "pageLoadTime": {
            "loadStart": 1726165800000,
            "loadEnd": 1726165800268
        },
        "productId": "TRK-TlxlcwGkl19t",
        "pathCounts": {
            "/home": 3,
            "/settings": 3
        }
    },
    {
        "start": 1726165800,
        "end": 1726166460,
        "bounce": {
            "isBounced": false,
            "pathname": "/frontend/index.html"
        },
        "device": "Desktop",
        "browser": "Mozilla",
        "location": {
            "latitude": 13.3468695,
            "longitude": -108.25107
        },
        "uniqueId": "31b1cad6-43b6-4fa7-95e5-7d79676b01e7",
        "pathname": "/home",
        "language": "si",
        "referrer": "http://www.clark.info/",
        "events": {
            "loadCount": 8,
            "visibilitychangeCount": 10,
            "resizeCount": 2,
            "focusCount": 3,
            "clickCount": 9,
            "blurCount": 2
        },
        "pageLoadTime": {
            "loadStart": 1726165800000,
            "loadEnd": 1726165800745
        },
        "productId": "TRK-TlxlcwGkl19t",
        "pathCounts": {
            "/login": 3,
            "/profile": 6,
            "/checkout": 10
        }
    },
    {
        "start": 1726165800,
        "end": 1726165920,
        "bounce": {
            "isBounced": true,
            "pathname": "/frontend/index.html"
        },
        "device": "Mobile",
        "browser": "Chrome",
        "location": {
            "latitude": -12.734085,
            "longitude": -164.565265
        },
        "uniqueId": "111907fd-95b7-4729-a2af-e51ad656e288",
        "pathname": "/home",
        "language": "be",
        "referrer": "http://best-lara.com/",
        "events": {
            "loadCount": 0,
            "visibilitychangeCount": 6,
            "resizeCount": 6,
            "focusCount": 3,
            "clickCount": 5,
            "blurCount": 5
        },
        "pageLoadTime": {
            "loadStart": 1726165800000,
            "loadEnd": 1726165800932
        },
        "productId": "TRK-TlxlcwGkl19t",
        "pathCounts": {
            "/home": 2,
            "/settings": 8,
            "/checkout": 4,
            "/login": 6,
            "/home/dashboard": 1
        }
    },
    {
        "start": 1726165800,
        "end": 1726166460,
        "bounce": {
            "isBounced": false,
            "pathname": "/frontend/index.html"
        },
        "device": "Laptop",
        "browser": "Mozilla",
        "location": {
            "latitude": 86.1727195,
            "longitude": 176.654329
        },
        "uniqueId": "5bde6480-0ab0-43b2-8529-ae22b458f836",
        "pathname": "/dashboard",
        "language": "ayc",
        "referrer": "https://www.grant-chandler.biz/",
        "events": {
            "loadCount": 6,
            "visibilitychangeCount": 6,
            "resizeCount": 2,
            "focusCount": 1,
            "clickCount": 7,
            "blurCount": 9
        },
        "pageLoadTime": {
            "loadStart": 1726165800000,
            "loadEnd": 1726165800074
        },
        "productId": "TRK-Ob2CJVFgaau7",
        "pathCounts": {
            "/profile": 9,
            "/settings": 7,
            "/home/create": 2,
            "/cart": 3,
            "/checkout": 9
        }
    },
    {
        "start": 1726165800,
        "end": 1726168620,
        "bounce": {
            "isBounced": false,
            "pathname": "/frontend/index.html"
        },
        "device": "Laptop",
        "browser": "Edge",
        "location": {
            "latitude": 22.301,
            "longitude": 82.274684
        },
        "uniqueId": "5bde6480-0ab0-43b2-8529-ae22b458f836",
        "pathname": "/home",
        "language": "lij",
        "referrer": "",
        "events": {
            "loadCount": 10,
            "visibilitychangeCount": 10,
            "resizeCount": 8,
            "focusCount": 0,
            "clickCount": 4,
            "blurCount": 6
        },
        "pageLoadTime": {
            "loadStart": 1726165800000,
            "loadEnd": 1726165800999
        },
        "productId": "TRK-Ob2CJVFgaau7",
        "pathCounts": {
            "/settings": 8,
            "/cart": 10,
            "/home/create": 3,
            "/home/dashboard": 2
        }
    },
    {
        "start": 1726165800,
        "end": 1726168980,
        "bounce": {
            "isBounced": false,
            "pathname": "/frontend/index.html"
        },
        "device": "Desktop",
        "browser": "Chrome",
        "location": {
            "latitude": 49.6741515,
            "longitude": -84.208749
        },
        "uniqueId": "31b1cad6-43b6-4fa7-95e5-7d79676b01e7",
        "pathname": "/frontend/index.html",
        "language": "ak",
        "referrer": "http://edwards-baker.org/",
        "events": {
            "loadCount": 7,
            "visibilitychangeCount": 4,
            "resizeCount": 7,
            "focusCount": 5,
            "clickCount": 8,
            "blurCount": 7
        },
        "pageLoadTime": {
            "loadStart": 1726165800000,
            "loadEnd": 1726165800721
        },
        "productId": "TRK-89olAsKyNOG7",
        "pathCounts": {
            "/home/create": 2,
            "/checkout": 8,
            "/login": 4
        }
    },
    {
        "start": 1726165800,
        "end": 1726166340,
        "bounce": {
            "isBounced": false,
            "pathname": "/frontend/index.html"
        },
        "device": "Laptop",
        "browser": "Mozilla",
        "location": {
            "latitude": -61.7076835,
            "longitude": -148.622079
        },
        "uniqueId": "ffef8945-c190-4f95-930f-4e35c2e3a868",
        "pathname": "/profile",
        "language": "ig",
        "referrer": "http://ray-matthews.net/",
        "events": {
            "loadCount": 1,
            "visibilitychangeCount": 6,
            "resizeCount": 9,
            "focusCount": 6,
            "clickCount": 4,
            "blurCount": 2
        },
        "pageLoadTime": {
            "loadStart": 1726165800000,
            "loadEnd": 1726165800256
        },
        "productId": "TRK-TlxlcwGkl19t",
        "pathCounts": {
            "/checkout": 1,
            "/profile": 1,
            "/home": 9
        }
    },
    {
        "start": 1726165800,
        "end": 1726165860,
        "bounce": {
            "isBounced": false,
            "pathname": "/frontend/index.html"
        },
        "device": "Mobile",
        "browser": "Edge",
        "location": {
            "latitude": 83.821889,
            "longitude": -76.112458
        },
        "uniqueId": "9b47b488-09f3-4d00-a56c-8c970bdfab8e",
        "pathname": "/frontend/index.html",
        "language": "nn",
        "referrer": "",
        "events": {
            "loadCount": 7,
            "visibilitychangeCount": 8,
            "resizeCount": 9,
            "focusCount": 3,
            "clickCount": 5,
            "blurCount": 8
        },
        "pageLoadTime": {
            "loadStart": 1726165800000,
            "loadEnd": 1726165800325
        },
        "productId": "TRK-TlxlcwGkl19t",
        "pathCounts": {
            "/profile": 7,
            "/login": 9,
            "/home/dashboard": 8
        }
    }
]