[
    {
        "start": 1727375400,
        "end": 1727378220,
        "bounce": {
            "isBounced": false,
            "pathname": "/frontend/index.html"
        },
        "device": "Mobile",
        "browser": "Chrome",
        "location": {
            "latitude": -86.0686605,
            "longitude": 177.944984
        },
        "uniqueId": "4f113d91-1e3e-46f7-a9ca-95f02de96297",
        "pathname": "/home",
        "language": "vi",
        "referrer": "https://www.hill-fernandez.biz/",
        "events": {
            "loadCount": 3,
            "visibilitychangeCount": 7,
            "resizeCount": 8,
            "focusCount": 7,
            "clickCount": 5,
            "blurCount": 8
        },
        "pageLoadTime": {
            "loadStart": 1727375400000,
            "loadEnd": 1727375400529
        },
        "productId": "TRK-Ob2CJVFgaau7",
        "pathCounts": {
            "/home": 10,
            "/home/dashboard": 10,
            "/settings": 8,
            "/profile": 6
        }
    },
    {
        "start": 1727375400,
        "end": 1727376660,
        "bounce": {
            "isBounced": true,
            "pathname": "/frontend/index.html"
        },
        "device": "Tablet",
        "browser": "Chrome",
        "location": {
            "latitude": 14.379784,
            "longitude": 114.664179
        },
        "uniqueId": "aa76de66-83a4-4c21-92f5-cfe20525387a",
        "pathname": "/profile",
        "language": "mhr",
        "referrer": "",
        "events": {
            "loadCount": 10,
            "visibilitychangeCount": 0,
            "resizeCount": 3,
            "focusCount": 0,
            "clickCount": 6,
            "blurCount": 9
        },
        "pageLoadTime": {
            "loadStart": 1727375400000,
            "loadEnd": 1727375400945
        },
        "productId": "TRK-TlxlcwGkl19t",
        "pathCounts": {
            "/profile": 3,
            "/login": 5
        }
    },
    {
        "start": 1727375400,
        "end": 1727377680,
        "bounce": {
            "isBounced": true,
            "pathname": "/frontend/index.html"
        },
        "device": "Tablet",
        "browser": "Chrome",
        "location": {
            "latitude": -78.5107165,
            "longitude": 155.68647
        },
        "uniqueId": "4f113d91-1e3e-46f7-a9ca-95f02de96297",
        "pathname": "/profile",
        "language": "hi",
        "referrer": "",
        "events": {
            "loadCount": 0,
            "visibilitychangeCount": 3,
            "resizeCount": 1,
            "focusCount": 8,
            "clickCount": 3,
            "blurCount": 9
        },
        "pageLoadTime": {
            "loadStart": 1727375400000,
            "loadEnd": 1727375400447
        },
        "productId": "TRK-89olAsKyNOG7",
        "pathCounts": {
            "/settings": 7,
            "/login": 9,
            "/checkout": 2
        }
    },
    {
        "start": 1727375400,
        "end": 1727379000,
        "bounce": {
            "isBounced": true,
            "pathname": "/frontend/index.html"
        },
        "device": "Tablet",
        "browser": "Mozilla",
        "location": {
            "latitude": 24.4796505,
            "longitude": -3.487942
        },
        "uniqueId": "ca9d1f5f-925b-4a59-b362-4703a75ad77c",
        "pathname": "/profile",
        "language": "is",
        "referrer": "http://www.hart.net/",
        "events": {
            "loadCount": 0,
            "visibilitychangeCount": 3,
            "resizeCount": 10,
            "focusCount": 10,
            "clickCount": 9,
            "blurCount": 5
        },
        "pageLoadTime": {
            "loadStart": 1727375400000,
            "loadEnd": 1727375400635
        },
        "productId": "TRK-Ob2CJVFgaau7",
        "pathCounts": {
            "/cart": 3,
            "/home": 3,
            "/home/dashboard": 9,
            "/login": 8
        }
    },
    {
        "start": 1727375400,
        "end": 1727376180,
        "bounce": {
            "isBounced": true,
            "pathname": "/frontend/index.html"
        },
        "device": "Tablet",
        "browser": "Mozilla",
        "location": {
            "latitude": -4.097889,
            "longitude": -133.133159
        },
        "uniqueId": "9ce1bf0b-8366-40e1-b77c-9493a981c91b",
        "pathname": "/settings",
        "language": "lb",
        "referrer": "http://www.berry-robinson.com/",
        "events": {
            "loadCount": 1,
            "visibilitychangeCount": 9,
            "resizeCount": 9,
            "focusCount": 6,
            "clickCount": 3,
            "blurCount": 7
        },
        "pageLoadTime": {
            "loadStart": 1727375400000,
            "loadEnd": 1727375400072
        },
        "productId": "TRK-TlxlcwGkl19t",
        "pathCounts": {
            "/profile": 9,
            "/settings": 10,
            "/cart": 3
        }
    },
    {
        "start": 1727375400,
        "end": 1727376540,
        "bounce": {
            "isBounced": true,
            "pathname": "/frontend/index.html"
        },
        "device": "Mobile",
        "browser": "Edge",
        "location": {
            "latitude": 65.5134185,
            "longitude": 41.603775
        },
        "uniqueId": "ca9d1f5f-925b-4a59-b362-4703a75ad77c",
        "pathname": "/profile",
        "language": "ln",
        "referrer": "https://wright.info/",
        "events": {
            "loadCount": 4,
            "visibilitychangeCount": 1,
            "resizeCount": 1,
            "focusCount": 10,
            "clickCount": 7,
            "blurCount": 10
        },
        "pageLoadTime": {
            "loadStart": 1727375400000,
            "loadEnd": 1727375400746
        },
        "productId": "TRK-Ob2CJVFgaau7",
        "pathCounts": {
            "/home/create": 1,
            "/cart": 3,
            "/checkout": 10
        }
    },
    {
        "start": 1727375400,
        "end": 1727375640,
        "bounce": {
            "isBounced": true,
            "pathname": "/frontend/index.html"
        },
        "device": "Laptop",
        "browser": "Safari",
        "location": {
            "latitude": -74.07527,
            "longitude": -97.159724
        },
        "uniqueId": "14ec54a1-24e9-462b-9378-3e9d812cba5a",
        "pathname": "/frontend/index.html",
        "language": "lij",
        "referrer": "https://meadows-reid.com/",
        "events": {
            "loadCount": 6,
            "visibilitychangeCount": 2,
            "resizeCount": 1,
            "focusCount": 4,
            "clickCount": 7,
            "blurCount": 9
        },
        "pageLoadTime": {
            "loadStart": 1727375400000,
            "loadEnd": 1727375400991
        },
        "productId": "TRK-TlxlcwGkl19t",
        "pathCounts": {
            "/profile": 1,
            "/cart": 6,
            "/home/dashboard": 2,
            "/home/create": 4
        }
    },
    {
        "start": 1727375400,
        "end": 1727379000,
        "bounce": {
            "isBounced": false,
            "pathname": "/frontend/index.html"
        },
        "device": "Desktop",
        "browser": "Edge",
        "location": {
            "latitude": -59.444632,
            "longitude": -28.957575
        },
        "uniqueId": "14ec54a1-24e9-462b-9378-3e9d812cba5a",
        "pathname": "/frontend/index.html",
        "language": "bg",
        "referrer": "https://www.wood-jefferson.biz/",
        "events": {
            "loadCount": 1,
            "visibilitychangeCount": 8,
            "resizeCount": 10,
            "focusCount": 8,
            "clickCount": 1,
            "blurCount": 4
        },
        "pageLoadTime": {
            "loadStart": 1727375400000,
            "loadEnd": 1727375400662
        },
        "productId": "TRK-89olAsKyNOG7",
        "pathCounts": {
            "/cart": 1,
            "/login": 7,
            "/home/create": 6,
            "/home": 9,
            "/settings": 7,
            "/checkout": 9
        }
    },
    {
        "start": 1727375400,
        "end": 1727376060,
        "bounce": {
            "isBounced": true,
            "pathname": "/frontend/index.html"
        },
        "device": "Laptop",
        "browser": "Safari",
        "location": {
            "latitude": -83.6818655,
            "longitude": -21.160974
        },
        "uniqueId": "f25d6d08-ed4a-4680-b7e3-94d4b30207df",
        "pathname": "/dashboard",
        "language": "lo",
        "referrer": "",
        "events": {
            "loadCount": 0,
            "visibilitychangeCount": 6,
            "resizeCount": 7,
            "focusCount": 3,
            "clickCount": 1,
            "blurCount": 10
        },
        "pageLoadTime": {
            "loadStart": 1727375400000,
            "loadEnd": 1727375400517
        },
        "productId": "TRK-89olAsKyNOG7",
        "pathCounts": {
            "/home/dashboard": 8,
            "/checkout": 6,
            "/home/create": 2,
            "/settings": 2
        }
    },
    {
        "start": 1727375400,
        "end": 1727378280,
        "bounce": {
            "isBounced": false,
            "pathname": "/frontend/index.html"
        },
        "device": "Tablet",
        "browser": "Safari",
        "location": {
            "latitude": 69.41624,
            "longitude": -163.580177
        },
        "uniqueId": "ffef8945-c190-4f95-930f-4e35c2e3a868",
        "pathname": "/settings",
        "language": "rw",
        "referrer": "",
        "events": {
            "loadCount": 4,
            "visibilitychangeCount": 10,
            "resizeCount": 0,
            "focusCount": 2,
            "clickCount": 4,
            "blurCount": 5
        },
        "pageLoadTime": {
            "loadStart": 1727375400000,
            "loadEnd": 1727375400228
        },
        "productId": "TRK-Ob2CJVFgaau7",
        "pathCounts": {
            "/checkout": 8,
            "/settings": 4,
            "/home": 10,
            "/home/create": 8
        }
    },
    {
        "start": 1727375400,
        "end": 1727377620,
        "bounce": {
            "isBounced": true,
            "pathname": "/frontend/index.html"
        },
        "device": "Tablet",
        "browser": "Chrome",
        "location": {
            "latitude": -79.0708775,
            "longitude": 29.768985
        },
        "uniqueId": "80d8a76b-4c97-4a12-9ac3-02a6d37e11a9",
        "pathname": "/frontend/index.html",
        "language": "ik",
        "referrer": "",
        "events": {
            "loadCount": 3,
            "visibilitychangeCount": 8,
            "resizeCount": 4,
            "focusCount": 9,
            "clickCount": 0,
            "blurCount": 5
        },
        "pageLoadTime": {
            "loadStart": 1727375400000,
            "loadEnd": 1727375400960
        },
        "productId": "TRK-Ob2CJVFgaau7",
        "pathCounts": {
            "/profile": 9,
            "/home/create": 5,
            "/home/dashboard": 4,
            "/settings": 3,
            "/login": 5
        }
    },
    {
        "start": 1727375400,
        "end": 1727377980,
        "bounce": {
            "isBounced": true,
            "pathname": "/frontend/index.html"
        },
        "device": "Tablet",
        "browser": "Edge",
        "location": {
            "latitude": -17.602214,
            "longitude": -134.492423
        },
        "uniqueId": "31b1cad6-43b6-4fa7-95e5-7d79676b01e7",
        "pathname": "/settings",
        "language": "ru",
        "referrer": "",
        "events": {
            "loadCount": 10,
            "visibilitychangeCount": 10,
            "resizeCount": 6,
            "focusCount": 8,
            "clickCount": 1,
            "blurCount": 7
        },
        "pageLoadTime": {
            "loadStart": 1727375400000,
            "loadEnd": 1727375400863
        },
        "productId": "TRK-TlxlcwGkl19t",
        "pathCounts": {
            "/login": 9,
            "/settings": 8,
            "/home/create": 8
        }
    },
    {
        "start": 1727375400,
        "end": 1727378640,
        "bounce": {
            "isBounced": true,
            "pathname": "/frontend/index.html"
        },
        "device": "Mobile",
        "browser": "Safari",
        "location": {
            "latitude": -70.089414,
            "longitude": -92.097165
        },
        "uniqueId": "31b1cad6-43b6-4fa7-95e5-7d79676b01e7",
        "pathname": "/dashboard",
        "language": "ht",
        "referrer": "",
        "events": {
            "loadCount": 5,
            "visibilitychangeCount": 6,
            "resizeCount": 7,
            "focusCount": 1,
            "clickCount": 9,
            "blurCount": 0
        },
        "pageLoadTime": {
            "loadStart": 1727375400000,
            "loadEnd": 1727375400021
        },
        "productId": "TRK-89olAsKyNOG7",
        "pathCounts": {
            "/checkout": 7,
            "/profile": 10,
            "/home": 7,
            "/settings": 7
        }
    },
    {
        "start": 1727375400,
        "end": 1727377080,
        "bounce": {
            "isBounced": true,
            "pathname": "/frontend/index.html"
        },
        "device": "Tablet",
        "browser": "Edge",
        "location": {
            "latitude": -70.548783,
            "longitude": 70.024326
        },
        "uniqueId": "9ce1bf0b-8366-40e1-b77c-9493a981c91b",
        "pathname": "/dashboard",
        "language": "bn",
        "referrer": "http://yang-gallagher.com/",
        "events": {
            "loadCount": 2,
            "visibilitychangeCount": 5,
            "resizeCount": 7,
            "focusCount": 0,
            "clickCount": 8,
            "blurCount": 5
        },
        "pageLoadTime": {
            "loadStart": 1727375400000,
            "loadEnd": 1727375400161
        },
        "productId": "TRK-89olAsKyNOG7",
        "pathCounts": {
            "/profile": 6,
            "/home/dashboard": 6,
            "/settings": 5
        }
    },
    {
        "start": 1727375400,
        "end": 1727377920,
        "bounce": {
            "isBounced": false,
            "pathname": "/frontend/index.html"
        },
        "device": "Laptop",
        "browser": "Mozilla",
        "location": {
            "latitude": 11.467777,
            "longitude": -109.554933
        },
        "uniqueId": "77f0712b-554f-4c5c-9898-14e7c77b26a0",
        "pathname": "/profile",
        "language": "bem",
        "referrer": "https://rogers.biz/",
        "events": {
            "loadCount": 8,
            "visibilitychangeCount": 6,
            "resizeCount": 3,
            "focusCount": 3,
            "clickCount": 9,
            "blurCount": 10
        },
        "pageLoadTime": {
            "loadStart": 1727375400000,
            "loadEnd": 1727375400899
        },
        "productId": "TRK-TlxlcwGkl19t",
        "pathCounts": {
            "/profile": 1,
            "/login": 5,
            "/home": 2
        }
    },
    {
        "start": 1727375400,
        "end": 1727376540,
        "bounce": {
            "isBounced": true,
            "pathname": "/frontend/index.html"
        },
        "device": "Desktop",
        "browser": "Mozilla",
        "location": {
            "latitude": -74.7036405,
            "longitude": 143.274224
        },
        "uniqueId": "ffef8945-c190-4f95-930f-4e35c2e3a868",
        "pathname": "/home",
        "language": "niu",
        "referrer": "",
        "events": {
            "loadCount": 2,
            "visibilitychangeCount": 2,
            "resizeCount": 9,
            "focusCount": 7,
            "clickCount": 3,
            "blurCount": 3
        },
        "pageLoadTime": {
            "loadStart": 1727375400000,
            "loadEnd": 1727375400115
        },
        "productId": "TRK-TlxlcwGkl19t",
        "pathCounts": {
            "/home": 5,
            "/cart": 6
        }
    },
    {
        "start": 1727375400,
        "end": 1727377560,
        "bounce": {
            "isBounced": false,
            "pathname": "/frontend/index.html"
        },
        "device": "Desktop",
        "browser": "Edge",
        "location": {
            "latitude": 81.2733995,
            "longitude": 159.160598
        },
        "uniqueId": "9b47b488-09f3-4d00-a56c-8c970bdfab8e",
        "pathname": "/settings",
        "language": "mr",
        "referrer": "https://www.baird-moore.com/",
        "events": {
            "loadCount": 0,
            "visibilitychangeCount": 7,
            "resizeCount": 9,
            "focusCount": 1,
            "clickCount": 3,
            "blurCount": 8
        },
        "pageLoadTime": {
            "loadStart": 1727375400000,
            "loadEnd": 1727375400487
        },
        "productId": "TRK-89olAsKyNOG7",
        "pathCounts": {
            "/cart": 7,
            "/home/dashboard": 10,
            "/profile": 5,
            "/checkout": 9
        }
    }
]