[
    {
        "start": 1725561000,
        "end": 1725563700,
        "bounce": {
            "isBounced": true,
            "pathname": "/frontend/index.html"
        },
        "device": "Desktop",
        "browser": "Chrome",
        "location": {
            "latitude": 28.2684385,
            "longitude": -17.213729
        },
        "uniqueId": "3ba5c0ca-2d1c-4d75-82b7-a2c821f2ea43",
        "pathname": "/settings",
        "language": "da",
        "referrer": "",
        "events": {
            "loadCount": 0,
            "visibilitychangeCount": 6,
            "resizeCount": 4,
            "focusCount": 1,
            "clickCount": 7,
            "blurCount": 6
        },
        "pageLoadTime": {
            "loadStart": 1725561000000,
            "loadEnd": 1725561000721
        },
        "productId": "TRK-TlxlcwGkl19t",
        "pathCounts": {
            "/home/dashboard": 3,
            "/cart": 8,
            "/settings": 10,
            "/login": 4
        }
    },
    {
        "start": 1725561000,
        "end": 1725561600,
        "bounce": {
            "isBounced": true,
            "pathname": "/frontend/index.html"
        },
        "device": "Mobile",
        "browser": "Mozilla",
        "location": {
            "latitude": -35.523522,
            "longitude": -57.320145
        },
        "uniqueId": "ffef8945-c190-4f95-930f-4e35c2e3a868",
        "pathname": "/home",
        "language": "cmn",
        "referrer": "http://johnson-taylor.net/",
        "events": {
            "loadCount": 5,
            "visibilitychangeCount": 1,
            "resizeCount": 1,
            "focusCount": 0,
            "clickCount": 9,
            "blurCount": 3
        },
        "pageLoadTime": {
            "loadStart": 1725561000000,
            "loadEnd": 1725561000906
        },
        "productId": "TRK-89olAsKyNOG7",
        "pathCounts": {
            "/cart": 5,
            "/login": 9,
            "/checkout": 9
        }
    },
    {
        "start": 1725561000,
        "end": 1725563580,
        "bounce": {
            "isBounced": true,
            "pathname": "/frontend/index.html"
        },
        "device": "Tablet",
        "browser": "Edge",
        "location": {
            "latitude": 46.967164,
            "longitude": -33.21352
        },
        "uniqueId": "f9c7e851-4d89-46ce-8678-25b88916a574",
        "pathname": "/profile",
        "language": "ur",
        "referrer": "http://gonzalez.com/",
        "events": {
            "loadCount": 3,
            "visibilitychangeCount": 4,
            "resizeCount": 9,
            "focusCount": 7,
            "clickCount": 3,
            "blurCount": 1
        },
        "pageLoadTime": {
            "loadStart": 1725561000000,
            "loadEnd": 1725561000655
        },
        "productId": "TRK-89olAsKyNOG7",
        "pathCounts": {
            "/login": 1,
            "/home/dashboard": 8,
            "/home/create": 7,
            "/home": 3,
            "/profile": 3,
            "/checkout": 1
        }
    },
    {
        "start": 1725561000,
        "end": 1725561420,
        "bounce": {
            "isBounced": false,
            "pathname": "/frontend/index.html"
        },
        "device": "Desktop",
        "browser": "Edge",
        "location": {
            "latitude": -11.7396905,
            "longitude": 135.270622
        },
        "uniqueId": "14ec54a1-24e9-462b-9378-3e9d812cba5a",
        "pathname": "/profile",
        "language": "ms",
        "referrer": "",
        "events": {
            "loadCount": 10,
            "visibilitychangeCount": 10,
            "resizeCount": 9,
            "focusCount": 6,
            "clickCount": 9,
            "blurCount": 9
        },
        "pageLoadTime": {
            "loadStart": 1725561000000,
            "loadEnd": 1725561000271
        },
        "productId": "TRK-89olAsKyNOG7",
        "pathCounts": {
            "/home": 7,
            "/home/dashboard": 1,
            "/settings": 1,
            "/home/create": 1
        }
    },
    {
        "start": 1725561000,
        "end": 1725561900,
        "bounce": {
            "isBounced": true,
            "pathname": "/frontend/index.html"
        },
        "device": "Laptop",
        "browser": "Chrome",
        "location": {
            "latitude": -6.1862245,
            "longitude": -53.312918
        },
        "uniqueId": "77f0712b-554f-4c5c-9898-14e7c77b26a0",
        "pathname": "/profile",
        "language": "fi",
        "referrer": "https://hill.com/",
        "events": {
            "loadCount": 5,
            "visibilitychangeCount": 3,
            "resizeCount": 10,
            "focusCount": 4,
            "clickCount": 1,
            "blurCount": 3
        },
        "pageLoadTime": {
            "loadStart": 1725561000000,
            "loadEnd": 1725561000101
        },
        "productId": "TRK-Ob2CJVFgaau7",
        "pathCounts": {
            "/checkout": 5,
            "/home": 8,
            "/settings": 10
        }
    },
    {
        "start": 1725561000,
        "end": 1725563160,
        "bounce": {
            "isBounced": true,
            "pathname": "/frontend/index.html"
        },
        "device": "Tablet",
        "browser": "Chrome",
        "location": {
            "latitude": 16.1579725,
            "longitude": -142.089907
        },
        "uniqueId": "aca50ebd-2a70-41b2-a3f9-1a2deecc8322",
        "pathname": "/dashboard",
        "language": "tig",
        "referrer": "http://www.clark.com/",
        "events": {
            "loadCount": 2,
            "visibilitychangeCount": 3,
            "resizeCount": 5,
            "focusCount": 3,
            "clickCount": 5,
            "blurCount": 7
        },
        "pageLoadTime": {
            "loadStart": 1725561000000,
            "loadEnd": 1725561000617
        },
        "productId": "TRK-TlxlcwGkl19t",
        "pathCounts": {
            "/home": 10,
            "/login": 5,
            "/checkout": 8
        }
    },
    {
        "start": 1725561000,
        "end": 1725564420,
        "bounce": {
            "isBounced": true,
            "pathname": "/frontend/index.html"
        },
        "device": "Laptop",
        "browser": "Chrome",
        "location": {
            "latitude": -21.3221515,
            "longitude": 36.366816
        },
        "uniqueId": "625ea2f3-d6f3-47f0-abd3-a204ea4eb491",
        "pathname": "/settings",
        "language": "lij",
        "referrer": "http://smith-mcdowell.com/",
        "events": {
            "loadCount": 4,
            "visibilitychangeCount": 5,
            "resizeCount": 9,
            "focusCount": 6,
            "clickCount": 1,
            "blurCount": 3
        },
        "pageLoadTime": {
            "loadStart": 1725561000000,
            "loadEnd": 1725561000603
        },
        "productId": "TRK-Ob2CJVFgaau7",
        "pathCounts": {
            "/profile": 2,
            "/home/dashboard": 9,
            "/login": 3,
            "/settings": 3,
            "/checkout": 8
        }
    },
    {
        "start": 1725561000,
        "end": 1725564420,
        "bounce": {
            "isBounced": false,
            "pathname": "/frontend/index.html"
        },
        "device": "Desktop",
        "browser": "Safari",
        "location": {
            "latitude": -44.230416,
            "longitude": 167.396927
        },
        "uniqueId": "f9c7e851-4d89-46ce-8678-25b88916a574",
        "pathname": "/profile",
        "language": "hak",
        "referrer": "",
        "events": {
            "loadCount": 10,
            "visibilitychangeCount": 7,
            "resizeCount": 5,
            "focusCount": 9,
            "clickCount": 3,
            "blurCount": 8
        },
        "pageLoadTime": {
            "loadStart": 1725561000000,
            "loadEnd": 1725561000213
        },
        "productId": "TRK-TlxlcwGkl19t",
        "pathCounts": {
            "/settings": 1,
            "/home": 5,
            "/cart": 6,
            "/profile": 5
        }
    },
    {
        "start": 1725561000,
        "end": 1725563940,
        "bounce": {
            "isBounced": true,
            "pathname": "/frontend/index.html"
        },
        "device": "Desktop",
        "browser": "Safari",
        "location": {
            "latitude": -56.0913045,
            "longitude": -75.786926
        },
        "uniqueId": "d86a654c-f156-4873-9fec-b758bd53146a",
        "pathname": "/frontend/index.html",
        "language": "kok",
        "referrer": "http://cooper-stark.com/",
        "events": {
            "loadCount": 3,
            "visibilitychangeCount": 9,
            "resizeCount": 7,
            "focusCount": 3,
            "clickCount": 8,
            "blurCount": 4
        },
        "pageLoadTime": {
            "loadStart": 1725561000000,
            "loadEnd": 1725561000513
        },
        "productId": "TRK-Ob2CJVFgaau7",
        "pathCounts": {
            "/login": 6,
            "/home": 9,
            "/cart": 10,
            "/settings": 6
        }
    },
    {
        "start": 1725561000,
        "end": 1725562800,
        "bounce": {
            "isBounced": true,
            "pathname": "/frontend/index.html"
        },
        "device": "Laptop",
        "browser": "Safari",
        "location": {
            "latitude": 76.3582315,
            "longitude": -18.692548
        },
        "uniqueId": "5bde6480-0ab0-43b2-8529-ae22b458f836",
        "pathname": "/home",
        "language": "sk",
        "referrer": "",
        "events": {
            "loadCount": 10,
            "visibilitychangeCount": 1,
            "resizeCount": 9,
            "focusCount": 2,
            "clickCount": 9,
            "blurCount": 3
        },
        "pageLoadTime": {
            "loadStart": 1725561000000,
            "loadEnd": 1725561000124
        },
        "productId": "TRK-TlxlcwGkl19t",
        "pathCounts": {
            "/cart": 8,
            "/login": 9,
            "/home": 4,
            "/home/create": 5
        }
    },
    {
        "start": 1725561000,
        "end": 1725562200,
        "bounce": {
            "isBounced": true,
            "pathname": "/frontend/index.html"
        },
        "device": "Tablet",
        "browser": "Edge",
        "location": {
            "latitude": -62.87299,
            "longitude": 132.588761
        },
        "uniqueId": "ffef8945-c190-4f95-930f-4e35c2e3a868",
        "pathname": "/dashboard",
        "language": "ka",
        "referrer": "",
        "events": {
            "loadCount": 7,
            "visibilitychangeCount": 2,
            "resizeCount": 7,
            "focusCount": 10,
            "clickCount": 4,
            "blurCount": 2
        },
        "pageLoadTime": {
            "loadStart": 1725561000000,
            "loadEnd": 1725561000159
        },
        "productId": "TRK-Ob2CJVFgaau7",
        "pathCounts": {
            "/cart": 9,
            "/home/create": 1,
            "/checkout": 8,
            "/profile": 3
        }
    },
    {
        "start": 1725561000,
        "end": 1725561300,
        "bounce": {
            "isBounced": false,
            "pathname": "/frontend/index.html"
        },
        "device": "Tablet",
        "browser": "Edge",
        "location": {
            "latitude": -70.1472935,
            "longitude": -92.687425
        },
        "uniqueId": "31b1cad6-43b6-4fa7-95e5-7d79676b01e7",
        "pathname": "/settings",
        "language": "pl",
        "referrer": "",
        "events": {
            "loadCount": 3,
            "visibilitychangeCount": 9,
            "resizeCount": 10,
            "focusCount": 0,
            "clickCount": 0,
            "blurCount": 5
        },
        "pageLoadTime": {
            "loadStart": 1725561000000,
            "loadEnd": 1725561000808
        },
        "productId": "TRK-89olAsKyNOG7",
        "pathCounts": {
            "/home/create": 5,
            "/profile": 3,
            "/home": 6,
            "/cart": 3,
            "/checkout": 7
        }
    }
]