[
    {
        "start": 1727029800,
        "end": 1727030460,
        "bounce": {
            "isBounced": false,
            "pathname": "/frontend/index.html"
        },
        "device": "Desktop",
        "browser": "Mozilla",
        "location": {
            "latitude": -54.602803,
            "longitude": 46.217045
        },
        "uniqueId": "3da55713-36de-4077-9d4d-626d934aafe0",
        "pathname": "/dashboard",
        "language": "xh",
        "referrer": "http://mason.com/",
        "events": {
            "loadCount": 10,
            "visibilitychangeCount": 7,
            "resizeCount": 5,
            "focusCount": 9,
            "clickCount": 7,
            "blurCount": 6
        },
        "pageLoadTime": {
            "loadStart": 1727029800000,
            "loadEnd": 1727029800896
        },
        "productId": "TRK-TlxlcwGkl19t",
        "pathCounts": {
            "/checkout": 6,
            "/home": 4,
            "/login": 2,
            "/cart": 1
        }
    },
    {
        "start": 1727029800,
        "end": 1727031660,
        "bounce": {
            "isBounced": true,
            "pathname": "/frontend/index.html"
        },
        "device": "Desktop",
        "browser": "Chrome",
        "location": {
            "latitude": -9.596587,
            "longitude": 7.571894
        },
        "uniqueId": "5bde6480-0ab0-43b2-8529-ae22b458f836",
        "pathname": "/profile",
        "language": "st",
        "referrer": "https://carpenter.info/",
        "events": {
            "loadCount": 10,
            "visibilitychangeCount": 3,
            "resizeCount": 1,
            "focusCount": 5,
            "clickCount": 4,
            "blurCount": 4
        },
        "pageLoadTime": {
            "loadStart": 1727029800000,
            "loadEnd": 1727029800650
        },
        "productId": "TRK-89olAsKyNOG7",
        "pathCounts": {
            "/checkout": 6,
            "/settings": 1,
            "/cart": 9,
            "/home": 3
        }
    },
    {
        "start": 1727029800,
        "end": 1727032320,
        "bounce": {
            "isBounced": true,
            "pathname": "/frontend/index.html"
        },
        "device": "Desktop",
        "browser": "Chrome",
        "location": {
            "latitude": 27.722487,
            "longitude": -66.794904
        },
        "uniqueId": "31b1cad6-43b6-4fa7-95e5-7d79676b01e7",
        "pathname": "/dashboard",
        "language": "as",
        "referrer": "https://www.flores.biz/",
        "events": {
            "loadCount": 8,
            "visibilitychangeCount": 4,
            "resizeCount": 0,
            "focusCount": 5,
            "clickCount": 5,
            "blurCount": 6
        },
        "pageLoadTime": {
            "loadStart": 1727029800000,
            "loadEnd": 1727029800708
        },
        "productId": "TRK-TlxlcwGkl19t",
        "pathCounts": {
            "/checkout": 5,
            "/cart": 1,
            "/home/dashboard": 3
        }
    },
    {
        "start": 1727029800,
        "end": 1727032980,
        "bounce": {
            "isBounced": false,
            "pathname": "/frontend/index.html"
        },
        "device": "Mobile",
        "browser": "Chrome",
        "location": {
            "latitude": 10.5867075,
            "longitude": -36.663908
        },
        "uniqueId": "37f86d6c-c234-4339-9c0f-ec3bdaab8536",
        "pathname": "/profile",
        "language": "mag",
        "referrer": "",
        "events": {
            "loadCount": 3,
            "visibilitychangeCount": 1,
            "resizeCount": 9,
            "focusCount": 2,
            "clickCount": 2,
            "blurCount": 7
        },
        "pageLoadTime": {
            "loadStart": 1727029800000,
            "loadEnd": 1727029800195
        },
        "productId": "TRK-TlxlcwGkl19t",
        "pathCounts": {
            "/login": 4,
            "/cart": 9,
            "/home": 8,
            "/profile": 9
        }
    },
    {
        "start": 1727029800,
        "end": 1727031600,
        "bounce": {
            "isBounced": true,
            "pathname": "/frontend/index.html"
        },
        "device": "Laptop",
        "browser": "Edge",
        "location": {
            "latitude": -71.1394945,
            "longitude": -142.940223
        },
        "uniqueId": "3da55713-36de-4077-9d4d-626d934aafe0",
        "pathname": "/home",
        "language": "fi",
        "referrer": "http://www.bates-williams.net/",
        "events": {
            "loadCount": 10,
            "visibilitychangeCount": 2,
            "resizeCount": 5,
            "focusCount": 3,
            "clickCount": 7,
            "blurCount": 9
        },
        "pageLoadTime": {
            "loadStart": 1727029800000,
            "loadEnd": 1727029800219
        },
        "productId": "TRK-TlxlcwGkl19t",
        "pathCounts": {
            "/settings": 2,
            "/home/create": 3,
            "/cart": 2
        }
    },
    {
        "start": 1727029800,
        "end": 1727030820,
        "bounce": {
            "isBounced": true,
            "pathname": "/frontend/index.html"
        },
        "device": "Mobile",
        "browser": "Safari",
        "location": {
            "latitude": -89.571618,
            "longitude": 139.942978
        },
        "uniqueId": "aa76de66-83a4-4c21-92f5-cfe20525387a",
        "pathname": "/dashboard",
        "language": "an",
        "referrer": "",
        "events": {
            "loadCount": 9,
            "visibilitychangeCount": 7,
            "resizeCount": 3,
            "focusCount": 8,
            "clickCount": 0,
            "blurCount": 4
        },
        "pageLoadTime": {
            "loadStart": 1727029800000,
            "loadEnd": 1727029800781
        },
        "productId": "TRK-89olAsKyNOG7",
        "pathCounts": {
            "/login": 7,
            "/settings": 8,
            "/home/dashboard": 1,
            "/cart": 10
        }
    },
    {
        "start": 1727029800,
        "end": 1727032500,
        "bounce": {
            "isBounced": false,
            "pathname": "/frontend/index.html"
        },
        "device": "Tablet",
        "browser": "Mozilla",
        "location": {
            "latitude": 40.940414,
            "longitude": 14.663168
        },
        "uniqueId": "f25d6d08-ed4a-4680-b7e3-94d4b30207df",
        "pathname": "/dashboard",
        "language": "sv",
        "referrer": "http://www.beltran.com/",
        "events": {
            "loadCount": 3,
            "visibilitychangeCount": 2,
            "resizeCount": 9,
            "focusCount": 8,
            "clickCount": 1,
            "blurCount": 5
        },
        "pageLoadTime": {
            "loadStart": 1727029800000,
            "loadEnd": 1727029800748
        },
        "productId": "TRK-89olAsKyNOG7",
        "pathCounts": {
            "/settings": 4,
            "/home/create": 5
        }
    },
    {
        "start": 1727029800,
        "end": 1727032680,
        "bounce": {
            "isBounced": false,
            "pathname": "/frontend/index.html"
        },
        "device": "Mobile",
        "browser": "Safari",
        "location": {
            "latitude": 13.5506495,
            "longitude": 120.505094
        },
        "uniqueId": "77f0712b-554f-4c5c-9898-14e7c77b26a0",
        "pathname": "/profile",
        "language": "sr",
        "referrer": "",
        "events": {
            "loadCount": 3,
            "visibilitychangeCount": 7,
            "resizeCount": 5,
            "focusCount": 7,
            "clickCount": 6,
            "blurCount": 0
        },
        "pageLoadTime": {
            "loadStart": 1727029800000,
            "loadEnd": 1727029800817
        },
        "productId": "TRK-TlxlcwGkl19t",
        "pathCounts": {
            "/home/dashboard": 2,
            "/profile": 1,
            "/settings": 9,
            "/home": 8,
            "/checkout": 5
        }
    },
    {
        "start": 1727029800,
        "end": 1727032620,
        "bounce": {
            "isBounced": true,
            "pathname": "/frontend/index.html"
        },
        "device": "Mobile",
        "browser": "Mozilla",
        "location": {
            "latitude": 60.893473,
            "longitude": -125.104531
        },
        "uniqueId": "625ea2f3-d6f3-47f0-abd3-a204ea4eb491",
        "pathname": "/frontend/index.html",
        "language": "doi",
        "referrer": "https://gomez-kaiser.com/",
        "events": {
            "loadCount": 4,
            "visibilitychangeCount": 0,
            "resizeCount": 1,
            "focusCount": 1,
            "clickCount": 9,
            "blurCount": 1
        },
        "pageLoadTime": {
            "loadStart": 1727029800000,
            "loadEnd": 1727029800797
        },
        "productId": "TRK-89olAsKyNOG7",
        "pathCounts": {
            "/home/create": 5,
            "/home": 10,
            "/settings": 2,
            "/login": 2
        }
    },
    {
        "start": 1727029800,
        "end": 1727031660,
        "bounce": {
            "isBounced": true,
            "pathname": "/frontend/index.html"
        },
        "device": "Desktop",
        "browser": "Edge",
        "location": {
            "latitude": -3.967429,
            "longitude": 100.57213
        },
        "uniqueId": "37f86d6c-c234-4339-9c0f-ec3bdaab8536",
        "pathname": "/dashboard",
        "language": "eo",
        "referrer": "http://www.crawford.com/",
        "events": {
            "loadCount": 9,
            "visibilitychangeCount": 8,
            "resizeCount": 10,
            "focusCount": 9,
            "clickCount": 2,
            "blurCount": 2
        },
        "pageLoadTime": {
            "loadStart": 1727029800000,
            "loadEnd": 1727029800728
        },
        "productId": "TRK-89olAsKyNOG7",
        "pathCounts": {
            "/cart": 4,
            "/home": 3,
            "/home/dashboard": 10
        }
    },
    {
        "start": 1727029800,
        "end": 1727030940,
        "bounce": {
            "isBounced": true,
            "pathname": "/frontend/index.html"
        },
        "device": "Laptop",
        "browser": "Edge",
        "location": {
            "latitude": 75.4270965,
            "longitude": -20.170601
        },
        "uniqueId": "aca50ebd-2a70-41b2-a3f9-1a2deecc8322",
        "pathname": "/profile",
        "language": "ff",
        "referrer": "http://jones.com/",
        "events": {
            "loadCount": 3,
            "visibilitychangeCount": 2,
            "resizeCount": 6,
            "focusCount": 8,
            "clickCount": 2,
            "blurCount": 4
        },
        "pageLoadTime": {
            "loadStart": 1727029800000,
            "loadEnd": 1727029800145
        },
        "productId": "TRK-Ob2CJVFgaau7",
        "pathCounts": {
            "/checkout": 4,
            "/home/create": 8,
            "/home/dashboard": 1,
            "/login": 5
        }
    },
    {
        "start": 1727029800,
        "end": 1727030760,
        "bounce": {
            "isBounced": false,
            "pathname": "/frontend/index.html"
        },
        "device": "Mobile",
        "browser": "Safari",
        "location": {
            "latitude": 84.262559,
            "longitude": -155.981722
        },
        "uniqueId": "9ce1bf0b-8366-40e1-b77c-9493a981c91b",
        "pathname": "/frontend/index.html",
        "language": "hi",
        "referrer": "",
        "events": {
            "loadCount": 7,
            "visibilitychangeCount": 6,
            "resizeCount": 8,
            "focusCount": 7,
            "clickCount": 4,
            "blurCount": 4
        },
        "pageLoadTime": {
            "loadStart": 1727029800000,
            "loadEnd": 1727029800816
        },
        "productId": "TRK-Ob2CJVFgaau7",
        "pathCounts": {
            "/home/dashboard": 4,
            "/home": 5,
            "/checkout": 5
        }
    },
    {
        "start": 1727029800,
        "end": 1727029920,
        "bounce": {
            "isBounced": true,
            "pathname": "/frontend/index.html"
        },
        "device": "Desktop",
        "browser": "Edge",
        "location": {
            "latitude": 7.615819,
            "longitude": -85.45784
        },
        "uniqueId": "80d8a76b-4c97-4a12-9ac3-02a6d37e11a9",
        "pathname": "/settings",
        "language": "be",
        "referrer": "https://www.donovan.info/",
        "events": {
            "loadCount": 3,
            "visibilitychangeCount": 10,
            "resizeCount": 8,
            "focusCount": 5,
            "clickCount": 1,
            "blurCount": 9
        },
        "pageLoadTime": {
            "loadStart": 1727029800000,
            "loadEnd": 1727029800176
        },
        "productId": "TRK-89olAsKyNOG7",
        "pathCounts": {
            "/login": 8,
            "/settings": 2,
            "/cart": 5
        }
    },
    {
        "start": 1727029800,
        "end": 1727032740,
        "bounce": {
            "isBounced": true,
            "pathname": "/frontend/index.html"
        },
        "device": "Mobile",
        "browser": "Edge",
        "location": {
            "latitude": 70.4831,
            "longitude": 93.731541
        },
        "uniqueId": "aca50ebd-2a70-41b2-a3f9-1a2deecc8322",
        "pathname": "/frontend/index.html",
        "language": "lzh",
        "referrer": "",
        "events": {
            "loadCount": 7,
            "visibilitychangeCount": 3,
            "resizeCount": 1,
            "focusCount": 7,
            "clickCount": 3,
            "blurCount": 2
        },
        "pageLoadTime": {
            "loadStart": 1727029800000,
            "loadEnd": 1727029800926
        },
        "productId": "TRK-89olAsKyNOG7",
        "pathCounts": {
            "/checkout": 1,
            "/home/dashboard": 10
        }
    },
    {
        "start": 1727029800,
        "end": 1727031420,
        "bounce": {
            "isBounced": false,
            "pathname": "/frontend/index.html"
        },
        "device": "Desktop",
        "browser": "Edge",
        "location": {
            "latitude": 63.7976355,
            "longitude": -60.798419
        },
        "uniqueId": "80d8a76b-4c97-4a12-9ac3-02a6d37e11a9",
        "pathname": "/home",
        "language": "da",
        "referrer": "",
        "events": {
            "loadCount": 7,
            "visibilitychangeCount": 3,
            "resizeCount": 7,
            "focusCount": 2,
            "clickCount": 5,
            "blurCount": 10
        },
        "pageLoadTime": {
            "loadStart": 1727029800000,
            "loadEnd": 1727029800789
        },
        "productId": "TRK-Ob2CJVFgaau7",
        "pathCounts": {
            "/settings": 10,
            "/home/dashboard": 9,
            "/profile": 9
        }
    },
    {
        "start": 1727029800,
        "end": 1727030280,
        "bounce": {
            "isBounced": false,
            "pathname": "/frontend/index.html"
        },
        "device": "Tablet",
        "browser": "Safari",
        "location": {
            "latitude": 36.525351,
            "longitude": 74.897808
        },
        "uniqueId": "d86a654c-f156-4873-9fec-b758bd53146a",
        "pathname": "/profile",
        "language": "ug",
        "referrer": "",
        "events": {
            "loadCount": 10,
            "visibilitychangeCount": 2,
            "resizeCount": 3,
            "focusCount": 0,
            "clickCount": 6,
            "blurCount": 1
        },
        "pageLoadTime": {
            "loadStart": 1727029800000,
            "loadEnd": 1727029800502
        },
        "productId": "TRK-89olAsKyNOG7",
        "pathCounts": {
            "/home": 5,
            "/cart": 4,
            "/profile": 4,
            "/checkout": 2,
            "/home/create": 9
        }
    },
    {
        "start": 1727029800,
        "end": 1727033100,
        "bounce": {
            "isBounced": false,
            "pathname": "/frontend/index.html"
        },
        "device": "Desktop",
        "browser": "Mozilla",
        "location": {
            "latitude": -62.9565325,
            "longitude": -73.889068
        },
        "uniqueId": "77f0712b-554f-4c5c-9898-14e7c77b26a0",
        "pathname": "/profile",
        "language": "crh",
        "referrer": "https://mosley-reynolds.com/",
        "events": {
            "loadCount": 8,
            "visibilitychangeCount": 1,
            "resizeCount": 5,
            "focusCount": 7,
            "clickCount": 5,
            "blurCount": 8
        },
        "pageLoadTime": {
            "loadStart": 1727029800000,
            "loadEnd": 1727029800392
        },
        "productId": "TRK-Ob2CJVFgaau7",
        "pathCounts": {
            "/settings": 8,
            "/home": 9,
            "/cart": 10
        }
    },
    {
        "start": 1727029800,
        "end": 1727031780,
        "bounce": {
            "isBounced": false,
            "pathname": "/frontend/index.html"
        },
        "device": "Mobile",
        "browser": "Edge",
        "location": {
            "latitude": -72.731026,
            "longitude": -70.005983
        },
        "uniqueId": "f9c7e851-4d89-46ce-8678-25b88916a574",
        "pathname": "/profile",
        "language": "ht",
        "referrer": "http://www.merritt-leonard.com/",
        "events": {
            "loadCount": 0,
            "visibilitychangeCount": 5,
            "resizeCount": 3,
            "focusCount": 1,
            "clickCount": 2,
            "blurCount": 6
        },
        "pageLoadTime": {
            "loadStart": 1727029800000,
            "loadEnd": 1727029800361
        },
        "productId": "TRK-89olAsKyNOG7",
        "pathCounts": {
            "/login": 5,
            "/profile": 8,
            "/settings": 4,
            "/cart": 1
        }
    },
    {
        "start": 1727029800,
        "end": 1727030100,
        "bounce": {
            "isBounced": false,
            "pathname": "/frontend/index.html"
        },
        "device": "Desktop",
        "browser": "Mozilla",
        "location": {
            "latitude": -45.8414685,
            "longitude": -44.409969
        },
        "uniqueId": "5bde6480-0ab0-43b2-8529-ae22b458f836",
        "pathname": "/frontend/index.html",
        "language": "uz",
        "referrer": "https://www.white-taylor.org/",
        "events": {
            "loadCount": 2,
            "visibilitychangeCount": 8,
            "resizeCount": 3,
            "focusCount": 5,
            "clickCount": 4,
            "blurCount": 6
        },
        "pageLoadTime": {
            "loadStart": 1727029800000,
            "loadEnd": 1727029800963
        },
        "productId": "TRK-Ob2CJVFgaau7",
        "pathCounts": {
            "/checkout": 10,
            "/login": 9,
            "/settings": 1,
            "/home/create": 9
        }
    }
]