[
    {
        "start": 1726079400,
        "end": 1726080960,
        "bounce": {
            "isBounced": true,
            "pathname": "/frontend/index.html"
        },
        "device": "Mobile",
        "browser": "Safari",
        "location": {
            "latitude": -0.4474295,
            "longitude": 1.069789
        },
        "uniqueId": "9b47b488-09f3-4d00-a56c-8c970bdfab8e",
        "pathname": "/profile",
        "language": "ks",
        "referrer": "",
        "events": {
            "loadCount": 8,
            "visibilitychangeCount": 10,
            "resizeCount": 10,
            "focusCount": 4,
            "clickCount": 10,
            "blurCount": 7
        },
        "pageLoadTime": {
            "loadStart": 1726079400000,
            "loadEnd": 1726079400389
        },
        "productId": "TRK-TlxlcwGkl19t",
        "pathCounts": {
            "/settings": 2,
            "/login": 1,
            "/profile": 9
        }
    },
    {
        "start": 1726079400,
        "end": 1726080600,
        "bounce": {
            "isBounced": true,
            "pathname": "/frontend/index.html"
        },
        "device": "Laptop",
        "browser": "Mozilla",
        "location": {
            "latitude": 31.8560855,
            "longitude": -96.905626
        },
        "uniqueId": "4f113d91-1e3e-46f7-a9ca-95f02de96297",
        "pathname": "/settings",
        "language": "kok",
        "referrer": "",
        "events": {
            "loadCount": 4,
            "visibilitychangeCount": 6,
            "resizeCount": 2,
            "focusCount": 1,
            "clickCount": 4,
            "blurCount": 9
        },
        "pageLoadTime": {
            "loadStart": 1726079400000,
            "loadEnd": 1726079400831
        },
        "productId": "TRK-89olAsKyNOG7",
        "pathCounts": {
            "/cart": 9,
            "/home": 9,
            "/profile": 7
        }
    },
    {
        "start": 1726079400,
        "end": 1726080000,
        "bounce": {
            "isBounced": true,
            "pathname": "/frontend/index.html"
        },
        "device": "Tablet",
        "browser": "Chrome",
        "location": {
            "latitude": -25.2467135,
            "longitude": 30.186882
        },
        "uniqueId": "f25d6d08-ed4a-4680-b7e3-94d4b30207df",
        "pathname": "/profile",
        "language": "gd",
        "referrer": "https://jones.info/",
        "events": {
            "loadCount": 0,
            "visibilitychangeCount": 5,
            "resizeCount": 1,
            "focusCount": 10,
            "clickCount": 4,
            "blurCount": 4
        },
        "pageLoadTime": {
            "loadStart": 1726079400000,
            "loadEnd": 1726079400704
        },
        "productId": "TRK-TlxlcwGkl19t",
        "pathCounts": {
            "/profile": 9,
            "/home": 6,
            "/cart": 4,
            "/login": 9,
            "/checkout": 5,
            "/home/create": 5
        }
    },
    {
        "start": 1726079400,
        "end": 1726082280,
        "bounce": {
            "isBounced": false,
            "pathname": "/frontend/index.html"
        },
        "device": "Laptop",
        "browser": "Safari",
        "location": {
            "latitude": 35.8416755,
            "longitude": -153.87184
        },
        "uniqueId": "f9c7e851-4d89-46ce-8678-25b88916a574",
        "pathname": "/home",
        "language": "fi",
        "referrer": "",
        "events": {
            "loadCount": 4,
            "visibilitychangeCount": 4,
            "resizeCount": 1,
            "focusCount": 6,
            "clickCount": 6,
            "blurCount": 7
        },
        "pageLoadTime": {
            "loadStart": 1726079400000,
            "loadEnd": 1726079400382
        },
        "productId": "TRK-89olAsKyNOG7",
        "pathCounts": {
            "/home/dashboard": 9,
            "/login": 4
        }
    },
    {
        "start": 1726079400,
        "end": 1726082760,
        "bounce": {
            "isBounced": false,
            "pathname": "/frontend/index.html"
        },
        "device": "Tablet",
        "browser": "Mozilla",
        "location": {
            "latitude": -60.5052825,
            "longitude": 91.386462
        },
        "uniqueId": "625ea2f3-d6f3-47f0-abd3-a204ea4eb491",
        "pathname": "/dashboard",
        "language": "yue",
        "referrer": "http://www.perez-hicks.com/",
        "events": {
            "loadCount": 4,
            "visibilitychangeCount": 1,
            "resizeCount": 3,
            "focusCount": 10,
            "clickCount": 2,
            "blurCount": 10
        },
        "pageLoadTime": {
            "loadStart": 1726079400000,
            "loadEnd": 1726079400840
        },
        "productId": "TRK-TlxlcwGkl19t",
        "pathCounts": {
            "/settings": 5,
            "/login": 9,
            "/home/dashboard": 4
        }
    }
]