[
    {
        "start": 1726425000,
        "end": 1726428000,
        "bounce": {
            "isBounced": true,
            "pathname": "/frontend/index.html"
        },
        "device": "Mobile",
        "browser": "Mozilla",
        "location": {
            "latitude": -35.2692235,
            "longitude": -16.614361
        },
        "uniqueId": "37f86d6c-c234-4339-9c0f-ec3bdaab8536",
        "pathname": "/dashboard",
        "language": "dv",
        "referrer": "http://www.garcia.org/",
        "events": {
            "loadCount": 1,
            "visibilitychangeCount": 7,
            "resizeCount": 7,
            "focusCount": 7,
            "clickCount": 7,
            "blurCount": 9
        },
        "pageLoadTime": {
            "loadStart": 1726425000000,
            "loadEnd": 1726425000479
        },
        "productId": "TRK-89olAsKyNOG7",
        "pathCounts": {
            "/home/create": 1,
            "/login": 6,
            "/checkout": 2,
            "/cart": 10,
            "/home": 6
        }
    },
    {
        "start": 1726425000,
        "end": 1726428480,
        "bounce": {
            "isBounced": false,
            "pathname": "/frontend/index.html"
        },
        "device": "Tablet",
        "browser": "Safari",
        "location": {
            "latitude": -40.536139,
            "longitude": 43.43573
        },
        "uniqueId": "ffef8945-c190-4f95-930f-4e35c2e3a868",
        "pathname": "/dashboard",
        "language": "ff",
        "referrer": "",
        "events": {
            "loadCount": 9,
            "visibilitychangeCount": 1,
            "resizeCount": 7,
            "focusCount": 5,
            "clickCount": 6,
            "blurCount": 9
        },
        "pageLoadTime": {
            "loadStart": 1726425000000,
            "loadEnd": 1726425000422
        },
        "productId": "TRK-TlxlcwGkl19t",
        "pathCounts": {
            "/home/dashboard": 6,
            "/home": 10,
            "/cart": 3,
            "/checkout": 3
        }
    },
    {
        "start": 1726425000,
        "end": 1726427160,
        "bounce": {
            "isBounced": true,
            "pathname": "/frontend/index.html"
        },
        "device": "Laptop",
        "browser": "Mozilla",
        "location": {
            "latitude": 33.0008915,
            "longitude": 20.191373
        },
        "uniqueId": "625ea2f3-d6f3-47f0-abd3-a204ea4eb491",
        "pathname": "/frontend/index.html",
        "language": "cy",
        "referrer": "http://www.rush.com/",
        "events": {
            "loadCount": 1,
            "visibilitychangeCount": 3,
            "resizeCount": 3,
            "focusCount": 0,
            "clickCount": 9,
            "blurCount": 6
        },
        "pageLoadTime": {
            "loadStart": 1726425000000,
            "loadEnd": 1726425000212
        },
        "productId": "TRK-89olAsKyNOG7",
        "pathCounts": {
            "/settings": 7,
            "/cart": 7,
            "/home/create": 6,
            "/home": 3,
            "/login": 6
        }
    },
    {
        "start": 1726425000,
        "end": 1726426620,
        "bounce": {
            "isBounced": false,
            "pathname": "/frontend/index.html"
        },
        "device": "Laptop",
        "browser": "Mozilla",
        "location": {
            "latitude": -51.0793145,
            "longitude": 42.003625
        },
        "uniqueId": "9b47b488-09f3-4d00-a56c-8c970bdfab8e",
        "pathname": "/dashboard",
        "language": "ks",
        "referrer": "",
        "events": {
            "loadCount": 2,
            "visibilitychangeCount": 7,
            "resizeCount": 9,
            "focusCount": 7,
            "clickCount": 0,
            "blurCount": 8
        },
        "pageLoadTime": {
            "loadStart": 1726425000000,
            "loadEnd": 1726425000608
        },
        "productId": "TRK-89olAsKyNOG7",
        "pathCounts": {
            "/cart": 4,
            "/home/create": 5,
            "/login": 9
        }
    },
    {
        "start": 1726425000,
        "end": 1726428480,
        "bounce": {
            "isBounced": true,
            "pathname": "/frontend/index.html"
        },
        "device": "Laptop",
        "browser": "Safari",
        "location": {
            "latitude": -44.0660285,
            "longitude": -8.155875
        },
        "uniqueId": "4f113d91-1e3e-46f7-a9ca-95f02de96297",
        "pathname": "/settings",
        "language": "zu",
        "referrer": "https://hendricks.com/",
        "events": {
            "loadCount": 8,
            "visibilitychangeCount": 0,
            "resizeCount": 8,
            "focusCount": 9,
            "clickCount": 4,
            "blurCount": 6
        },
        "pageLoadTime": {
            "loadStart": 1726425000000,
            "loadEnd": 1726425000064
        },
        "productId": "TRK-TlxlcwGkl19t",
        "pathCounts": {
            "/home/create": 9,
            "/checkout": 1,
            "/home": 6,
            "/settings": 4
        }
    },
    {
        "start": 1726425000,
        "end": 1726426560,
        "bounce": {
            "isBounced": true,
            "pathname": "/frontend/index.html"
        },
        "device": "Mobile",
        "browser": "Edge",
        "location": {
            "latitude": 82.512222,
            "longitude": 74.227208
        },
        "uniqueId": "ca9d1f5f-925b-4a59-b362-4703a75ad77c",
        "pathname": "/frontend/index.html",
        "language": "gv",
        "referrer": "",
        "events": {
            "loadCount": 2,
            "visibilitychangeCount": 1,
            "resizeCount": 0,
            "focusCount": 9,
            "clickCount": 4,
            "blurCount": 1
        },
        "pageLoadTime": {
            "loadStart": 1726425000000,
            "loadEnd": 1726425000111
        },
        "productId": "TRK-TlxlcwGkl19t",
        "pathCounts": {
            "/checkout": 4,
            "/home/dashboard": 3,
            "/cart": 9,
            "/home": 1
        }
    },
    {
        "start": 1726425000,
        "end": 1726427940,
        "bounce": {
            "isBounced": false,
            "pathname": "/frontend/index.html"
        },
        "device": "Desktop",
        "browser": "Edge",
        "location": {
            "latitude": 43.093105,
            "longitude": 161.48386
        },
        "uniqueId": "14ec54a1-24e9-462b-9378-3e9d812cba5a",
        "pathname": "/settings",
        "language": "bn",
        "referrer": "",
        "events": {
            "loadCount": 9,
            "visibilitychangeCount": 6,
            "resizeCount": 8,
            "focusCount": 10,
            "clickCount": 4,
            "blurCount": 1
        },
        "pageLoadTime": {
            "loadStart": 1726425000000,
            "loadEnd": 1726425000665
        },
        "productId": "TRK-TlxlcwGkl19t",
        "pathCounts": {
            "/profile": 9,
            "/home/dashboard": 9,
            "/home": 9,
            "/settings": 1
        }
    },
    {
        "start": 1726425000,
        "end": 1726427220,
        "bounce": {
            "isBounced": true,
            "pathname": "/frontend/index.html"
        },
        "device": "Tablet",
        "browser": "Edge",
        "location": {
            "latitude": 43.7233755,
            "longitude": 20.926947
        },
        "uniqueId": "ffef8945-c190-4f95-930f-4e35c2e3a868",
        "pathname": "/settings",
        "language": "mn",
        "referrer": "",
        "events": {
            "loadCount": 5,
            "visibilitychangeCount": 0,
            "resizeCount": 7,
            "focusCount": 3,
            "clickCount": 0,
            "blurCount": 7
        },
        "pageLoadTime": {
            "loadStart": 1726425000000,
            "loadEnd": 1726425000751
        },
        "productId": "TRK-89olAsKyNOG7",
        "pathCounts": {
            "/checkout": 4,
            "/login": 10,
            "/home": 6
        }
    },
    {
        "start": 1726425000,
        "end": 1726426740,
        "bounce": {
            "isBounced": true,
            "pathname": "/frontend/index.html"
        },
        "device": "Desktop",
        "browser": "Chrome",
        "location": {
            "latitude": -29.640368,
            "longitude": -28.547764
        },
        "uniqueId": "3ba5c0ca-2d1c-4d75-82b7-a2c821f2ea43",
        "pathname": "/profile",
        "language": "iw",
        "referrer": "https://garner.com/",
        "events": {
            "loadCount": 0,
            "visibilitychangeCount": 3,
            "resizeCount": 8,
            "focusCount": 4,
            "clickCount": 4,
            "blurCount": 1
        },
        "pageLoadTime": {
            "loadStart": 1726425000000,
            "loadEnd": 1726425000755
        },
        "productId": "TRK-89olAsKyNOG7",
        "pathCounts": {
            "/home": 9,
            "/profile": 2,
            "/home/dashboard": 6,
            "/settings": 6
        }
    },
    {
        "start": 1726425000,
        "end": 1726427940,
        "bounce": {
            "isBounced": true,
            "pathname": "/frontend/index.html"
        },
        "device": "Laptop",
        "browser": "Mozilla",
        "location": {
            "latitude": 10.284777,
            "longitude": -58.854387
        },
        "uniqueId": "77f0712b-554f-4c5c-9898-14e7c77b26a0",
        "pathname": "/dashboard",
        "language": "mk",
        "referrer": "",
        "events": {
            "loadCount": 1,
            "visibilitychangeCount": 5,
            "resizeCount": 1,
            "focusCount": 1,
            "clickCount": 2,
            "blurCount": 9
        },
        "pageLoadTime": {
            "loadStart": 1726425000000,
            "loadEnd": 1726425000934
        },
        "productId": "TRK-Ob2CJVFgaau7",
        "pathCounts": {
            "/checkout": 9,
            "/cart": 5,
            "/home": 9,
            "/profile": 8,
            "/home/dashboard": 3
        }
    },
    {
        "start": 1726425000,
        "end": 1726427760,
        "bounce": {
            "isBounced": true,
            "pathname": "/frontend/index.html"
        },
        "device": "Laptop",
        "browser": "Edge",
        "location": {
            "latitude": -21.5171335,
            "longitude": -64.350028
        },
        "uniqueId": "14ec54a1-24e9-462b-9378-3e9d812cba5a",
        "pathname": "/home",
        "language": "mk",
        "referrer": "",
        "events": {
            "loadCount": 0,
            "visibilitychangeCount": 7,
            "resizeCount": 0,
            "focusCount": 8,
            "clickCount": 0,
            "blurCount": 3
        },
        "pageLoadTime": {
            "loadStart": 1726425000000,
            "loadEnd": 1726425000375
        },
        "productId": "TRK-TlxlcwGkl19t",
        "pathCounts": {
            "/home": 9,
            "/login": 2,
            "/settings": 1
        }
    }
]