[
    {
        "start": 1727634600,
        "end": 1727635200,
        "bounce": {
            "isBounced": false,
            "pathname": "/frontend/index.html"
        },
        "device": "Laptop",
        "browser": "Chrome",
        "location": {
            "latitude": -63.3279595,
            "longitude": -58.523134
        },
        "uniqueId": "f9c7e851-4d89-46ce-8678-25b88916a574",
        "pathname": "/settings",
        "language": "ber",
        "referrer": "https://horton-hernandez.biz/",
        "events": {
            "loadCount": 3,
            "visibilitychangeCount": 3,
            "resizeCount": 9,
            "focusCount": 6,
            "clickCount": 8,
            "blurCount": 6
        },
        "pageLoadTime": {
            "loadStart": 1727634600000,
            "loadEnd": 1727634600797
        },
        "productId": "TRK-Ob2CJVFgaau7",
        "pathCounts": {
            "/home/create": 4,
            "/home/dashboard": 8
        }
    },
    {
        "start": 1727634600,
        "end": 1727634720,
        "bounce": {
            "isBounced": false,
            "pathname": "/frontend/index.html"
        },
        "device": "Laptop",
        "browser": "Mozilla",
        "location": {
            "latitude": -50.563571,
            "longitude": 24.940578
        },
        "uniqueId": "f9c7e851-4d89-46ce-8678-25b88916a574",
        "pathname": "/home",
        "language": "fi",
        "referrer": "http://www.johnson.org/",
        "events": {
            "loadCount": 3,
            "visibilitychangeCount": 2,
            "resizeCount": 6,
            "focusCount": 3,
            "clickCount": 3,
            "blurCount": 6
        },
        "pageLoadTime": {
            "loadStart": 1727634600000,
            "loadEnd": 1727634600693
        },
        "productId": "TRK-TlxlcwGkl19t",
        "pathCounts": {
            "/home/dashboard": 9,
            "/settings": 7,
            "/home": 7
        }
    },
    {
        "start": 1727634600,
        "end": 1727635500,
        "bounce": {
            "isBounced": false,
            "pathname": "/frontend/index.html"
        },
        "device": "Mobile",
        "browser": "Chrome",
        "location": {
            "latitude": 48.1248725,
            "longitude": -164.804498
        },
        "uniqueId": "aa76de66-83a4-4c21-92f5-cfe20525387a",
        "pathname": "/home",
        "language": "niu",
        "referrer": "https://www.hardin.info/",
        "events": {
            "loadCount": 2,
            "visibilitychangeCount": 7,
            "resizeCount": 5,
            "focusCount": 2,
            "clickCount": 2,
            "blurCount": 9
        },
        "pageLoadTime": {
            "loadStart": 1727634600000,
            "loadEnd": 1727634600671
        },
        "productId": "TRK-89olAsKyNOG7",
        "pathCounts": {
            "/home/create": 2,
            "/settings": 1,
            "/profile": 8,
            "/checkout": 4
        }
    },
    {
        "start": 1727634600,
        "end": 1727635380,
        "bounce": {
            "isBounced": true,
            "pathname": "/frontend/index.html"
        },
        "device": "Laptop",
        "browser": "Mozilla",
        "location": {
            "latitude": 69.9603805,
            "longitude": 33.164991
        },
        "uniqueId": "4f113d91-1e3e-46f7-a9ca-95f02de96297",
        "pathname": "/frontend/index.html",
        "language": "ga",
        "referrer": "https://www.graham.com/",
        "events": {
            "loadCount": 0,
            "visibilitychangeCount": 9,
            "resizeCount": 9,
            "focusCount": 1,
            "clickCount": 6,
            "blurCount": 0
        },
        "pageLoadTime": {
            "loadStart": 1727634600000,
            "loadEnd": 1727634600395
        },
        "productId": "TRK-TlxlcwGkl19t",
        "pathCounts": {
            "/profile": 2,
            "/login": 3,
            "/cart": 3,
            "/home/dashboard": 10
        }
    },
    {
        "start": 1727634600,
        "end": 1727635560,
        "bounce": {
            "isBounced": true,
            "pathname": "/frontend/index.html"
        },
        "device": "Laptop",
        "browser": "Chrome",
        "location": {
            "latitude": -27.1137695,
            "longitude": 126.180864
        },
        "uniqueId": "aa76de66-83a4-4c21-92f5-cfe20525387a",
        "pathname": "/profile",
        "language": "sd",
        "referrer": "",
        "events": {
            "loadCount": 6,
            "visibilitychangeCount": 2,
            "resizeCount": 8,
            "focusCount": 1,
            "clickCount": 3,
            "blurCount": 8
        },
        "pageLoadTime": {
            "loadStart": 1727634600000,
            "loadEnd": 1727634600627
        },
        "productId": "TRK-89olAsKyNOG7",
        "pathCounts": {
            "/profile": 8,
            "/checkout": 6,
            "/settings": 6,
            "/cart": 7
        }
    },
    {
        "start": 1727634600,
        "end": 1727634720,
        "bounce": {
            "isBounced": true,
            "pathname": "/frontend/index.html"
        },
        "device": "Laptop",
        "browser": "Mozilla",
        "location": {
            "latitude": -10.86138,
            "longitude": -136.387775
        },
        "uniqueId": "625ea2f3-d6f3-47f0-abd3-a204ea4eb491",
        "pathname": "/frontend/index.html",
        "language": "ug",
        "referrer": "https://www.garcia.com/",
        "events": {
            "loadCount": 8,
            "visibilitychangeCount": 5,
            "resizeCount": 8,
            "focusCount": 0,
            "clickCount": 1,
            "blurCount": 2
        },
        "pageLoadTime": {
            "loadStart": 1727634600000,
            "loadEnd": 1727634600438
        },
        "productId": "TRK-TlxlcwGkl19t",
        "pathCounts": {
            "/cart": 3,
            "/profile": 8,
            "/home": 3,
            "/settings": 7,
            "/checkout": 8
        }
    }
]