[
    {
        "start": 1726597800,
        "end": 1726597920,
        "bounce": {
            "isBounced": true,
            "pathname": "/frontend/index.html"
        },
        "device": "Tablet",
        "browser": "Chrome",
        "location": {
            "latitude": 55.6556935,
            "longitude": 19.39621
        },
        "uniqueId": "625ea2f3-d6f3-47f0-abd3-a204ea4eb491",
        "pathname": "/profile",
        "language": "fil",
        "referrer": "http://noble.net/",
        "events": {
            "loadCount": 7,
            "visibilitychangeCount": 2,
            "resizeCount": 5,
            "focusCount": 7,
            "clickCount": 2,
            "blurCount": 7
        },
        "pageLoadTime": {
            "loadStart": 1726597800000,
            "loadEnd": 1726597800612
        },
        "productId": "TRK-89olAsKyNOG7",
        "pathCounts": {
            "/home/dashboard": 3,
            "/login": 9
        }
    },
    {
        "start": 1726597800,
        "end": 1726598760,
        "bounce": {
            "isBounced": false,
            "pathname": "/frontend/index.html"
        },
        "device": "Tablet",
        "browser": "Mozilla",
        "location": {
            "latitude": 20.78619,
            "longitude": -139.538482
        },
        "uniqueId": "625ea2f3-d6f3-47f0-abd3-a204ea4eb491",
        "pathname": "/home",
        "language": "wae",
        "referrer": "http://www.krueger-norris.com/",
        "events": {
            "loadCount": 4,
            "visibilitychangeCount": 9,
            "resizeCount": 3,
            "focusCount": 7,
            "clickCount": 10,
            "blurCount": 9
        },
        "pageLoadTime": {
            "loadStart": 1726597800000,
            "loadEnd": 1726597800496
        },
        "productId": "TRK-TlxlcwGkl19t",
        "pathCounts": {
            "/login": 8,
            "/home": 9,
            "/home/create": 9
        }
    },
    {
        "start": 1726597800,
        "end": 1726598640,
        "bounce": {
            "isBounced": false,
            "pathname": "/frontend/index.html"
        },
        "device": "Desktop",
        "browser": "Mozilla",
        "location": {
            "latitude": 53.2249585,
            "longitude": 133.049594
        },
        "uniqueId": "5bde6480-0ab0-43b2-8529-ae22b458f836",
        "pathname": "/frontend/index.html",
        "language": "dz",
        "referrer": "",
        "events": {
            "loadCount": 4,
            "visibilitychangeCount": 3,
            "resizeCount": 3,
            "focusCount": 1,
            "clickCount": 10,
            "blurCount": 9
        },
        "pageLoadTime": {
            "loadStart": 1726597800000,
            "loadEnd": 1726597800810
        },
        "productId": "TRK-Ob2CJVFgaau7",
        "pathCounts": {
            "/checkout": 8,
            "/home": 6,
            "/home/create": 6
        }
    },
    {
        "start": 1726597800,
        "end": 1726598340,
        "bounce": {
            "isBounced": true,
            "pathname": "/frontend/index.html"
        },
        "device": "Desktop",
        "browser": "Safari",
        "location": {
            "latitude": -40.468379,
            "longitude": 123.620315
        },
        "uniqueId": "3da55713-36de-4077-9d4d-626d934aafe0",
        "pathname": "/frontend/index.html",
        "language": "brx",
        "referrer": "https://york.info/",
        "events": {
            "loadCount": 0,
            "visibilitychangeCount": 6,
            "resizeCount": 0,
            "focusCount": 9,
            "clickCount": 0,
            "blurCount": 8
        },
        "pageLoadTime": {
            "loadStart": 1726597800000,
            "loadEnd": 1726597800465
        },
        "productId": "TRK-Ob2CJVFgaau7",
        "pathCounts": {
            "/home": 10,
            "/home/create": 6,
            "/cart": 6,
            "/profile": 1
        }
    },
    {
        "start": 1726597800,
        "end": 1726599600,
        "bounce": {
            "isBounced": false,
            "pathname": "/frontend/index.html"
        },
        "device": "Desktop",
        "browser": "Mozilla",
        "location": {
            "latitude": -54.7248005,
            "longitude": 128.975432
        },
        "uniqueId": "ca9d1f5f-925b-4a59-b362-4703a75ad77c",
        "pathname": "/frontend/index.html",
        "language": "sid",
        "referrer": "",
        "events": {
            "loadCount": 0,
            "visibilitychangeCount": 0,
            "resizeCount": 6,
            "focusCount": 9,
            "clickCount": 8,
            "blurCount": 10
        },
        "pageLoadTime": {
            "loadStart": 1726597800000,
            "loadEnd": 1726597800677
        },
        "productId": "TRK-89olAsKyNOG7",
        "pathCounts": {
            "/home/dashboard": 3,
            "/cart": 10,
            "/login": 4,
            "/settings": 1,
            "/checkout": 1,
            "/home/create": 2
        }
    },
    {
        "start": 1726597800,
        "end": 1726600200,
        "bounce": {
            "isBounced": false,
            "pathname": "/frontend/index.html"
        },
        "device": "Tablet",
        "browser": "Chrome",
        "location": {
            "latitude": -28.26608,
            "longitude": -63.167596
        },
        "uniqueId": "9ce1bf0b-8366-40e1-b77c-9493a981c91b",
        "pathname": "/settings",
        "language": "lt",
        "referrer": "https://www.lewis-reed.com/",
        "events": {
            "loadCount": 10,
            "visibilitychangeCount": 10,
            "resizeCount": 4,
            "focusCount": 0,
            "clickCount": 4,
            "blurCount": 8
        },
        "pageLoadTime": {
            "loadStart": 1726597800000,
            "loadEnd": 1726597800074
        },
        "productId": "TRK-TlxlcwGkl19t",
        "pathCounts": {
            "/checkout": 5,
            "/home/dashboard": 2,
            "/login": 7,
            "/settings": 9
        }
    },
    {
        "start": 1726597800,
        "end": 1726598220,
        "bounce": {
            "isBounced": true,
            "pathname": "/frontend/index.html"
        },
        "device": "Desktop",
        "browser": "Safari",
        "location": {
            "latitude": -68.3621175,
            "longitude": 178.746913
        },
        "uniqueId": "aa76de66-83a4-4c21-92f5-cfe20525387a",
        "pathname": "/settings",
        "language": "pt",
        "referrer": "",
        "events": {
            "loadCount": 10,
            "visibilitychangeCount": 6,
            "resizeCount": 8,
            "focusCount": 6,
            "clickCount": 2,
            "blurCount": 1
        },
        "pageLoadTime": {
            "loadStart": 1726597800000,
            "loadEnd": 1726597800738
        },
        "productId": "TRK-89olAsKyNOG7",
        "pathCounts": {
            "/settings": 5,
            "/checkout": 7,
            "/login": 10,
            "/profile": 7,
            "/home/dashboard": 7,
            "/home": 7
        }
    },
    {
        "start": 1726597800,
        "end": 1726598280,
        "bounce": {
            "isBounced": true,
            "pathname": "/frontend/index.html"
        },
        "device": "Laptop",
        "browser": "Chrome",
        "location": {
            "latitude": -42.498704,
            "longitude": -17.295231
        },
        "uniqueId": "5bde6480-0ab0-43b2-8529-ae22b458f836",
        "pathname": "/frontend/index.html",
        "language": "sq",
        "referrer": "https://le.com/",
        "events": {
            "loadCount": 9,
            "visibilitychangeCount": 6,
            "resizeCount": 10,
            "focusCount": 7,
            "clickCount": 10,
            "blurCount": 5
        },
        "pageLoadTime": {
            "loadStart": 1726597800000,
            "loadEnd": 1726597800560
        },
        "productId": "TRK-89olAsKyNOG7",
        "pathCounts": {
            "/home/dashboard": 8,
            "/home": 6
        }
    },
    {
        "start": 1726597800,
        "end": 1726598040,
        "bounce": {
            "isBounced": false,
            "pathname": "/frontend/index.html"
        },
        "device": "Mobile",
        "browser": "Mozilla",
        "location": {
            "latitude": -40.031524,
            "longitude": 57.08159
        },
        "uniqueId": "111907fd-95b7-4729-a2af-e51ad656e288",
        "pathname": "/home",
        "language": "ak",
        "referrer": "",
        "events": {
            "loadCount": 9,
            "visibilitychangeCount": 4,
            "resizeCount": 6,
            "focusCount": 2,
            "clickCount": 5,
            "blurCount": 6
        },
        "pageLoadTime": {
            "loadStart": 1726597800000,
            "loadEnd": 1726597800927
        },
        "productId": "TRK-Ob2CJVFgaau7",
        "pathCounts": {
            "/home": 4,
            "/home/dashboard": 8,
            "/profile": 6,
            "/home/create": 3,
            "/cart": 7
        }
    },
    {
        "start": 1726597800,
        "end": 1726599060,
        "bounce": {
            "isBounced": true,
            "pathname": "/frontend/index.html"
        },
        "device": "Mobile",
        "browser": "Mozilla",
        "location": {
            "latitude": 26.892518,
            "longitude": 137.897322
        },
        "uniqueId": "f25d6d08-ed4a-4680-b7e3-94d4b30207df",
        "pathname": "/home",
        "language": "pt",
        "referrer": "http://day.com/",
        "events": {
            "loadCount": 0,
            "visibilitychangeCount": 10,
            "resizeCount": 3,
            "focusCount": 2,
            "clickCount": 0,
            "blurCount": 6
        },
        "pageLoadTime": {
            "loadStart": 1726597800000,
            "loadEnd": 1726597800538
        },
        "productId": "TRK-TlxlcwGkl19t",
        "pathCounts": {
            "/profile": 2,
            "/home/create": 7,
            "/home": 4
        }
    },
    {
        "start": 1726597800,
        "end": 1726599480,
        "bounce": {
            "isBounced": false,
            "pathname": "/frontend/index.html"
        },
        "device": "Mobile",
        "browser": "Mozilla",
        "location": {
            "latitude": 3.594565,
            "longitude": 4.085749
        },
        "uniqueId": "111907fd-95b7-4729-a2af-e51ad656e288",
        "pathname": "/settings",
        "language": "mn",
        "referrer": "",
        "events": {
            "loadCount": 3,
            "visibilitychangeCount": 5,
            "resizeCount": 4,
            "focusCount": 1,
            "clickCount": 5,
            "blurCount": 2
        },
        "pageLoadTime": {
            "loadStart": 1726597800000,
            "loadEnd": 1726597800001
        },
        "productId": "TRK-TlxlcwGkl19t",
        "pathCounts": {
            "/checkout": 4,
            "/login": 1,
            "/home/dashboard": 7
        }
    },
    {
        "start": 1726597800,
        "end": 1726600860,
        "bounce": {
            "isBounced": true,
            "pathname": "/frontend/index.html"
        },
        "device": "Tablet",
        "browser": "Chrome",
        "location": {
            "latitude": 28.7453085,
            "longitude": -64.790258
        },
        "uniqueId": "f25d6d08-ed4a-4680-b7e3-94d4b30207df",
        "pathname": "/home",
        "language": "ht",
        "referrer": "",
        "events": {
            "loadCount": 2,
            "visibilitychangeCount": 10,
            "resizeCount": 8,
            "focusCount": 5,
            "clickCount": 1,
            "blurCount": 3
        },
        "pageLoadTime": {
            "loadStart": 1726597800000,
            "loadEnd": 1726597800585
        },
        "productId": "TRK-TlxlcwGkl19t",
        "pathCounts": {
            "/profile": 6,
            "/home/dashboard": 2
        }
    },
    {
        "start": 1726597800,
        "end": 1726599360,
        "bounce": {
            "isBounced": false,
            "pathname": "/frontend/index.html"
        },
        "device": "Desktop",
        "browser": "Edge",
        "location": {
            "latitude": 85.3226465,
            "longitude": 135.376176
        },
        "uniqueId": "3ba5c0ca-2d1c-4d75-82b7-a2c821f2ea43",
        "pathname": "/settings",
        "language": "mag",
        "referrer": "",
        "events": {
            "loadCount": 3,
            "visibilitychangeCount": 2,
            "resizeCount": 6,
            "focusCount": 2,
            "clickCount": 7,
            "blurCount": 4
        },
        "pageLoadTime": {
            "loadStart": 1726597800000,
            "loadEnd": 1726597800224
        },
        "productId": "TRK-Ob2CJVFgaau7",
        "pathCounts": {
            "/home": 5
        }
    },
    {
        "start": 1726597800,
        "end": 1726598400,
        "bounce": {
            "isBounced": false,
            "pathname": "/frontend/index.html"
        },
        "device": "Mobile",
        "browser": "Chrome",
        "location": {
            "latitude": 46.235704,
            "longitude": 175.139216
        },
        "uniqueId": "ffef8945-c190-4f95-930f-4e35c2e3a868",
        "pathname": "/frontend/index.html",
        "language": "ka",
        "referrer": "http://garcia.com/",
        "events": {
            "loadCount": 5,
            "visibilitychangeCount": 9,
            "resizeCount": 4,
            "focusCount": 2,
            "clickCount": 3,
            "blurCount": 2
        },
        "pageLoadTime": {
            "loadStart": 1726597800000,
            "loadEnd": 1726597800291
        },
        "productId": "TRK-TlxlcwGkl19t",
        "pathCounts": {
            "/home/dashboard": 1,
            "/profile": 10,
            "/home": 2,
            "/home/create": 2
        }
    },
    {
        "start": 1726597800,
        "end": 1726598220,
        "bounce": {
            "isBounced": false,
            "pathname": "/frontend/index.html"
        },
        "device": "Desktop",
        "browser": "Edge",
        "location": {
            "latitude": 9.877091,
            "longitude": -14.41625
        },
        "uniqueId": "9b47b488-09f3-4d00-a56c-8c970bdfab8e",
        "pathname": "/home",
        "language": "yi",
        "referrer": "",
        "events": {
            "loadCount": 7,
            "visibilitychangeCount": 10,
            "resizeCount": 3,
            "focusCount": 8,
            "clickCount": 9,
            "blurCount": 9
        },
        "pageLoadTime": {
            "loadStart": 1726597800000,
            "loadEnd": 1726597800726
        },
        "productId": "TRK-89olAsKyNOG7",
        "pathCounts": {
            "/home/create": 2,
            "/home": 9,
            "/login": 1,
            "/checkout": 3
        }
    }
]