[
    {
        "start": 1726511400,
        "end": 1726514760,
        "bounce": {
            "isBounced": false,
            "pathname": "/frontend/index.html"
        },
        "device": "Laptop",
        "browser": "Edge",
        "location": {
            "latitude": 82.823851,
            "longitude": -76.503342
        },
        "uniqueId": "aca50ebd-2a70-41b2-a3f9-1a2deecc8322",
        "pathname": "/profile",
        "language": "te",
        "referrer": "https://dunn.net/",
        "events": {
            "loadCount": 2,
            "visibilitychangeCount": 10,
            "resizeCount": 10,
            "focusCount": 3,
            "clickCount": 4,
            "blurCount": 5
        },
        "pageLoadTime": {
            "loadStart": 1726511400000,
            "loadEnd": 1726511400505
        },
        "productId": "TRK-89olAsKyNOG7",
        "pathCounts": {
            "/home/dashboard": 8,
            "/settings": 3,
            "/cart": 3
        }
    },
    {
        "start": 1726511400,
        "end": 1726511940,
        "bounce": {
            "isBounced": true,
            "pathname": "/frontend/index.html"
        },
        "device": "Desktop",
        "browser": "Edge",
        "location": {
            "latitude": -65.5110045,
            "longitude": 136.613755
        },
        "uniqueId": "3ba5c0ca-2d1c-4d75-82b7-a2c821f2ea43",
        "pathname": "/home",
        "language": "wal",
        "referrer": "http://www.soto.com/",
        "events": {
            "loadCount": 2,
            "visibilitychangeCount": 10,
            "resizeCount": 7,
            "focusCount": 1,
            "clickCount": 2,
            "blurCount": 7
        },
        "pageLoadTime": {
            "loadStart": 1726511400000,
            "loadEnd": 1726511400490
        },
        "productId": "TRK-TlxlcwGkl19t",
        "pathCounts": {
            "/profile": 6,
            "/login": 8,
            "/home/dashboard": 4,
            "/settings": 9,
            "/checkout": 7
        }
    },
    {
        "start": 1726511400,
        "end": 1726512960,
        "bounce": {
            "isBounced": true,
            "pathname": "/frontend/index.html"
        },
        "device": "Desktop",
        "browser": "Chrome",
        "location": {
            "latitude": 19.4713965,
            "longitude": 95.209377
        },
        "uniqueId": "80d8a76b-4c97-4a12-9ac3-02a6d37e11a9",
        "pathname": "/settings",
        "language": "nb",
        "referrer": "https://www.myers.com/",
        "events": {
            "loadCount": 10,
            "visibilitychangeCount": 6,
            "resizeCount": 3,
            "focusCount": 3,
            "clickCount": 0,
            "blurCount": 4
        },
        "pageLoadTime": {
            "loadStart": 1726511400000,
            "loadEnd": 1726511400284
        },
        "productId": "TRK-89olAsKyNOG7",
        "pathCounts": {
            "/home/create": 2,
            "/login": 3
        }
    },
    {
        "start": 1726511400,
        "end": 1726513320,
        "bounce": {
            "isBounced": true,
            "pathname": "/frontend/index.html"
        },
        "device": "Desktop",
        "browser": "Safari",
        "location": {
            "latitude": 65.7821645,
            "longitude": -175.981776
        },
        "uniqueId": "3da55713-36de-4077-9d4d-626d934aafe0",
        "pathname": "/settings",
        "language": "hr",
        "referrer": "http://figueroa.com/",
        "events": {
            "loadCount": 9,
            "visibilitychangeCount": 7,
            "resizeCount": 4,
            "focusCount": 1,
            "clickCount": 4,
            "blurCount": 2
        },
        "pageLoadTime": {
            "loadStart": 1726511400000,
            "loadEnd": 1726511400759
        },
        "productId": "TRK-TlxlcwGkl19t",
        "pathCounts": {
            "/home": 6,
            "/login": 7,
            "/settings": 7
        }
    },
    {
        "start": 1726511400,
        "end": 1726512840,
        "bounce": {
            "isBounced": true,
            "pathname": "/frontend/index.html"
        },
        "device": "Laptop",
        "browser": "Safari",
        "location": {
            "latitude": -22.2392295,
            "longitude": -64.386808
        },
        "uniqueId": "5bde6480-0ab0-43b2-8529-ae22b458f836",
        "pathname": "/settings",
        "language": "eo",
        "referrer": "",
        "events": {
            "loadCount": 8,
            "visibilitychangeCount": 2,
            "resizeCount": 0,
            "focusCount": 7,
            "clickCount": 8,
            "blurCount": 9
        },
        "pageLoadTime": {
            "loadStart": 1726511400000,
            "loadEnd": 1726511400988
        },
        "productId": "TRK-TlxlcwGkl19t",
        "pathCounts": {
            "/home/dashboard": 1,
            "/checkout": 5,
            "/cart": 7,
            "/profile": 10
        }
    },
    {
        "start": 1726511400,
        "end": 1726514940,
        "bounce": {
            "isBounced": false,
            "pathname": "/frontend/index.html"
        },
        "device": "Tablet",
        "browser": "Chrome",
        "location": {
            "latitude": -86.435677,
            "longitude": 108.652738
        },
        "uniqueId": "aa76de66-83a4-4c21-92f5-cfe20525387a",
        "pathname": "/profile",
        "language": "ml",
        "referrer": "https://www.johnson.com/",
        "events": {
            "loadCount": 9,
            "visibilitychangeCount": 6,
            "resizeCount": 8,
            "focusCount": 0,
            "clickCount": 0,
            "blurCount": 1
        },
        "pageLoadTime": {
            "loadStart": 1726511400000,
            "loadEnd": 1726511400783
        },
        "productId": "TRK-89olAsKyNOG7",
        "pathCounts": {
            "/home": 5,
            "/home/dashboard": 9,
            "/login": 4,
            "/checkout": 9,
            "/home/create": 7
        }
    }
]