[
    {
        "start": 1725906600,
        "end": 1725909840,
        "bounce": {
            "isBounced": true,
            "pathname": "/frontend/index.html"
        },
        "device": "Laptop",
        "browser": "Edge",
        "location": {
            "latitude": -73.98354,
            "longitude": 59.574764
        },
        "uniqueId": "80d8a76b-4c97-4a12-9ac3-02a6d37e11a9",
        "pathname": "/dashboard",
        "language": "cy",
        "referrer": "",
        "events": {
            "loadCount": 7,
            "visibilitychangeCount": 7,
            "resizeCount": 4,
            "focusCount": 1,
            "clickCount": 3,
            "blurCount": 9
        },
        "pageLoadTime": {
            "loadStart": 1725906600000,
            "loadEnd": 1725906600974
        },
        "productId": "TRK-Ob2CJVFgaau7",
        "pathCounts": {
            "/home/dashboard": 5,
            "/cart": 5
        }
    },
    {
        "start": 1725906600,
        "end": 1725908220,
        "bounce": {
            "isBounced": false,
            "pathname": "/frontend/index.html"
        },
        "device": "Tablet",
        "browser": "Edge",
        "location": {
            "latitude": -88.944979,
            "longitude": -174.408787
        },
        "uniqueId": "f9c7e851-4d89-46ce-8678-25b88916a574",
        "pathname": "/settings",
        "language": "tt",
        "referrer": "http://www.smith.com/",
        "events": {
            "loadCount": 3,
            "visibilitychangeCount": 9,
            "resizeCount": 7,
            "focusCount": 10,
            "clickCount": 0,
            "blurCount": 4
        },
        "pageLoadTime": {
            "loadStart": 1725906600000,
            "loadEnd": 1725906600991
        },
        "productId": "TRK-TlxlcwGkl19t",
        "pathCounts": {
            "/home/dashboard": 6,
            "/home/create": 9
        }
    },
    {
        "start": 1725906600,
        "end": 1725907440,
        "bounce": {
            "isBounced": true,
            "pathname": "/frontend/index.html"
        },
        "device": "Tablet",
        "browser": "Chrome",
        "location": {
            "latitude": 88.5799705,
            "longitude": -5.780801
        },
        "uniqueId": "3ba5c0ca-2d1c-4d75-82b7-a2c821f2ea43",
        "pathname": "/dashboard",
        "language": "pa",
        "referrer": "",
        "events": {
            "loadCount": 0,
            "visibilitychangeCount": 8,
            "resizeCount": 9,
            "focusCount": 2,
            "clickCount": 1,
            "blurCount": 0
        },
        "pageLoadTime": {
            "loadStart": 1725906600000,
            "loadEnd": 1725906600254
        },
        "productId": "TRK-89olAsKyNOG7",
        "pathCounts": {
            "/home": 6,
            "/settings": 7,
            "/login": 1
        }
    },
    {
        "start": 1725906600,
        "end": 1725907740,
        "bounce": {
            "isBounced": false,
            "pathname": "/frontend/index.html"
        },
        "device": "Laptop",
        "browser": "Edge",
        "location": {
            "latitude": 29.09978,
            "longitude": -74.809648
        },
        "uniqueId": "9b47b488-09f3-4d00-a56c-8c970bdfab8e",
        "pathname": "/home",
        "language": "ky",
        "referrer": "https://miller.org/",
        "events": {
            "loadCount": 1,
            "visibilitychangeCount": 2,
            "resizeCount": 1,
            "focusCount": 7,
            "clickCount": 7,
            "blurCount": 3
        },
        "pageLoadTime": {
            "loadStart": 1725906600000,
            "loadEnd": 1725906600105
        },
        "productId": "TRK-89olAsKyNOG7",
        "pathCounts": {
            "/login": 4,
            "/profile": 3,
            "/home": 10
        }
    },
    {
        "start": 1725906600,
        "end": 1725908220,
        "bounce": {
            "isBounced": false,
            "pathname": "/frontend/index.html"
        },
        "device": "Desktop",
        "browser": "Safari",
        "location": {
            "latitude": -41.1848785,
            "longitude": 115.274108
        },
        "uniqueId": "aa76de66-83a4-4c21-92f5-cfe20525387a",
        "pathname": "/home",
        "language": "yue",
        "referrer": "",
        "events": {
            "loadCount": 8,
            "visibilitychangeCount": 2,
            "resizeCount": 0,
            "focusCount": 9,
            "clickCount": 5,
            "blurCount": 3
        },
        "pageLoadTime": {
            "loadStart": 1725906600000,
            "loadEnd": 1725906600230
        },
        "productId": "TRK-89olAsKyNOG7",
        "pathCounts": {
            "/checkout": 9,
            "/settings": 1
        }
    },
    {
        "start": 1725906600,
        "end": 1725909720,
        "bounce": {
            "isBounced": false,
            "pathname": "/frontend/index.html"
        },
        "device": "Mobile",
        "browser": "Edge",
        "location": {
            "latitude": 46.879502,
            "longitude": 30.18515
        },
        "uniqueId": "9ce1bf0b-8366-40e1-b77c-9493a981c91b",
        "pathname": "/home",
        "language": "ht",
        "referrer": "http://www.peterson-reed.com/",
        "events": {
            "loadCount": 4,
            "visibilitychangeCount": 6,
            "resizeCount": 9,
            "focusCount": 4,
            "clickCount": 6,
            "blurCount": 0
        },
        "pageLoadTime": {
            "loadStart": 1725906600000,
            "loadEnd": 1725906600890
        },
        "productId": "TRK-TlxlcwGkl19t",
        "pathCounts": {
            "/home/dashboard": 10,
            "/cart": 4,
            "/checkout": 8,
            "/settings": 3
        }
    },
    {
        "start": 1725906600,
        "end": 1725907500,
        "bounce": {
            "isBounced": false,
            "pathname": "/frontend/index.html"
        },
        "device": "Tablet",
        "browser": "Safari",
        "location": {
            "latitude": 49.6855455,
            "longitude": 63.147253
        },
        "uniqueId": "aca50ebd-2a70-41b2-a3f9-1a2deecc8322",
        "pathname": "/dashboard",
        "language": "ber",
        "referrer": "https://anderson.com/",
        "events": {
            "loadCount": 7,
            "visibilitychangeCount": 2,
            "resizeCount": 2,
            "focusCount": 9,
            "clickCount": 8,
            "blurCount": 3
        },
        "pageLoadTime": {
            "loadStart": 1725906600000,
            "loadEnd": 1725906600245
        },
        "productId": "TRK-Ob2CJVFgaau7",
        "pathCounts": {
            "/settings": 3,
            "/profile": 9,
            "/home/create": 1,
            "/login": 6
        }
    },
    {
        "start": 1725906600,
        "end": 1725908100,
        "bounce": {
            "isBounced": false,
            "pathname": "/frontend/index.html"
        },
        "device": "Desktop",
        "browser": "Chrome",
        "location": {
            "latitude": -37.515376,
            "longitude": 36.033102
        },
        "uniqueId": "31b1cad6-43b6-4fa7-95e5-7d79676b01e7",
        "pathname": "/frontend/index.html",
        "language": "ru",
        "referrer": "",
        "events": {
            "loadCount": 5,
            "visibilitychangeCount": 2,
            "resizeCount": 3,
            "focusCount": 10,
            "clickCount": 4,
            "blurCount": 8
        },
        "pageLoadTime": {
            "loadStart": 1725906600000,
            "loadEnd": 1725906600959
        },
        "productId": "TRK-TlxlcwGkl19t",
        "pathCounts": {
            "/home/dashboard": 1,
            "/profile": 4,
            "/cart": 7,
            "/login": 8
        }
    },
    {
        "start": 1725906600,
        "end": 1725907920,
        "bounce": {
            "isBounced": true,
            "pathname": "/frontend/index.html"
        },
        "device": "Laptop",
        "browser": "Edge",
        "location": {
            "latitude": -80.5952755,
            "longitude": 30.505753
        },
        "uniqueId": "f25d6d08-ed4a-4680-b7e3-94d4b30207df",
        "pathname": "/frontend/index.html",
        "language": "es",
        "referrer": "",
        "events": {
            "loadCount": 2,
            "visibilitychangeCount": 10,
            "resizeCount": 9,
            "focusCount": 3,
            "clickCount": 6,
            "blurCount": 3
        },
        "pageLoadTime": {
            "loadStart": 1725906600000,
            "loadEnd": 1725906600499
        },
        "productId": "TRK-89olAsKyNOG7",
        "pathCounts": {
            "/settings": 9,
            "/home/dashboard": 5,
            "/cart": 3,
            "/home": 8,
            "/profile": 1
        }
    },
    {
        "start": 1725906600,
        "end": 1725907320,
        "bounce": {
            "isBounced": true,
            "pathname": "/frontend/index.html"
        },
        "device": "Laptop",
        "browser": "Chrome",
        "location": {
            "latitude": 54.5783555,
            "longitude": 166.750388
        },
        "uniqueId": "4f113d91-1e3e-46f7-a9ca-95f02de96297",
        "pathname": "/profile",
        "language": "so",
        "referrer": "https://www.murphy.com/",
        "events": {
            "loadCount": 0,
            "visibilitychangeCount": 3,
            "resizeCount": 3,
            "focusCount": 8,
            "clickCount": 2,
            "blurCount": 10
        },
        "pageLoadTime": {
            "loadStart": 1725906600000,
            "loadEnd": 1725906600915
        },
        "productId": "TRK-Ob2CJVFgaau7",
        "pathCounts": {
            "/checkout": 2,
            "/home": 7
        }
    },
    {
        "start": 1725906600,
        "end": 1725908220,
        "bounce": {
            "isBounced": false,
            "pathname": "/frontend/index.html"
        },
        "device": "Tablet",
        "browser": "Chrome",
        "location": {
            "latitude": 54.8722465,
            "longitude": -69.784538
        },
        "uniqueId": "625ea2f3-d6f3-47f0-abd3-a204ea4eb491",
        "pathname": "/frontend/index.html",
        "language": "ber",
        "referrer": "",
        "events": {
            "loadCount": 8,
            "visibilitychangeCount": 9,
            "resizeCount": 9,
            "focusCount": 4,
            "clickCount": 6,
            "blurCount": 2
        },
        "pageLoadTime": {
            "loadStart": 1725906600000,
            "loadEnd": 1725906600944
        },
        "productId": "TRK-Ob2CJVFgaau7",
        "pathCounts": {
            "/home": 7,
            "/cart": 9,
            "/login": 3,
            "/settings": 4
        }
    },
    {
        "start": 1725906600,
        "end": 1725907620,
        "bounce": {
            "isBounced": false,
            "pathname": "/frontend/index.html"
        },
        "device": "Laptop",
        "browser": "Mozilla",
        "location": {
            "latitude": -62.4207415,
            "longitude": -17.284954
        },
        "uniqueId": "37f86d6c-c234-4339-9c0f-ec3bdaab8536",
        "pathname": "/settings",
        "language": "ka",
        "referrer": "",
        "events": {
            "loadCount": 4,
            "visibilitychangeCount": 9,
            "resizeCount": 6,
            "focusCount": 4,
            "clickCount": 7,
            "blurCount": 4
        },
        "pageLoadTime": {
            "loadStart": 1725906600000,
            "loadEnd": 1725906600244
        },
        "productId": "TRK-89olAsKyNOG7",
        "pathCounts": {
            "/login": 3,
            "/checkout": 10,
            "/home": 5,
            "/home/dashboard": 4
        }
    },
    {
        "start": 1725906600,
        "end": 1725909480,
        "bounce": {
            "isBounced": true,
            "pathname": "/frontend/index.html"
        },
        "device": "Tablet",
        "browser": "Mozilla",
        "location": {
            "latitude": -79.1098435,
            "longitude": 179.948685
        },
        "uniqueId": "aca50ebd-2a70-41b2-a3f9-1a2deecc8322",
        "pathname": "/dashboard",
        "language": "ve",
        "referrer": "",
        "events": {
            "loadCount": 10,
            "visibilitychangeCount": 5,
            "resizeCount": 0,
            "focusCount": 2,
            "clickCount": 4,
            "blurCount": 9
        },
        "pageLoadTime": {
            "loadStart": 1725906600000,
            "loadEnd": 1725906600604
        },
        "productId": "TRK-TlxlcwGkl19t",
        "pathCounts": {
            "/settings": 4,
            "/home/create": 9
        }
    },
    {
        "start": 1725906600,
        "end": 1725909420,
        "bounce": {
            "isBounced": false,
            "pathname": "/frontend/index.html"
        },
        "device": "Tablet",
        "browser": "Mozilla",
        "location": {
            "latitude": -37.823309,
            "longitude": -61.468325
        },
        "uniqueId": "d86a654c-f156-4873-9fec-b758bd53146a",
        "pathname": "/dashboard",
        "language": "bem",
        "referrer": "http://www.wiggins.com/",
        "events": {
            "loadCount": 3,
            "visibilitychangeCount": 2,
            "resizeCount": 7,
            "focusCount": 5,
            "clickCount": 2,
            "blurCount": 5
        },
        "pageLoadTime": {
            "loadStart": 1725906600000,
            "loadEnd": 1725906600404
        },
        "productId": "TRK-Ob2CJVFgaau7",
        "pathCounts": {
            "/home": 6,
            "/home/create": 3,
            "/login": 2,
            "/cart": 4
        }
    },
    {
        "start": 1725906600,
        "end": 1725907860,
        "bounce": {
            "isBounced": false,
            "pathname": "/frontend/index.html"
        },
        "device": "Laptop",
        "browser": "Chrome",
        "location": {
            "latitude": -87.819468,
            "longitude": 18.546383
        },
        "uniqueId": "14ec54a1-24e9-462b-9378-3e9d812cba5a",
        "pathname": "/home",
        "language": "sv",
        "referrer": "",
        "events": {
            "loadCount": 5,
            "visibilitychangeCount": 9,
            "resizeCount": 1,
            "focusCount": 2,
            "clickCount": 6,
            "blurCount": 2
        },
        "pageLoadTime": {
            "loadStart": 1725906600000,
            "loadEnd": 1725906600954
        },
        "productId": "TRK-TlxlcwGkl19t",
        "pathCounts": {
            "/home": 5,
            "/home/create": 8,
            "/profile": 1
        }
    }
]