[
    {
        "start": 1726943400,
        "end": 1726945920,
        "bounce": {
            "isBounced": false,
            "pathname": "/frontend/index.html"
        },
        "device": "Tablet",
        "browser": "Mozilla",
        "location": {
            "latitude": -29.4484415,
            "longitude": 15.023978
        },
        "uniqueId": "3da55713-36de-4077-9d4d-626d934aafe0",
        "pathname": "/dashboard",
        "language": "nan",
        "referrer": "",
        "events": {
            "loadCount": 7,
            "visibilitychangeCount": 3,
            "resizeCount": 10,
            "focusCount": 7,
            "clickCount": 9,
            "blurCount": 2
        },
        "pageLoadTime": {
            "loadStart": 1726943400000,
            "loadEnd": 1726943400650
        },
        "productId": "TRK-Ob2CJVFgaau7",
        "pathCounts": {
            "/home/create": 7,
            "/checkout": 2,
            "/home": 1
        }
    },
    {
        "start": 1726943400,
        "end": 1726945080,
        "bounce": {
            "isBounced": false,
            "pathname": "/frontend/index.html"
        },
        "device": "Mobile",
        "browser": "Safari",
        "location": {
            "latitude": 75.1003255,
            "longitude": -55.52923
        },
        "uniqueId": "f25d6d08-ed4a-4680-b7e3-94d4b30207df",
        "pathname": "/frontend/index.html",
        "language": "sk",
        "referrer": "http://miller.net/",
        "events": {
            "loadCount": 3,
            "visibilitychangeCount": 0,
            "resizeCount": 2,
            "focusCount": 3,
            "clickCount": 3,
            "blurCount": 9
        },
        "pageLoadTime": {
            "loadStart": 1726943400000,
            "loadEnd": 1726943400603
        },
        "productId": "TRK-TlxlcwGkl19t",
        "pathCounts": {
            "/home/dashboard": 1,
            "/home": 7,
            "/checkout": 10,
            "/login": 1
        }
    },
    {
        "start": 1726943400,
        "end": 1726945320,
        "bounce": {
            "isBounced": false,
            "pathname": "/frontend/index.html"
        },
        "device": "Mobile",
        "browser": "Safari",
        "location": {
            "latitude": -48.409028,
            "longitude": 109.976934
        },
        "uniqueId": "aca50ebd-2a70-41b2-a3f9-1a2deecc8322",
        "pathname": "/dashboard",
        "language": "os",
        "referrer": "",
        "events": {
            "loadCount": 1,
            "visibilitychangeCount": 7,
            "resizeCount": 0,
            "focusCount": 4,
            "clickCount": 0,
            "blurCount": 9
        },
        "pageLoadTime": {
            "loadStart": 1726943400000,
            "loadEnd": 1726943400123
        },
        "productId": "TRK-TlxlcwGkl19t",
        "pathCounts": {
            "/home/create": 8,
            "/checkout": 10,
            "/home": 7,
            "/cart": 2
        }
    },
    {
        "start": 1726943400,
        "end": 1726943640,
        "bounce": {
            "isBounced": true,
            "pathname": "/frontend/index.html"
        },
        "device": "Desktop",
        "browser": "Chrome",
        "location": {
            "latitude": -25.081124,
            "longitude": 28.713871
        },
        "uniqueId": "f9c7e851-4d89-46ce-8678-25b88916a574",
        "pathname": "/frontend/index.html",
        "language": "shs",
        "referrer": "https://www.allen-rich.biz/",
        "events": {
            "loadCount": 8,
            "visibilitychangeCount": 7,
            "resizeCount": 6,
            "focusCount": 9,
            "clickCount": 10,
            "blurCount": 1
        },
        "pageLoadTime": {
            "loadStart": 1726943400000,
            "loadEnd": 1726943400764
        },
        "productId": "TRK-TlxlcwGkl19t",
        "pathCounts": {
            "/home/dashboard": 3,
            "/home/create": 4,
            "/checkout": 2
        }
    },
    {
        "start": 1726943400,
        "end": 1726943640,
        "bounce": {
            "isBounced": true,
            "pathname": "/frontend/index.html"
        },
        "device": "Mobile",
        "browser": "Chrome",
        "location": {
            "latitude": 0.6847215,
            "longitude": -0.47453
        },
        "uniqueId": "5bde6480-0ab0-43b2-8529-ae22b458f836",
        "pathname": "/frontend/index.html",
        "language": "sw",
        "referrer": "http://morgan.com/",
        "events": {
            "loadCount": 7,
            "visibilitychangeCount": 8,
            "resizeCount": 6,
            "focusCount": 9,
            "clickCount": 6,
            "blurCount": 6
        },
        "pageLoadTime": {
            "loadStart": 1726943400000,
            "loadEnd": 1726943400820
        },
        "productId": "TRK-Ob2CJVFgaau7",
        "pathCounts": {
            "/home": 8,
            "/login": 10,
            "/cart": 4
        }
    },
    {
        "start": 1726943400,
        "end": 1726945620,
        "bounce": {
            "isBounced": true,
            "pathname": "/frontend/index.html"
        },
        "device": "Laptop",
        "browser": "Safari",
        "location": {
            "latitude": 33.2068975,
            "longitude": 110.708083
        },
        "uniqueId": "f25d6d08-ed4a-4680-b7e3-94d4b30207df",
        "pathname": "/dashboard",
        "language": "pt",
        "referrer": "",
        "events": {
            "loadCount": 6,
            "visibilitychangeCount": 9,
            "resizeCount": 2,
            "focusCount": 1,
            "clickCount": 6,
            "blurCount": 3
        },
        "pageLoadTime": {
            "loadStart": 1726943400000,
            "loadEnd": 1726943400697
        },
        "productId": "TRK-89olAsKyNOG7",
        "pathCounts": {
            "/home": 1,
            "/home/create": 4,
            "/settings": 2,
            "/checkout": 10,
            "/login": 10
        }
    },
    {
        "start": 1726943400,
        "end": 1726944480,
        "bounce": {
            "isBounced": true,
            "pathname": "/frontend/index.html"
        },
        "device": "Tablet",
        "browser": "Mozilla",
        "location": {
            "latitude": 84.7658125,
            "longitude": -46.508303
        },
        "uniqueId": "9b47b488-09f3-4d00-a56c-8c970bdfab8e",
        "pathname": "/settings",
        "language": "ky",
        "referrer": "http://www.jackson-wells.com/",
        "events": {
            "loadCount": 3,
            "visibilitychangeCount": 2,
            "resizeCount": 3,
            "focusCount": 3,
            "clickCount": 6,
            "blurCount": 3
        },
        "pageLoadTime": {
            "loadStart": 1726943400000,
            "loadEnd": 1726943400188
        },
        "productId": "TRK-TlxlcwGkl19t",
        "pathCounts": {
            "/login": 8,
            "/home": 7,
            "/settings": 9
        }
    },
    {
        "start": 1726943400,
        "end": 1726943820,
        "bounce": {
            "isBounced": true,
            "pathname": "/frontend/index.html"
        },
        "device": "Tablet",
        "browser": "Mozilla",
        "location": {
            "latitude": -85.830697,
            "longitude": 36.130283
        },
        "uniqueId": "14ec54a1-24e9-462b-9378-3e9d812cba5a",
        "pathname": "/dashboard",
        "language": "fo",
        "referrer": "http://green.biz/",
        "events": {
            "loadCount": 10,
            "visibilitychangeCount": 8,
            "resizeCount": 10,
            "focusCount": 1,
            "clickCount": 0,
            "blurCount": 3
        },
        "pageLoadTime": {
            "loadStart": 1726943400000,
            "loadEnd": 1726943400593
        },
        "productId": "TRK-Ob2CJVFgaau7",
        "pathCounts": {
            "/profile": 5,
            "/checkout": 5,
            "/cart": 2,
            "/home": 10
        }
    },
    {
        "start": 1726943400,
        "end": 1726945200,
        "bounce": {
            "isBounced": true,
            "pathname": "/frontend/index.html"
        },
        "device": "Mobile",
        "browser": "Edge",
        "location": {
            "latitude": 32.1144505,
            "longitude": 54.468317
        },
        "uniqueId": "14ec54a1-24e9-462b-9378-3e9d812cba5a",
        "pathname": "/dashboard",
        "language": "apn",
        "referrer": "https://ward-hansen.com/",
        "events": {
            "loadCount": 10,
            "visibilitychangeCount": 1,
            "resizeCount": 7,
            "focusCount": 8,
            "clickCount": 2,
            "blurCount": 8
        },
        "pageLoadTime": {
            "loadStart": 1726943400000,
            "loadEnd": 1726943400098
        },
        "productId": "TRK-89olAsKyNOG7",
        "pathCounts": {
            "/home/create": 10,
            "/profile": 8,
            "/settings": 8
        }
    },
    {
        "start": 1726943400,
        "end": 1726943940,
        "bounce": {
            "isBounced": false,
            "pathname": "/frontend/index.html"
        },
        "device": "Mobile",
        "browser": "Mozilla",
        "location": {
            "latitude": -5.481117,
            "longitude": 73.677137
        },
        "uniqueId": "f9c7e851-4d89-46ce-8678-25b88916a574",
        "pathname": "/frontend/index.html",
        "language": "xh",
        "referrer": "",
        "events": {
            "loadCount": 1,
            "visibilitychangeCount": 6,
            "resizeCount": 10,
            "focusCount": 4,
            "clickCount": 5,
            "blurCount": 3
        },
        "pageLoadTime": {
            "loadStart": 1726943400000,
            "loadEnd": 1726943400605
        },
        "productId": "TRK-89olAsKyNOG7",
        "pathCounts": {
            "/checkout": 10,
            "/login": 2,
            "/home/create": 10
        }
    },
    {
        "start": 1726943400,
        "end": 1726944600,
        "bounce": {
            "isBounced": true,
            "pathname": "/frontend/index.html"
        },
        "device": "Desktop",
        "browser": "Edge",
        "location": {
            "latitude": 47.242785,
            "longitude": 20.811682
        },
        "uniqueId": "625ea2f3-d6f3-47f0-abd3-a204ea4eb491",
        "pathname": "/settings",
        "language": "en",
        "referrer": "",
        "events": {
            "loadCount": 7,
            "visibilitychangeCount": 0,
            "resizeCount": 2,
            "focusCount": 6,
            "clickCount": 2,
            "blurCount": 1
        },
        "pageLoadTime": {
            "loadStart": 1726943400000,
            "loadEnd": 1726943400546
        },
        "productId": "TRK-89olAsKyNOG7",
        "pathCounts": {
            "/cart": 9,
            "/login": 6,
            "/home/create": 9
        }
    },
    {
        "start": 1726943400,
        "end": 1726946700,
        "bounce": {
            "isBounced": false,
            "pathname": "/frontend/index.html"
        },
        "device": "Tablet",
        "browser": "Mozilla",
        "location": {
            "latitude": 62.4838665,
            "longitude": -56.470675
        },
        "uniqueId": "4f113d91-1e3e-46f7-a9ca-95f02de96297",
        "pathname": "/dashboard",
        "language": "ro",
        "referrer": "https://www.clark-park.biz/",
        "events": {
            "loadCount": 9,
            "visibilitychangeCount": 1,
            "resizeCount": 10,
            "focusCount": 10,
            "clickCount": 7,
            "blurCount": 1
        },
        "pageLoadTime": {
            "loadStart": 1726943400000,
            "loadEnd": 1726943400945
        },
        "productId": "TRK-89olAsKyNOG7",
        "pathCounts": {
            "/home/create": 9,
            "/home": 2,
            "/profile": 9,
            "/settings": 10
        }
    },
    {
        "start": 1726943400,
        "end": 1726946460,
        "bounce": {
            "isBounced": true,
            "pathname": "/frontend/index.html"
        },
        "device": "Laptop",
        "browser": "Chrome",
        "location": {
            "latitude": -78.99637,
            "longitude": -170.800708
        },
        "uniqueId": "d86a654c-f156-4873-9fec-b758bd53146a",
        "pathname": "/profile",
        "language": "gez",
        "referrer": "https://french.com/",
        "events": {
            "loadCount": 8,
            "visibilitychangeCount": 2,
            "resizeCount": 4,
            "focusCount": 5,
            "clickCount": 10,
            "blurCount": 0
        },
        "pageLoadTime": {
            "loadStart": 1726943400000,
            "loadEnd": 1726943400986
        },
        "productId": "TRK-Ob2CJVFgaau7",
        "pathCounts": {
            "/home/create": 6,
            "/profile": 5,
            "/checkout": 10,
            "/settings": 6
        }
    },
    {
        "start": 1726943400,
        "end": 1726947000,
        "bounce": {
            "isBounced": false,
            "pathname": "/frontend/index.html"
        },
        "device": "Tablet",
        "browser": "Safari",
        "location": {
            "latitude": -27.7353,
            "longitude": 170.122187
        },
        "uniqueId": "77f0712b-554f-4c5c-9898-14e7c77b26a0",
        "pathname": "/frontend/index.html",
        "language": "ga",
        "referrer": "",
        "events": {
            "loadCount": 8,
            "visibilitychangeCount": 2,
            "resizeCount": 6,
            "focusCount": 2,
            "clickCount": 7,
            "blurCount": 3
        },
        "pageLoadTime": {
            "loadStart": 1726943400000,
            "loadEnd": 1726943400636
        },
        "productId": "TRK-TlxlcwGkl19t",
        "pathCounts": {
            "/home/create": 1,
            "/profile": 5,
            "/login": 6,
            "/home": 7
        }
    },
    {
        "start": 1726943400,
        "end": 1726946040,
        "bounce": {
            "isBounced": true,
            "pathname": "/frontend/index.html"
        },
        "device": "Laptop",
        "browser": "Edge",
        "location": {
            "latitude": 32.117238,
            "longitude": 53.145914
        },
        "uniqueId": "3da55713-36de-4077-9d4d-626d934aafe0",
        "pathname": "/frontend/index.html",
        "language": "fa",
        "referrer": "http://soto.info/",
        "events": {
            "loadCount": 9,
            "visibilitychangeCount": 0,
            "resizeCount": 4,
            "focusCount": 0,
            "clickCount": 8,
            "blurCount": 9
        },
        "pageLoadTime": {
            "loadStart": 1726943400000,
            "loadEnd": 1726943400406
        },
        "productId": "TRK-Ob2CJVFgaau7",
        "pathCounts": {
            "/home/dashboard": 7,
            "/home/create": 1,
            "/home": 1
        }
    },
    {
        "start": 1726943400,
        "end": 1726944120,
        "bounce": {
            "isBounced": true,
            "pathname": "/frontend/index.html"
        },
        "device": "Desktop",
        "browser": "Safari",
        "location": {
            "latitude": 31.2808655,
            "longitude": -128.926183
        },
        "uniqueId": "aa76de66-83a4-4c21-92f5-cfe20525387a",
        "pathname": "/settings",
        "language": "af",
        "referrer": "http://abbott.com/",
        "events": {
            "loadCount": 10,
            "visibilitychangeCount": 2,
            "resizeCount": 3,
            "focusCount": 6,
            "clickCount": 6,
            "blurCount": 9
        },
        "pageLoadTime": {
            "loadStart": 1726943400000,
            "loadEnd": 1726943400622
        },
        "productId": "TRK-89olAsKyNOG7",
        "pathCounts": {
            "/checkout": 2,
            "/settings": 3,
            "/home/create": 5,
            "/profile": 6
        }
    },
    {
        "start": 1726943400,
        "end": 1726943760,
        "bounce": {
            "isBounced": true,
            "pathname": "/frontend/index.html"
        },
        "device": "Laptop",
        "browser": "Edge",
        "location": {
            "latitude": 34.6527215,
            "longitude": 49.629241
        },
        "uniqueId": "ca9d1f5f-925b-4a59-b362-4703a75ad77c",
        "pathname": "/settings",
        "language": "el",
        "referrer": "",
        "events": {
            "loadCount": 9,
            "visibilitychangeCount": 8,
            "resizeCount": 9,
            "focusCount": 2,
            "clickCount": 2,
            "blurCount": 2
        },
        "pageLoadTime": {
            "loadStart": 1726943400000,
            "loadEnd": 1726943400938
        },
        "productId": "TRK-Ob2CJVFgaau7",
        "pathCounts": {
            "/home/dashboard": 4,
            "/cart": 7,
            "/login": 4,
            "/checkout": 4
        }
    },
    {
        "start": 1726943400,
        "end": 1726945980,
        "bounce": {
            "isBounced": false,
            "pathname": "/frontend/index.html"
        },
        "device": "Tablet",
        "browser": "Safari",
        "location": {
            "latitude": 1.6981845,
            "longitude": 133.609614
        },
        "uniqueId": "3da55713-36de-4077-9d4d-626d934aafe0",
        "pathname": "/profile",
        "language": "ml",
        "referrer": "",
        "events": {
            "loadCount": 10,
            "visibilitychangeCount": 7,
            "resizeCount": 3,
            "focusCount": 6,
            "clickCount": 0,
            "blurCount": 7
        },
        "pageLoadTime": {
            "loadStart": 1726943400000,
            "loadEnd": 1726943400025
        },
        "productId": "TRK-Ob2CJVFgaau7",
        "pathCounts": {
            "/settings": 9,
            "/checkout": 10
        }
    }
]