[
    {
        "start": 1726857000,
        "end": 1726857960,
        "bounce": {
            "isBounced": true,
            "pathname": "/frontend/index.html"
        },
        "device": "Tablet",
        "browser": "Edge",
        "location": {
            "latitude": -34.757043,
            "longitude": -111.327735
        },
        "uniqueId": "80d8a76b-4c97-4a12-9ac3-02a6d37e11a9",
        "pathname": "/dashboard",
        "language": "ak",
        "referrer": "",
        "events": {
            "loadCount": 6,
            "visibilitychangeCount": 4,
            "resizeCount": 8,
            "focusCount": 10,
            "clickCount": 2,
            "blurCount": 0
        },
        "pageLoadTime": {
            "loadStart": 1726857000000,
            "loadEnd": 1726857000139
        },
        "productId": "TRK-89olAsKyNOG7",
        "pathCounts": {
            "/login": 8,
            "/profile": 8,
            "/home/dashboard": 9,
            "/settings": 3,
            "/home/create": 6
        }
    },
    {
        "start": 1726857000,
        "end": 1726859280,
        "bounce": {
            "isBounced": false,
            "pathname": "/frontend/index.html"
        },
        "device": "Mobile",
        "browser": "Edge",
        "location": {
            "latitude": -21.639484,
            "longitude": -34.782873
        },
        "uniqueId": "3ba5c0ca-2d1c-4d75-82b7-a2c821f2ea43",
        "pathname": "/dashboard",
        "language": "ml",
        "referrer": "",
        "events": {
            "loadCount": 5,
            "visibilitychangeCount": 1,
            "resizeCount": 2,
            "focusCount": 2,
            "clickCount": 8,
            "blurCount": 1
        },
        "pageLoadTime": {
            "loadStart": 1726857000000,
            "loadEnd": 1726857000006
        },
        "productId": "TRK-TlxlcwGkl19t",
        "pathCounts": {
            "/settings": 1,
            "/home/dashboard": 7,
            "/cart": 2,
            "/home/create": 7
        }
    },
    {
        "start": 1726857000,
        "end": 1726860600,
        "bounce": {
            "isBounced": false,
            "pathname": "/frontend/index.html"
        },
        "device": "Tablet",
        "browser": "Safari",
        "location": {
            "latitude": -36.8940285,
            "longitude": -133.824502
        },
        "uniqueId": "d86a654c-f156-4873-9fec-b758bd53146a",
        "pathname": "/frontend/index.html",
        "language": "mni",
        "referrer": "",
        "events": {
            "loadCount": 5,
            "visibilitychangeCount": 8,
            "resizeCount": 4,
            "focusCount": 5,
            "clickCount": 4,
            "blurCount": 0
        },
        "pageLoadTime": {
            "loadStart": 1726857000000,
            "loadEnd": 1726857000288
        },
        "productId": "TRK-Ob2CJVFgaau7",
        "pathCounts": {
            "/settings": 4,
            "/home/dashboard": 10
        }
    },
    {
        "start": 1726857000,
        "end": 1726859580,
        "bounce": {
            "isBounced": false,
            "pathname": "/frontend/index.html"
        },
        "device": "Laptop",
        "browser": "Edge",
        "location": {
            "latitude": 61.024543,
            "longitude": -123.719723
        },
        "uniqueId": "4f113d91-1e3e-46f7-a9ca-95f02de96297",
        "pathname": "/home",
        "language": "an",
        "referrer": "",
        "events": {
            "loadCount": 9,
            "visibilitychangeCount": 3,
            "resizeCount": 1,
            "focusCount": 6,
            "clickCount": 6,
            "blurCount": 7
        },
        "pageLoadTime": {
            "loadStart": 1726857000000,
            "loadEnd": 1726857000605
        },
        "productId": "TRK-89olAsKyNOG7",
        "pathCounts": {
            "/login": 8,
            "/profile": 3
        }
    },
    {
        "start": 1726857000,
        "end": 1726857060,
        "bounce": {
            "isBounced": false,
            "pathname": "/frontend/index.html"
        },
        "device": "Tablet",
        "browser": "Safari",
        "location": {
            "latitude": 1.7448885,
            "longitude": -97.958948
        },
        "uniqueId": "37f86d6c-c234-4339-9c0f-ec3bdaab8536",
        "pathname": "/dashboard",
        "language": "lb",
        "referrer": "",
        "events": {
            "loadCount": 1,
            "visibilitychangeCount": 7,
            "resizeCount": 6,
            "focusCount": 7,
            "clickCount": 9,
            "blurCount": 5
        },
        "pageLoadTime": {
            "loadStart": 1726857000000,
            "loadEnd": 1726857000703
        },
        "productId": "TRK-Ob2CJVFgaau7",
        "pathCounts": {
            "/profile": 4,
            "/login": 9,
            "/settings": 10,
            "/checkout": 10,
            "/home/dashboard": 5
        }
    },
    {
        "start": 1726857000,
        "end": 1726858560,
        "bounce": {
            "isBounced": true,
            "pathname": "/frontend/index.html"
        },
        "device": "Mobile",
        "browser": "Edge",
        "location": {
            "latitude": 74.197435,
            "longitude": 132.210116
        },
        "uniqueId": "5bde6480-0ab0-43b2-8529-ae22b458f836",
        "pathname": "/profile",
        "language": "sc",
        "referrer": "https://www.price.com/",
        "events": {
            "loadCount": 0,
            "visibilitychangeCount": 9,
            "resizeCount": 4,
            "focusCount": 7,
            "clickCount": 7,
            "blurCount": 6
        },
        "pageLoadTime": {
            "loadStart": 1726857000000,
            "loadEnd": 1726857000953
        },
        "productId": "TRK-TlxlcwGkl19t",
        "pathCounts": {
            "/login": 6,
            "/home/dashboard": 7,
            "/home/create": 1
        }
    },
    {
        "start": 1726857000,
        "end": 1726858260,
        "bounce": {
            "isBounced": false,
            "pathname": "/frontend/index.html"
        },
        "device": "Mobile",
        "browser": "Safari",
        "location": {
            "latitude": -12.7846825,
            "longitude": 97.317098
        },
        "uniqueId": "d86a654c-f156-4873-9fec-b758bd53146a",
        "pathname": "/frontend/index.html",
        "language": "ve",
        "referrer": "http://murphy.com/",
        "events": {
            "loadCount": 3,
            "visibilitychangeCount": 0,
            "resizeCount": 0,
            "focusCount": 1,
            "clickCount": 9,
            "blurCount": 7
        },
        "pageLoadTime": {
            "loadStart": 1726857000000,
            "loadEnd": 1726857000652
        },
        "productId": "TRK-Ob2CJVFgaau7",
        "pathCounts": {
            "/checkout": 3,
            "/home/create": 7,
            "/settings": 2,
            "/profile": 9,
            "/home": 2
        }
    },
    {
        "start": 1726857000,
        "end": 1726857420,
        "bounce": {
            "isBounced": false,
            "pathname": "/frontend/index.html"
        },
        "device": "Mobile",
        "browser": "Edge",
        "location": {
            "latitude": -35.491589,
            "longitude": 119.780444
        },
        "uniqueId": "111907fd-95b7-4729-a2af-e51ad656e288",
        "pathname": "/profile",
        "language": "ti",
        "referrer": "https://gallagher.net/",
        "events": {
            "loadCount": 6,
            "visibilitychangeCount": 9,
            "resizeCount": 3,
            "focusCount": 4,
            "clickCount": 5,
            "blurCount": 7
        },
        "pageLoadTime": {
            "loadStart": 1726857000000,
            "loadEnd": 1726857000455
        },
        "productId": "TRK-TlxlcwGkl19t",
        "pathCounts": {
            "/home/create": 8,
            "/home/dashboard": 2,
            "/profile": 2,
            "/home": 1
        }
    },
    {
        "start": 1726857000,
        "end": 1726857720,
        "bounce": {
            "isBounced": false,
            "pathname": "/frontend/index.html"
        },
        "device": "Mobile",
        "browser": "Edge",
        "location": {
            "latitude": -43.6174935,
            "longitude": -148.728732
        },
        "uniqueId": "aca50ebd-2a70-41b2-a3f9-1a2deecc8322",
        "pathname": "/settings",
        "language": "raj",
        "referrer": "https://www.lawrence.com/",
        "events": {
            "loadCount": 5,
            "visibilitychangeCount": 2,
            "resizeCount": 2,
            "focusCount": 10,
            "clickCount": 10,
            "blurCount": 4
        },
        "pageLoadTime": {
            "loadStart": 1726857000000,
            "loadEnd": 1726857000171
        },
        "productId": "TRK-Ob2CJVFgaau7",
        "pathCounts": {
            "/home": 10,
            "/profile": 2
        }
    },
    {
        "start": 1726857000,
        "end": 1726860240,
        "bounce": {
            "isBounced": true,
            "pathname": "/frontend/index.html"
        },
        "device": "Desktop",
        "browser": "Chrome",
        "location": {
            "latitude": -66.4516565,
            "longitude": -154.329418
        },
        "uniqueId": "77f0712b-554f-4c5c-9898-14e7c77b26a0",
        "pathname": "/dashboard",
        "language": "the",
        "referrer": "http://gonzalez.com/",
        "events": {
            "loadCount": 4,
            "visibilitychangeCount": 0,
            "resizeCount": 7,
            "focusCount": 6,
            "clickCount": 10,
            "blurCount": 8
        },
        "pageLoadTime": {
            "loadStart": 1726857000000,
            "loadEnd": 1726857000795
        },
        "productId": "TRK-89olAsKyNOG7",
        "pathCounts": {
            "/profile": 5,
            "/checkout": 1
        }
    },
    {
        "start": 1726857000,
        "end": 1726859460,
        "bounce": {
            "isBounced": true,
            "pathname": "/frontend/index.html"
        },
        "device": "Laptop",
        "browser": "Safari",
        "location": {
            "latitude": -28.827837,
            "longitude": -90.327331
        },
        "uniqueId": "f25d6d08-ed4a-4680-b7e3-94d4b30207df",
        "pathname": "/home",
        "language": "cv",
        "referrer": "http://www.finley.org/",
        "events": {
            "loadCount": 9,
            "visibilitychangeCount": 1,
            "resizeCount": 10,
            "focusCount": 4,
            "clickCount": 10,
            "blurCount": 10
        },
        "pageLoadTime": {
            "loadStart": 1726857000000,
            "loadEnd": 1726857000994
        },
        "productId": "TRK-89olAsKyNOG7",
        "pathCounts": {
            "/home/create": 1,
            "/profile": 5,
            "/home": 2
        }
    },
    {
        "start": 1726857000,
        "end": 1726858620,
        "bounce": {
            "isBounced": true,
            "pathname": "/frontend/index.html"
        },
        "device": "Desktop",
        "browser": "Mozilla",
        "location": {
            "latitude": -59.1066645,
            "longitude": -169.552572
        },
        "uniqueId": "31b1cad6-43b6-4fa7-95e5-7d79676b01e7",
        "pathname": "/dashboard",
        "language": "gl",
        "referrer": "",
        "events": {
            "loadCount": 9,
            "visibilitychangeCount": 3,
            "resizeCount": 1,
            "focusCount": 7,
            "clickCount": 3,
            "blurCount": 4
        },
        "pageLoadTime": {
            "loadStart": 1726857000000,
            "loadEnd": 1726857000817
        },
        "productId": "TRK-Ob2CJVFgaau7",
        "pathCounts": {
            "/settings": 3,
            "/login": 10,
            "/cart": 7,
            "/checkout": 8
        }
    },
    {
        "start": 1726857000,
        "end": 1726857060,
        "bounce": {
            "isBounced": false,
            "pathname": "/frontend/index.html"
        },
        "device": "Laptop",
        "browser": "Edge",
        "location": {
            "latitude": 27.2933635,
            "longitude": 26.009929
        },
        "uniqueId": "d86a654c-f156-4873-9fec-b758bd53146a",
        "pathname": "/settings",
        "language": "ht",
        "referrer": "http://strong-ruiz.com/",
        "events": {
            "loadCount": 5,
            "visibilitychangeCount": 2,
            "resizeCount": 10,
            "focusCount": 4,
            "clickCount": 2,
            "blurCount": 10
        },
        "pageLoadTime": {
            "loadStart": 1726857000000,
            "loadEnd": 1726857000517
        },
        "productId": "TRK-TlxlcwGkl19t",
        "pathCounts": {
            "/checkout": 3,
            "/home": 5,
            "/home/create": 4,
            "/settings": 2
        }
    },
    {
        "start": 1726857000,
        "end": 1726860360,
        "bounce": {
            "isBounced": false,
            "pathname": "/frontend/index.html"
        },
        "device": "Desktop",
        "browser": "Chrome",
        "location": {
            "latitude": 72.7621675,
            "longitude": -139.860372
        },
        "uniqueId": "9b47b488-09f3-4d00-a56c-8c970bdfab8e",
        "pathname": "/profile",
        "language": "gl",
        "referrer": "http://edwards-mcneil.com/",
        "events": {
            "loadCount": 0,
            "visibilitychangeCount": 9,
            "resizeCount": 3,
            "focusCount": 0,
            "clickCount": 8,
            "blurCount": 1
        },
        "pageLoadTime": {
            "loadStart": 1726857000000,
            "loadEnd": 1726857000570
        },
        "productId": "TRK-Ob2CJVFgaau7",
        "pathCounts": {
            "/home/dashboard": 1,
            "/checkout": 2,
            "/login": 3,
            "/home": 4
        }
    },
    {
        "start": 1726857000,
        "end": 1726858200,
        "bounce": {
            "isBounced": true,
            "pathname": "/frontend/index.html"
        },
        "device": "Mobile",
        "browser": "Mozilla",
        "location": {
            "latitude": -55.957243,
            "longitude": 26.562884
        },
        "uniqueId": "9b47b488-09f3-4d00-a56c-8c970bdfab8e",
        "pathname": "/frontend/index.html",
        "language": "bo",
        "referrer": "",
        "events": {
            "loadCount": 7,
            "visibilitychangeCount": 9,
            "resizeCount": 8,
            "focusCount": 3,
            "clickCount": 7,
            "blurCount": 4
        },
        "pageLoadTime": {
            "loadStart": 1726857000000,
            "loadEnd": 1726857000397
        },
        "productId": "TRK-89olAsKyNOG7",
        "pathCounts": {
            "/cart": 2,
            "/profile": 2,
            "/settings": 6,
            "/checkout": 5,
            "/home/create": 9,
            "/home/dashboard": 2
        }
    },
    {
        "start": 1726857000,
        "end": 1726859160,
        "bounce": {
            "isBounced": false,
            "pathname": "/frontend/index.html"
        },
        "device": "Tablet",
        "browser": "Edge",
        "location": {
            "latitude": 30.3433035,
            "longitude": 119.509944
        },
        "uniqueId": "3ba5c0ca-2d1c-4d75-82b7-a2c821f2ea43",
        "pathname": "/dashboard",
        "language": "bn",
        "referrer": "",
        "events": {
            "loadCount": 9,
            "visibilitychangeCount": 2,
            "resizeCount": 9,
            "focusCount": 9,
            "clickCount": 3,
            "blurCount": 2
        },
        "pageLoadTime": {
            "loadStart": 1726857000000,
            "loadEnd": 1726857000621
        },
        "productId": "TRK-Ob2CJVFgaau7",
        "pathCounts": {
            "/home": 10,
            "/home/dashboard": 2,
            "/checkout": 9
        }
    },
    {
        "start": 1726857000,
        "end": 1726859880,
        "bounce": {
            "isBounced": false,
            "pathname": "/frontend/index.html"
        },
        "device": "Tablet",
        "browser": "Safari",
        "location": {
            "latitude": 6.7316085,
            "longitude": 55.133443
        },
        "uniqueId": "aa76de66-83a4-4c21-92f5-cfe20525387a",
        "pathname": "/profile",
        "language": "sa",
        "referrer": "http://tucker.biz/",
        "events": {
            "loadCount": 3,
            "visibilitychangeCount": 8,
            "resizeCount": 6,
            "focusCount": 3,
            "clickCount": 1,
            "blurCount": 9
        },
        "pageLoadTime": {
            "loadStart": 1726857000000,
            "loadEnd": 1726857000224
        },
        "productId": "TRK-TlxlcwGkl19t",
        "pathCounts": {
            "/login": 7,
            "/settings": 10
        }
    },
    {
        "start": 1726857000,
        "end": 1726857360,
        "bounce": {
            "isBounced": true,
            "pathname": "/frontend/index.html"
        },
        "device": "Laptop",
        "browser": "Chrome",
        "location": {
            "latitude": -55.4527025,
            "longitude": -30.906059
        },
        "uniqueId": "4f113d91-1e3e-46f7-a9ca-95f02de96297",
        "pathname": "/settings",
        "language": "ak",
        "referrer": "",
        "events": {
            "loadCount": 6,
            "visibilitychangeCount": 6,
            "resizeCount": 3,
            "focusCount": 6,
            "clickCount": 10,
            "blurCount": 6
        },
        "pageLoadTime": {
            "loadStart": 1726857000000,
            "loadEnd": 1726857000053
        },
        "productId": "TRK-Ob2CJVFgaau7",
        "pathCounts": {
            "/home/dashboard": 7,
            "/home/create": 9,
            "/home": 10,
            "/profile": 8
        }
    },
    {
        "start": 1726857000,
        "end": 1726860540,
        "bounce": {
            "isBounced": true,
            "pathname": "/frontend/index.html"
        },
        "device": "Desktop",
        "browser": "Edge",
        "location": {
            "latitude": -66.830027,
            "longitude": -21.253082
        },
        "uniqueId": "31b1cad6-43b6-4fa7-95e5-7d79676b01e7",
        "pathname": "/settings",
        "language": "wae",
        "referrer": "http://www.deleon.com/",
        "events": {
            "loadCount": 3,
            "visibilitychangeCount": 2,
            "resizeCount": 5,
            "focusCount": 5,
            "clickCount": 1,
            "blurCount": 10
        },
        "pageLoadTime": {
            "loadStart": 1726857000000,
            "loadEnd": 1726857000949
        },
        "productId": "TRK-TlxlcwGkl19t",
        "pathCounts": {
            "/home/dashboard": 5,
            "/cart": 10,
            "/checkout": 4,
            "/settings": 9
        }
    }
]