[
    {
        "start": 1725733800,
        "end": 1725737400,
        "bounce": {
            "isBounced": false,
            "pathname": "/frontend/index.html"
        },
        "device": "Laptop",
        "browser": "Mozilla",
        "location": {
            "latitude": 74.0707635,
            "longitude": 23.978984
        },
        "uniqueId": "ca9d1f5f-925b-4a59-b362-4703a75ad77c",
        "pathname": "/settings",
        "language": "fo",
        "referrer": "",
        "events": {
            "loadCount": 5,
            "visibilitychangeCount": 0,
            "resizeCount": 10,
            "focusCount": 2,
            "clickCount": 3,
            "blurCount": 1
        },
        "pageLoadTime": {
            "loadStart": 1725733800000,
            "loadEnd": 1725733800537
        },
        "productId": "TRK-Ob2CJVFgaau7",
        "pathCounts": {
            "/settings": 1,
            "/profile": 6,
            "/checkout": 6,
            "/home/dashboard": 1,
            "/cart": 10
        }
    },
    {
        "start": 1725733800,
        "end": 1725735360,
        "bounce": {
            "isBounced": true,
            "pathname": "/frontend/index.html"
        },
        "device": "Tablet",
        "browser": "Chrome",
        "location": {
            "latitude": -33.8761165,
            "longitude": 69.024136
        },
        "uniqueId": "80d8a76b-4c97-4a12-9ac3-02a6d37e11a9",
        "pathname": "/profile",
        "language": "st",
        "referrer": "",
        "events": {
            "loadCount": 8,
            "visibilitychangeCount": 6,
            "resizeCount": 9,
            "focusCount": 7,
            "clickCount": 0,
            "blurCount": 6
        },
        "pageLoadTime": {
            "loadStart": 1725733800000,
            "loadEnd": 1725733800977
        },
        "productId": "TRK-89olAsKyNOG7",
        "pathCounts": {
            "/profile": 5,
            "/checkout": 10,
            "/login": 1
        }
    },
    {
        "start": 1725733800,
        "end": 1725736440,
        "bounce": {
            "isBounced": true,
            "pathname": "/frontend/index.html"
        },
        "device": "Desktop",
        "browser": "Mozilla",
        "location": {
            "latitude": 18.8244785,
            "longitude": 16.894184
        },
        "uniqueId": "f9c7e851-4d89-46ce-8678-25b88916a574",
        "pathname": "/frontend/index.html",
        "language": "ber",
        "referrer": "https://clark-taylor.com/",
        "events": {
            "loadCount": 7,
            "visibilitychangeCount": 9,
            "resizeCount": 1,
            "focusCount": 5,
            "clickCount": 7,
            "blurCount": 4
        },
        "pageLoadTime": {
            "loadStart": 1725733800000,
            "loadEnd": 1725733800876
        },
        "productId": "TRK-Ob2CJVFgaau7",
        "pathCounts": {
            "/home/create": 4,
            "/home": 4,
            "/login": 3
        }
    },
    {
        "start": 1725733800,
        "end": 1725734280,
        "bounce": {
            "isBounced": true,
            "pathname": "/frontend/index.html"
        },
        "device": "Mobile",
        "browser": "Edge",
        "location": {
            "latitude": -23.4746765,
            "longitude": 90.007113
        },
        "uniqueId": "aca50ebd-2a70-41b2-a3f9-1a2deecc8322",
        "pathname": "/settings",
        "language": "fr",
        "referrer": "http://www.wilson-sharp.com/",
        "events": {
            "loadCount": 7,
            "visibilitychangeCount": 1,
            "resizeCount": 7,
            "focusCount": 8,
            "clickCount": 7,
            "blurCount": 5
        },
        "pageLoadTime": {
            "loadStart": 1725733800000,
            "loadEnd": 1725733800961
        },
        "productId": "TRK-89olAsKyNOG7",
        "pathCounts": {
            "/home/dashboard": 8,
            "/home/create": 7,
            "/cart": 6,
            "/home": 2,
            "/settings": 1
        }
    },
    {
        "start": 1725733800,
        "end": 1725736980,
        "bounce": {
            "isBounced": false,
            "pathname": "/frontend/index.html"
        },
        "device": "Desktop",
        "browser": "Edge",
        "location": {
            "latitude": 36.36601,
            "longitude": 145.778778
        },
        "uniqueId": "4f113d91-1e3e-46f7-a9ca-95f02de96297",
        "pathname": "/dashboard",
        "language": "sq",
        "referrer": "",
        "events": {
            "loadCount": 10,
            "visibilitychangeCount": 0,
            "resizeCount": 3,
            "focusCount": 0,
            "clickCount": 8,
            "blurCount": 7
        },
        "pageLoadTime": {
            "loadStart": 1725733800000,
            "loadEnd": 1725733800557
        },
        "productId": "TRK-Ob2CJVFgaau7",
        "pathCounts": {
            "/checkout": 4,
            "/login": 5,
            "/profile": 9,
            "/cart": 3
        }
    },
    {
        "start": 1725733800,
        "end": 1725736320,
        "bounce": {
            "isBounced": false,
            "pathname": "/frontend/index.html"
        },
        "device": "Mobile",
        "browser": "Safari",
        "location": {
            "latitude": -25.841846,
            "longitude": 162.743666
        },
        "uniqueId": "111907fd-95b7-4729-a2af-e51ad656e288",
        "pathname": "/profile",
        "language": "wal",
        "referrer": "https://www.terry.com/",
        "events": {
            "loadCount": 9,
            "visibilitychangeCount": 1,
            "resizeCount": 7,
            "focusCount": 5,
            "clickCount": 3,
            "blurCount": 0
        },
        "pageLoadTime": {
            "loadStart": 1725733800000,
            "loadEnd": 1725733800363
        },
        "productId": "TRK-TlxlcwGkl19t",
        "pathCounts": {
            "/checkout": 1,
            "/home": 7,
            "/home/dashboard": 5
        }
    },
    {
        "start": 1725733800,
        "end": 1725733860,
        "bounce": {
            "isBounced": false,
            "pathname": "/frontend/index.html"
        },
        "device": "Mobile",
        "browser": "Safari",
        "location": {
            "latitude": 32.0154375,
            "longitude": -104.368892
        },
        "uniqueId": "3da55713-36de-4077-9d4d-626d934aafe0",
        "pathname": "/frontend/index.html",
        "language": "hr",
        "referrer": "",
        "events": {
            "loadCount": 10,
            "visibilitychangeCount": 1,
            "resizeCount": 5,
            "focusCount": 3,
            "clickCount": 3,
            "blurCount": 6
        },
        "pageLoadTime": {
            "loadStart": 1725733800000,
            "loadEnd": 1725733800141
        },
        "productId": "TRK-89olAsKyNOG7",
        "pathCounts": {
            "/settings": 8,
            "/login": 3,
            "/home/create": 3,
            "/home": 9
        }
    },
    {
        "start": 1725733800,
        "end": 1725737100,
        "bounce": {
            "isBounced": false,
            "pathname": "/frontend/index.html"
        },
        "device": "Desktop",
        "browser": "Edge",
        "location": {
            "latitude": 21.647317,
            "longitude": 14.315914
        },
        "uniqueId": "9b47b488-09f3-4d00-a56c-8c970bdfab8e",
        "pathname": "/dashboard",
        "language": "lt",
        "referrer": "http://www.barnett.com/",
        "events": {
            "loadCount": 8,
            "visibilitychangeCount": 7,
            "resizeCount": 10,
            "focusCount": 10,
            "clickCount": 3,
            "blurCount": 7
        },
        "pageLoadTime": {
            "loadStart": 1725733800000,
            "loadEnd": 1725733800033
        },
        "productId": "TRK-TlxlcwGkl19t",
        "pathCounts": {
            "/home": 10,
            "/profile": 4,
            "/home/dashboard": 10
        }
    },
    {
        "start": 1725733800,
        "end": 1725736320,
        "bounce": {
            "isBounced": true,
            "pathname": "/frontend/index.html"
        },
        "device": "Laptop",
        "browser": "Chrome",
        "location": {
            "latitude": 8.654632,
            "longitude": -103.187786
        },
        "uniqueId": "aa76de66-83a4-4c21-92f5-cfe20525387a",
        "pathname": "/dashboard",
        "language": "csb",
        "referrer": "",
        "events": {
            "loadCount": 8,
            "visibilitychangeCount": 7,
            "resizeCount": 10,
            "focusCount": 10,
            "clickCount": 10,
            "blurCount": 0
        },
        "pageLoadTime": {
            "loadStart": 1725733800000,
            "loadEnd": 1725733800745
        },
        "productId": "TRK-Ob2CJVFgaau7",
        "pathCounts": {
            "/settings": 10,
            "/login": 8,
            "/checkout": 4,
            "/home/create": 6
        }
    },
    {
        "start": 1725733800,
        "end": 1725735120,
        "bounce": {
            "isBounced": false,
            "pathname": "/frontend/index.html"
        },
        "device": "Mobile",
        "browser": "Safari",
        "location": {
            "latitude": -41.0999,
            "longitude": -74.149657
        },
        "uniqueId": "625ea2f3-d6f3-47f0-abd3-a204ea4eb491",
        "pathname": "/dashboard",
        "language": "ber",
        "referrer": "https://www.winters.com/",
        "events": {
            "loadCount": 3,
            "visibilitychangeCount": 2,
            "resizeCount": 10,
            "focusCount": 9,
            "clickCount": 0,
            "blurCount": 0
        },
        "pageLoadTime": {
            "loadStart": 1725733800000,
            "loadEnd": 1725733800552
        },
        "productId": "TRK-89olAsKyNOG7",
        "pathCounts": {
            "/home/dashboard": 5,
            "/cart": 8,
            "/login": 4
        }
    }
]