[
    {
        "start": 1735497000,
        "end": 1735498500,
        "bounce": {
            "isBounced": false,
            "pathname": "/frontend/index.html"
        },
        "device": "Laptop",
        "browser": "Mozilla",
        "location": {
            "latitude": -60.0563535,
            "longitude": 31.27824
        },
        "uniqueId": "111907fd-95b7-4729-a2af-e51ad656e288",
        "pathname": "/home",
        "language": "sc",
        "referrer": "https://www.foster-miller.com/",
        "events": {
            "loadCount": 8,
            "visibilitychangeCount": 3,
            "resizeCount": 3,
            "focusCount": 8,
            "clickCount": 4,
            "blurCount": 10
        },
        "pageLoadTime": {
            "loadStart": 1735497000000,
            "loadEnd": 1735497000996
        },
        "productId": "TRK-89olAsKyNOG7",
        "pathCounts": {
            "/home": 2,
            "/home/dashboard": 4
        }
    },
    {
        "start": 1735497000,
        "end": 1735497120,
        "bounce": {
            "isBounced": true,
            "pathname": "/frontend/index.html"
        },
        "device": "Tablet",
        "browser": "Safari",
        "location": {
            "latitude": -76.8983305,
            "longitude": 134.333958
        },
        "uniqueId": "d86a654c-f156-4873-9fec-b758bd53146a",
        "pathname": "/dashboard",
        "language": "sid",
        "referrer": "",
        "events": {
            "loadCount": 10,
            "visibilitychangeCount": 6,
            "resizeCount": 6,
            "focusCount": 3,
            "clickCount": 6,
            "blurCount": 5
        },
        "pageLoadTime": {
            "loadStart": 1735497000000,
            "loadEnd": 1735497000819
        },
        "productId": "TRK-TlxlcwGkl19t",
        "pathCounts": {
            "/settings": 3,
            "/login": 3,
            "/home/dashboard": 10,
            "/profile": 6
        }
    },
    {
        "start": 1735497000,
        "end": 1735499100,
        "bounce": {
            "isBounced": false,
            "pathname": "/frontend/index.html"
        },
        "device": "Laptop",
        "browser": "Edge",
        "location": {
            "latitude": -69.037285,
            "longitude": -96.214762
        },
        "uniqueId": "f25d6d08-ed4a-4680-b7e3-94d4b30207df",
        "pathname": "/home",
        "language": "si",
        "referrer": "",
        "events": {
            "loadCount": 0,
            "visibilitychangeCount": 4,
            "resizeCount": 3,
            "focusCount": 5,
            "clickCount": 2,
            "blurCount": 3
        },
        "pageLoadTime": {
            "loadStart": 1735497000000,
            "loadEnd": 1735497000511
        },
        "productId": "TRK-TlxlcwGkl19t",
        "pathCounts": {
            "/profile": 2,
            "/home": 1,
            "/home/create": 1,
            "/home/dashboard": 3
        }
    },
    {
        "start": 1735497000,
        "end": 1735498920,
        "bounce": {
            "isBounced": false,
            "pathname": "/frontend/index.html"
        },
        "device": "Mobile",
        "browser": "Chrome",
        "location": {
            "latitude": -37.27889,
            "longitude": 93.332493
        },
        "uniqueId": "3da55713-36de-4077-9d4d-626d934aafe0",
        "pathname": "/dashboard",
        "language": "nn",
        "referrer": "https://www.webster.com/",
        "events": {
            "loadCount": 8,
            "visibilitychangeCount": 1,
            "resizeCount": 10,
            "focusCount": 4,
            "clickCount": 1,
            "blurCount": 2
        },
        "pageLoadTime": {
            "loadStart": 1735497000000,
            "loadEnd": 1735497000570
        },
        "productId": "TRK-Ob2CJVFgaau7",
        "pathCounts": {
            "/home": 5,
            "/login": 5
        }
    },
    {
        "start": 1735497000,
        "end": 1735499700,
        "bounce": {
            "isBounced": false,
            "pathname": "/frontend/index.html"
        },
        "device": "Desktop",
        "browser": "Chrome",
        "location": {
            "latitude": -78.1442695,
            "longitude": -169.109696
        },
        "uniqueId": "37f86d6c-c234-4339-9c0f-ec3bdaab8536",
        "pathname": "/settings",
        "language": "mni",
        "referrer": "",
        "events": {
            "loadCount": 7,
            "visibilitychangeCount": 2,
            "resizeCount": 8,
            "focusCount": 1,
            "clickCount": 10,
            "blurCount": 1
        },
        "pageLoadTime": {
            "loadStart": 1735497000000,
            "loadEnd": 1735497000563
        },
        "productId": "TRK-TlxlcwGkl19t",
        "pathCounts": {
            "/home/dashboard": 5,
            "/settings": 1,
            "/home": 10,
            "/cart": 6,
            "/home/create": 6
        }
    },
    {
        "start": 1735497000,
        "end": 1735497600,
        "bounce": {
            "isBounced": false,
            "pathname": "/frontend/index.html"
        },
        "device": "Laptop",
        "browser": "Mozilla",
        "location": {
            "latitude": 25.2409265,
            "longitude": 167.622465
        },
        "uniqueId": "f9c7e851-4d89-46ce-8678-25b88916a574",
        "pathname": "/home",
        "language": "mag",
        "referrer": "",
        "events": {
            "loadCount": 4,
            "visibilitychangeCount": 4,
            "resizeCount": 10,
            "focusCount": 6,
            "clickCount": 10,
            "blurCount": 5
        },
        "pageLoadTime": {
            "loadStart": 1735497000000,
            "loadEnd": 1735497000943
        },
        "productId": "TRK-TlxlcwGkl19t",
        "pathCounts": {
            "/profile": 3,
            "/login": 4,
            "/cart": 7
        }
    },
    {
        "start": 1735497000,
        "end": 1735499100,
        "bounce": {
            "isBounced": false,
            "pathname": "/frontend/index.html"
        },
        "device": "Tablet",
        "browser": "Chrome",
        "location": {
            "latitude": -3.847047,
            "longitude": 161.363502
        },
        "uniqueId": "80d8a76b-4c97-4a12-9ac3-02a6d37e11a9",
        "pathname": "/profile",
        "language": "mt",
        "referrer": "https://summers.biz/",
        "events": {
            "loadCount": 3,
            "visibilitychangeCount": 10,
            "resizeCount": 3,
            "focusCount": 0,
            "clickCount": 1,
            "blurCount": 3
        },
        "pageLoadTime": {
            "loadStart": 1735497000000,
            "loadEnd": 1735497000791
        },
        "productId": "TRK-TlxlcwGkl19t",
        "pathCounts": {
            "/profile": 4,
            "/cart": 4,
            "/home": 4
        }
    },
    {
        "start": 1735497000,
        "end": 1735498140,
        "bounce": {
            "isBounced": false,
            "pathname": "/frontend/index.html"
        },
        "device": "Laptop",
        "browser": "Chrome",
        "location": {
            "latitude": -71.6723335,
            "longitude": 37.189477
        },
        "uniqueId": "d86a654c-f156-4873-9fec-b758bd53146a",
        "pathname": "/home",
        "language": "wa",
        "referrer": "",
        "events": {
            "loadCount": 6,
            "visibilitychangeCount": 5,
            "resizeCount": 0,
            "focusCount": 8,
            "clickCount": 10,
            "blurCount": 1
        },
        "pageLoadTime": {
            "loadStart": 1735497000000,
            "loadEnd": 1735497000052
        },
        "productId": "TRK-Ob2CJVFgaau7",
        "pathCounts": {
            "/cart": 9,
            "/login": 7,
            "/home/create": 10
        }
    },
    {
        "start": 1735497000,
        "end": 1735498680,
        "bounce": {
            "isBounced": false,
            "pathname": "/frontend/index.html"
        },
        "device": "Mobile",
        "browser": "Safari",
        "location": {
            "latitude": -69.688869,
            "longitude": 3.650032
        },
        "uniqueId": "37f86d6c-c234-4339-9c0f-ec3bdaab8536",
        "pathname": "/profile",
        "language": "ca",
        "referrer": "http://www.christian-bennett.com/",
        "events": {
            "loadCount": 7,
            "visibilitychangeCount": 0,
            "resizeCount": 2,
            "focusCount": 10,
            "clickCount": 10,
            "blurCount": 9
        },
        "pageLoadTime": {
            "loadStart": 1735497000000,
            "loadEnd": 1735497000406
        },
        "productId": "TRK-TlxlcwGkl19t",
        "pathCounts": {
            "/home": 3,
            "/settings": 10,
            "/home/dashboard": 6,
            "/checkout": 7,
            "/home/create": 9
        }
    },
    {
        "start": 1735497000,
        "end": 1735499940,
        "bounce": {
            "isBounced": true,
            "pathname": "/frontend/index.html"
        },
        "device": "Desktop",
        "browser": "Safari",
        "location": {
            "latitude": 73.208843,
            "longitude": -18.987875
        },
        "uniqueId": "f9c7e851-4d89-46ce-8678-25b88916a574",
        "pathname": "/frontend/index.html",
        "language": "lij",
        "referrer": "http://frank.org/",
        "events": {
            "loadCount": 2,
            "visibilitychangeCount": 8,
            "resizeCount": 8,
            "focusCount": 10,
            "clickCount": 9,
            "blurCount": 4
        },
        "pageLoadTime": {
            "loadStart": 1735497000000,
            "loadEnd": 1735497000683
        },
        "productId": "TRK-Ob2CJVFgaau7",
        "pathCounts": {
            "/home": 9,
            "/profile": 5,
            "/login": 4,
            "/checkout": 10
        }
    },
    {
        "start": 1735497000,
        "end": 1735498680,
        "bounce": {
            "isBounced": false,
            "pathname": "/frontend/index.html"
        },
        "device": "Laptop",
        "browser": "Edge",
        "location": {
            "latitude": -40.878362,
            "longitude": -135.776367
        },
        "uniqueId": "9ce1bf0b-8366-40e1-b77c-9493a981c91b",
        "pathname": "/frontend/index.html",
        "language": "dz",
        "referrer": "https://aguirre-snyder.info/",
        "events": {
            "loadCount": 2,
            "visibilitychangeCount": 8,
            "resizeCount": 8,
            "focusCount": 4,
            "clickCount": 6,
            "blurCount": 10
        },
        "pageLoadTime": {
            "loadStart": 1735497000000,
            "loadEnd": 1735497000362
        },
        "productId": "TRK-Ob2CJVFgaau7",
        "pathCounts": {
            "/home/dashboard": 4,
            "/home/create": 10,
            "/settings": 1
        }
    },
    {
        "start": 1735497000,
        "end": 1735498080,
        "bounce": {
            "isBounced": true,
            "pathname": "/frontend/index.html"
        },
        "device": "Laptop",
        "browser": "Mozilla",
        "location": {
            "latitude": 82.9597445,
            "longitude": 128.164723
        },
        "uniqueId": "9ce1bf0b-8366-40e1-b77c-9493a981c91b",
        "pathname": "/home",
        "language": "cmn",
        "referrer": "http://www.smith-anderson.com/",
        "events": {
            "loadCount": 3,
            "visibilitychangeCount": 7,
            "resizeCount": 3,
            "focusCount": 6,
            "clickCount": 3,
            "blurCount": 5
        },
        "pageLoadTime": {
            "loadStart": 1735497000000,
            "loadEnd": 1735497000438
        },
        "productId": "TRK-89olAsKyNOG7",
        "pathCounts": {
            "/checkout": 10,
            "/profile": 8,
            "/home/dashboard": 1,
            "/home": 4
        }
    },
    {
        "start": 1735497000,
        "end": 1735500180,
        "bounce": {
            "isBounced": true,
            "pathname": "/frontend/index.html"
        },
        "device": "Laptop",
        "browser": "Edge",
        "location": {
            "latitude": -37.895008,
            "longitude": -70.084603
        },
        "uniqueId": "9b47b488-09f3-4d00-a56c-8c970bdfab8e",
        "pathname": "/settings",
        "language": "fy",
        "referrer": "http://mcknight.biz/",
        "events": {
            "loadCount": 4,
            "visibilitychangeCount": 7,
            "resizeCount": 7,
            "focusCount": 9,
            "clickCount": 7,
            "blurCount": 4
        },
        "pageLoadTime": {
            "loadStart": 1735497000000,
            "loadEnd": 1735497000112
        },
        "productId": "TRK-Ob2CJVFgaau7",
        "pathCounts": {
            "/settings": 1,
            "/login": 7,
            "/home/dashboard": 4
        }
    },
    {
        "start": 1735497000,
        "end": 1735499820,
        "bounce": {
            "isBounced": false,
            "pathname": "/frontend/index.html"
        },
        "device": "Mobile",
        "browser": "Edge",
        "location": {
            "latitude": 81.4827385,
            "longitude": 115.647086
        },
        "uniqueId": "77f0712b-554f-4c5c-9898-14e7c77b26a0",
        "pathname": "/frontend/index.html",
        "language": "nhn",
        "referrer": "https://www.taylor.net/",
        "events": {
            "loadCount": 0,
            "visibilitychangeCount": 2,
            "resizeCount": 7,
            "focusCount": 9,
            "clickCount": 1,
            "blurCount": 5
        },
        "pageLoadTime": {
            "loadStart": 1735497000000,
            "loadEnd": 1735497000556
        },
        "productId": "TRK-TlxlcwGkl19t",
        "pathCounts": {
            "/home/dashboard": 2,
            "/checkout": 2
        }
    },
    {
        "start": 1735497000,
        "end": 1735498800,
        "bounce": {
            "isBounced": false,
            "pathname": "/frontend/index.html"
        },
        "device": "Laptop",
        "browser": "Mozilla",
        "location": {
            "latitude": -11.075636,
            "longitude": 13.083483
        },
        "uniqueId": "3da55713-36de-4077-9d4d-626d934aafe0",
        "pathname": "/dashboard",
        "language": "rw",
        "referrer": "http://wilcox.com/",
        "events": {
            "loadCount": 5,
            "visibilitychangeCount": 1,
            "resizeCount": 10,
            "focusCount": 3,
            "clickCount": 1,
            "blurCount": 6
        },
        "pageLoadTime": {
            "loadStart": 1735497000000,
            "loadEnd": 1735497000242
        },
        "productId": "TRK-89olAsKyNOG7",
        "pathCounts": {
            "/home/create": 2,
            "/home/dashboard": 2,
            "/home": 7,
            "/checkout": 6
        }
    }
]