[
    {
        "start": 1735583400,
        "end": 1735583700,
        "bounce": {
            "isBounced": false,
            "pathname": "/frontend/index.html"
        },
        "device": "Tablet",
        "browser": "Edge",
        "location": {
            "latitude": 14.352153,
            "longitude": -71.650394
        },
        "uniqueId": "3da55713-36de-4077-9d4d-626d934aafe0",
        "pathname": "/frontend/index.html",
        "language": "mk",
        "referrer": "https://www.anderson.org/",
        "events": {
            "loadCount": 3,
            "visibilitychangeCount": 6,
            "resizeCount": 7,
            "focusCount": 6,
            "clickCount": 0,
            "blurCount": 4
        },
        "pageLoadTime": {
            "loadStart": 1735583400000,
            "loadEnd": 1735583400347
        },
        "productId": "TRK-TlxlcwGkl19t",
        "pathCounts": {
            "/home": 10,
            "/home/dashboard": 9
        }
    },
    {
        "start": 1735583400,
        "end": 1735584600,
        "bounce": {
            "isBounced": true,
            "pathname": "/frontend/index.html"
        },
        "device": "Desktop",
        "browser": "Chrome",
        "location": {
            "latitude": -35.802824,
            "longitude": 108.797015
        },
        "uniqueId": "14ec54a1-24e9-462b-9378-3e9d812cba5a",
        "pathname": "/frontend/index.html",
        "language": "ku",
        "referrer": "https://adams-dodson.info/",
        "events": {
            "loadCount": 9,
            "visibilitychangeCount": 5,
            "resizeCount": 4,
            "focusCount": 0,
            "clickCount": 3,
            "blurCount": 3
        },
        "pageLoadTime": {
            "loadStart": 1735583400000,
            "loadEnd": 1735583400657
        },
        "productId": "TRK-89olAsKyNOG7",
        "pathCounts": {
            "/checkout": 5,
            "/cart": 3,
            "/home": 1
        }
    },
    {
        "start": 1735583400,
        "end": 1735584120,
        "bounce": {
            "isBounced": false,
            "pathname": "/frontend/index.html"
        },
        "device": "Mobile",
        "browser": "Safari",
        "location": {
            "latitude": 42.9298185,
            "longitude": -149.825342
        },
        "uniqueId": "d86a654c-f156-4873-9fec-b758bd53146a",
        "pathname": "/profile",
        "language": "is",
        "referrer": "https://www.adams.com/",
        "events": {
            "loadCount": 5,
            "visibilitychangeCount": 3,
            "resizeCount": 0,
            "focusCount": 4,
            "clickCount": 2,
            "blurCount": 2
        },
        "pageLoadTime": {
            "loadStart": 1735583400000,
            "loadEnd": 1735583400256
        },
        "productId": "TRK-TlxlcwGkl19t",
        "pathCounts": {
            "/profile": 7,
            "/home/create": 5,
            "/checkout": 3,
            "/cart": 2
        }
    },
    {
        "start": 1735583400,
        "end": 1735583880,
        "bounce": {
            "isBounced": false,
            "pathname": "/frontend/index.html"
        },
        "device": "Tablet",
        "browser": "Mozilla",
        "location": {
            "latitude": 77.8788025,
            "longitude": -95.532328
        },
        "uniqueId": "625ea2f3-d6f3-47f0-abd3-a204ea4eb491",
        "pathname": "/dashboard",
        "language": "gv",
        "referrer": "",
        "events": {
            "loadCount": 4,
            "visibilitychangeCount": 6,
            "resizeCount": 2,
            "focusCount": 8,
            "clickCount": 6,
            "blurCount": 10
        },
        "pageLoadTime": {
            "loadStart": 1735583400000,
            "loadEnd": 1735583400711
        },
        "productId": "TRK-Ob2CJVFgaau7",
        "pathCounts": {
            "/settings": 9,
            "/home": 2,
            "/cart": 2,
            "/home/dashboard": 2
        }
    },
    {
        "start": 1735583400,
        "end": 1735583700,
        "bounce": {
            "isBounced": true,
            "pathname": "/frontend/index.html"
        },
        "device": "Tablet",
        "browser": "Chrome",
        "location": {
            "latitude": -58.3415145,
            "longitude": 141.512549
        },
        "uniqueId": "80d8a76b-4c97-4a12-9ac3-02a6d37e11a9",
        "pathname": "/profile",
        "language": "hr",
        "referrer": "http://www.garcia.info/",
        "events": {
            "loadCount": 7,
            "visibilitychangeCount": 9,
            "resizeCount": 0,
            "focusCount": 7,
            "clickCount": 2,
            "blurCount": 2
        },
        "pageLoadTime": {
            "loadStart": 1735583400000,
            "loadEnd": 1735583400318
        },
        "productId": "TRK-89olAsKyNOG7",
        "pathCounts": {
            "/home/create": 8,
            "/settings": 7,
            "/profile": 5,
            "/home/dashboard": 2
        }
    },
    {
        "start": 1735583400,
        "end": 1735584360,
        "bounce": {
            "isBounced": true,
            "pathname": "/frontend/index.html"
        },
        "device": "Mobile",
        "browser": "Safari",
        "location": {
            "latitude": 83.8145465,
            "longitude": 149.389818
        },
        "uniqueId": "ca9d1f5f-925b-4a59-b362-4703a75ad77c",
        "pathname": "/frontend/index.html",
        "language": "pt",
        "referrer": "",
        "events": {
            "loadCount": 6,
            "visibilitychangeCount": 8,
            "resizeCount": 1,
            "focusCount": 4,
            "clickCount": 7,
            "blurCount": 7
        },
        "pageLoadTime": {
            "loadStart": 1735583400000,
            "loadEnd": 1735583400370
        },
        "productId": "TRK-TlxlcwGkl19t",
        "pathCounts": {
            "/settings": 5,
            "/home/create": 4,
            "/checkout": 4
        }
    },
    {
        "start": 1735583400,
        "end": 1735586040,
        "bounce": {
            "isBounced": true,
            "pathname": "/frontend/index.html"
        },
        "device": "Desktop",
        "browser": "Safari",
        "location": {
            "latitude": 36.5199905,
            "longitude": -88.651068
        },
        "uniqueId": "aa76de66-83a4-4c21-92f5-cfe20525387a",
        "pathname": "/profile",
        "language": "mag",
        "referrer": "https://taylor-reese.net/",
        "events": {
            "loadCount": 8,
            "visibilitychangeCount": 0,
            "resizeCount": 8,
            "focusCount": 6,
            "clickCount": 2,
            "blurCount": 9
        },
        "pageLoadTime": {
            "loadStart": 1735583400000,
            "loadEnd": 1735583400362
        },
        "productId": "TRK-89olAsKyNOG7",
        "pathCounts": {
            "/home/dashboard": 4,
            "/profile": 6,
            "/cart": 9
        }
    },
    {
        "start": 1735583400,
        "end": 1735585320,
        "bounce": {
            "isBounced": false,
            "pathname": "/frontend/index.html"
        },
        "device": "Mobile",
        "browser": "Safari",
        "location": {
            "latitude": -80.455594,
            "longitude": -14.441418
        },
        "uniqueId": "31b1cad6-43b6-4fa7-95e5-7d79676b01e7",
        "pathname": "/frontend/index.html",
        "language": "ts",
        "referrer": "https://www.duncan-callahan.com/",
        "events": {
            "loadCount": 9,
            "visibilitychangeCount": 2,
            "resizeCount": 8,
            "focusCount": 7,
            "clickCount": 0,
            "blurCount": 1
        },
        "pageLoadTime": {
            "loadStart": 1735583400000,
            "loadEnd": 1735583400246
        },
        "productId": "TRK-Ob2CJVFgaau7",
        "pathCounts": {
            "/checkout": 5,
            "/home/create": 9
        }
    },
    {
        "start": 1735583400,
        "end": 1735585500,
        "bounce": {
            "isBounced": true,
            "pathname": "/frontend/index.html"
        },
        "device": "Desktop",
        "browser": "Edge",
        "location": {
            "latitude": -5.663378,
            "longitude": -60.766695
        },
        "uniqueId": "d86a654c-f156-4873-9fec-b758bd53146a",
        "pathname": "/frontend/index.html",
        "language": "sw",
        "referrer": "",
        "events": {
            "loadCount": 2,
            "visibilitychangeCount": 10,
            "resizeCount": 1,
            "focusCount": 0,
            "clickCount": 0,
            "blurCount": 6
        },
        "pageLoadTime": {
            "loadStart": 1735583400000,
            "loadEnd": 1735583400804
        },
        "productId": "TRK-89olAsKyNOG7",
        "pathCounts": {
            "/home/dashboard": 1,
            "/profile": 6,
            "/checkout": 6,
            "/home": 2,
            "/settings": 3
        }
    },
    {
        "start": 1735583400,
        "end": 1735585260,
        "bounce": {
            "isBounced": false,
            "pathname": "/frontend/index.html"
        },
        "device": "Mobile",
        "browser": "Mozilla",
        "location": {
            "latitude": -50.4870155,
            "longitude": -34.784692
        },
        "uniqueId": "14ec54a1-24e9-462b-9378-3e9d812cba5a",
        "pathname": "/home",
        "language": "hne",
        "referrer": "",
        "events": {
            "loadCount": 6,
            "visibilitychangeCount": 5,
            "resizeCount": 1,
            "focusCount": 5,
            "clickCount": 1,
            "blurCount": 0
        },
        "pageLoadTime": {
            "loadStart": 1735583400000,
            "loadEnd": 1735583400458
        },
        "productId": "TRK-TlxlcwGkl19t",
        "pathCounts": {
            "/cart": 6,
            "/login": 9,
            "/home/dashboard": 7,
            "/home/create": 3
        }
    },
    {
        "start": 1735583400,
        "end": 1735586820,
        "bounce": {
            "isBounced": true,
            "pathname": "/frontend/index.html"
        },
        "device": "Desktop",
        "browser": "Mozilla",
        "location": {
            "latitude": 77.719046,
            "longitude": 58.501127
        },
        "uniqueId": "77f0712b-554f-4c5c-9898-14e7c77b26a0",
        "pathname": "/settings",
        "language": "eu",
        "referrer": "",
        "events": {
            "loadCount": 5,
            "visibilitychangeCount": 1,
            "resizeCount": 3,
            "focusCount": 2,
            "clickCount": 9,
            "blurCount": 1
        },
        "pageLoadTime": {
            "loadStart": 1735583400000,
            "loadEnd": 1735583400521
        },
        "productId": "TRK-TlxlcwGkl19t",
        "pathCounts": {
            "/home/dashboard": 10,
            "/cart": 8,
            "/checkout": 9,
            "/home": 6
        }
    },
    {
        "start": 1735583400,
        "end": 1735585620,
        "bounce": {
            "isBounced": true,
            "pathname": "/frontend/index.html"
        },
        "device": "Tablet",
        "browser": "Edge",
        "location": {
            "latitude": 28.548519,
            "longitude": -14.727698
        },
        "uniqueId": "9b47b488-09f3-4d00-a56c-8c970bdfab8e",
        "pathname": "/home",
        "language": "st",
        "referrer": "http://webster-reynolds.com/",
        "events": {
            "loadCount": 9,
            "visibilitychangeCount": 9,
            "resizeCount": 10,
            "focusCount": 6,
            "clickCount": 4,
            "blurCount": 7
        },
        "pageLoadTime": {
            "loadStart": 1735583400000,
            "loadEnd": 1735583400848
        },
        "productId": "TRK-Ob2CJVFgaau7",
        "pathCounts": {
            "/settings": 3,
            "/cart": 9,
            "/home": 10
        }
    },
    {
        "start": 1735583400,
        "end": 1735583640,
        "bounce": {
            "isBounced": false,
            "pathname": "/frontend/index.html"
        },
        "device": "Laptop",
        "browser": "Chrome",
        "location": {
            "latitude": 59.694045,
            "longitude": -105.461102
        },
        "uniqueId": "3ba5c0ca-2d1c-4d75-82b7-a2c821f2ea43",
        "pathname": "/frontend/index.html",
        "language": "zu",
        "referrer": "",
        "events": {
            "loadCount": 4,
            "visibilitychangeCount": 4,
            "resizeCount": 5,
            "focusCount": 8,
            "clickCount": 8,
            "blurCount": 8
        },
        "pageLoadTime": {
            "loadStart": 1735583400000,
            "loadEnd": 1735583400945
        },
        "productId": "TRK-Ob2CJVFgaau7",
        "pathCounts": {
            "/home/dashboard": 9,
            "/settings": 5,
            "/home/create": 5
        }
    },
    {
        "start": 1735583400,
        "end": 1735585740,
        "bounce": {
            "isBounced": false,
            "pathname": "/frontend/index.html"
        },
        "device": "Laptop",
        "browser": "Mozilla",
        "location": {
            "latitude": 49.178499,
            "longitude": -27.408845
        },
        "uniqueId": "aca50ebd-2a70-41b2-a3f9-1a2deecc8322",
        "pathname": "/home",
        "language": "ht",
        "referrer": "https://henderson.com/",
        "events": {
            "loadCount": 6,
            "visibilitychangeCount": 7,
            "resizeCount": 6,
            "focusCount": 6,
            "clickCount": 10,
            "blurCount": 1
        },
        "pageLoadTime": {
            "loadStart": 1735583400000,
            "loadEnd": 1735583400456
        },
        "productId": "TRK-TlxlcwGkl19t",
        "pathCounts": {
            "/home": 5,
            "/home/dashboard": 8,
            "/checkout": 9,
            "/login": 2
        }
    },
    {
        "start": 1735583400,
        "end": 1735586520,
        "bounce": {
            "isBounced": false,
            "pathname": "/frontend/index.html"
        },
        "device": "Laptop",
        "browser": "Safari",
        "location": {
            "latitude": 25.632608,
            "longitude": 69.737891
        },
        "uniqueId": "31b1cad6-43b6-4fa7-95e5-7d79676b01e7",
        "pathname": "/profile",
        "language": "am",
        "referrer": "http://www.fields.com/",
        "events": {
            "loadCount": 0,
            "visibilitychangeCount": 9,
            "resizeCount": 10,
            "focusCount": 0,
            "clickCount": 1,
            "blurCount": 9
        },
        "pageLoadTime": {
            "loadStart": 1735583400000,
            "loadEnd": 1735583400330
        },
        "productId": "TRK-Ob2CJVFgaau7",
        "pathCounts": {
            "/home/dashboard": 1,
            "/profile": 9,
            "/home": 5,
            "/settings": 7
        }
    },
    {
        "start": 1735583400,
        "end": 1735586820,
        "bounce": {
            "isBounced": false,
            "pathname": "/frontend/index.html"
        },
        "device": "Laptop",
        "browser": "Mozilla",
        "location": {
            "latitude": 59.272236,
            "longitude": 47.494573
        },
        "uniqueId": "9b47b488-09f3-4d00-a56c-8c970bdfab8e",
        "pathname": "/profile",
        "language": "byn",
        "referrer": "",
        "events": {
            "loadCount": 8,
            "visibilitychangeCount": 3,
            "resizeCount": 4,
            "focusCount": 0,
            "clickCount": 5,
            "blurCount": 6
        },
        "pageLoadTime": {
            "loadStart": 1735583400000,
            "loadEnd": 1735583400936
        },
        "productId": "TRK-TlxlcwGkl19t",
        "pathCounts": {
            "/cart": 9,
            "/settings": 7,
            "/home/dashboard": 1,
            "/home/create": 10,
            "/profile": 2
        }
    },
    {
        "start": 1735583400,
        "end": 1735585560,
        "bounce": {
            "isBounced": true,
            "pathname": "/frontend/index.html"
        },
        "device": "Tablet",
        "browser": "Mozilla",
        "location": {
            "latitude": -41.5266875,
            "longitude": 27.694533
        },
        "uniqueId": "111907fd-95b7-4729-a2af-e51ad656e288",
        "pathname": "/profile",
        "language": "lg",
        "referrer": "",
        "events": {
            "loadCount": 9,
            "visibilitychangeCount": 8,
            "resizeCount": 3,
            "focusCount": 8,
            "clickCount": 0,
            "blurCount": 2
        },
        "pageLoadTime": {
            "loadStart": 1735583400000,
            "loadEnd": 1735583400691
        },
        "productId": "TRK-Ob2CJVFgaau7",
        "pathCounts": {
            "/login": 8,
            "/checkout": 5,
            "/settings": 4,
            "/home/create": 4,
            "/home/dashboard": 5
        }
    }
]