[
    {
        "start": 1735324200,
        "end": 1735327200,
        "bounce": {
            "isBounced": true,
            "pathname": "/frontend/index.html"
        },
        "device": "Laptop",
        "browser": "Mozilla",
        "location": {
            "latitude": 40.596835,
            "longitude": 119.850162
        },
        "uniqueId": "31b1cad6-43b6-4fa7-95e5-7d79676b01e7",
        "pathname": "/profile",
        "language": "lzh",
        "referrer": "http://irwin-walker.net/",
        "events": {
            "loadCount": 6,
            "visibilitychangeCount": 3,
            "resizeCount": 4,
            "focusCount": 0,
            "clickCount": 1,
            "blurCount": 0
        },
        "pageLoadTime": {
            "loadStart": 1735324200000,
            "loadEnd": 1735324200392
        },
        "productId": "TRK-Ob2CJVFgaau7",
        "pathCounts": {
            "/profile": 5,
            "/home/dashboard": 1,
            "/home/create": 1,
            "/home": 3,
            "/settings": 3
        }
    },
    {
        "start": 1735324200,
        "end": 1735326540,
        "bounce": {
            "isBounced": true,
            "pathname": "/frontend/index.html"
        },
        "device": "Tablet",
        "browser": "Chrome",
        "location": {
            "latitude": -57.178985,
            "longitude": -57.799774
        },
        "uniqueId": "ffef8945-c190-4f95-930f-4e35c2e3a868",
        "pathname": "/frontend/index.html",
        "language": "wa",
        "referrer": "http://roberts.biz/",
        "events": {
            "loadCount": 10,
            "visibilitychangeCount": 4,
            "resizeCount": 6,
            "focusCount": 5,
            "clickCount": 5,
            "blurCount": 7
        },
        "pageLoadTime": {
            "loadStart": 1735324200000,
            "loadEnd": 1735324200260
        },
        "productId": "TRK-89olAsKyNOG7",
        "pathCounts": {
            "/home/dashboard": 7,
            "/checkout": 8,
            "/home": 9,
            "/profile": 10
        }
    },
    {
        "start": 1735324200,
        "end": 1735324860,
        "bounce": {
            "isBounced": false,
            "pathname": "/frontend/index.html"
        },
        "device": "Tablet",
        "browser": "Edge",
        "location": {
            "latitude": -28.714542,
            "longitude": 11.931621
        },
        "uniqueId": "80d8a76b-4c97-4a12-9ac3-02a6d37e11a9",
        "pathname": "/dashboard",
        "language": "ak",
        "referrer": "http://www.brown.com/",
        "events": {
            "loadCount": 9,
            "visibilitychangeCount": 8,
            "resizeCount": 4,
            "focusCount": 4,
            "clickCount": 0,
            "blurCount": 4
        },
        "pageLoadTime": {
            "loadStart": 1735324200000,
            "loadEnd": 1735324200395
        },
        "productId": "TRK-Ob2CJVFgaau7",
        "pathCounts": {
            "/home/create": 10,
            "/cart": 3
        }
    },
    {
        "start": 1735324200,
        "end": 1735326000,
        "bounce": {
            "isBounced": false,
            "pathname": "/frontend/index.html"
        },
        "device": "Laptop",
        "browser": "Chrome",
        "location": {
            "latitude": 71.682613,
            "longitude": -149.678492
        },
        "uniqueId": "3da55713-36de-4077-9d4d-626d934aafe0",
        "pathname": "/profile",
        "language": "kn",
        "referrer": "http://figueroa-moore.com/",
        "events": {
            "loadCount": 4,
            "visibilitychangeCount": 8,
            "resizeCount": 5,
            "focusCount": 2,
            "clickCount": 8,
            "blurCount": 8
        },
        "pageLoadTime": {
            "loadStart": 1735324200000,
            "loadEnd": 1735324200103
        },
        "productId": "TRK-Ob2CJVFgaau7",
        "pathCounts": {
            "/profile": 9,
            "/home/dashboard": 3
        }
    },
    {
        "start": 1735324200,
        "end": 1735325400,
        "bounce": {
            "isBounced": true,
            "pathname": "/frontend/index.html"
        },
        "device": "Tablet",
        "browser": "Mozilla",
        "location": {
            "latitude": -58.5415855,
            "longitude": -163.692188
        },
        "uniqueId": "ca9d1f5f-925b-4a59-b362-4703a75ad77c",
        "pathname": "/frontend/index.html",
        "language": "sw",
        "referrer": "",
        "events": {
            "loadCount": 7,
            "visibilitychangeCount": 8,
            "resizeCount": 7,
            "focusCount": 7,
            "clickCount": 1,
            "blurCount": 2
        },
        "pageLoadTime": {
            "loadStart": 1735324200000,
            "loadEnd": 1735324200763
        },
        "productId": "TRK-89olAsKyNOG7",
        "pathCounts": {
            "/cart": 7,
            "/checkout": 5,
            "/home/dashboard": 6
        }
    },
    {
        "start": 1735324200,
        "end": 1735326300,
        "bounce": {
            "isBounced": false,
            "pathname": "/frontend/index.html"
        },
        "device": "Laptop",
        "browser": "Chrome",
        "location": {
            "latitude": 37.4273935,
            "longitude": -96.074037
        },
        "uniqueId": "5bde6480-0ab0-43b2-8529-ae22b458f836",
        "pathname": "/home",
        "language": "nl",
        "referrer": "http://perry.com/",
        "events": {
            "loadCount": 10,
            "visibilitychangeCount": 3,
            "resizeCount": 4,
            "focusCount": 7,
            "clickCount": 8,
            "blurCount": 2
        },
        "pageLoadTime": {
            "loadStart": 1735324200000,
            "loadEnd": 1735324200823
        },
        "productId": "TRK-Ob2CJVFgaau7",
        "pathCounts": {
            "/checkout": 2,
            "/home/dashboard": 7,
            "/home": 8,
            "/settings": 6
        }
    },
    {
        "start": 1735324200,
        "end": 1735326420,
        "bounce": {
            "isBounced": false,
            "pathname": "/frontend/index.html"
        },
        "device": "Laptop",
        "browser": "Safari",
        "location": {
            "latitude": -22.8021525,
            "longitude": 79.107103
        },
        "uniqueId": "31b1cad6-43b6-4fa7-95e5-7d79676b01e7",
        "pathname": "/frontend/index.html",
        "language": "uk",
        "referrer": "",
        "events": {
            "loadCount": 3,
            "visibilitychangeCount": 3,
            "resizeCount": 1,
            "focusCount": 9,
            "clickCount": 2,
            "blurCount": 7
        },
        "pageLoadTime": {
            "loadStart": 1735324200000,
            "loadEnd": 1735324200533
        },
        "productId": "TRK-TlxlcwGkl19t",
        "pathCounts": {
            "/home": 9,
            "/cart": 9,
            "/login": 1,
            "/profile": 5
        }
    },
    {
        "start": 1735324200,
        "end": 1735326120,
        "bounce": {
            "isBounced": true,
            "pathname": "/frontend/index.html"
        },
        "device": "Mobile",
        "browser": "Safari",
        "location": {
            "latitude": -72.138701,
            "longitude": -152.904121
        },
        "uniqueId": "3ba5c0ca-2d1c-4d75-82b7-a2c821f2ea43",
        "pathname": "/profile",
        "language": "gd",
        "referrer": "",
        "events": {
            "loadCount": 0,
            "visibilitychangeCount": 4,
            "resizeCount": 8,
            "focusCount": 2,
            "clickCount": 0,
            "blurCount": 1
        },
        "pageLoadTime": {
            "loadStart": 1735324200000,
            "loadEnd": 1735324200143
        },
        "productId": "TRK-89olAsKyNOG7",
        "pathCounts": {
            "/profile": 9,
            "/checkout": 3,
            "/settings": 3
        }
    },
    {
        "start": 1735324200,
        "end": 1735325160,
        "bounce": {
            "isBounced": true,
            "pathname": "/frontend/index.html"
        },
        "device": "Laptop",
        "browser": "Edge",
        "location": {
            "latitude": 61.91398,
            "longitude": -158.57597
        },
        "uniqueId": "14ec54a1-24e9-462b-9378-3e9d812cba5a",
        "pathname": "/dashboard",
        "language": "et",
        "referrer": "https://www.meyer-smith.com/",
        "events": {
            "loadCount": 4,
            "visibilitychangeCount": 7,
            "resizeCount": 7,
            "focusCount": 3,
            "clickCount": 10,
            "blurCount": 7
        },
        "pageLoadTime": {
            "loadStart": 1735324200000,
            "loadEnd": 1735324200367
        },
        "productId": "TRK-TlxlcwGkl19t",
        "pathCounts": {
            "/profile": 2,
            "/cart": 6,
            "/home/create": 2,
            "/login": 9,
            "/settings": 9
        }
    }
]