[
    {
        "start": 1727807400,
        "end": 1727808780,
        "bounce": {
            "isBounced": false,
            "pathname": "/frontend/index.html"
        },
        "device": "Desktop",
        "browser": "Edge",
        "location": {
            "latitude": 65.303414,
            "longitude": 74.047509
        },
        "uniqueId": "111907fd-95b7-4729-a2af-e51ad656e288",
        "pathname": "/frontend/index.html",
        "language": "sk",
        "referrer": "https://williams.com/",
        "events": {
            "loadCount": 0,
            "visibilitychangeCount": 6,
            "resizeCount": 9,
            "focusCount": 7,
            "clickCount": 10,
            "blurCount": 1
        },
        "pageLoadTime": {
            "loadStart": 1727807400000,
            "loadEnd": 1727807400941
        },
        "productId": "TRK-89olAsKyNOG7",
        "pathCounts": {
            "/home/dashboard": 9,
            "/profile": 7,
            "/home": 3
        }
    },
    {
        "start": 1727807400,
        "end": 1727808360,
        "bounce": {
            "isBounced": false,
            "pathname": "/frontend/index.html"
        },
        "device": "Desktop",
        "browser": "Mozilla",
        "location": {
            "latitude": 66.8288345,
            "longitude": -51.781147
        },
        "uniqueId": "f25d6d08-ed4a-4680-b7e3-94d4b30207df",
        "pathname": "/settings",
        "language": "yue",
        "referrer": "http://porter-frazier.biz/",
        "events": {
            "loadCount": 5,
            "visibilitychangeCount": 2,
            "resizeCount": 3,
            "focusCount": 7,
            "clickCount": 4,
            "blurCount": 10
        },
        "pageLoadTime": {
            "loadStart": 1727807400000,
            "loadEnd": 1727807400990
        },
        "productId": "TRK-TlxlcwGkl19t",
        "pathCounts": {
            "/settings": 2,
            "/home": 9,
            "/login": 5,
            "/checkout": 6
        }
    },
    {
        "start": 1727807400,
        "end": 1727810460,
        "bounce": {
            "isBounced": true,
            "pathname": "/frontend/index.html"
        },
        "device": "Mobile",
        "browser": "Edge",
        "location": {
            "latitude": -46.023715,
            "longitude": 159.162173
        },
        "uniqueId": "9b47b488-09f3-4d00-a56c-8c970bdfab8e",
        "pathname": "/dashboard",
        "language": "bhb",
        "referrer": "https://www.anderson.net/",
        "events": {
            "loadCount": 4,
            "visibilitychangeCount": 0,
            "resizeCount": 6,
            "focusCount": 4,
            "clickCount": 9,
            "blurCount": 2
        },
        "pageLoadTime": {
            "loadStart": 1727807400000,
            "loadEnd": 1727807400956
        },
        "productId": "TRK-Ob2CJVFgaau7",
        "pathCounts": {
            "/home/create": 9,
            "/login": 2,
            "/checkout": 10,
            "/home/dashboard": 7,
            "/profile": 1
        }
    },
    {
        "start": 1727807400,
        "end": 1727810940,
        "bounce": {
            "isBounced": true,
            "pathname": "/frontend/index.html"
        },
        "device": "Desktop",
        "browser": "Chrome",
        "location": {
            "latitude": 62.4690705,
            "longitude": 107.832357
        },
        "uniqueId": "37f86d6c-c234-4339-9c0f-ec3bdaab8536",
        "pathname": "/frontend/index.html",
        "language": "bo",
        "referrer": "",
        "events": {
            "loadCount": 6,
            "visibilitychangeCount": 2,
            "resizeCount": 6,
            "focusCount": 8,
            "clickCount": 1,
            "blurCount": 7
        },
        "pageLoadTime": {
            "loadStart": 1727807400000,
            "loadEnd": 1727807400226
        },
        "productId": "TRK-89olAsKyNOG7",
        "pathCounts": {
            "/home/dashboard": 10,
            "/profile": 5,
            "/home/create": 1,
            "/login": 2,
            "/settings": 4
        }
    },
    {
        "start": 1727807400,
        "end": 1727808240,
        "bounce": {
            "isBounced": true,
            "pathname": "/frontend/index.html"
        },
        "device": "Tablet",
        "browser": "Edge",
        "location": {
            "latitude": 26.66364,
            "longitude": -118.361602
        },
        "uniqueId": "3da55713-36de-4077-9d4d-626d934aafe0",
        "pathname": "/profile",
        "language": "uz",
        "referrer": "",
        "events": {
            "loadCount": 7,
            "visibilitychangeCount": 10,
            "resizeCount": 0,
            "focusCount": 8,
            "clickCount": 3,
            "blurCount": 5
        },
        "pageLoadTime": {
            "loadStart": 1727807400000,
            "loadEnd": 1727807400109
        },
        "productId": "TRK-89olAsKyNOG7",
        "pathCounts": {
            "/home/dashboard": 8,
            "/home": 3,
            "/login": 7
        }
    },
    {
        "start": 1727807400,
        "end": 1727808300,
        "bounce": {
            "isBounced": true,
            "pathname": "/frontend/index.html"
        },
        "device": "Laptop",
        "browser": "Edge",
        "location": {
            "latitude": 77.956274,
            "longitude": -143.109024
        },
        "uniqueId": "31b1cad6-43b6-4fa7-95e5-7d79676b01e7",
        "pathname": "/settings",
        "language": "ko",
        "referrer": "",
        "events": {
            "loadCount": 5,
            "visibilitychangeCount": 0,
            "resizeCount": 0,
            "focusCount": 5,
            "clickCount": 9,
            "blurCount": 5
        },
        "pageLoadTime": {
            "loadStart": 1727807400000,
            "loadEnd": 1727807400022
        },
        "productId": "TRK-TlxlcwGkl19t",
        "pathCounts": {
            "/cart": 8,
            "/home/dashboard": 1,
            "/login": 7
        }
    },
    {
        "start": 1727807400,
        "end": 1727807700,
        "bounce": {
            "isBounced": true,
            "pathname": "/frontend/index.html"
        },
        "device": "Desktop",
        "browser": "Mozilla",
        "location": {
            "latitude": -66.107476,
            "longitude": -9.740216
        },
        "uniqueId": "77f0712b-554f-4c5c-9898-14e7c77b26a0",
        "pathname": "/profile",
        "language": "ar",
        "referrer": "",
        "events": {
            "loadCount": 2,
            "visibilitychangeCount": 2,
            "resizeCount": 3,
            "focusCount": 2,
            "clickCount": 8,
            "blurCount": 5
        },
        "pageLoadTime": {
            "loadStart": 1727807400000,
            "loadEnd": 1727807400107
        },
        "productId": "TRK-89olAsKyNOG7",
        "pathCounts": {
            "/home/dashboard": 7,
            "/checkout": 3,
            "/home/create": 5
        }
    },
    {
        "start": 1727807400,
        "end": 1727807940,
        "bounce": {
            "isBounced": false,
            "pathname": "/frontend/index.html"
        },
        "device": "Tablet",
        "browser": "Mozilla",
        "location": {
            "latitude": 53.140041,
            "longitude": 159.098906
        },
        "uniqueId": "5bde6480-0ab0-43b2-8529-ae22b458f836",
        "pathname": "/settings",
        "language": "brx",
        "referrer": "",
        "events": {
            "loadCount": 7,
            "visibilitychangeCount": 5,
            "resizeCount": 6,
            "focusCount": 1,
            "clickCount": 10,
            "blurCount": 5
        },
        "pageLoadTime": {
            "loadStart": 1727807400000,
            "loadEnd": 1727807400953
        },
        "productId": "TRK-89olAsKyNOG7",
        "pathCounts": {
            "/home": 7,
            "/home/create": 10,
            "/cart": 4,
            "/checkout": 2,
            "/profile": 5
        }
    },
    {
        "start": 1727807400,
        "end": 1727809680,
        "bounce": {
            "isBounced": true,
            "pathname": "/frontend/index.html"
        },
        "device": "Desktop",
        "browser": "Edge",
        "location": {
            "latitude": -31.073145,
            "longitude": -165.325654
        },
        "uniqueId": "31b1cad6-43b6-4fa7-95e5-7d79676b01e7",
        "pathname": "/home",
        "language": "unm",
        "referrer": "",
        "events": {
            "loadCount": 10,
            "visibilitychangeCount": 6,
            "resizeCount": 1,
            "focusCount": 5,
            "clickCount": 0,
            "blurCount": 9
        },
        "pageLoadTime": {
            "loadStart": 1727807400000,
            "loadEnd": 1727807400179
        },
        "productId": "TRK-89olAsKyNOG7",
        "pathCounts": {
            "/checkout": 7,
            "/home/dashboard": 2,
            "/cart": 7
        }
    }
]