[
    {
        "start": 1728844200,
        "end": 1728846240,
        "bounce": {
            "isBounced": true,
            "pathname": "/frontend/index.html"
        },
        "device": "Mobile",
        "browser": "Mozilla",
        "location": {
            "latitude": 19.6316875,
            "longitude": 38.662427
        },
        "uniqueId": "aa76de66-83a4-4c21-92f5-cfe20525387a",
        "pathname": "/profile",
        "language": "ak",
        "referrer": "",
        "events": {
            "loadCount": 7,
            "visibilitychangeCount": 5,
            "resizeCount": 0,
            "focusCount": 7,
            "clickCount": 6,
            "blurCount": 7
        },
        "pageLoadTime": {
            "loadStart": 1728844200000,
            "loadEnd": 1728844200348
        },
        "productId": "TRK-Ob2CJVFgaau7",
        "pathCounts": {
            "/settings": 3,
            "/login": 3,
            "/home/create": 7
        }
    },
    {
        "start": 1728844200,
        "end": 1728846240,
        "bounce": {
            "isBounced": false,
            "pathname": "/frontend/index.html"
        },
        "device": "Mobile",
        "browser": "Mozilla",
        "location": {
            "latitude": -52.6694425,
            "longitude": -69.29448
        },
        "uniqueId": "f25d6d08-ed4a-4680-b7e3-94d4b30207df",
        "pathname": "/home",
        "language": "hy",
        "referrer": "https://www.chavez.com/",
        "events": {
            "loadCount": 3,
            "visibilitychangeCount": 0,
            "resizeCount": 9,
            "focusCount": 3,
            "clickCount": 2,
            "blurCount": 7
        },
        "pageLoadTime": {
            "loadStart": 1728844200000,
            "loadEnd": 1728844200380
        },
        "productId": "TRK-TlxlcwGkl19t",
        "pathCounts": {
            "/home/dashboard": 2,
            "/profile": 9,
            "/cart": 10
        }
    },
    {
        "start": 1728844200,
        "end": 1728844920,
        "bounce": {
            "isBounced": false,
            "pathname": "/frontend/index.html"
        },
        "device": "Laptop",
        "browser": "Edge",
        "location": {
            "latitude": 21.4366835,
            "longitude": -14.816799
        },
        "uniqueId": "31b1cad6-43b6-4fa7-95e5-7d79676b01e7",
        "pathname": "/frontend/index.html",
        "language": "ti",
        "referrer": "",
        "events": {
            "loadCount": 6,
            "visibilitychangeCount": 2,
            "resizeCount": 3,
            "focusCount": 4,
            "clickCount": 8,
            "blurCount": 6
        },
        "pageLoadTime": {
            "loadStart": 1728844200000,
            "loadEnd": 1728844200060
        },
        "productId": "TRK-89olAsKyNOG7",
        "pathCounts": {
            "/home/dashboard": 9,
            "/cart": 3,
            "/checkout": 5
        }
    },
    {
        "start": 1728844200,
        "end": 1728847380,
        "bounce": {
            "isBounced": true,
            "pathname": "/frontend/index.html"
        },
        "device": "Tablet",
        "browser": "Chrome",
        "location": {
            "latitude": 2.294131,
            "longitude": 57.814001
        },
        "uniqueId": "ca9d1f5f-925b-4a59-b362-4703a75ad77c",
        "pathname": "/frontend/index.html",
        "language": "om",
        "referrer": "",
        "events": {
            "loadCount": 2,
            "visibilitychangeCount": 8,
            "resizeCount": 10,
            "focusCount": 2,
            "clickCount": 0,
            "blurCount": 0
        },
        "pageLoadTime": {
            "loadStart": 1728844200000,
            "loadEnd": 1728844200923
        },
        "productId": "TRK-Ob2CJVFgaau7",
        "pathCounts": {
            "/login": 8,
            "/checkout": 3,
            "/home/create": 4,
            "/settings": 8
        }
    },
    {
        "start": 1728844200,
        "end": 1728847080,
        "bounce": {
            "isBounced": false,
            "pathname": "/frontend/index.html"
        },
        "device": "Desktop",
        "browser": "Mozilla",
        "location": {
            "latitude": -88.588595,
            "longitude": 151.073486
        },
        "uniqueId": "aca50ebd-2a70-41b2-a3f9-1a2deecc8322",
        "pathname": "/frontend/index.html",
        "language": "ss",
        "referrer": "",
        "events": {
            "loadCount": 3,
            "visibilitychangeCount": 8,
            "resizeCount": 1,
            "focusCount": 4,
            "clickCount": 3,
            "blurCount": 3
        },
        "pageLoadTime": {
            "loadStart": 1728844200000,
            "loadEnd": 1728844200099
        },
        "productId": "TRK-Ob2CJVFgaau7",
        "pathCounts": {
            "/login": 10,
            "/settings": 10,
            "/checkout": 2
        }
    },
    {
        "start": 1728844200,
        "end": 1728846300,
        "bounce": {
            "isBounced": false,
            "pathname": "/frontend/index.html"
        },
        "device": "Mobile",
        "browser": "Safari",
        "location": {
            "latitude": 46.3536865,
            "longitude": -5.365518
        },
        "uniqueId": "111907fd-95b7-4729-a2af-e51ad656e288",
        "pathname": "/dashboard",
        "language": "da",
        "referrer": "https://gardner.biz/",
        "events": {
            "loadCount": 9,
            "visibilitychangeCount": 10,
            "resizeCount": 7,
            "focusCount": 6,
            "clickCount": 0,
            "blurCount": 4
        },
        "pageLoadTime": {
            "loadStart": 1728844200000,
            "loadEnd": 1728844200493
        },
        "productId": "TRK-TlxlcwGkl19t",
        "pathCounts": {
            "/home/create": 6,
            "/login": 5,
            "/home": 10
        }
    },
    {
        "start": 1728844200,
        "end": 1728845160,
        "bounce": {
            "isBounced": true,
            "pathname": "/frontend/index.html"
        },
        "device": "Desktop",
        "browser": "Edge",
        "location": {
            "latitude": -55.523012,
            "longitude": -82.359686
        },
        "uniqueId": "9b47b488-09f3-4d00-a56c-8c970bdfab8e",
        "pathname": "/home",
        "language": "tl",
        "referrer": "",
        "events": {
            "loadCount": 9,
            "visibilitychangeCount": 2,
            "resizeCount": 0,
            "focusCount": 3,
            "clickCount": 10,
            "blurCount": 1
        },
        "pageLoadTime": {
            "loadStart": 1728844200000,
            "loadEnd": 1728844200847
        },
        "productId": "TRK-89olAsKyNOG7",
        "pathCounts": {
            "/settings": 3,
            "/cart": 10,
            "/home": 7,
            "/login": 2
        }
    },
    {
        "start": 1728844200,
        "end": 1728845280,
        "bounce": {
            "isBounced": false,
            "pathname": "/frontend/index.html"
        },
        "device": "Tablet",
        "browser": "Chrome",
        "location": {
            "latitude": -50.3518465,
            "longitude": -103.111743
        },
        "uniqueId": "d86a654c-f156-4873-9fec-b758bd53146a",
        "pathname": "/home",
        "language": "fa",
        "referrer": "https://wolfe-manning.com/",
        "events": {
            "loadCount": 7,
            "visibilitychangeCount": 5,
            "resizeCount": 7,
            "focusCount": 7,
            "clickCount": 7,
            "blurCount": 1
        },
        "pageLoadTime": {
            "loadStart": 1728844200000,
            "loadEnd": 1728844200949
        },
        "productId": "TRK-89olAsKyNOG7",
        "pathCounts": {
            "/cart": 4,
            "/home/dashboard": 3,
            "/checkout": 2,
            "/login": 9
        }
    },
    {
        "start": 1728844200,
        "end": 1728847440,
        "bounce": {
            "isBounced": true,
            "pathname": "/frontend/index.html"
        },
        "device": "Tablet",
        "browser": "Mozilla",
        "location": {
            "latitude": -42.481192,
            "longitude": -162.656504
        },
        "uniqueId": "3ba5c0ca-2d1c-4d75-82b7-a2c821f2ea43",
        "pathname": "/dashboard",
        "language": "ig",
        "referrer": "",
        "events": {
            "loadCount": 4,
            "visibilitychangeCount": 6,
            "resizeCount": 3,
            "focusCount": 5,
            "clickCount": 3,
            "blurCount": 3
        },
        "pageLoadTime": {
            "loadStart": 1728844200000,
            "loadEnd": 1728844200422
        },
        "productId": "TRK-Ob2CJVFgaau7",
        "pathCounts": {
            "/home/dashboard": 6,
            "/cart": 9,
            "/home/create": 2
        }
    },
    {
        "start": 1728844200,
        "end": 1728844920,
        "bounce": {
            "isBounced": false,
            "pathname": "/frontend/index.html"
        },
        "device": "Laptop",
        "browser": "Chrome",
        "location": {
            "latitude": -81.004164,
            "longitude": 26.342327
        },
        "uniqueId": "14ec54a1-24e9-462b-9378-3e9d812cba5a",
        "pathname": "/profile",
        "language": "fi",
        "referrer": "http://www.price-murphy.org/",
        "events": {
            "loadCount": 9,
            "visibilitychangeCount": 4,
            "resizeCount": 8,
            "focusCount": 1,
            "clickCount": 3,
            "blurCount": 9
        },
        "pageLoadTime": {
            "loadStart": 1728844200000,
            "loadEnd": 1728844200292
        },
        "productId": "TRK-TlxlcwGkl19t",
        "pathCounts": {
            "/home/create": 2,
            "/profile": 8,
            "/settings": 2,
            "/cart": 3
        }
    },
    {
        "start": 1728844200,
        "end": 1728844500,
        "bounce": {
            "isBounced": true,
            "pathname": "/frontend/index.html"
        },
        "device": "Tablet",
        "browser": "Edge",
        "location": {
            "latitude": 56.6825935,
            "longitude": -50.526992
        },
        "uniqueId": "80d8a76b-4c97-4a12-9ac3-02a6d37e11a9",
        "pathname": "/dashboard",
        "language": "pt",
        "referrer": "",
        "events": {
            "loadCount": 8,
            "visibilitychangeCount": 7,
            "resizeCount": 3,
            "focusCount": 7,
            "clickCount": 0,
            "blurCount": 7
        },
        "pageLoadTime": {
            "loadStart": 1728844200000,
            "loadEnd": 1728844200960
        },
        "productId": "TRK-Ob2CJVFgaau7",
        "pathCounts": {
            "/home/create": 3,
            "/cart": 10,
            "/home": 6
        }
    },
    {
        "start": 1728844200,
        "end": 1728847380,
        "bounce": {
            "isBounced": true,
            "pathname": "/frontend/index.html"
        },
        "device": "Tablet",
        "browser": "Safari",
        "location": {
            "latitude": 43.4334275,
            "longitude": -87.31584
        },
        "uniqueId": "3ba5c0ca-2d1c-4d75-82b7-a2c821f2ea43",
        "pathname": "/home",
        "language": "oc",
        "referrer": "",
        "events": {
            "loadCount": 9,
            "visibilitychangeCount": 7,
            "resizeCount": 0,
            "focusCount": 5,
            "clickCount": 4,
            "blurCount": 10
        },
        "pageLoadTime": {
            "loadStart": 1728844200000,
            "loadEnd": 1728844200237
        },
        "productId": "TRK-TlxlcwGkl19t",
        "pathCounts": {
            "/home/dashboard": 1,
            "/cart": 10
        }
    },
    {
        "start": 1728844200,
        "end": 1728846360,
        "bounce": {
            "isBounced": false,
            "pathname": "/frontend/index.html"
        },
        "device": "Mobile",
        "browser": "Edge",
        "location": {
            "latitude": -42.8750435,
            "longitude": 91.588029
        },
        "uniqueId": "625ea2f3-d6f3-47f0-abd3-a204ea4eb491",
        "pathname": "/dashboard",
        "language": "af",
        "referrer": "",
        "events": {
            "loadCount": 9,
            "visibilitychangeCount": 1,
            "resizeCount": 5,
            "focusCount": 9,
            "clickCount": 9,
            "blurCount": 6
        },
        "pageLoadTime": {
            "loadStart": 1728844200000,
            "loadEnd": 1728844200567
        },
        "productId": "TRK-Ob2CJVFgaau7",
        "pathCounts": {
            "/home": 2,
            "/checkout": 1,
            "/login": 10,
            "/cart": 7
        }
    },
    {
        "start": 1728844200,
        "end": 1728847140,
        "bounce": {
            "isBounced": true,
            "pathname": "/frontend/index.html"
        },
        "device": "Laptop",
        "browser": "Safari",
        "location": {
            "latitude": 52.006066,
            "longitude": 83.471113
        },
        "uniqueId": "f9c7e851-4d89-46ce-8678-25b88916a574",
        "pathname": "/home",
        "language": "br",
        "referrer": "",
        "events": {
            "loadCount": 2,
            "visibilitychangeCount": 7,
            "resizeCount": 3,
            "focusCount": 4,
            "clickCount": 3,
            "blurCount": 9
        },
        "pageLoadTime": {
            "loadStart": 1728844200000,
            "loadEnd": 1728844200507
        },
        "productId": "TRK-TlxlcwGkl19t",
        "pathCounts": {
            "/profile": 4,
            "/home": 4
        }
    },
    {
        "start": 1728844200,
        "end": 1728844860,
        "bounce": {
            "isBounced": true,
            "pathname": "/frontend/index.html"
        },
        "device": "Laptop",
        "browser": "Chrome",
        "location": {
            "latitude": -65.4129,
            "longitude": 135.25431
        },
        "uniqueId": "aca50ebd-2a70-41b2-a3f9-1a2deecc8322",
        "pathname": "/home",
        "language": "es",
        "referrer": "http://www.wilson-clark.com/",
        "events": {
            "loadCount": 8,
            "visibilitychangeCount": 8,
            "resizeCount": 2,
            "focusCount": 6,
            "clickCount": 1,
            "blurCount": 0
        },
        "pageLoadTime": {
            "loadStart": 1728844200000,
            "loadEnd": 1728844200505
        },
        "productId": "TRK-TlxlcwGkl19t",
        "pathCounts": {
            "/cart": 1,
            "/settings": 6,
            "/checkout": 7,
            "/home/dashboard": 7,
            "/profile": 2
        }
    },
    {
        "start": 1728844200,
        "end": 1728847800,
        "bounce": {
            "isBounced": false,
            "pathname": "/frontend/index.html"
        },
        "device": "Desktop",
        "browser": "Edge",
        "location": {
            "latitude": 55.961259,
            "longitude": 151.081526
        },
        "uniqueId": "80d8a76b-4c97-4a12-9ac3-02a6d37e11a9",
        "pathname": "/profile",
        "language": "ckb",
        "referrer": "https://nixon.com/",
        "events": {
            "loadCount": 4,
            "visibilitychangeCount": 9,
            "resizeCount": 4,
            "focusCount": 4,
            "clickCount": 10,
            "blurCount": 2
        },
        "pageLoadTime": {
            "loadStart": 1728844200000,
            "loadEnd": 1728844200590
        },
        "productId": "TRK-Ob2CJVFgaau7",
        "pathCounts": {
            "/checkout": 1,
            "/login": 9,
            "/home/dashboard": 5,
            "/cart": 2,
            "/home/create": 7
        }
    },
    {
        "start": 1728844200,
        "end": 1728847320,
        "bounce": {
            "isBounced": true,
            "pathname": "/frontend/index.html"
        },
        "device": "Desktop",
        "browser": "Edge",
        "location": {
            "latitude": 85.6402645,
            "longitude": 100.11677
        },
        "uniqueId": "ffef8945-c190-4f95-930f-4e35c2e3a868",
        "pathname": "/settings",
        "language": "ht",
        "referrer": "",
        "events": {
            "loadCount": 7,
            "visibilitychangeCount": 4,
            "resizeCount": 2,
            "focusCount": 1,
            "clickCount": 2,
            "blurCount": 1
        },
        "pageLoadTime": {
            "loadStart": 1728844200000,
            "loadEnd": 1728844200173
        },
        "productId": "TRK-Ob2CJVFgaau7",
        "pathCounts": {
            "/login": 6,
            "/cart": 6,
            "/profile": 6
        }
    },
    {
        "start": 1728844200,
        "end": 1728845160,
        "bounce": {
            "isBounced": true,
            "pathname": "/frontend/index.html"
        },
        "device": "Tablet",
        "browser": "Mozilla",
        "location": {
            "latitude": 23.1845365,
            "longitude": -119.184573
        },
        "uniqueId": "37f86d6c-c234-4339-9c0f-ec3bdaab8536",
        "pathname": "/dashboard",
        "language": "tk",
        "referrer": "http://www.durham.biz/",
        "events": {
            "loadCount": 5,
            "visibilitychangeCount": 2,
            "resizeCount": 9,
            "focusCount": 5,
            "clickCount": 6,
            "blurCount": 8
        },
        "pageLoadTime": {
            "loadStart": 1728844200000,
            "loadEnd": 1728844200112
        },
        "productId": "TRK-TlxlcwGkl19t",
        "pathCounts": {
            "/cart": 4,
            "/profile": 4
        }
    },
    {
        "start": 1728844200,
        "end": 1728845340,
        "bounce": {
            "isBounced": false,
            "pathname": "/frontend/index.html"
        },
        "device": "Laptop",
        "browser": "Safari",
        "location": {
            "latitude": 70.918409,
            "longitude": -165.72787
        },
        "uniqueId": "3da55713-36de-4077-9d4d-626d934aafe0",
        "pathname": "/frontend/index.html",
        "language": "id",
        "referrer": "http://www.jones.biz/",
        "events": {
            "loadCount": 9,
            "visibilitychangeCount": 0,
            "resizeCount": 4,
            "focusCount": 7,
            "clickCount": 8,
            "blurCount": 1
        },
        "pageLoadTime": {
            "loadStart": 1728844200000,
            "loadEnd": 1728844200750
        },
        "productId": "TRK-TlxlcwGkl19t",
        "pathCounts": {
            "/profile": 8,
            "/checkout": 7,
            "/home/dashboard": 7
        }
    },
    {
        "start": 1728844200,
        "end": 1728847320,
        "bounce": {
            "isBounced": false,
            "pathname": "/frontend/index.html"
        },
        "device": "Laptop",
        "browser": "Edge",
        "location": {
            "latitude": -55.108861,
            "longitude": 48.889179
        },
        "uniqueId": "77f0712b-554f-4c5c-9898-14e7c77b26a0",
        "pathname": "/frontend/index.html",
        "language": "gv",
        "referrer": "https://hernandez-newman.com/",
        "events": {
            "loadCount": 2,
            "visibilitychangeCount": 4,
            "resizeCount": 5,
            "focusCount": 6,
            "clickCount": 10,
            "blurCount": 3
        },
        "pageLoadTime": {
            "loadStart": 1728844200000,
            "loadEnd": 1728844200550
        },
        "productId": "TRK-89olAsKyNOG7",
        "pathCounts": {
            "/login": 5,
            "/profile": 8,
            "/settings": 3,
            "/checkout": 6
        }
    }
]