[
    {
        "start": 1735410600,
        "end": 1735413900,
        "bounce": {
            "isBounced": true,
            "pathname": "/frontend/index.html"
        },
        "device": "Laptop",
        "browser": "Safari",
        "location": {
            "latitude": -81.207025,
            "longitude": 33.117386
        },
        "uniqueId": "37f86d6c-c234-4339-9c0f-ec3bdaab8536",
        "pathname": "/frontend/index.html",
        "language": "ss",
        "referrer": "https://floyd-gonzalez.com/",
        "events": {
            "loadCount": 1,
            "visibilitychangeCount": 3,
            "resizeCount": 5,
            "focusCount": 1,
            "clickCount": 9,
            "blurCount": 3
        },
        "pageLoadTime": {
            "loadStart": 1735410600000,
            "loadEnd": 1735410600087
        },
        "productId": "TRK-89olAsKyNOG7",
        "pathCounts": {
            "/home/create": 6,
            "/home": 1,
            "/settings": 2,
            "/cart": 10
        }
    },
    {
        "start": 1735410600,
        "end": 1735410780,
        "bounce": {
            "isBounced": false,
            "pathname": "/frontend/index.html"
        },
        "device": "Laptop",
        "browser": "Chrome",
        "location": {
            "latitude": 3.480543,
            "longitude": 141.806023
        },
        "uniqueId": "9ce1bf0b-8366-40e1-b77c-9493a981c91b",
        "pathname": "/dashboard",
        "language": "th",
        "referrer": "https://mitchell-gomez.com/",
        "events": {
            "loadCount": 4,
            "visibilitychangeCount": 7,
            "resizeCount": 6,
            "focusCount": 5,
            "clickCount": 6,
            "blurCount": 5
        },
        "pageLoadTime": {
            "loadStart": 1735410600000,
            "loadEnd": 1735410600831
        },
        "productId": "TRK-89olAsKyNOG7",
        "pathCounts": {
            "/profile": 8,
            "/cart": 7
        }
    },
    {
        "start": 1735410600,
        "end": 1735411020,
        "bounce": {
            "isBounced": true,
            "pathname": "/frontend/index.html"
        },
        "device": "Desktop",
        "browser": "Chrome",
        "location": {
            "latitude": -39.4180415,
            "longitude": -81.294601
        },
        "uniqueId": "31b1cad6-43b6-4fa7-95e5-7d79676b01e7",
        "pathname": "/settings",
        "language": "tig",
        "referrer": "",
        "events": {
            "loadCount": 0,
            "visibilitychangeCount": 7,
            "resizeCount": 6,
            "focusCount": 4,
            "clickCount": 0,
            "blurCount": 4
        },
        "pageLoadTime": {
            "loadStart": 1735410600000,
            "loadEnd": 1735410600869
        },
        "productId": "TRK-89olAsKyNOG7",
        "pathCounts": {
            "/profile": 8,
            "/settings": 9,
            "/checkout": 7
        }
    },
    {
        "start": 1735410600,
        "end": 1735413120,
        "bounce": {
            "isBounced": true,
            "pathname": "/frontend/index.html"
        },
        "device": "Mobile",
        "browser": "Mozilla",
        "location": {
            "latitude": -25.1226545,
            "longitude": -60.617682
        },
        "uniqueId": "80d8a76b-4c97-4a12-9ac3-02a6d37e11a9",
        "pathname": "/dashboard",
        "language": "ti",
        "referrer": "",
        "events": {
            "loadCount": 8,
            "visibilitychangeCount": 0,
            "resizeCount": 8,
            "focusCount": 0,
            "clickCount": 8,
            "blurCount": 1
        },
        "pageLoadTime": {
            "loadStart": 1735410600000,
            "loadEnd": 1735410600222
        },
        "productId": "TRK-89olAsKyNOG7",
        "pathCounts": {
            "/checkout": 10,
            "/settings": 9,
            "/profile": 3,
            "/home/dashboard": 4,
            "/home/create": 7
        }
    },
    {
        "start": 1735410600,
        "end": 1735410900,
        "bounce": {
            "isBounced": true,
            "pathname": "/frontend/index.html"
        },
        "device": "Mobile",
        "browser": "Safari",
        "location": {
            "latitude": 4.147198,
            "longitude": -44.941881
        },
        "uniqueId": "31b1cad6-43b6-4fa7-95e5-7d79676b01e7",
        "pathname": "/settings",
        "language": "sid",
        "referrer": "",
        "events": {
            "loadCount": 1,
            "visibilitychangeCount": 10,
            "resizeCount": 6,
            "focusCount": 1,
            "clickCount": 4,
            "blurCount": 0
        },
        "pageLoadTime": {
            "loadStart": 1735410600000,
            "loadEnd": 1735410600414
        },
        "productId": "TRK-TlxlcwGkl19t",
        "pathCounts": {
            "/home/create": 10,
            "/cart": 8,
            "/checkout": 3,
            "/settings": 6,
            "/profile": 1
        }
    },
    {
        "start": 1735410600,
        "end": 1735413960,
        "bounce": {
            "isBounced": true,
            "pathname": "/frontend/index.html"
        },
        "device": "Mobile",
        "browser": "Chrome",
        "location": {
            "latitude": -34.317146,
            "longitude": -76.683593
        },
        "uniqueId": "3da55713-36de-4077-9d4d-626d934aafe0",
        "pathname": "/frontend/index.html",
        "language": "pt",
        "referrer": "http://www.herrera.biz/",
        "events": {
            "loadCount": 7,
            "visibilitychangeCount": 3,
            "resizeCount": 5,
            "focusCount": 10,
            "clickCount": 4,
            "blurCount": 10
        },
        "pageLoadTime": {
            "loadStart": 1735410600000,
            "loadEnd": 1735410600786
        },
        "productId": "TRK-89olAsKyNOG7",
        "pathCounts": {
            "/profile": 8,
            "/settings": 2,
            "/home/create": 5,
            "/checkout": 10
        }
    },
    {
        "start": 1735410600,
        "end": 1735412640,
        "bounce": {
            "isBounced": true,
            "pathname": "/frontend/index.html"
        },
        "device": "Mobile",
        "browser": "Edge",
        "location": {
            "latitude": -89.7629655,
            "longitude": 54.910337
        },
        "uniqueId": "9ce1bf0b-8366-40e1-b77c-9493a981c91b",
        "pathname": "/home",
        "language": "ku",
        "referrer": "",
        "events": {
            "loadCount": 7,
            "visibilitychangeCount": 6,
            "resizeCount": 4,
            "focusCount": 3,
            "clickCount": 1,
            "blurCount": 8
        },
        "pageLoadTime": {
            "loadStart": 1735410600000,
            "loadEnd": 1735410600107
        },
        "productId": "TRK-89olAsKyNOG7",
        "pathCounts": {
            "/checkout": 10,
            "/home/create": 4,
            "/profile": 1,
            "/settings": 10,
            "/login": 5,
            "/home/dashboard": 1
        }
    },
    {
        "start": 1735410600,
        "end": 1735411860,
        "bounce": {
            "isBounced": true,
            "pathname": "/frontend/index.html"
        },
        "device": "Laptop",
        "browser": "Mozilla",
        "location": {
            "latitude": 82.535367,
            "longitude": -66.114381
        },
        "uniqueId": "77f0712b-554f-4c5c-9898-14e7c77b26a0",
        "pathname": "/dashboard",
        "language": "bho",
        "referrer": "http://www.flynn-perez.com/",
        "events": {
            "loadCount": 0,
            "visibilitychangeCount": 9,
            "resizeCount": 3,
            "focusCount": 2,
            "clickCount": 1,
            "blurCount": 5
        },
        "pageLoadTime": {
            "loadStart": 1735410600000,
            "loadEnd": 1735410600117
        },
        "productId": "TRK-Ob2CJVFgaau7",
        "pathCounts": {
            "/profile": 9,
            "/cart": 8,
            "/checkout": 2,
            "/home": 7
        }
    },
    {
        "start": 1735410600,
        "end": 1735411500,
        "bounce": {
            "isBounced": true,
            "pathname": "/frontend/index.html"
        },
        "device": "Tablet",
        "browser": "Chrome",
        "location": {
            "latitude": 21.7450425,
            "longitude": 35.953058
        },
        "uniqueId": "9b47b488-09f3-4d00-a56c-8c970bdfab8e",
        "pathname": "/dashboard",
        "language": "ka",
        "referrer": "https://rios.com/",
        "events": {
            "loadCount": 0,
            "visibilitychangeCount": 1,
            "resizeCount": 8,
            "focusCount": 2,
            "clickCount": 5,
            "blurCount": 5
        },
        "pageLoadTime": {
            "loadStart": 1735410600000,
            "loadEnd": 1735410600749
        },
        "productId": "TRK-89olAsKyNOG7",
        "pathCounts": {
            "/settings": 5,
            "/profile": 3,
            "/home/create": 6,
            "/checkout": 8,
            "/cart": 3
        }
    },
    {
        "start": 1735410600,
        "end": 1735413660,
        "bounce": {
            "isBounced": false,
            "pathname": "/frontend/index.html"
        },
        "device": "Mobile",
        "browser": "Edge",
        "location": {
            "latitude": -24.405287,
            "longitude": -106.56199
        },
        "uniqueId": "31b1cad6-43b6-4fa7-95e5-7d79676b01e7",
        "pathname": "/dashboard",
        "language": "kk",
        "referrer": "",
        "events": {
            "loadCount": 3,
            "visibilitychangeCount": 10,
            "resizeCount": 6,
            "focusCount": 10,
            "clickCount": 4,
            "blurCount": 2
        },
        "pageLoadTime": {
            "loadStart": 1735410600000,
            "loadEnd": 1735410600396
        },
        "productId": "TRK-89olAsKyNOG7",
        "pathCounts": {
            "/home/dashboard": 2,
            "/login": 6,
            "/home": 3,
            "/profile": 1,
            "/cart": 10
        }
    },
    {
        "start": 1735410600,
        "end": 1735412820,
        "bounce": {
            "isBounced": true,
            "pathname": "/frontend/index.html"
        },
        "device": "Mobile",
        "browser": "Safari",
        "location": {
            "latitude": 16.7953875,
            "longitude": -94.731276
        },
        "uniqueId": "80d8a76b-4c97-4a12-9ac3-02a6d37e11a9",
        "pathname": "/dashboard",
        "language": "ak",
        "referrer": "https://pruitt.com/",
        "events": {
            "loadCount": 4,
            "visibilitychangeCount": 10,
            "resizeCount": 4,
            "focusCount": 6,
            "clickCount": 8,
            "blurCount": 4
        },
        "pageLoadTime": {
            "loadStart": 1735410600000,
            "loadEnd": 1735410600018
        },
        "productId": "TRK-TlxlcwGkl19t",
        "pathCounts": {
            "/checkout": 5,
            "/home/dashboard": 9,
            "/login": 9,
            "/profile": 2
        }
    },
    {
        "start": 1735410600,
        "end": 1735412820,
        "bounce": {
            "isBounced": false,
            "pathname": "/frontend/index.html"
        },
        "device": "Desktop",
        "browser": "Chrome",
        "location": {
            "latitude": -33.2476155,
            "longitude": -149.229482
        },
        "uniqueId": "80d8a76b-4c97-4a12-9ac3-02a6d37e11a9",
        "pathname": "/dashboard",
        "language": "ur",
        "referrer": "http://www.sanders.info/",
        "events": {
            "loadCount": 6,
            "visibilitychangeCount": 6,
            "resizeCount": 6,
            "focusCount": 1,
            "clickCount": 6,
            "blurCount": 1
        },
        "pageLoadTime": {
            "loadStart": 1735410600000,
            "loadEnd": 1735410600901
        },
        "productId": "TRK-Ob2CJVFgaau7",
        "pathCounts": {
            "/cart": 5,
            "/home/create": 5,
            "/home/dashboard": 4
        }
    },
    {
        "start": 1735410600,
        "end": 1735413300,
        "bounce": {
            "isBounced": false,
            "pathname": "/frontend/index.html"
        },
        "device": "Desktop",
        "browser": "Safari",
        "location": {
            "latitude": 19.48083,
            "longitude": -154.956835
        },
        "uniqueId": "d86a654c-f156-4873-9fec-b758bd53146a",
        "pathname": "/profile",
        "language": "is",
        "referrer": "https://www.baker.com/",
        "events": {
            "loadCount": 8,
            "visibilitychangeCount": 8,
            "resizeCount": 4,
            "focusCount": 7,
            "clickCount": 2,
            "blurCount": 8
        },
        "pageLoadTime": {
            "loadStart": 1735410600000,
            "loadEnd": 1735410600898
        },
        "productId": "TRK-Ob2CJVFgaau7",
        "pathCounts": {
            "/checkout": 2,
            "/settings": 6,
            "/cart": 10,
            "/home": 10
        }
    },
    {
        "start": 1735410600,
        "end": 1735413480,
        "bounce": {
            "isBounced": true,
            "pathname": "/frontend/index.html"
        },
        "device": "Desktop",
        "browser": "Mozilla",
        "location": {
            "latitude": 10.480605,
            "longitude": -47.156721
        },
        "uniqueId": "ffef8945-c190-4f95-930f-4e35c2e3a868",
        "pathname": "/profile",
        "language": "ht",
        "referrer": "",
        "events": {
            "loadCount": 6,
            "visibilitychangeCount": 0,
            "resizeCount": 2,
            "focusCount": 5,
            "clickCount": 0,
            "blurCount": 5
        },
        "pageLoadTime": {
            "loadStart": 1735410600000,
            "loadEnd": 1735410600351
        },
        "productId": "TRK-89olAsKyNOG7",
        "pathCounts": {
            "/login": 3,
            "/settings": 6,
            "/profile": 4,
            "/home/dashboard": 7
        }
    }
]