[
    {
        "start": 1734546600,
        "end": 1734546960,
        "bounce": {
            "isBounced": false,
            "pathname": "/frontend/index.html"
        },
        "device": "Laptop",
        "browser": "Chrome",
        "location": {
            "latitude": 56.3076235,
            "longitude": -141.909103
        },
        "uniqueId": "f25d6d08-ed4a-4680-b7e3-94d4b30207df",
        "pathname": "/profile",
        "language": "mag",
        "referrer": "https://wilson-sullivan.com/",
        "events": {
            "loadCount": 5,
            "visibilitychangeCount": 5,
            "resizeCount": 3,
            "focusCount": 3,
            "clickCount": 7,
            "blurCount": 8
        },
        "pageLoadTime": {
            "loadStart": 1734546600000,
            "loadEnd": 1734546600699
        },
        "productId": "TRK-TlxlcwGkl19t",
        "pathCounts": {
            "/login": 7,
            "/checkout": 9,
            "/home/create": 6
        }
    },
    {
        "start": 1734546600,
        "end": 1734550200,
        "bounce": {
            "isBounced": false,
            "pathname": "/frontend/index.html"
        },
        "device": "Desktop",
        "browser": "Chrome",
        "location": {
            "latitude": 27.476426,
            "longitude": -138.43208
        },
        "uniqueId": "ffef8945-c190-4f95-930f-4e35c2e3a868",
        "pathname": "/profile",
        "language": "bho",
        "referrer": "https://becker.com/",
        "events": {
            "loadCount": 6,
            "visibilitychangeCount": 9,
            "resizeCount": 0,
            "focusCount": 9,
            "clickCount": 3,
            "blurCount": 7
        },
        "pageLoadTime": {
            "loadStart": 1734546600000,
            "loadEnd": 1734546600470
        },
        "productId": "TRK-Ob2CJVFgaau7",
        "pathCounts": {
            "/settings": 5,
            "/login": 1,
            "/cart": 7
        }
    },
    {
        "start": 1734546600,
        "end": 1734546900,
        "bounce": {
            "isBounced": false,
            "pathname": "/frontend/index.html"
        },
        "device": "Mobile",
        "browser": "Mozilla",
        "location": {
            "latitude": 80.090945,
            "longitude": -155.699299
        },
        "uniqueId": "ca9d1f5f-925b-4a59-b362-4703a75ad77c",
        "pathname": "/settings",
        "language": "iw",
        "referrer": "",
        "events": {
            "loadCount": 9,
            "visibilitychangeCount": 0,
            "resizeCount": 9,
            "focusCount": 2,
            "clickCount": 5,
            "blurCount": 7
        },
        "pageLoadTime": {
            "loadStart": 1734546600000,
            "loadEnd": 1734546600214
        },
        "productId": "TRK-TlxlcwGkl19t",
        "pathCounts": {
            "/profile": 2,
            "/home/dashboard": 9,
            "/login": 1,
            "/checkout": 7
        }
    },
    {
        "start": 1734546600,
        "end": 1734547320,
        "bounce": {
            "isBounced": true,
            "pathname": "/frontend/index.html"
        },
        "device": "Mobile",
        "browser": "Mozilla",
        "location": {
            "latitude": -7.7546845,
            "longitude": 128.607929
        },
        "uniqueId": "f25d6d08-ed4a-4680-b7e3-94d4b30207df",
        "pathname": "/profile",
        "language": "nhn",
        "referrer": "",
        "events": {
            "loadCount": 0,
            "visibilitychangeCount": 8,
            "resizeCount": 4,
            "focusCount": 0,
            "clickCount": 3,
            "blurCount": 6
        },
        "pageLoadTime": {
            "loadStart": 1734546600000,
            "loadEnd": 1734546600013
        },
        "productId": "TRK-TlxlcwGkl19t",
        "pathCounts": {
            "/checkout": 5,
            "/profile": 6,
            "/home/dashboard": 6,
            "/login": 6
        }
    },
    {
        "start": 1734546600,
        "end": 1734548940,
        "bounce": {
            "isBounced": true,
            "pathname": "/frontend/index.html"
        },
        "device": "Mobile",
        "browser": "Mozilla",
        "location": {
            "latitude": 23.875613,
            "longitude": -51.973632
        },
        "uniqueId": "9ce1bf0b-8366-40e1-b77c-9493a981c91b",
        "pathname": "/settings",
        "language": "kl",
        "referrer": "",
        "events": {
            "loadCount": 1,
            "visibilitychangeCount": 4,
            "resizeCount": 10,
            "focusCount": 7,
            "clickCount": 7,
            "blurCount": 9
        },
        "pageLoadTime": {
            "loadStart": 1734546600000,
            "loadEnd": 1734546600612
        },
        "productId": "TRK-Ob2CJVFgaau7",
        "pathCounts": {
            "/checkout": 3,
            "/cart": 3,
            "/login": 8
        }
    },
    {
        "start": 1734546600,
        "end": 1734547200,
        "bounce": {
            "isBounced": false,
            "pathname": "/frontend/index.html"
        },
        "device": "Laptop",
        "browser": "Safari",
        "location": {
            "latitude": 3.3617455,
            "longitude": 152.859262
        },
        "uniqueId": "ca9d1f5f-925b-4a59-b362-4703a75ad77c",
        "pathname": "/dashboard",
        "language": "tk",
        "referrer": "",
        "events": {
            "loadCount": 6,
            "visibilitychangeCount": 8,
            "resizeCount": 1,
            "focusCount": 4,
            "clickCount": 4,
            "blurCount": 2
        },
        "pageLoadTime": {
            "loadStart": 1734546600000,
            "loadEnd": 1734546600057
        },
        "productId": "TRK-89olAsKyNOG7",
        "pathCounts": {
            "/login": 1,
            "/cart": 4,
            "/home/dashboard": 10,
            "/home": 10
        }
    },
    {
        "start": 1734546600,
        "end": 1734546960,
        "bounce": {
            "isBounced": true,
            "pathname": "/frontend/index.html"
        },
        "device": "Desktop",
        "browser": "Edge",
        "location": {
            "latitude": 33.3669915,
            "longitude": 40.895272
        },
        "uniqueId": "5bde6480-0ab0-43b2-8529-ae22b458f836",
        "pathname": "/frontend/index.html",
        "language": "xh",
        "referrer": "http://parker.com/",
        "events": {
            "loadCount": 8,
            "visibilitychangeCount": 10,
            "resizeCount": 2,
            "focusCount": 5,
            "clickCount": 6,
            "blurCount": 4
        },
        "pageLoadTime": {
            "loadStart": 1734546600000,
            "loadEnd": 1734546600446
        },
        "productId": "TRK-89olAsKyNOG7",
        "pathCounts": {
            "/home/dashboard": 10,
            "/cart": 4,
            "/checkout": 4,
            "/settings": 8
        }
    },
    {
        "start": 1734546600,
        "end": 1734549300,
        "bounce": {
            "isBounced": true,
            "pathname": "/frontend/index.html"
        },
        "device": "Desktop",
        "browser": "Chrome",
        "location": {
            "latitude": 63.2761375,
            "longitude": -163.303476
        },
        "uniqueId": "77f0712b-554f-4c5c-9898-14e7c77b26a0",
        "pathname": "/dashboard",
        "language": "bg",
        "referrer": "http://johnson.com/",
        "events": {
            "loadCount": 10,
            "visibilitychangeCount": 0,
            "resizeCount": 8,
            "focusCount": 0,
            "clickCount": 5,
            "blurCount": 6
        },
        "pageLoadTime": {
            "loadStart": 1734546600000,
            "loadEnd": 1734546600923
        },
        "productId": "TRK-89olAsKyNOG7",
        "pathCounts": {
            "/checkout": 9,
            "/home": 2,
            "/profile": 7,
            "/login": 8
        }
    },
    {
        "start": 1734546600,
        "end": 1734550080,
        "bounce": {
            "isBounced": true,
            "pathname": "/frontend/index.html"
        },
        "device": "Desktop",
        "browser": "Safari",
        "location": {
            "latitude": 2.209264,
            "longitude": -74.244426
        },
        "uniqueId": "f25d6d08-ed4a-4680-b7e3-94d4b30207df",
        "pathname": "/dashboard",
        "language": "hne",
        "referrer": "https://www.wiley.org/",
        "events": {
            "loadCount": 0,
            "visibilitychangeCount": 9,
            "resizeCount": 3,
            "focusCount": 3,
            "clickCount": 8,
            "blurCount": 10
        },
        "pageLoadTime": {
            "loadStart": 1734546600000,
            "loadEnd": 1734546600761
        },
        "productId": "TRK-TlxlcwGkl19t",
        "pathCounts": {
            "/login": 5,
            "/settings": 5,
            "/home/dashboard": 9
        }
    },
    {
        "start": 1734546600,
        "end": 1734547200,
        "bounce": {
            "isBounced": false,
            "pathname": "/frontend/index.html"
        },
        "device": "Laptop",
        "browser": "Mozilla",
        "location": {
            "latitude": -24.481313,
            "longitude": -63.137535
        },
        "uniqueId": "f9c7e851-4d89-46ce-8678-25b88916a574",
        "pathname": "/dashboard",
        "language": "ms",
        "referrer": "https://www.taylor-johnson.com/",
        "events": {
            "loadCount": 0,
            "visibilitychangeCount": 3,
            "resizeCount": 1,
            "focusCount": 4,
            "clickCount": 6,
            "blurCount": 1
        },
        "pageLoadTime": {
            "loadStart": 1734546600000,
            "loadEnd": 1734546600994
        },
        "productId": "TRK-89olAsKyNOG7",
        "pathCounts": {
            "/cart": 2,
            "/home/create": 1,
            "/settings": 5,
            "/profile": 10
        }
    }
]