[
    {
        "start": 1728412200,
        "end": 1728414480,
        "bounce": {
            "isBounced": true,
            "pathname": "/frontend/index.html"
        },
        "device": "Mobile",
        "browser": "Edge",
        "location": {
            "latitude": -56.2727315,
            "longitude": 82.586148
        },
        "uniqueId": "77f0712b-554f-4c5c-9898-14e7c77b26a0",
        "pathname": "/profile",
        "language": "niu",
        "referrer": "https://www.russell-smith.info/",
        "events": {
            "loadCount": 0,
            "visibilitychangeCount": 10,
            "resizeCount": 8,
            "focusCount": 10,
            "clickCount": 10,
            "blurCount": 6
        },
        "pageLoadTime": {
            "loadStart": 1728412200000,
            "loadEnd": 1728412200864
        },
        "productId": "TRK-89olAsKyNOG7",
        "pathCounts": {
            "/home/dashboard": 8,
            "/cart": 8,
            "/home/create": 1,
            "/checkout": 8
        }
    },
    {
        "start": 1728412200,
        "end": 1728414180,
        "bounce": {
            "isBounced": false,
            "pathname": "/frontend/index.html"
        },
        "device": "Mobile",
        "browser": "Chrome",
        "location": {
            "latitude": 85.4051925,
            "longitude": -152.215351
        },
        "uniqueId": "14ec54a1-24e9-462b-9378-3e9d812cba5a",
        "pathname": "/dashboard",
        "language": "am",
        "referrer": "",
        "events": {
            "loadCount": 7,
            "visibilitychangeCount": 5,
            "resizeCount": 8,
            "focusCount": 1,
            "clickCount": 10,
            "blurCount": 5
        },
        "pageLoadTime": {
            "loadStart": 1728412200000,
            "loadEnd": 1728412200766
        },
        "productId": "TRK-89olAsKyNOG7",
        "pathCounts": {
            "/cart": 2,
            "/login": 3,
            "/home": 1,
            "/home/dashboard": 4
        }
    },
    {
        "start": 1728412200,
        "end": 1728413040,
        "bounce": {
            "isBounced": false,
            "pathname": "/frontend/index.html"
        },
        "device": "Laptop",
        "browser": "Safari",
        "location": {
            "latitude": -42.3707935,
            "longitude": 76.186196
        },
        "uniqueId": "80d8a76b-4c97-4a12-9ac3-02a6d37e11a9",
        "pathname": "/frontend/index.html",
        "language": "bg",
        "referrer": "http://jackson.biz/",
        "events": {
            "loadCount": 8,
            "visibilitychangeCount": 2,
            "resizeCount": 6,
            "focusCount": 1,
            "clickCount": 5,
            "blurCount": 6
        },
        "pageLoadTime": {
            "loadStart": 1728412200000,
            "loadEnd": 1728412200810
        },
        "productId": "TRK-TlxlcwGkl19t",
        "pathCounts": {
            "/home/create": 9,
            "/cart": 7,
            "/profile": 8,
            "/home": 7,
            "/settings": 7,
            "/login": 2
        }
    },
    {
        "start": 1728412200,
        "end": 1728414120,
        "bounce": {
            "isBounced": true,
            "pathname": "/frontend/index.html"
        },
        "device": "Mobile",
        "browser": "Safari",
        "location": {
            "latitude": 17.971477,
            "longitude": -75.252591
        },
        "uniqueId": "f25d6d08-ed4a-4680-b7e3-94d4b30207df",
        "pathname": "/home",
        "language": "hi",
        "referrer": "http://hancock.biz/",
        "events": {
            "loadCount": 2,
            "visibilitychangeCount": 0,
            "resizeCount": 3,
            "focusCount": 3,
            "clickCount": 2,
            "blurCount": 7
        },
        "pageLoadTime": {
            "loadStart": 1728412200000,
            "loadEnd": 1728412200518
        },
        "productId": "TRK-89olAsKyNOG7",
        "pathCounts": {
            "/profile": 8,
            "/home": 7,
            "/home/dashboard": 2,
            "/settings": 7
        }
    },
    {
        "start": 1728412200,
        "end": 1728412260,
        "bounce": {
            "isBounced": true,
            "pathname": "/frontend/index.html"
        },
        "device": "Desktop",
        "browser": "Edge",
        "location": {
            "latitude": 36.353542,
            "longitude": -110.333459
        },
        "uniqueId": "5bde6480-0ab0-43b2-8529-ae22b458f836",
        "pathname": "/settings",
        "language": "mhr",
        "referrer": "",
        "events": {
            "loadCount": 1,
            "visibilitychangeCount": 2,
            "resizeCount": 1,
            "focusCount": 9,
            "clickCount": 0,
            "blurCount": 1
        },
        "pageLoadTime": {
            "loadStart": 1728412200000,
            "loadEnd": 1728412200617
        },
        "productId": "TRK-Ob2CJVFgaau7",
        "pathCounts": {
            "/profile": 10,
            "/home": 10,
            "/settings": 9,
            "/checkout": 9,
            "/cart": 1
        }
    },
    {
        "start": 1728412200,
        "end": 1728414960,
        "bounce": {
            "isBounced": false,
            "pathname": "/frontend/index.html"
        },
        "device": "Mobile",
        "browser": "Edge",
        "location": {
            "latitude": -87.1472955,
            "longitude": 128.34945
        },
        "uniqueId": "f25d6d08-ed4a-4680-b7e3-94d4b30207df",
        "pathname": "/dashboard",
        "language": "ti",
        "referrer": "http://cox.net/",
        "events": {
            "loadCount": 6,
            "visibilitychangeCount": 0,
            "resizeCount": 7,
            "focusCount": 0,
            "clickCount": 3,
            "blurCount": 0
        },
        "pageLoadTime": {
            "loadStart": 1728412200000,
            "loadEnd": 1728412200079
        },
        "productId": "TRK-89olAsKyNOG7",
        "pathCounts": {
            "/home/create": 10,
            "/cart": 5,
            "/settings": 3,
            "/login": 9
        }
    },
    {
        "start": 1728412200,
        "end": 1728412620,
        "bounce": {
            "isBounced": false,
            "pathname": "/frontend/index.html"
        },
        "device": "Laptop",
        "browser": "Mozilla",
        "location": {
            "latitude": 59.390786,
            "longitude": -134.286759
        },
        "uniqueId": "625ea2f3-d6f3-47f0-abd3-a204ea4eb491",
        "pathname": "/dashboard",
        "language": "uk",
        "referrer": "http://chandler.info/",
        "events": {
            "loadCount": 4,
            "visibilitychangeCount": 10,
            "resizeCount": 8,
            "focusCount": 7,
            "clickCount": 6,
            "blurCount": 9
        },
        "pageLoadTime": {
            "loadStart": 1728412200000,
            "loadEnd": 1728412200982
        },
        "productId": "TRK-Ob2CJVFgaau7",
        "pathCounts": {
            "/home/dashboard": 5,
            "/cart": 4,
            "/login": 9
        }
    },
    {
        "start": 1728412200,
        "end": 1728412800,
        "bounce": {
            "isBounced": false,
            "pathname": "/frontend/index.html"
        },
        "device": "Desktop",
        "browser": "Safari",
        "location": {
            "latitude": -55.088519,
            "longitude": 35.710915
        },
        "uniqueId": "31b1cad6-43b6-4fa7-95e5-7d79676b01e7",
        "pathname": "/profile",
        "language": "wae",
        "referrer": "https://www.carter.com/",
        "events": {
            "loadCount": 10,
            "visibilitychangeCount": 4,
            "resizeCount": 1,
            "focusCount": 8,
            "clickCount": 0,
            "blurCount": 3
        },
        "pageLoadTime": {
            "loadStart": 1728412200000,
            "loadEnd": 1728412200028
        },
        "productId": "TRK-89olAsKyNOG7",
        "pathCounts": {
            "/home/create": 7,
            "/checkout": 10,
            "/settings": 7,
            "/profile": 10
        }
    },
    {
        "start": 1728412200,
        "end": 1728414780,
        "bounce": {
            "isBounced": false,
            "pathname": "/frontend/index.html"
        },
        "device": "Tablet",
        "browser": "Mozilla",
        "location": {
            "latitude": -17.5721825,
            "longitude": -60.608479
        },
        "uniqueId": "4f113d91-1e3e-46f7-a9ca-95f02de96297",
        "pathname": "/home",
        "language": "mg",
        "referrer": "",
        "events": {
            "loadCount": 6,
            "visibilitychangeCount": 2,
            "resizeCount": 7,
            "focusCount": 2,
            "clickCount": 4,
            "blurCount": 5
        },
        "pageLoadTime": {
            "loadStart": 1728412200000,
            "loadEnd": 1728412200124
        },
        "productId": "TRK-TlxlcwGkl19t",
        "pathCounts": {
            "/profile": 5
        }
    },
    {
        "start": 1728412200,
        "end": 1728415080,
        "bounce": {
            "isBounced": false,
            "pathname": "/frontend/index.html"
        },
        "device": "Laptop",
        "browser": "Safari",
        "location": {
            "latitude": 43.6258425,
            "longitude": 126.156734
        },
        "uniqueId": "d86a654c-f156-4873-9fec-b758bd53146a",
        "pathname": "/dashboard",
        "language": "nr",
        "referrer": "",
        "events": {
            "loadCount": 9,
            "visibilitychangeCount": 2,
            "resizeCount": 1,
            "focusCount": 6,
            "clickCount": 0,
            "blurCount": 6
        },
        "pageLoadTime": {
            "loadStart": 1728412200000,
            "loadEnd": 1728412200996
        },
        "productId": "TRK-TlxlcwGkl19t",
        "pathCounts": {
            "/home": 8,
            "/settings": 7,
            "/checkout": 2
        }
    },
    {
        "start": 1728412200,
        "end": 1728414360,
        "bounce": {
            "isBounced": true,
            "pathname": "/frontend/index.html"
        },
        "device": "Desktop",
        "browser": "Edge",
        "location": {
            "latitude": -64.088409,
            "longitude": -48.064972
        },
        "uniqueId": "3ba5c0ca-2d1c-4d75-82b7-a2c821f2ea43",
        "pathname": "/dashboard",
        "language": "iw",
        "referrer": "https://koch.com/",
        "events": {
            "loadCount": 6,
            "visibilitychangeCount": 3,
            "resizeCount": 0,
            "focusCount": 10,
            "clickCount": 2,
            "blurCount": 4
        },
        "pageLoadTime": {
            "loadStart": 1728412200000,
            "loadEnd": 1728412200282
        },
        "productId": "TRK-Ob2CJVFgaau7",
        "pathCounts": {
            "/profile": 10,
            "/checkout": 10,
            "/login": 9,
            "/home/dashboard": 9
        }
    },
    {
        "start": 1728412200,
        "end": 1728415740,
        "bounce": {
            "isBounced": false,
            "pathname": "/frontend/index.html"
        },
        "device": "Tablet",
        "browser": "Safari",
        "location": {
            "latitude": -29.384908,
            "longitude": -90.194329
        },
        "uniqueId": "80d8a76b-4c97-4a12-9ac3-02a6d37e11a9",
        "pathname": "/home",
        "language": "tig",
        "referrer": "",
        "events": {
            "loadCount": 0,
            "visibilitychangeCount": 5,
            "resizeCount": 10,
            "focusCount": 7,
            "clickCount": 9,
            "blurCount": 4
        },
        "pageLoadTime": {
            "loadStart": 1728412200000,
            "loadEnd": 1728412200962
        },
        "productId": "TRK-Ob2CJVFgaau7",
        "pathCounts": {
            "/settings": 3,
            "/cart": 2,
            "/home": 8,
            "/home/create": 2
        }
    },
    {
        "start": 1728412200,
        "end": 1728413880,
        "bounce": {
            "isBounced": false,
            "pathname": "/frontend/index.html"
        },
        "device": "Laptop",
        "browser": "Safari",
        "location": {
            "latitude": 4.6498945,
            "longitude": -27.600216
        },
        "uniqueId": "31b1cad6-43b6-4fa7-95e5-7d79676b01e7",
        "pathname": "/home",
        "language": "ms",
        "referrer": "https://jenkins.com/",
        "events": {
            "loadCount": 8,
            "visibilitychangeCount": 10,
            "resizeCount": 1,
            "focusCount": 8,
            "clickCount": 7,
            "blurCount": 7
        },
        "pageLoadTime": {
            "loadStart": 1728412200000,
            "loadEnd": 1728412200798
        },
        "productId": "TRK-TlxlcwGkl19t",
        "pathCounts": {
            "/checkout": 6,
            "/cart": 1,
            "/home": 6,
            "/profile": 5
        }
    },
    {
        "start": 1728412200,
        "end": 1728414720,
        "bounce": {
            "isBounced": false,
            "pathname": "/frontend/index.html"
        },
        "device": "Desktop",
        "browser": "Mozilla",
        "location": {
            "latitude": 29.4536745,
            "longitude": 129.745959
        },
        "uniqueId": "3ba5c0ca-2d1c-4d75-82b7-a2c821f2ea43",
        "pathname": "/dashboard",
        "language": "so",
        "referrer": "https://www.schmidt.com/",
        "events": {
            "loadCount": 3,
            "visibilitychangeCount": 6,
            "resizeCount": 5,
            "focusCount": 8,
            "clickCount": 8,
            "blurCount": 0
        },
        "pageLoadTime": {
            "loadStart": 1728412200000,
            "loadEnd": 1728412200051
        },
        "productId": "TRK-TlxlcwGkl19t",
        "pathCounts": {
            "/login": 10,
            "/profile": 3,
            "/home/create": 5
        }
    }
]