[
    {
        "start": 1727980200,
        "end": 1727982360,
        "bounce": {
            "isBounced": true,
            "pathname": "/frontend/index.html"
        },
        "device": "Tablet",
        "browser": "Chrome",
        "location": {
            "latitude": -80.147449,
            "longitude": 16.157229
        },
        "uniqueId": "77f0712b-554f-4c5c-9898-14e7c77b26a0",
        "pathname": "/frontend/index.html",
        "language": "uz",
        "referrer": "https://smith.com/",
        "events": {
            "loadCount": 2,
            "visibilitychangeCount": 1,
            "resizeCount": 7,
            "focusCount": 5,
            "clickCount": 0,
            "blurCount": 3
        },
        "pageLoadTime": {
            "loadStart": 1727980200000,
            "loadEnd": 1727980200613
        },
        "productId": "TRK-TlxlcwGkl19t",
        "pathCounts": {
            "/home": 10,
            "/settings": 2,
            "/home/dashboard": 6
        }
    },
    {
        "start": 1727980200,
        "end": 1727983380,
        "bounce": {
            "isBounced": false,
            "pathname": "/frontend/index.html"
        },
        "device": "Desktop",
        "browser": "Edge",
        "location": {
            "latitude": 9.698102,
            "longitude": -28.025356
        },
        "uniqueId": "77f0712b-554f-4c5c-9898-14e7c77b26a0",
        "pathname": "/settings",
        "language": "mhr",
        "referrer": "https://sherman-mclaughlin.com/",
        "events": {
            "loadCount": 0,
            "visibilitychangeCount": 8,
            "resizeCount": 10,
            "focusCount": 10,
            "clickCount": 1,
            "blurCount": 0
        },
        "pageLoadTime": {
            "loadStart": 1727980200000,
            "loadEnd": 1727980200526
        },
        "productId": "TRK-89olAsKyNOG7",
        "pathCounts": {
            "/login": 3,
            "/home": 6,
            "/home/create": 4,
            "/home/dashboard": 2
        }
    },
    {
        "start": 1727980200,
        "end": 1727981160,
        "bounce": {
            "isBounced": true,
            "pathname": "/frontend/index.html"
        },
        "device": "Laptop",
        "browser": "Mozilla",
        "location": {
            "latitude": 83.529076,
            "longitude": 173.629614
        },
        "uniqueId": "625ea2f3-d6f3-47f0-abd3-a204ea4eb491",
        "pathname": "/frontend/index.html",
        "language": "bo",
        "referrer": "",
        "events": {
            "loadCount": 6,
            "visibilitychangeCount": 1,
            "resizeCount": 3,
            "focusCount": 1,
            "clickCount": 0,
            "blurCount": 3
        },
        "pageLoadTime": {
            "loadStart": 1727980200000,
            "loadEnd": 1727980200664
        },
        "productId": "TRK-89olAsKyNOG7",
        "pathCounts": {
            "/home/dashboard": 5,
            "/checkout": 10,
            "/settings": 7,
            "/home": 8
        }
    },
    {
        "start": 1727980200,
        "end": 1727980320,
        "bounce": {
            "isBounced": false,
            "pathname": "/frontend/index.html"
        },
        "device": "Laptop",
        "browser": "Safari",
        "location": {
            "latitude": -21.629984,
            "longitude": 33.566853
        },
        "uniqueId": "31b1cad6-43b6-4fa7-95e5-7d79676b01e7",
        "pathname": "/settings",
        "language": "ks",
        "referrer": "https://www.kelly.info/",
        "events": {
            "loadCount": 6,
            "visibilitychangeCount": 5,
            "resizeCount": 5,
            "focusCount": 7,
            "clickCount": 6,
            "blurCount": 5
        },
        "pageLoadTime": {
            "loadStart": 1727980200000,
            "loadEnd": 1727980200410
        },
        "productId": "TRK-89olAsKyNOG7",
        "pathCounts": {
            "/checkout": 5,
            "/home/create": 1,
            "/home/dashboard": 4,
            "/settings": 8
        }
    },
    {
        "start": 1727980200,
        "end": 1727983500,
        "bounce": {
            "isBounced": true,
            "pathname": "/frontend/index.html"
        },
        "device": "Mobile",
        "browser": "Mozilla",
        "location": {
            "latitude": -58.4487275,
            "longitude": -4.568064
        },
        "uniqueId": "3da55713-36de-4077-9d4d-626d934aafe0",
        "pathname": "/dashboard",
        "language": "hsb",
        "referrer": "http://www.duarte.com/",
        "events": {
            "loadCount": 10,
            "visibilitychangeCount": 10,
            "resizeCount": 8,
            "focusCount": 9,
            "clickCount": 2,
            "blurCount": 0
        },
        "pageLoadTime": {
            "loadStart": 1727980200000,
            "loadEnd": 1727980200425
        },
        "productId": "TRK-TlxlcwGkl19t",
        "pathCounts": {
            "/checkout": 6,
            "/login": 7,
            "/cart": 1
        }
    },
    {
        "start": 1727980200,
        "end": 1727983380,
        "bounce": {
            "isBounced": true,
            "pathname": "/frontend/index.html"
        },
        "device": "Tablet",
        "browser": "Safari",
        "location": {
            "latitude": 72.530013,
            "longitude": -143.658928
        },
        "uniqueId": "d86a654c-f156-4873-9fec-b758bd53146a",
        "pathname": "/profile",
        "language": "ne",
        "referrer": "",
        "events": {
            "loadCount": 0,
            "visibilitychangeCount": 5,
            "resizeCount": 7,
            "focusCount": 1,
            "clickCount": 5,
            "blurCount": 7
        },
        "pageLoadTime": {
            "loadStart": 1727980200000,
            "loadEnd": 1727980200398
        },
        "productId": "TRK-Ob2CJVFgaau7",
        "pathCounts": {
            "/checkout": 9,
            "/home/create": 3,
            "/cart": 3,
            "/settings": 4,
            "/login": 2
        }
    },
    {
        "start": 1727980200,
        "end": 1727982060,
        "bounce": {
            "isBounced": true,
            "pathname": "/frontend/index.html"
        },
        "device": "Desktop",
        "browser": "Chrome",
        "location": {
            "latitude": -41.686555,
            "longitude": 120.127819
        },
        "uniqueId": "f9c7e851-4d89-46ce-8678-25b88916a574",
        "pathname": "/home",
        "language": "lij",
        "referrer": "https://www.lopez.com/",
        "events": {
            "loadCount": 4,
            "visibilitychangeCount": 10,
            "resizeCount": 3,
            "focusCount": 2,
            "clickCount": 1,
            "blurCount": 10
        },
        "pageLoadTime": {
            "loadStart": 1727980200000,
            "loadEnd": 1727980200011
        },
        "productId": "TRK-Ob2CJVFgaau7",
        "pathCounts": {
            "/login": 6,
            "/profile": 5,
            "/checkout": 3,
            "/cart": 10,
            "/home/create": 3
        }
    },
    {
        "start": 1727980200,
        "end": 1727983140,
        "bounce": {
            "isBounced": true,
            "pathname": "/frontend/index.html"
        },
        "device": "Mobile",
        "browser": "Mozilla",
        "location": {
            "latitude": -73.412653,
            "longitude": -44.857748
        },
        "uniqueId": "ca9d1f5f-925b-4a59-b362-4703a75ad77c",
        "pathname": "/frontend/index.html",
        "language": "nl",
        "referrer": "",
        "events": {
            "loadCount": 2,
            "visibilitychangeCount": 0,
            "resizeCount": 9,
            "focusCount": 0,
            "clickCount": 7,
            "blurCount": 6
        },
        "pageLoadTime": {
            "loadStart": 1727980200000,
            "loadEnd": 1727980200765
        },
        "productId": "TRK-89olAsKyNOG7",
        "pathCounts": {
            "/home": 3,
            "/settings": 5,
            "/home/create": 4
        }
    },
    {
        "start": 1727980200,
        "end": 1727981760,
        "bounce": {
            "isBounced": false,
            "pathname": "/frontend/index.html"
        },
        "device": "Laptop",
        "browser": "Safari",
        "location": {
            "latitude": 28.268289,
            "longitude": -124.93266
        },
        "uniqueId": "3da55713-36de-4077-9d4d-626d934aafe0",
        "pathname": "/home",
        "language": "tl",
        "referrer": "",
        "events": {
            "loadCount": 6,
            "visibilitychangeCount": 0,
            "resizeCount": 8,
            "focusCount": 0,
            "clickCount": 6,
            "blurCount": 3
        },
        "pageLoadTime": {
            "loadStart": 1727980200000,
            "loadEnd": 1727980200099
        },
        "productId": "TRK-TlxlcwGkl19t",
        "pathCounts": {
            "/settings": 8,
            "/cart": 1,
            "/home/dashboard": 10,
            "/profile": 4,
            "/checkout": 3
        }
    },
    {
        "start": 1727980200,
        "end": 1727982780,
        "bounce": {
            "isBounced": false,
            "pathname": "/frontend/index.html"
        },
        "device": "Desktop",
        "browser": "Chrome",
        "location": {
            "latitude": -45.9328575,
            "longitude": 3.615668
        },
        "uniqueId": "4f113d91-1e3e-46f7-a9ca-95f02de96297",
        "pathname": "/frontend/index.html",
        "language": "sid",
        "referrer": "http://www.liu-martinez.net/",
        "events": {
            "loadCount": 5,
            "visibilitychangeCount": 3,
            "resizeCount": 8,
            "focusCount": 1,
            "clickCount": 1,
            "blurCount": 7
        },
        "pageLoadTime": {
            "loadStart": 1727980200000,
            "loadEnd": 1727980200651
        },
        "productId": "TRK-Ob2CJVFgaau7",
        "pathCounts": {
            "/home/create": 1,
            "/profile": 2,
            "/login": 3,
            "/home": 10
        }
    },
    {
        "start": 1727980200,
        "end": 1727981880,
        "bounce": {
            "isBounced": false,
            "pathname": "/frontend/index.html"
        },
        "device": "Tablet",
        "browser": "Chrome",
        "location": {
            "latitude": -78.501927,
            "longitude": -60.931068
        },
        "uniqueId": "f25d6d08-ed4a-4680-b7e3-94d4b30207df",
        "pathname": "/frontend/index.html",
        "language": "ky",
        "referrer": "",
        "events": {
            "loadCount": 6,
            "visibilitychangeCount": 5,
            "resizeCount": 2,
            "focusCount": 8,
            "clickCount": 7,
            "blurCount": 1
        },
        "pageLoadTime": {
            "loadStart": 1727980200000,
            "loadEnd": 1727980200676
        },
        "productId": "TRK-89olAsKyNOG7",
        "pathCounts": {
            "/home/dashboard": 3,
            "/cart": 1,
            "/login": 3,
            "/profile": 2
        }
    },
    {
        "start": 1727980200,
        "end": 1727980920,
        "bounce": {
            "isBounced": true,
            "pathname": "/frontend/index.html"
        },
        "device": "Laptop",
        "browser": "Safari",
        "location": {
            "latitude": 88.4914395,
            "longitude": 14.101695
        },
        "uniqueId": "ffef8945-c190-4f95-930f-4e35c2e3a868",
        "pathname": "/home",
        "language": "hu",
        "referrer": "http://barnett-brock.com/",
        "events": {
            "loadCount": 2,
            "visibilitychangeCount": 3,
            "resizeCount": 4,
            "focusCount": 0,
            "clickCount": 7,
            "blurCount": 2
        },
        "pageLoadTime": {
            "loadStart": 1727980200000,
            "loadEnd": 1727980200943
        },
        "productId": "TRK-89olAsKyNOG7",
        "pathCounts": {
            "/cart": 8,
            "/login": 8,
            "/settings": 2,
            "/checkout": 1,
            "/home/dashboard": 6
        }
    },
    {
        "start": 1727980200,
        "end": 1727983080,
        "bounce": {
            "isBounced": true,
            "pathname": "/frontend/index.html"
        },
        "device": "Tablet",
        "browser": "Mozilla",
        "location": {
            "latitude": -9.201734,
            "longitude": -135.026658
        },
        "uniqueId": "f25d6d08-ed4a-4680-b7e3-94d4b30207df",
        "pathname": "/settings",
        "language": "lo",
        "referrer": "http://www.duarte-stone.com/",
        "events": {
            "loadCount": 4,
            "visibilitychangeCount": 9,
            "resizeCount": 0,
            "focusCount": 6,
            "clickCount": 2,
            "blurCount": 7
        },
        "pageLoadTime": {
            "loadStart": 1727980200000,
            "loadEnd": 1727980200192
        },
        "productId": "TRK-Ob2CJVFgaau7",
        "pathCounts": {
            "/cart": 4,
            "/login": 3,
            "/home/create": 7,
            "/checkout": 8
        }
    },
    {
        "start": 1727980200,
        "end": 1727980740,
        "bounce": {
            "isBounced": false,
            "pathname": "/frontend/index.html"
        },
        "device": "Mobile",
        "browser": "Mozilla",
        "location": {
            "latitude": 50.9526615,
            "longitude": -62.88638
        },
        "uniqueId": "3da55713-36de-4077-9d4d-626d934aafe0",
        "pathname": "/home",
        "language": "ka",
        "referrer": "",
        "events": {
            "loadCount": 5,
            "visibilitychangeCount": 0,
            "resizeCount": 2,
            "focusCount": 7,
            "clickCount": 1,
            "blurCount": 6
        },
        "pageLoadTime": {
            "loadStart": 1727980200000,
            "loadEnd": 1727980200923
        },
        "productId": "TRK-Ob2CJVFgaau7",
        "pathCounts": {
            "/profile": 4,
            "/login": 8,
            "/checkout": 6
        }
    },
    {
        "start": 1727980200,
        "end": 1727981400,
        "bounce": {
            "isBounced": false,
            "pathname": "/frontend/index.html"
        },
        "device": "Mobile",
        "browser": "Edge",
        "location": {
            "latitude": -65.8431025,
            "longitude": 155.900517
        },
        "uniqueId": "9b47b488-09f3-4d00-a56c-8c970bdfab8e",
        "pathname": "/frontend/index.html",
        "language": "zh",
        "referrer": "",
        "events": {
            "loadCount": 5,
            "visibilitychangeCount": 1,
            "resizeCount": 2,
            "focusCount": 6,
            "clickCount": 7,
            "blurCount": 6
        },
        "pageLoadTime": {
            "loadStart": 1727980200000,
            "loadEnd": 1727980200250
        },
        "productId": "TRK-89olAsKyNOG7",
        "pathCounts": {
            "/login": 4,
            "/cart": 1,
            "/home/create": 8,
            "/home": 3,
            "/settings": 8
        }
    },
    {
        "start": 1727980200,
        "end": 1727981700,
        "bounce": {
            "isBounced": false,
            "pathname": "/frontend/index.html"
        },
        "device": "Tablet",
        "browser": "Mozilla",
        "location": {
            "latitude": -35.2668165,
            "longitude": -147.187683
        },
        "uniqueId": "f9c7e851-4d89-46ce-8678-25b88916a574",
        "pathname": "/settings",
        "language": "ff",
        "referrer": "https://www.sparks.com/",
        "events": {
            "loadCount": 4,
            "visibilitychangeCount": 4,
            "resizeCount": 4,
            "focusCount": 10,
            "clickCount": 4,
            "blurCount": 6
        },
        "pageLoadTime": {
            "loadStart": 1727980200000,
            "loadEnd": 1727980200406
        },
        "productId": "TRK-89olAsKyNOG7",
        "pathCounts": {
            "/settings": 2,
            "/profile": 1,
            "/checkout": 4
        }
    }
]