[
    {
        "start": 1728585000,
        "end": 1728587220,
        "bounce": {
            "isBounced": false,
            "pathname": "/frontend/index.html"
        },
        "device": "Desktop",
        "browser": "Safari",
        "location": {
            "latitude": -3.865603,
            "longitude": -42.333767
        },
        "uniqueId": "ca9d1f5f-925b-4a59-b362-4703a75ad77c",
        "pathname": "/frontend/index.html",
        "language": "os",
        "referrer": "",
        "events": {
            "loadCount": 5,
            "visibilitychangeCount": 8,
            "resizeCount": 6,
            "focusCount": 10,
            "clickCount": 0,
            "blurCount": 3
        },
        "pageLoadTime": {
            "loadStart": 1728585000000,
            "loadEnd": 1728585000694
        },
        "productId": "TRK-89olAsKyNOG7",
        "pathCounts": {
            "/profile": 5,
            "/home/dashboard": 4,
            "/login": 2,
            "/cart": 2
        }
    },
    {
        "start": 1728585000,
        "end": 1728588600,
        "bounce": {
            "isBounced": false,
            "pathname": "/frontend/index.html"
        },
        "device": "Tablet",
        "browser": "Edge",
        "location": {
            "latitude": 39.3194605,
            "longitude": 107.630939
        },
        "uniqueId": "80d8a76b-4c97-4a12-9ac3-02a6d37e11a9",
        "pathname": "/home",
        "language": "sv",
        "referrer": "",
        "events": {
            "loadCount": 9,
            "visibilitychangeCount": 3,
            "resizeCount": 6,
            "focusCount": 6,
            "clickCount": 3,
            "blurCount": 8
        },
        "pageLoadTime": {
            "loadStart": 1728585000000,
            "loadEnd": 1728585000262
        },
        "productId": "TRK-TlxlcwGkl19t",
        "pathCounts": {
            "/home": 10,
            "/home/create": 9,
            "/checkout": 8,
            "/profile": 3
        }
    },
    {
        "start": 1728585000,
        "end": 1728585480,
        "bounce": {
            "isBounced": false,
            "pathname": "/frontend/index.html"
        },
        "device": "Mobile",
        "browser": "Edge",
        "location": {
            "latitude": -11.4803065,
            "longitude": -130.629079
        },
        "uniqueId": "111907fd-95b7-4729-a2af-e51ad656e288",
        "pathname": "/dashboard",
        "language": "byn",
        "referrer": "https://www.harrison.net/",
        "events": {
            "loadCount": 8,
            "visibilitychangeCount": 3,
            "resizeCount": 1,
            "focusCount": 6,
            "clickCount": 9,
            "blurCount": 8
        },
        "pageLoadTime": {
            "loadStart": 1728585000000,
            "loadEnd": 1728585000145
        },
        "productId": "TRK-89olAsKyNOG7",
        "pathCounts": {
            "/cart": 2,
            "/checkout": 1,
            "/home/dashboard": 2
        }
    },
    {
        "start": 1728585000,
        "end": 1728588600,
        "bounce": {
            "isBounced": false,
            "pathname": "/frontend/index.html"
        },
        "device": "Laptop",
        "browser": "Safari",
        "location": {
            "latitude": 28.792169,
            "longitude": -106.42059
        },
        "uniqueId": "37f86d6c-c234-4339-9c0f-ec3bdaab8536",
        "pathname": "/frontend/index.html",
        "language": "wal",
        "referrer": "",
        "events": {
            "loadCount": 2,
            "visibilitychangeCount": 0,
            "resizeCount": 0,
            "focusCount": 10,
            "clickCount": 1,
            "blurCount": 7
        },
        "pageLoadTime": {
            "loadStart": 1728585000000,
            "loadEnd": 1728585000995
        },
        "productId": "TRK-89olAsKyNOG7",
        "pathCounts": {
            "/home": 9,
            "/cart": 5,
            "/home/create": 8,
            "/home/dashboard": 4
        }
    },
    {
        "start": 1728585000,
        "end": 1728587640,
        "bounce": {
            "isBounced": false,
            "pathname": "/frontend/index.html"
        },
        "device": "Laptop",
        "browser": "Safari",
        "location": {
            "latitude": 58.831036,
            "longitude": 118.803277
        },
        "uniqueId": "d86a654c-f156-4873-9fec-b758bd53146a",
        "pathname": "/home",
        "language": "hne",
        "referrer": "",
        "events": {
            "loadCount": 10,
            "visibilitychangeCount": 2,
            "resizeCount": 9,
            "focusCount": 2,
            "clickCount": 5,
            "blurCount": 9
        },
        "pageLoadTime": {
            "loadStart": 1728585000000,
            "loadEnd": 1728585000130
        },
        "productId": "TRK-Ob2CJVFgaau7",
        "pathCounts": {
            "/home/create": 4,
            "/home": 8,
            "/home/dashboard": 7,
            "/checkout": 10,
            "/settings": 8
        }
    },
    {
        "start": 1728585000,
        "end": 1728587940,
        "bounce": {
            "isBounced": true,
            "pathname": "/frontend/index.html"
        },
        "device": "Mobile",
        "browser": "Safari",
        "location": {
            "latitude": 67.407145,
            "longitude": -1.651771
        },
        "uniqueId": "80d8a76b-4c97-4a12-9ac3-02a6d37e11a9",
        "pathname": "/frontend/index.html",
        "language": "lg",
        "referrer": "",
        "events": {
            "loadCount": 4,
            "visibilitychangeCount": 5,
            "resizeCount": 9,
            "focusCount": 1,
            "clickCount": 4,
            "blurCount": 4
        },
        "pageLoadTime": {
            "loadStart": 1728585000000,
            "loadEnd": 1728585000713
        },
        "productId": "TRK-89olAsKyNOG7",
        "pathCounts": {
            "/cart": 1,
            "/home/create": 3,
            "/profile": 7
        }
    },
    {
        "start": 1728585000,
        "end": 1728585960,
        "bounce": {
            "isBounced": false,
            "pathname": "/frontend/index.html"
        },
        "device": "Mobile",
        "browser": "Safari",
        "location": {
            "latitude": 86.2901395,
            "longitude": -61.551116
        },
        "uniqueId": "3da55713-36de-4077-9d4d-626d934aafe0",
        "pathname": "/profile",
        "language": "cv",
        "referrer": "",
        "events": {
            "loadCount": 7,
            "visibilitychangeCount": 10,
            "resizeCount": 10,
            "focusCount": 1,
            "clickCount": 0,
            "blurCount": 0
        },
        "pageLoadTime": {
            "loadStart": 1728585000000,
            "loadEnd": 1728585000045
        },
        "productId": "TRK-Ob2CJVFgaau7",
        "pathCounts": {
            "/profile": 2,
            "/home/create": 1,
            "/home": 4,
            "/home/dashboard": 9
        }
    }
]