[
    {
        "start": 1733509800,
        "end": 1733510640,
        "bounce": {
            "isBounced": false,
            "pathname": "/frontend/index.html"
        },
        "device": "Laptop",
        "browser": "Edge",
        "location": {
            "latitude": -3.684312,
            "longitude": -53.423102
        },
        "uniqueId": "37f86d6c-c234-4339-9c0f-ec3bdaab8536",
        "pathname": "/dashboard",
        "language": "eu",
        "referrer": "http://leon.com/",
        "events": {
            "loadCount": 10,
            "visibilitychangeCount": 1,
            "resizeCount": 10,
            "focusCount": 6,
            "clickCount": 7,
            "blurCount": 10
        },
        "pageLoadTime": {
            "loadStart": 1733509800000,
            "loadEnd": 1733509800188
        },
        "productId": "TRK-Ob2CJVFgaau7",
        "pathCounts": {
            "/login": 3,
            "/cart": 4,
            "/home": 8
        }
    },
    {
        "start": 1733509800,
        "end": 1733510220,
        "bounce": {
            "isBounced": true,
            "pathname": "/frontend/index.html"
        },
        "device": "Desktop",
        "browser": "Mozilla",
        "location": {
            "latitude": -25.615555,
            "longitude": 118.817098
        },
        "uniqueId": "14ec54a1-24e9-462b-9378-3e9d812cba5a",
        "pathname": "/dashboard",
        "language": "sa",
        "referrer": "",
        "events": {
            "loadCount": 3,
            "visibilitychangeCount": 9,
            "resizeCount": 10,
            "focusCount": 0,
            "clickCount": 7,
            "blurCount": 2
        },
        "pageLoadTime": {
            "loadStart": 1733509800000,
            "loadEnd": 1733509800464
        },
        "productId": "TRK-TlxlcwGkl19t",
        "pathCounts": {
            "/login": 1,
            "/profile": 6,
            "/home/create": 3
        }
    },
    {
        "start": 1733509800,
        "end": 1733512440,
        "bounce": {
            "isBounced": true,
            "pathname": "/frontend/index.html"
        },
        "device": "Mobile",
        "browser": "Safari",
        "location": {
            "latitude": -64.8619295,
            "longitude": -155.846992
        },
        "uniqueId": "aa76de66-83a4-4c21-92f5-cfe20525387a",
        "pathname": "/dashboard",
        "language": "da",
        "referrer": "",
        "events": {
            "loadCount": 5,
            "visibilitychangeCount": 9,
            "resizeCount": 2,
            "focusCount": 5,
            "clickCount": 2,
            "blurCount": 7
        },
        "pageLoadTime": {
            "loadStart": 1733509800000,
            "loadEnd": 1733509800951
        },
        "productId": "TRK-Ob2CJVFgaau7",
        "pathCounts": {
            "/home/dashboard": 2,
            "/profile": 8,
            "/cart": 4
        }
    },
    {
        "start": 1733509800,
        "end": 1733512440,
        "bounce": {
            "isBounced": true,
            "pathname": "/frontend/index.html"
        },
        "device": "Tablet",
        "browser": "Chrome",
        "location": {
            "latitude": -10.252016,
            "longitude": -173.839075
        },
        "uniqueId": "3ba5c0ca-2d1c-4d75-82b7-a2c821f2ea43",
        "pathname": "/home",
        "language": "sl",
        "referrer": "",
        "events": {
            "loadCount": 9,
            "visibilitychangeCount": 8,
            "resizeCount": 1,
            "focusCount": 0,
            "clickCount": 9,
            "blurCount": 5
        },
        "pageLoadTime": {
            "loadStart": 1733509800000,
            "loadEnd": 1733509800531
        },
        "productId": "TRK-TlxlcwGkl19t",
        "pathCounts": {
            "/profile": 3,
            "/login": 9,
            "/home/create": 1
        }
    },
    {
        "start": 1733509800,
        "end": 1733511960,
        "bounce": {
            "isBounced": false,
            "pathname": "/frontend/index.html"
        },
        "device": "Desktop",
        "browser": "Edge",
        "location": {
            "latitude": 33.9652295,
            "longitude": 172.91035
        },
        "uniqueId": "77f0712b-554f-4c5c-9898-14e7c77b26a0",
        "pathname": "/settings",
        "language": "tl",
        "referrer": "",
        "events": {
            "loadCount": 0,
            "visibilitychangeCount": 5,
            "resizeCount": 6,
            "focusCount": 8,
            "clickCount": 2,
            "blurCount": 1
        },
        "pageLoadTime": {
            "loadStart": 1733509800000,
            "loadEnd": 1733509800373
        },
        "productId": "TRK-89olAsKyNOG7",
        "pathCounts": {
            "/home/create": 5,
            "/login": 4
        }
    },
    {
        "start": 1733509800,
        "end": 1733509860,
        "bounce": {
            "isBounced": false,
            "pathname": "/frontend/index.html"
        },
        "device": "Laptop",
        "browser": "Chrome",
        "location": {
            "latitude": 45.7956625,
            "longitude": 63.956121
        },
        "uniqueId": "5bde6480-0ab0-43b2-8529-ae22b458f836",
        "pathname": "/home",
        "language": "hne",
        "referrer": "",
        "events": {
            "loadCount": 2,
            "visibilitychangeCount": 10,
            "resizeCount": 7,
            "focusCount": 6,
            "clickCount": 5,
            "blurCount": 1
        },
        "pageLoadTime": {
            "loadStart": 1733509800000,
            "loadEnd": 1733509800875
        },
        "productId": "TRK-89olAsKyNOG7",
        "pathCounts": {
            "/checkout": 9,
            "/cart": 10,
            "/home/create": 1
        }
    },
    {
        "start": 1733509800,
        "end": 1733510040,
        "bounce": {
            "isBounced": true,
            "pathname": "/frontend/index.html"
        },
        "device": "Laptop",
        "browser": "Edge",
        "location": {
            "latitude": 73.6901455,
            "longitude": 153.080682
        },
        "uniqueId": "111907fd-95b7-4729-a2af-e51ad656e288",
        "pathname": "/settings",
        "language": "te",
        "referrer": "",
        "events": {
            "loadCount": 10,
            "visibilitychangeCount": 1,
            "resizeCount": 6,
            "focusCount": 3,
            "clickCount": 4,
            "blurCount": 5
        },
        "pageLoadTime": {
            "loadStart": 1733509800000,
            "loadEnd": 1733509800719
        },
        "productId": "TRK-89olAsKyNOG7",
        "pathCounts": {
            "/home": 4,
            "/home/dashboard": 3,
            "/login": 7
        }
    },
    {
        "start": 1733509800,
        "end": 1733509860,
        "bounce": {
            "isBounced": true,
            "pathname": "/frontend/index.html"
        },
        "device": "Desktop",
        "browser": "Edge",
        "location": {
            "latitude": 69.868687,
            "longitude": 134.494838
        },
        "uniqueId": "ca9d1f5f-925b-4a59-b362-4703a75ad77c",
        "pathname": "/dashboard",
        "language": "it",
        "referrer": "",
        "events": {
            "loadCount": 3,
            "visibilitychangeCount": 0,
            "resizeCount": 4,
            "focusCount": 0,
            "clickCount": 2,
            "blurCount": 4
        },
        "pageLoadTime": {
            "loadStart": 1733509800000,
            "loadEnd": 1733509800703
        },
        "productId": "TRK-TlxlcwGkl19t",
        "pathCounts": {
            "/home": 9,
            "/checkout": 5,
            "/login": 8,
            "/settings": 8,
            "/profile": 1
        }
    },
    {
        "start": 1733509800,
        "end": 1733512620,
        "bounce": {
            "isBounced": false,
            "pathname": "/frontend/index.html"
        },
        "device": "Mobile",
        "browser": "Mozilla",
        "location": {
            "latitude": 32.132037,
            "longitude": 137.108964
        },
        "uniqueId": "5bde6480-0ab0-43b2-8529-ae22b458f836",
        "pathname": "/dashboard",
        "language": "gv",
        "referrer": "http://www.collins.com/",
        "events": {
            "loadCount": 6,
            "visibilitychangeCount": 4,
            "resizeCount": 2,
            "focusCount": 3,
            "clickCount": 4,
            "blurCount": 10
        },
        "pageLoadTime": {
            "loadStart": 1733509800000,
            "loadEnd": 1733509800510
        },
        "productId": "TRK-89olAsKyNOG7",
        "pathCounts": {
            "/settings": 10,
            "/cart": 7,
            "/profile": 5,
            "/login": 3
        }
    },
    {
        "start": 1733509800,
        "end": 1733511480,
        "bounce": {
            "isBounced": true,
            "pathname": "/frontend/index.html"
        },
        "device": "Tablet",
        "browser": "Mozilla",
        "location": {
            "latitude": -76.414156,
            "longitude": 73.348288
        },
        "uniqueId": "14ec54a1-24e9-462b-9378-3e9d812cba5a",
        "pathname": "/frontend/index.html",
        "language": "my",
        "referrer": "",
        "events": {
            "loadCount": 10,
            "visibilitychangeCount": 0,
            "resizeCount": 6,
            "focusCount": 7,
            "clickCount": 4,
            "blurCount": 5
        },
        "pageLoadTime": {
            "loadStart": 1733509800000,
            "loadEnd": 1733509800023
        },
        "productId": "TRK-Ob2CJVFgaau7",
        "pathCounts": {
            "/settings": 10,
            "/home": 3,
            "/home/create": 7,
            "/cart": 7,
            "/checkout": 1
        }
    },
    {
        "start": 1733509800,
        "end": 1733513040,
        "bounce": {
            "isBounced": false,
            "pathname": "/frontend/index.html"
        },
        "device": "Laptop",
        "browser": "Chrome",
        "location": {
            "latitude": -88.73952,
            "longitude": 122.739002
        },
        "uniqueId": "9b47b488-09f3-4d00-a56c-8c970bdfab8e",
        "pathname": "/settings",
        "language": "kk",
        "referrer": "",
        "events": {
            "loadCount": 0,
            "visibilitychangeCount": 9,
            "resizeCount": 10,
            "focusCount": 2,
            "clickCount": 0,
            "blurCount": 1
        },
        "pageLoadTime": {
            "loadStart": 1733509800000,
            "loadEnd": 1733509800449
        },
        "productId": "TRK-89olAsKyNOG7",
        "pathCounts": {
            "/login": 5,
            "/profile": 1
        }
    },
    {
        "start": 1733509800,
        "end": 1733511660,
        "bounce": {
            "isBounced": false,
            "pathname": "/frontend/index.html"
        },
        "device": "Desktop",
        "browser": "Chrome",
        "location": {
            "latitude": -33.7434955,
            "longitude": -69.359605
        },
        "uniqueId": "3ba5c0ca-2d1c-4d75-82b7-a2c821f2ea43",
        "pathname": "/frontend/index.html",
        "language": "bem",
        "referrer": "",
        "events": {
            "loadCount": 1,
            "visibilitychangeCount": 3,
            "resizeCount": 10,
            "focusCount": 8,
            "clickCount": 4,
            "blurCount": 9
        },
        "pageLoadTime": {
            "loadStart": 1733509800000,
            "loadEnd": 1733509800576
        },
        "productId": "TRK-Ob2CJVFgaau7",
        "pathCounts": {
            "/login": 6,
            "/settings": 7,
            "/cart": 9,
            "/home/dashboard": 8
        }
    },
    {
        "start": 1733509800,
        "end": 1733510040,
        "bounce": {
            "isBounced": true,
            "pathname": "/frontend/index.html"
        },
        "device": "Tablet",
        "browser": "Mozilla",
        "location": {
            "latitude": 41.849889,
            "longitude": -89.593231
        },
        "uniqueId": "31b1cad6-43b6-4fa7-95e5-7d79676b01e7",
        "pathname": "/settings",
        "language": "dv",
        "referrer": "https://wright.org/",
        "events": {
            "loadCount": 5,
            "visibilitychangeCount": 4,
            "resizeCount": 7,
            "focusCount": 1,
            "clickCount": 1,
            "blurCount": 3
        },
        "pageLoadTime": {
            "loadStart": 1733509800000,
            "loadEnd": 1733509800144
        },
        "productId": "TRK-Ob2CJVFgaau7",
        "pathCounts": {
            "/settings": 5,
            "/home/dashboard": 3,
            "/cart": 7
        }
    },
    {
        "start": 1733509800,
        "end": 1733511600,
        "bounce": {
            "isBounced": true,
            "pathname": "/frontend/index.html"
        },
        "device": "Mobile",
        "browser": "Safari",
        "location": {
            "latitude": 56.758426,
            "longitude": -59.426121
        },
        "uniqueId": "ffef8945-c190-4f95-930f-4e35c2e3a868",
        "pathname": "/frontend/index.html",
        "language": "dv",
        "referrer": "",
        "events": {
            "loadCount": 10,
            "visibilitychangeCount": 4,
            "resizeCount": 1,
            "focusCount": 2,
            "clickCount": 4,
            "blurCount": 4
        },
        "pageLoadTime": {
            "loadStart": 1733509800000,
            "loadEnd": 1733509800500
        },
        "productId": "TRK-89olAsKyNOG7",
        "pathCounts": {
            "/home/dashboard": 3,
            "/checkout": 9,
            "/home/create": 4
        }
    },
    {
        "start": 1733509800,
        "end": 1733512980,
        "bounce": {
            "isBounced": true,
            "pathname": "/frontend/index.html"
        },
        "device": "Laptop",
        "browser": "Mozilla",
        "location": {
            "latitude": 2.82997,
            "longitude": 37.717808
        },
        "uniqueId": "ca9d1f5f-925b-4a59-b362-4703a75ad77c",
        "pathname": "/frontend/index.html",
        "language": "eo",
        "referrer": "",
        "events": {
            "loadCount": 0,
            "visibilitychangeCount": 1,
            "resizeCount": 2,
            "focusCount": 7,
            "clickCount": 1,
            "blurCount": 9
        },
        "pageLoadTime": {
            "loadStart": 1733509800000,
            "loadEnd": 1733509800609
        },
        "productId": "TRK-89olAsKyNOG7",
        "pathCounts": {
            "/cart": 4,
            "/home/create": 4,
            "/login": 6
        }
    }
]