[
    {
        "start": 1731609000,
        "end": 1731611400,
        "bounce": {
            "isBounced": false,
            "pathname": "/frontend/index.html"
        },
        "device": "Laptop",
        "browser": "Safari",
        "location": {
            "latitude": -26.356495,
            "longitude": 110.958026
        },
        "uniqueId": "d86a654c-f156-4873-9fec-b758bd53146a",
        "pathname": "/frontend/index.html",
        "language": "si",
        "referrer": "",
        "events": {
            "loadCount": 6,
            "visibilitychangeCount": 4,
            "resizeCount": 2,
            "focusCount": 5,
            "clickCount": 4,
            "blurCount": 6
        },
        "pageLoadTime": {
            "loadStart": 1731609000000,
            "loadEnd": 1731609000866
        },
        "productId": "TRK-89olAsKyNOG7",
        "pathCounts": {
            "/home/create": 1,
            "/home/dashboard": 1,
            "/login": 1
        }
    },
    {
        "start": 1731609000,
        "end": 1731610140,
        "bounce": {
            "isBounced": false,
            "pathname": "/frontend/index.html"
        },
        "device": "Laptop",
        "browser": "Chrome",
        "location": {
            "latitude": -25.1454405,
            "longitude": -76.917008
        },
        "uniqueId": "3ba5c0ca-2d1c-4d75-82b7-a2c821f2ea43",
        "pathname": "/frontend/index.html",
        "language": "wa",
        "referrer": "https://andrews.biz/",
        "events": {
            "loadCount": 9,
            "visibilitychangeCount": 6,
            "resizeCount": 3,
            "focusCount": 5,
            "clickCount": 4,
            "blurCount": 5
        },
        "pageLoadTime": {
            "loadStart": 1731609000000,
            "loadEnd": 1731609000089
        },
        "productId": "TRK-TlxlcwGkl19t",
        "pathCounts": {
            "/checkout": 1,
            "/settings": 9,
            "/home/dashboard": 9
        }
    },
    {
        "start": 1731609000,
        "end": 1731612540,
        "bounce": {
            "isBounced": true,
            "pathname": "/frontend/index.html"
        },
        "device": "Desktop",
        "browser": "Chrome",
        "location": {
            "latitude": -37.396703,
            "longitude": -172.789928
        },
        "uniqueId": "3da55713-36de-4077-9d4d-626d934aafe0",
        "pathname": "/dashboard",
        "language": "kn",
        "referrer": "",
        "events": {
            "loadCount": 7,
            "visibilitychangeCount": 1,
            "resizeCount": 2,
            "focusCount": 2,
            "clickCount": 2,
            "blurCount": 5
        },
        "pageLoadTime": {
            "loadStart": 1731609000000,
            "loadEnd": 1731609000973
        },
        "productId": "TRK-89olAsKyNOG7",
        "pathCounts": {
            "/settings": 1,
            "/home/create": 9,
            "/checkout": 7
        }
    },
    {
        "start": 1731609000,
        "end": 1731609060,
        "bounce": {
            "isBounced": false,
            "pathname": "/frontend/index.html"
        },
        "device": "Desktop",
        "browser": "Mozilla",
        "location": {
            "latitude": 68.7006865,
            "longitude": -15.348842
        },
        "uniqueId": "625ea2f3-d6f3-47f0-abd3-a204ea4eb491",
        "pathname": "/dashboard",
        "language": "ks",
        "referrer": "",
        "events": {
            "loadCount": 0,
            "visibilitychangeCount": 0,
            "resizeCount": 7,
            "focusCount": 3,
            "clickCount": 9,
            "blurCount": 4
        },
        "pageLoadTime": {
            "loadStart": 1731609000000,
            "loadEnd": 1731609000986
        },
        "productId": "TRK-89olAsKyNOG7",
        "pathCounts": {
            "/cart": 4,
            "/login": 10,
            "/home": 7
        }
    },
    {
        "start": 1731609000,
        "end": 1731609300,
        "bounce": {
            "isBounced": false,
            "pathname": "/frontend/index.html"
        },
        "device": "Tablet",
        "browser": "Mozilla",
        "location": {
            "latitude": -5.061512,
            "longitude": 83.919748
        },
        "uniqueId": "31b1cad6-43b6-4fa7-95e5-7d79676b01e7",
        "pathname": "/home",
        "language": "mk",
        "referrer": "",
        "events": {
            "loadCount": 9,
            "visibilitychangeCount": 9,
            "resizeCount": 1,
            "focusCount": 4,
            "clickCount": 10,
            "blurCount": 0
        },
        "pageLoadTime": {
            "loadStart": 1731609000000,
            "loadEnd": 1731609000831
        },
        "productId": "TRK-TlxlcwGkl19t",
        "pathCounts": {
            "/profile": 3,
            "/home/create": 4,
            "/cart": 6,
            "/settings": 6
        }
    },
    {
        "start": 1731609000,
        "end": 1731611040,
        "bounce": {
            "isBounced": true,
            "pathname": "/frontend/index.html"
        },
        "device": "Mobile",
        "browser": "Chrome",
        "location": {
            "latitude": 0.9192125,
            "longitude": -33.271709
        },
        "uniqueId": "ca9d1f5f-925b-4a59-b362-4703a75ad77c",
        "pathname": "/dashboard",
        "language": "ru",
        "referrer": "",
        "events": {
            "loadCount": 1,
            "visibilitychangeCount": 0,
            "resizeCount": 9,
            "focusCount": 9,
            "clickCount": 6,
            "blurCount": 5
        },
        "pageLoadTime": {
            "loadStart": 1731609000000,
            "loadEnd": 1731609000011
        },
        "productId": "TRK-89olAsKyNOG7",
        "pathCounts": {
            "/home/create": 8,
            "/checkout": 10,
            "/profile": 1,
            "/login": 9,
            "/cart": 3
        }
    },
    {
        "start": 1731609000,
        "end": 1731609600,
        "bounce": {
            "isBounced": true,
            "pathname": "/frontend/index.html"
        },
        "device": "Desktop",
        "browser": "Edge",
        "location": {
            "latitude": -15.690454,
            "longitude": -24.001183
        },
        "uniqueId": "9ce1bf0b-8366-40e1-b77c-9493a981c91b",
        "pathname": "/frontend/index.html",
        "language": "mni",
        "referrer": "",
        "events": {
            "loadCount": 5,
            "visibilitychangeCount": 7,
            "resizeCount": 4,
            "focusCount": 5,
            "clickCount": 5,
            "blurCount": 7
        },
        "pageLoadTime": {
            "loadStart": 1731609000000,
            "loadEnd": 1731609000480
        },
        "productId": "TRK-Ob2CJVFgaau7",
        "pathCounts": {
            "/profile": 9,
            "/checkout": 3,
            "/cart": 1
        }
    },
    {
        "start": 1731609000,
        "end": 1731610140,
        "bounce": {
            "isBounced": false,
            "pathname": "/frontend/index.html"
        },
        "device": "Desktop",
        "browser": "Chrome",
        "location": {
            "latitude": -3.436669,
            "longitude": 7.701368
        },
        "uniqueId": "77f0712b-554f-4c5c-9898-14e7c77b26a0",
        "pathname": "/profile",
        "language": "fo",
        "referrer": "https://www.jones-villarreal.com/",
        "events": {
            "loadCount": 0,
            "visibilitychangeCount": 3,
            "resizeCount": 7,
            "focusCount": 3,
            "clickCount": 3,
            "blurCount": 9
        },
        "pageLoadTime": {
            "loadStart": 1731609000000,
            "loadEnd": 1731609000859
        },
        "productId": "TRK-89olAsKyNOG7",
        "pathCounts": {
            "/home/create": 7,
            "/login": 5
        }
    },
    {
        "start": 1731609000,
        "end": 1731609180,
        "bounce": {
            "isBounced": true,
            "pathname": "/frontend/index.html"
        },
        "device": "Tablet",
        "browser": "Safari",
        "location": {
            "latitude": 14.5127365,
            "longitude": -120.317821
        },
        "uniqueId": "ca9d1f5f-925b-4a59-b362-4703a75ad77c",
        "pathname": "/settings",
        "language": "si",
        "referrer": "",
        "events": {
            "loadCount": 3,
            "visibilitychangeCount": 6,
            "resizeCount": 6,
            "focusCount": 6,
            "clickCount": 1,
            "blurCount": 10
        },
        "pageLoadTime": {
            "loadStart": 1731609000000,
            "loadEnd": 1731609000160
        },
        "productId": "TRK-89olAsKyNOG7",
        "pathCounts": {
            "/home/create": 2,
            "/login": 1,
            "/checkout": 5,
            "/cart": 5
        }
    },
    {
        "start": 1731609000,
        "end": 1731612240,
        "bounce": {
            "isBounced": true,
            "pathname": "/frontend/index.html"
        },
        "device": "Desktop",
        "browser": "Edge",
        "location": {
            "latitude": 71.438439,
            "longitude": 69.950177
        },
        "uniqueId": "9ce1bf0b-8366-40e1-b77c-9493a981c91b",
        "pathname": "/settings",
        "language": "mn",
        "referrer": "http://cross.com/",
        "events": {
            "loadCount": 2,
            "visibilitychangeCount": 6,
            "resizeCount": 1,
            "focusCount": 2,
            "clickCount": 3,
            "blurCount": 3
        },
        "pageLoadTime": {
            "loadStart": 1731609000000,
            "loadEnd": 1731609000155
        },
        "productId": "TRK-89olAsKyNOG7",
        "pathCounts": {
            "/login": 6,
            "/settings": 6,
            "/checkout": 8,
            "/home/create": 9
        }
    },
    {
        "start": 1731609000,
        "end": 1731610560,
        "bounce": {
            "isBounced": false,
            "pathname": "/frontend/index.html"
        },
        "device": "Tablet",
        "browser": "Safari",
        "location": {
            "latitude": 43.751583,
            "longitude": -129.009662
        },
        "uniqueId": "31b1cad6-43b6-4fa7-95e5-7d79676b01e7",
        "pathname": "/home",
        "language": "kw",
        "referrer": "",
        "events": {
            "loadCount": 6,
            "visibilitychangeCount": 5,
            "resizeCount": 8,
            "focusCount": 9,
            "clickCount": 9,
            "blurCount": 8
        },
        "pageLoadTime": {
            "loadStart": 1731609000000,
            "loadEnd": 1731609000411
        },
        "productId": "TRK-Ob2CJVFgaau7",
        "pathCounts": {
            "/home/create": 3,
            "/profile": 7,
            "/checkout": 7,
            "/cart": 4
        }
    },
    {
        "start": 1731609000,
        "end": 1731609120,
        "bounce": {
            "isBounced": false,
            "pathname": "/frontend/index.html"
        },
        "device": "Tablet",
        "browser": "Mozilla",
        "location": {
            "latitude": -7.23663,
            "longitude": 116.172441
        },
        "uniqueId": "5bde6480-0ab0-43b2-8529-ae22b458f836",
        "pathname": "/profile",
        "language": "am",
        "referrer": "",
        "events": {
            "loadCount": 8,
            "visibilitychangeCount": 3,
            "resizeCount": 2,
            "focusCount": 5,
            "clickCount": 9,
            "blurCount": 10
        },
        "pageLoadTime": {
            "loadStart": 1731609000000,
            "loadEnd": 1731609000951
        },
        "productId": "TRK-TlxlcwGkl19t",
        "pathCounts": {
            "/login": 5,
            "/home/dashboard": 10,
            "/cart": 3,
            "/home/create": 2
        }
    },
    {
        "start": 1731609000,
        "end": 1731611520,
        "bounce": {
            "isBounced": true,
            "pathname": "/frontend/index.html"
        },
        "device": "Tablet",
        "browser": "Edge",
        "location": {
            "latitude": -49.7268605,
            "longitude": -73.66613
        },
        "uniqueId": "f9c7e851-4d89-46ce-8678-25b88916a574",
        "pathname": "/profile",
        "language": "kw",
        "referrer": "http://good-parsons.com/",
        "events": {
            "loadCount": 8,
            "visibilitychangeCount": 5,
            "resizeCount": 5,
            "focusCount": 8,
            "clickCount": 3,
            "blurCount": 5
        },
        "pageLoadTime": {
            "loadStart": 1731609000000,
            "loadEnd": 1731609000626
        },
        "productId": "TRK-89olAsKyNOG7",
        "pathCounts": {
            "/home/dashboard": 9,
            "/home": 1,
            "/settings": 4
        }
    },
    {
        "start": 1731609000,
        "end": 1731612000,
        "bounce": {
            "isBounced": true,
            "pathname": "/frontend/index.html"
        },
        "device": "Tablet",
        "browser": "Mozilla",
        "location": {
            "latitude": -37.300839,
            "longitude": 31.487019
        },
        "uniqueId": "ca9d1f5f-925b-4a59-b362-4703a75ad77c",
        "pathname": "/home",
        "language": "be",
        "referrer": "http://www.anthony.com/",
        "events": {
            "loadCount": 5,
            "visibilitychangeCount": 3,
            "resizeCount": 6,
            "focusCount": 1,
            "clickCount": 7,
            "blurCount": 3
        },
        "pageLoadTime": {
            "loadStart": 1731609000000,
            "loadEnd": 1731609000364
        },
        "productId": "TRK-89olAsKyNOG7",
        "pathCounts": {
            "/checkout": 7,
            "/settings": 9,
            "/home/dashboard": 8,
            "/profile": 4
        }
    },
    {
        "start": 1731609000,
        "end": 1731612000,
        "bounce": {
            "isBounced": true,
            "pathname": "/frontend/index.html"
        },
        "device": "Laptop",
        "browser": "Safari",
        "location": {
            "latitude": -0.571629,
            "longitude": -103.891518
        },
        "uniqueId": "ca9d1f5f-925b-4a59-b362-4703a75ad77c",
        "pathname": "/settings",
        "language": "nds",
        "referrer": "",
        "events": {
            "loadCount": 5,
            "visibilitychangeCount": 1,
            "resizeCount": 10,
            "focusCount": 2,
            "clickCount": 6,
            "blurCount": 5
        },
        "pageLoadTime": {
            "loadStart": 1731609000000,
            "loadEnd": 1731609000925
        },
        "productId": "TRK-TlxlcwGkl19t",
        "pathCounts": {
            "/checkout": 2,
            "/settings": 7,
            "/cart": 6,
            "/login": 10,
            "/home": 3
        }
    },
    {
        "start": 1731609000,
        "end": 1731611640,
        "bounce": {
            "isBounced": true,
            "pathname": "/frontend/index.html"
        },
        "device": "Mobile",
        "browser": "Chrome",
        "location": {
            "latitude": 7.082375,
            "longitude": 17.517235
        },
        "uniqueId": "aca50ebd-2a70-41b2-a3f9-1a2deecc8322",
        "pathname": "/frontend/index.html",
        "language": "cs",
        "referrer": "http://www.hayes.com/",
        "events": {
            "loadCount": 7,
            "visibilitychangeCount": 1,
            "resizeCount": 2,
            "focusCount": 4,
            "clickCount": 8,
            "blurCount": 7
        },
        "pageLoadTime": {
            "loadStart": 1731609000000,
            "loadEnd": 1731609000808
        },
        "productId": "TRK-TlxlcwGkl19t",
        "pathCounts": {
            "/home/create": 10,
            "/profile": 9,
            "/home/dashboard": 6,
            "/settings": 7,
            "/login": 5
        }
    },
    {
        "start": 1731609000,
        "end": 1731611280,
        "bounce": {
            "isBounced": false,
            "pathname": "/frontend/index.html"
        },
        "device": "Laptop",
        "browser": "Chrome",
        "location": {
            "latitude": -18.6456055,
            "longitude": -119.965109
        },
        "uniqueId": "ca9d1f5f-925b-4a59-b362-4703a75ad77c",
        "pathname": "/profile",
        "language": "hy",
        "referrer": "",
        "events": {
            "loadCount": 7,
            "visibilitychangeCount": 3,
            "resizeCount": 9,
            "focusCount": 7,
            "clickCount": 2,
            "blurCount": 1
        },
        "pageLoadTime": {
            "loadStart": 1731609000000,
            "loadEnd": 1731609000917
        },
        "productId": "TRK-89olAsKyNOG7",
        "pathCounts": {
            "/cart": 2,
            "/home/dashboard": 6
        }
    },
    {
        "start": 1731609000,
        "end": 1731610020,
        "bounce": {
            "isBounced": true,
            "pathname": "/frontend/index.html"
        },
        "device": "Tablet",
        "browser": "Mozilla",
        "location": {
            "latitude": 36.365146,
            "longitude": -110.632905
        },
        "uniqueId": "f9c7e851-4d89-46ce-8678-25b88916a574",
        "pathname": "/home",
        "language": "szl",
        "referrer": "http://www.clay.info/",
        "events": {
            "loadCount": 2,
            "visibilitychangeCount": 0,
            "resizeCount": 6,
            "focusCount": 6,
            "clickCount": 1,
            "blurCount": 0
        },
        "pageLoadTime": {
            "loadStart": 1731609000000,
            "loadEnd": 1731609000109
        },
        "productId": "TRK-TlxlcwGkl19t",
        "pathCounts": {
            "/checkout": 4,
            "/login": 2,
            "/cart": 4,
            "/home": 4,
            "/home/create": 3
        }
    }
]