[
    {
        "start": 1728239400,
        "end": 1728241680,
        "bounce": {
            "isBounced": true,
            "pathname": "/frontend/index.html"
        },
        "device": "Mobile",
        "browser": "Mozilla",
        "location": {
            "latitude": 8.546811,
            "longitude": 33.164666
        },
        "uniqueId": "111907fd-95b7-4729-a2af-e51ad656e288",
        "pathname": "/dashboard",
        "language": "hr",
        "referrer": "",
        "events": {
            "loadCount": 8,
            "visibilitychangeCount": 10,
            "resizeCount": 1,
            "focusCount": 8,
            "clickCount": 5,
            "blurCount": 6
        },
        "pageLoadTime": {
            "loadStart": 1728239400000,
            "loadEnd": 1728239400141
        },
        "productId": "TRK-TlxlcwGkl19t",
        "pathCounts": {
            "/cart": 4,
            "/home/dashboard": 10,
            "/settings": 10,
            "/profile": 6
        }
    },
    {
        "start": 1728239400,
        "end": 1728240600,
        "bounce": {
            "isBounced": true,
            "pathname": "/frontend/index.html"
        },
        "device": "Mobile",
        "browser": "Chrome",
        "location": {
            "latitude": -55.024129,
            "longitude": 61.191484
        },
        "uniqueId": "37f86d6c-c234-4339-9c0f-ec3bdaab8536",
        "pathname": "/settings",
        "language": "or",
        "referrer": "",
        "events": {
            "loadCount": 10,
            "visibilitychangeCount": 8,
            "resizeCount": 6,
            "focusCount": 1,
            "clickCount": 1,
            "blurCount": 6
        },
        "pageLoadTime": {
            "loadStart": 1728239400000,
            "loadEnd": 1728239400322
        },
        "productId": "TRK-89olAsKyNOG7",
        "pathCounts": {
            "/cart": 1,
            "/home/create": 8,
            "/login": 1,
            "/settings": 3
        }
    },
    {
        "start": 1728239400,
        "end": 1728241500,
        "bounce": {
            "isBounced": true,
            "pathname": "/frontend/index.html"
        },
        "device": "Laptop",
        "browser": "Chrome",
        "location": {
            "latitude": 24.712161,
            "longitude": 98.479468
        },
        "uniqueId": "37f86d6c-c234-4339-9c0f-ec3bdaab8536",
        "pathname": "/settings",
        "language": "te",
        "referrer": "",
        "events": {
            "loadCount": 0,
            "visibilitychangeCount": 10,
            "resizeCount": 9,
            "focusCount": 10,
            "clickCount": 5,
            "blurCount": 5
        },
        "pageLoadTime": {
            "loadStart": 1728239400000,
            "loadEnd": 1728239400267
        },
        "productId": "TRK-Ob2CJVFgaau7",
        "pathCounts": {
            "/home/create": 5,
            "/settings": 1,
            "/checkout": 8
        }
    },
    {
        "start": 1728239400,
        "end": 1728242940,
        "bounce": {
            "isBounced": false,
            "pathname": "/frontend/index.html"
        },
        "device": "Tablet",
        "browser": "Mozilla",
        "location": {
            "latitude": 49.8040825,
            "longitude": 86.30235
        },
        "uniqueId": "ffef8945-c190-4f95-930f-4e35c2e3a868",
        "pathname": "/profile",
        "language": "mi",
        "referrer": "",
        "events": {
            "loadCount": 7,
            "visibilitychangeCount": 8,
            "resizeCount": 4,
            "focusCount": 8,
            "clickCount": 1,
            "blurCount": 5
        },
        "pageLoadTime": {
            "loadStart": 1728239400000,
            "loadEnd": 1728239400251
        },
        "productId": "TRK-TlxlcwGkl19t",
        "pathCounts": {
            "/checkout": 6,
            "/cart": 6,
            "/home/create": 4,
            "/home/dashboard": 6
        }
    },
    {
        "start": 1728239400,
        "end": 1728240960,
        "bounce": {
            "isBounced": true,
            "pathname": "/frontend/index.html"
        },
        "device": "Tablet",
        "browser": "Safari",
        "location": {
            "latitude": -9.224835,
            "longitude": -122.434504
        },
        "uniqueId": "80d8a76b-4c97-4a12-9ac3-02a6d37e11a9",
        "pathname": "/dashboard",
        "language": "fil",
        "referrer": "http://www.evans.com/",
        "events": {
            "loadCount": 9,
            "visibilitychangeCount": 0,
            "resizeCount": 9,
            "focusCount": 3,
            "clickCount": 1,
            "blurCount": 1
        },
        "pageLoadTime": {
            "loadStart": 1728239400000,
            "loadEnd": 1728239400582
        },
        "productId": "TRK-TlxlcwGkl19t",
        "pathCounts": {
            "/cart": 8,
            "/home/dashboard": 3,
            "/profile": 8
        }
    },
    {
        "start": 1728239400,
        "end": 1728240360,
        "bounce": {
            "isBounced": true,
            "pathname": "/frontend/index.html"
        },
        "device": "Laptop",
        "browser": "Edge",
        "location": {
            "latitude": -9.0901575,
            "longitude": 175.767613
        },
        "uniqueId": "aa76de66-83a4-4c21-92f5-cfe20525387a",
        "pathname": "/settings",
        "language": "crh",
        "referrer": "http://www.miller-fields.com/",
        "events": {
            "loadCount": 6,
            "visibilitychangeCount": 9,
            "resizeCount": 6,
            "focusCount": 1,
            "clickCount": 6,
            "blurCount": 4
        },
        "pageLoadTime": {
            "loadStart": 1728239400000,
            "loadEnd": 1728239400577
        },
        "productId": "TRK-89olAsKyNOG7",
        "pathCounts": {
            "/cart": 3,
            "/checkout": 1,
            "/home/create": 1,
            "/home/dashboard": 9
        }
    },
    {
        "start": 1728239400,
        "end": 1728240120,
        "bounce": {
            "isBounced": true,
            "pathname": "/frontend/index.html"
        },
        "device": "Desktop",
        "browser": "Chrome",
        "location": {
            "latitude": -52.2126095,
            "longitude": -25.442908
        },
        "uniqueId": "9b47b488-09f3-4d00-a56c-8c970bdfab8e",
        "pathname": "/home",
        "language": "nan",
        "referrer": "http://www.reynolds.info/",
        "events": {
            "loadCount": 6,
            "visibilitychangeCount": 1,
            "resizeCount": 8,
            "focusCount": 6,
            "clickCount": 0,
            "blurCount": 4
        },
        "pageLoadTime": {
            "loadStart": 1728239400000,
            "loadEnd": 1728239400967
        },
        "productId": "TRK-Ob2CJVFgaau7",
        "pathCounts": {
            "/checkout": 8,
            "/home/create": 9,
            "/profile": 5,
            "/cart": 7,
            "/settings": 8
        }
    },
    {
        "start": 1728239400,
        "end": 1728239880,
        "bounce": {
            "isBounced": false,
            "pathname": "/frontend/index.html"
        },
        "device": "Tablet",
        "browser": "Safari",
        "location": {
            "latitude": 47.865077,
            "longitude": -14.868271
        },
        "uniqueId": "4f113d91-1e3e-46f7-a9ca-95f02de96297",
        "pathname": "/profile",
        "language": "pt",
        "referrer": "https://barker-moore.com/",
        "events": {
            "loadCount": 7,
            "visibilitychangeCount": 10,
            "resizeCount": 5,
            "focusCount": 1,
            "clickCount": 3,
            "blurCount": 5
        },
        "pageLoadTime": {
            "loadStart": 1728239400000,
            "loadEnd": 1728239400346
        },
        "productId": "TRK-TlxlcwGkl19t",
        "pathCounts": {
            "/login": 5,
            "/checkout": 7,
            "/home/create": 3,
            "/home": 10,
            "/home/dashboard": 9
        }
    },
    {
        "start": 1728239400,
        "end": 1728242580,
        "bounce": {
            "isBounced": true,
            "pathname": "/frontend/index.html"
        },
        "device": "Laptop",
        "browser": "Chrome",
        "location": {
            "latitude": 76.4235085,
            "longitude": -71.462276
        },
        "uniqueId": "ca9d1f5f-925b-4a59-b362-4703a75ad77c",
        "pathname": "/dashboard",
        "language": "xh",
        "referrer": "",
        "events": {
            "loadCount": 3,
            "visibilitychangeCount": 0,
            "resizeCount": 0,
            "focusCount": 2,
            "clickCount": 5,
            "blurCount": 1
        },
        "pageLoadTime": {
            "loadStart": 1728239400000,
            "loadEnd": 1728239400385
        },
        "productId": "TRK-89olAsKyNOG7",
        "pathCounts": {
            "/login": 5,
            "/cart": 7,
            "/profile": 3,
            "/home": 5,
            "/home/dashboard": 3,
            "/home/create": 1
        }
    }
]