[
    {
        "start": 1729103400,
        "end": 1729105680,
        "bounce": {
            "isBounced": false,
            "pathname": "/frontend/index.html"
        },
        "device": "Desktop",
        "browser": "Safari",
        "location": {
            "latitude": -11.467828,
            "longitude": -78.904597
        },
        "uniqueId": "5bde6480-0ab0-43b2-8529-ae22b458f836",
        "pathname": "/home",
        "language": "lg",
        "referrer": "https://martinez.com/",
        "events": {
            "loadCount": 8,
            "visibilitychangeCount": 2,
            "resizeCount": 1,
            "focusCount": 4,
            "clickCount": 4,
            "blurCount": 0
        },
        "pageLoadTime": {
            "loadStart": 1729103400000,
            "loadEnd": 1729103400421
        },
        "productId": "TRK-89olAsKyNOG7",
        "pathCounts": {
            "/cart": 8,
            "/home": 3,
            "/home/create": 8
        }
    },
    {
        "start": 1729103400,
        "end": 1729103700,
        "bounce": {
            "isBounced": true,
            "pathname": "/frontend/index.html"
        },
        "device": "Tablet",
        "browser": "Mozilla",
        "location": {
            "latitude": 36.170157,
            "longitude": -168.64508
        },
        "uniqueId": "4f113d91-1e3e-46f7-a9ca-95f02de96297",
        "pathname": "/home",
        "language": "quz",
        "referrer": "http://collins.com/",
        "events": {
            "loadCount": 6,
            "visibilitychangeCount": 7,
            "resizeCount": 0,
            "focusCount": 0,
            "clickCount": 6,
            "blurCount": 10
        },
        "pageLoadTime": {
            "loadStart": 1729103400000,
            "loadEnd": 1729103400401
        },
        "productId": "TRK-TlxlcwGkl19t",
        "pathCounts": {
            "/settings": 2,
            "/login": 9,
            "/home/dashboard": 6,
            "/home/create": 8
        }
    },
    {
        "start": 1729103400,
        "end": 1729103940,
        "bounce": {
            "isBounced": false,
            "pathname": "/frontend/index.html"
        },
        "device": "Desktop",
        "browser": "Chrome",
        "location": {
            "latitude": 45.169047,
            "longitude": 83.046095
        },
        "uniqueId": "f9c7e851-4d89-46ce-8678-25b88916a574",
        "pathname": "/settings",
        "language": "ha",
        "referrer": "https://www.castillo.net/",
        "events": {
            "loadCount": 6,
            "visibilitychangeCount": 6,
            "resizeCount": 0,
            "focusCount": 2,
            "clickCount": 6,
            "blurCount": 0
        },
        "pageLoadTime": {
            "loadStart": 1729103400000,
            "loadEnd": 1729103400089
        },
        "productId": "TRK-Ob2CJVFgaau7",
        "pathCounts": {
            "/login": 10,
            "/home": 3,
            "/home/dashboard": 7,
            "/settings": 6,
            "/checkout": 6
        }
    },
    {
        "start": 1729103400,
        "end": 1729103820,
        "bounce": {
            "isBounced": true,
            "pathname": "/frontend/index.html"
        },
        "device": "Mobile",
        "browser": "Chrome",
        "location": {
            "latitude": -72.4001875,
            "longitude": 87.875899
        },
        "uniqueId": "d86a654c-f156-4873-9fec-b758bd53146a",
        "pathname": "/profile",
        "language": "hu",
        "referrer": "",
        "events": {
            "loadCount": 10,
            "visibilitychangeCount": 10,
            "resizeCount": 2,
            "focusCount": 5,
            "clickCount": 7,
            "blurCount": 5
        },
        "pageLoadTime": {
            "loadStart": 1729103400000,
            "loadEnd": 1729103400895
        },
        "productId": "TRK-TlxlcwGkl19t",
        "pathCounts": {
            "/cart": 10,
            "/home": 9
        }
    },
    {
        "start": 1729103400,
        "end": 1729106220,
        "bounce": {
            "isBounced": false,
            "pathname": "/frontend/index.html"
        },
        "device": "Tablet",
        "browser": "Edge",
        "location": {
            "latitude": -72.854959,
            "longitude": -163.358882
        },
        "uniqueId": "3da55713-36de-4077-9d4d-626d934aafe0",
        "pathname": "/frontend/index.html",
        "language": "fr",
        "referrer": "https://www.reynolds.com/",
        "events": {
            "loadCount": 5,
            "visibilitychangeCount": 7,
            "resizeCount": 6,
            "focusCount": 2,
            "clickCount": 10,
            "blurCount": 0
        },
        "pageLoadTime": {
            "loadStart": 1729103400000,
            "loadEnd": 1729103400843
        },
        "productId": "TRK-Ob2CJVFgaau7",
        "pathCounts": {
            "/profile": 9,
            "/checkout": 7,
            "/home/create": 6,
            "/cart": 6,
            "/home/dashboard": 10
        }
    },
    {
        "start": 1729103400,
        "end": 1729104180,
        "bounce": {
            "isBounced": true,
            "pathname": "/frontend/index.html"
        },
        "device": "Desktop",
        "browser": "Edge",
        "location": {
            "latitude": 46.937081,
            "longitude": -3.763551
        },
        "uniqueId": "14ec54a1-24e9-462b-9378-3e9d812cba5a",
        "pathname": "/frontend/index.html",
        "language": "nl",
        "referrer": "https://smith.com/",
        "events": {
            "loadCount": 2,
            "visibilitychangeCount": 0,
            "resizeCount": 9,
            "focusCount": 9,
            "clickCount": 4,
            "blurCount": 6
        },
        "pageLoadTime": {
            "loadStart": 1729103400000,
            "loadEnd": 1729103400697
        },
        "productId": "TRK-Ob2CJVFgaau7",
        "pathCounts": {
            "/home": 9,
            "/checkout": 5,
            "/home/dashboard": 9
        }
    },
    {
        "start": 1729103400,
        "end": 1729106400,
        "bounce": {
            "isBounced": true,
            "pathname": "/frontend/index.html"
        },
        "device": "Mobile",
        "browser": "Chrome",
        "location": {
            "latitude": 62.463409,
            "longitude": -159.721428
        },
        "uniqueId": "80d8a76b-4c97-4a12-9ac3-02a6d37e11a9",
        "pathname": "/profile",
        "language": "gl",
        "referrer": "",
        "events": {
            "loadCount": 0,
            "visibilitychangeCount": 1,
            "resizeCount": 2,
            "focusCount": 7,
            "clickCount": 6,
            "blurCount": 10
        },
        "pageLoadTime": {
            "loadStart": 1729103400000,
            "loadEnd": 1729103400569
        },
        "productId": "TRK-89olAsKyNOG7",
        "pathCounts": {
            "/home": 4,
            "/checkout": 3,
            "/profile": 5,
            "/settings": 9,
            "/home/dashboard": 7
        }
    },
    {
        "start": 1729103400,
        "end": 1729104840,
        "bounce": {
            "isBounced": false,
            "pathname": "/frontend/index.html"
        },
        "device": "Mobile",
        "browser": "Mozilla",
        "location": {
            "latitude": 52.139524,
            "longitude": 141.096175
        },
        "uniqueId": "f9c7e851-4d89-46ce-8678-25b88916a574",
        "pathname": "/profile",
        "language": "lo",
        "referrer": "http://www.townsend.net/",
        "events": {
            "loadCount": 8,
            "visibilitychangeCount": 4,
            "resizeCount": 5,
            "focusCount": 10,
            "clickCount": 3,
            "blurCount": 1
        },
        "pageLoadTime": {
            "loadStart": 1729103400000,
            "loadEnd": 1729103400772
        },
        "productId": "TRK-TlxlcwGkl19t",
        "pathCounts": {
            "/checkout": 10,
            "/cart": 8,
            "/profile": 5,
            "/home/dashboard": 8
        }
    },
    {
        "start": 1729103400,
        "end": 1729106940,
        "bounce": {
            "isBounced": false,
            "pathname": "/frontend/index.html"
        },
        "device": "Tablet",
        "browser": "Edge",
        "location": {
            "latitude": 51.1347925,
            "longitude": 107.108963
        },
        "uniqueId": "f25d6d08-ed4a-4680-b7e3-94d4b30207df",
        "pathname": "/dashboard",
        "language": "nb",
        "referrer": "",
        "events": {
            "loadCount": 4,
            "visibilitychangeCount": 10,
            "resizeCount": 2,
            "focusCount": 10,
            "clickCount": 4,
            "blurCount": 2
        },
        "pageLoadTime": {
            "loadStart": 1729103400000,
            "loadEnd": 1729103400709
        },
        "productId": "TRK-Ob2CJVFgaau7",
        "pathCounts": {
            "/login": 8,
            "/profile": 9,
            "/checkout": 4
        }
    },
    {
        "start": 1729103400,
        "end": 1729106880,
        "bounce": {
            "isBounced": true,
            "pathname": "/frontend/index.html"
        },
        "device": "Mobile",
        "browser": "Mozilla",
        "location": {
            "latitude": -3.5139525,
            "longitude": -91.47357
        },
        "uniqueId": "ca9d1f5f-925b-4a59-b362-4703a75ad77c",
        "pathname": "/frontend/index.html",
        "language": "apn",
        "referrer": "",
        "events": {
            "loadCount": 8,
            "visibilitychangeCount": 10,
            "resizeCount": 6,
            "focusCount": 0,
            "clickCount": 2,
            "blurCount": 5
        },
        "pageLoadTime": {
            "loadStart": 1729103400000,
            "loadEnd": 1729103400574
        },
        "productId": "TRK-89olAsKyNOG7",
        "pathCounts": {
            "/profile": 5,
            "/checkout": 3,
            "/cart": 4
        }
    },
    {
        "start": 1729103400,
        "end": 1729103460,
        "bounce": {
            "isBounced": true,
            "pathname": "/frontend/index.html"
        },
        "device": "Mobile",
        "browser": "Mozilla",
        "location": {
            "latitude": 84.083283,
            "longitude": -149.509717
        },
        "uniqueId": "ca9d1f5f-925b-4a59-b362-4703a75ad77c",
        "pathname": "/profile",
        "language": "ff",
        "referrer": "https://johnson.com/",
        "events": {
            "loadCount": 10,
            "visibilitychangeCount": 3,
            "resizeCount": 1,
            "focusCount": 6,
            "clickCount": 8,
            "blurCount": 8
        },
        "pageLoadTime": {
            "loadStart": 1729103400000,
            "loadEnd": 1729103400363
        },
        "productId": "TRK-TlxlcwGkl19t",
        "pathCounts": {
            "/checkout": 9,
            "/settings": 2,
            "/home/create": 9,
            "/home": 5,
            "/cart": 10
        }
    },
    {
        "start": 1729103400,
        "end": 1729103820,
        "bounce": {
            "isBounced": false,
            "pathname": "/frontend/index.html"
        },
        "device": "Laptop",
        "browser": "Chrome",
        "location": {
            "latitude": -36.143529,
            "longitude": -1.655087
        },
        "uniqueId": "aca50ebd-2a70-41b2-a3f9-1a2deecc8322",
        "pathname": "/settings",
        "language": "doi",
        "referrer": "",
        "events": {
            "loadCount": 3,
            "visibilitychangeCount": 10,
            "resizeCount": 2,
            "focusCount": 10,
            "clickCount": 6,
            "blurCount": 5
        },
        "pageLoadTime": {
            "loadStart": 1729103400000,
            "loadEnd": 1729103400402
        },
        "productId": "TRK-Ob2CJVFgaau7",
        "pathCounts": {
            "/home/create": 2,
            "/settings": 5,
            "/home/dashboard": 8,
            "/checkout": 2,
            "/home": 9
        }
    },
    {
        "start": 1729103400,
        "end": 1729104840,
        "bounce": {
            "isBounced": true,
            "pathname": "/frontend/index.html"
        },
        "device": "Tablet",
        "browser": "Chrome",
        "location": {
            "latitude": -20.0534,
            "longitude": 13.097321
        },
        "uniqueId": "9b47b488-09f3-4d00-a56c-8c970bdfab8e",
        "pathname": "/home",
        "language": "fi",
        "referrer": "http://chapman-stuart.com/",
        "events": {
            "loadCount": 10,
            "visibilitychangeCount": 5,
            "resizeCount": 3,
            "focusCount": 0,
            "clickCount": 4,
            "blurCount": 4
        },
        "pageLoadTime": {
            "loadStart": 1729103400000,
            "loadEnd": 1729103400175
        },
        "productId": "TRK-Ob2CJVFgaau7",
        "pathCounts": {
            "/login": 2,
            "/checkout": 7,
            "/settings": 7
        }
    },
    {
        "start": 1729103400,
        "end": 1729105740,
        "bounce": {
            "isBounced": false,
            "pathname": "/frontend/index.html"
        },
        "device": "Laptop",
        "browser": "Edge",
        "location": {
            "latitude": 16.9728555,
            "longitude": 115.845747
        },
        "uniqueId": "9b47b488-09f3-4d00-a56c-8c970bdfab8e",
        "pathname": "/settings",
        "language": "ve",
        "referrer": "",
        "events": {
            "loadCount": 2,
            "visibilitychangeCount": 10,
            "resizeCount": 8,
            "focusCount": 2,
            "clickCount": 4,
            "blurCount": 0
        },
        "pageLoadTime": {
            "loadStart": 1729103400000,
            "loadEnd": 1729103400590
        },
        "productId": "TRK-89olAsKyNOG7",
        "pathCounts": {
            "/login": 1,
            "/settings": 2
        }
    },
    {
        "start": 1729103400,
        "end": 1729104840,
        "bounce": {
            "isBounced": false,
            "pathname": "/frontend/index.html"
        },
        "device": "Laptop",
        "browser": "Edge",
        "location": {
            "latitude": 81.077841,
            "longitude": -126.913093
        },
        "uniqueId": "14ec54a1-24e9-462b-9378-3e9d812cba5a",
        "pathname": "/frontend/index.html",
        "language": "zu",
        "referrer": "",
        "events": {
            "loadCount": 9,
            "visibilitychangeCount": 2,
            "resizeCount": 7,
            "focusCount": 5,
            "clickCount": 1,
            "blurCount": 9
        },
        "pageLoadTime": {
            "loadStart": 1729103400000,
            "loadEnd": 1729103400534
        },
        "productId": "TRK-Ob2CJVFgaau7",
        "pathCounts": {
            "/home/create": 6,
            "/home/dashboard": 2,
            "/profile": 6,
            "/checkout": 8,
            "/settings": 10
        }
    },
    {
        "start": 1729103400,
        "end": 1729104780,
        "bounce": {
            "isBounced": true,
            "pathname": "/frontend/index.html"
        },
        "device": "Mobile",
        "browser": "Safari",
        "location": {
            "latitude": -24.247504,
            "longitude": 165.527522
        },
        "uniqueId": "37f86d6c-c234-4339-9c0f-ec3bdaab8536",
        "pathname": "/profile",
        "language": "niu",
        "referrer": "",
        "events": {
            "loadCount": 1,
            "visibilitychangeCount": 2,
            "resizeCount": 8,
            "focusCount": 7,
            "clickCount": 7,
            "blurCount": 4
        },
        "pageLoadTime": {
            "loadStart": 1729103400000,
            "loadEnd": 1729103400291
        },
        "productId": "TRK-TlxlcwGkl19t",
        "pathCounts": {
            "/profile": 10,
            "/home/dashboard": 5,
            "/login": 2
        }
    },
    {
        "start": 1729103400,
        "end": 1729105980,
        "bounce": {
            "isBounced": false,
            "pathname": "/frontend/index.html"
        },
        "device": "Mobile",
        "browser": "Chrome",
        "location": {
            "latitude": -1.2335835,
            "longitude": -117.425221
        },
        "uniqueId": "5bde6480-0ab0-43b2-8529-ae22b458f836",
        "pathname": "/settings",
        "language": "or",
        "referrer": "",
        "events": {
            "loadCount": 2,
            "visibilitychangeCount": 9,
            "resizeCount": 3,
            "focusCount": 5,
            "clickCount": 0,
            "blurCount": 3
        },
        "pageLoadTime": {
            "loadStart": 1729103400000,
            "loadEnd": 1729103400643
        },
        "productId": "TRK-TlxlcwGkl19t",
        "pathCounts": {
            "/checkout": 1,
            "/profile": 4,
            "/cart": 9,
            "/login": 6,
            "/home": 7
        }
    }
]