[
    {
        "start": 1731349800,
        "end": 1731352800,
        "bounce": {
            "isBounced": false,
            "pathname": "/frontend/index.html"
        },
        "device": "Desktop",
        "browser": "Chrome",
        "location": {
            "latitude": -34.2608515,
            "longitude": -21.595161
        },
        "uniqueId": "111907fd-95b7-4729-a2af-e51ad656e288",
        "pathname": "/frontend/index.html",
        "language": "bg",
        "referrer": "",
        "events": {
            "loadCount": 5,
            "visibilitychangeCount": 7,
            "resizeCount": 4,
            "focusCount": 1,
            "clickCount": 5,
            "blurCount": 10
        },
        "pageLoadTime": {
            "loadStart": 1731349800000,
            "loadEnd": 1731349800589
        },
        "productId": "TRK-89olAsKyNOG7",
        "pathCounts": {
            "/settings": 8,
            "/home": 2,
            "/home/create": 2,
            "/home/dashboard": 10
        }
    },
    {
        "start": 1731349800,
        "end": 1731351240,
        "bounce": {
            "isBounced": false,
            "pathname": "/frontend/index.html"
        },
        "device": "Desktop",
        "browser": "Edge",
        "location": {
            "latitude": 40.243659,
            "longitude": 146.171728
        },
        "uniqueId": "9b47b488-09f3-4d00-a56c-8c970bdfab8e",
        "pathname": "/home",
        "language": "iu",
        "referrer": "",
        "events": {
            "loadCount": 0,
            "visibilitychangeCount": 8,
            "resizeCount": 8,
            "focusCount": 8,
            "clickCount": 9,
            "blurCount": 10
        },
        "pageLoadTime": {
            "loadStart": 1731349800000,
            "loadEnd": 1731349800737
        },
        "productId": "TRK-Ob2CJVFgaau7",
        "pathCounts": {
            "/home/dashboard": 5,
            "/checkout": 7,
            "/cart": 3,
            "/home": 5
        }
    },
    {
        "start": 1731349800,
        "end": 1731350820,
        "bounce": {
            "isBounced": false,
            "pathname": "/frontend/index.html"
        },
        "device": "Desktop",
        "browser": "Mozilla",
        "location": {
            "latitude": 25.2699185,
            "longitude": -87.132465
        },
        "uniqueId": "37f86d6c-c234-4339-9c0f-ec3bdaab8536",
        "pathname": "/frontend/index.html",
        "language": "si",
        "referrer": "",
        "events": {
            "loadCount": 5,
            "visibilitychangeCount": 4,
            "resizeCount": 0,
            "focusCount": 9,
            "clickCount": 10,
            "blurCount": 4
        },
        "pageLoadTime": {
            "loadStart": 1731349800000,
            "loadEnd": 1731349800238
        },
        "productId": "TRK-89olAsKyNOG7",
        "pathCounts": {
            "/settings": 4,
            "/login": 8,
            "/checkout": 6
        }
    },
    {
        "start": 1731349800,
        "end": 1731351180,
        "bounce": {
            "isBounced": true,
            "pathname": "/frontend/index.html"
        },
        "device": "Laptop",
        "browser": "Chrome",
        "location": {
            "latitude": -16.7996325,
            "longitude": 33.212625
        },
        "uniqueId": "aa76de66-83a4-4c21-92f5-cfe20525387a",
        "pathname": "/profile",
        "language": "ce",
        "referrer": "",
        "events": {
            "loadCount": 5,
            "visibilitychangeCount": 0,
            "resizeCount": 4,
            "focusCount": 10,
            "clickCount": 1,
            "blurCount": 0
        },
        "pageLoadTime": {
            "loadStart": 1731349800000,
            "loadEnd": 1731349800660
        },
        "productId": "TRK-89olAsKyNOG7",
        "pathCounts": {
            "/home/create": 4,
            "/home": 5
        }
    },
    {
        "start": 1731349800,
        "end": 1731352260,
        "bounce": {
            "isBounced": true,
            "pathname": "/frontend/index.html"
        },
        "device": "Mobile",
        "browser": "Chrome",
        "location": {
            "latitude": -79.846907,
            "longitude": -168.986727
        },
        "uniqueId": "625ea2f3-d6f3-47f0-abd3-a204ea4eb491",
        "pathname": "/profile",
        "language": "nn",
        "referrer": "https://www.keith.net/",
        "events": {
            "loadCount": 10,
            "visibilitychangeCount": 0,
            "resizeCount": 9,
            "focusCount": 0,
            "clickCount": 4,
            "blurCount": 9
        },
        "pageLoadTime": {
            "loadStart": 1731349800000,
            "loadEnd": 1731349800070
        },
        "productId": "TRK-Ob2CJVFgaau7",
        "pathCounts": {
            "/profile": 4,
            "/checkout": 6,
            "/home/dashboard": 2,
            "/cart": 8
        }
    },
    {
        "start": 1731349800,
        "end": 1731353040,
        "bounce": {
            "isBounced": false,
            "pathname": "/frontend/index.html"
        },
        "device": "Laptop",
        "browser": "Edge",
        "location": {
            "latitude": -0.753364,
            "longitude": -122.918143
        },
        "uniqueId": "37f86d6c-c234-4339-9c0f-ec3bdaab8536",
        "pathname": "/profile",
        "language": "the",
        "referrer": "http://vargas.com/",
        "events": {
            "loadCount": 7,
            "visibilitychangeCount": 10,
            "resizeCount": 6,
            "focusCount": 8,
            "clickCount": 3,
            "blurCount": 2
        },
        "pageLoadTime": {
            "loadStart": 1731349800000,
            "loadEnd": 1731349800800
        },
        "productId": "TRK-Ob2CJVFgaau7",
        "pathCounts": {
            "/home/dashboard": 1,
            "/home": 4,
            "/cart": 7
        }
    },
    {
        "start": 1731349800,
        "end": 1731351420,
        "bounce": {
            "isBounced": true,
            "pathname": "/frontend/index.html"
        },
        "device": "Mobile",
        "browser": "Edge",
        "location": {
            "latitude": -6.51445,
            "longitude": -15.389661
        },
        "uniqueId": "5bde6480-0ab0-43b2-8529-ae22b458f836",
        "pathname": "/settings",
        "language": "brx",
        "referrer": "",
        "events": {
            "loadCount": 5,
            "visibilitychangeCount": 5,
            "resizeCount": 0,
            "focusCount": 1,
            "clickCount": 2,
            "blurCount": 4
        },
        "pageLoadTime": {
            "loadStart": 1731349800000,
            "loadEnd": 1731349800122
        },
        "productId": "TRK-Ob2CJVFgaau7",
        "pathCounts": {
            "/checkout": 9,
            "/cart": 3,
            "/login": 2,
            "/home": 1
        }
    },
    {
        "start": 1731349800,
        "end": 1731350640,
        "bounce": {
            "isBounced": false,
            "pathname": "/frontend/index.html"
        },
        "device": "Laptop",
        "browser": "Safari",
        "location": {
            "latitude": -18.497192,
            "longitude": -117.531952
        },
        "uniqueId": "4f113d91-1e3e-46f7-a9ca-95f02de96297",
        "pathname": "/dashboard",
        "language": "om",
        "referrer": "",
        "events": {
            "loadCount": 9,
            "visibilitychangeCount": 9,
            "resizeCount": 3,
            "focusCount": 8,
            "clickCount": 4,
            "blurCount": 5
        },
        "pageLoadTime": {
            "loadStart": 1731349800000,
            "loadEnd": 1731349800089
        },
        "productId": "TRK-TlxlcwGkl19t",
        "pathCounts": {
            "/home/dashboard": 7,
            "/home/create": 6,
            "/settings": 10,
            "/cart": 9
        }
    },
    {
        "start": 1731349800,
        "end": 1731352440,
        "bounce": {
            "isBounced": false,
            "pathname": "/frontend/index.html"
        },
        "device": "Mobile",
        "browser": "Mozilla",
        "location": {
            "latitude": -57.560961,
            "longitude": -167.443369
        },
        "uniqueId": "ffef8945-c190-4f95-930f-4e35c2e3a868",
        "pathname": "/home",
        "language": "zu",
        "referrer": "http://baker.com/",
        "events": {
            "loadCount": 4,
            "visibilitychangeCount": 3,
            "resizeCount": 1,
            "focusCount": 6,
            "clickCount": 9,
            "blurCount": 10
        },
        "pageLoadTime": {
            "loadStart": 1731349800000,
            "loadEnd": 1731349800852
        },
        "productId": "TRK-Ob2CJVFgaau7",
        "pathCounts": {
            "/settings": 4,
            "/cart": 10,
            "/home": 6,
            "/login": 5,
            "/home/create": 2
        }
    },
    {
        "start": 1731349800,
        "end": 1731352560,
        "bounce": {
            "isBounced": false,
            "pathname": "/frontend/index.html"
        },
        "device": "Mobile",
        "browser": "Edge",
        "location": {
            "latitude": 17.9079635,
            "longitude": 146.093384
        },
        "uniqueId": "37f86d6c-c234-4339-9c0f-ec3bdaab8536",
        "pathname": "/settings",
        "language": "tr",
        "referrer": "http://taylor.com/",
        "events": {
            "loadCount": 1,
            "visibilitychangeCount": 10,
            "resizeCount": 9,
            "focusCount": 8,
            "clickCount": 7,
            "blurCount": 5
        },
        "pageLoadTime": {
            "loadStart": 1731349800000,
            "loadEnd": 1731349800974
        },
        "productId": "TRK-89olAsKyNOG7",
        "pathCounts": {
            "/checkout": 5,
            "/cart": 10,
            "/login": 8,
            "/settings": 10
        }
    },
    {
        "start": 1731349800,
        "end": 1731352620,
        "bounce": {
            "isBounced": true,
            "pathname": "/frontend/index.html"
        },
        "device": "Laptop",
        "browser": "Edge",
        "location": {
            "latitude": -55.7203705,
            "longitude": 143.11474
        },
        "uniqueId": "ffef8945-c190-4f95-930f-4e35c2e3a868",
        "pathname": "/dashboard",
        "language": "yue",
        "referrer": "",
        "events": {
            "loadCount": 0,
            "visibilitychangeCount": 3,
            "resizeCount": 8,
            "focusCount": 5,
            "clickCount": 6,
            "blurCount": 5
        },
        "pageLoadTime": {
            "loadStart": 1731349800000,
            "loadEnd": 1731349800559
        },
        "productId": "TRK-89olAsKyNOG7",
        "pathCounts": {
            "/cart": 5,
            "/profile": 8
        }
    },
    {
        "start": 1731349800,
        "end": 1731352320,
        "bounce": {
            "isBounced": false,
            "pathname": "/frontend/index.html"
        },
        "device": "Mobile",
        "browser": "Safari",
        "location": {
            "latitude": 54.590431,
            "longitude": 36.079644
        },
        "uniqueId": "3da55713-36de-4077-9d4d-626d934aafe0",
        "pathname": "/frontend/index.html",
        "language": "mai",
        "referrer": "https://reyes.org/",
        "events": {
            "loadCount": 4,
            "visibilitychangeCount": 2,
            "resizeCount": 9,
            "focusCount": 5,
            "clickCount": 0,
            "blurCount": 1
        },
        "pageLoadTime": {
            "loadStart": 1731349800000,
            "loadEnd": 1731349800452
        },
        "productId": "TRK-89olAsKyNOG7",
        "pathCounts": {
            "/cart": 5,
            "/login": 5,
            "/home": 2,
            "/profile": 8
        }
    },
    {
        "start": 1731349800,
        "end": 1731353340,
        "bounce": {
            "isBounced": false,
            "pathname": "/frontend/index.html"
        },
        "device": "Laptop",
        "browser": "Mozilla",
        "location": {
            "latitude": -34.27212,
            "longitude": -24.646179
        },
        "uniqueId": "3ba5c0ca-2d1c-4d75-82b7-a2c821f2ea43",
        "pathname": "/frontend/index.html",
        "language": "th",
        "referrer": "",
        "events": {
            "loadCount": 5,
            "visibilitychangeCount": 0,
            "resizeCount": 6,
            "focusCount": 8,
            "clickCount": 1,
            "blurCount": 6
        },
        "pageLoadTime": {
            "loadStart": 1731349800000,
            "loadEnd": 1731349800747
        },
        "productId": "TRK-Ob2CJVFgaau7",
        "pathCounts": {
            "/checkout": 7,
            "/login": 6,
            "/home": 8
        }
    },
    {
        "start": 1731349800,
        "end": 1731351120,
        "bounce": {
            "isBounced": false,
            "pathname": "/frontend/index.html"
        },
        "device": "Tablet",
        "browser": "Chrome",
        "location": {
            "latitude": 63.410362,
            "longitude": -72.790031
        },
        "uniqueId": "4f113d91-1e3e-46f7-a9ca-95f02de96297",
        "pathname": "/settings",
        "language": "sw",
        "referrer": "https://bonilla.com/",
        "events": {
            "loadCount": 3,
            "visibilitychangeCount": 1,
            "resizeCount": 10,
            "focusCount": 10,
            "clickCount": 1,
            "blurCount": 10
        },
        "pageLoadTime": {
            "loadStart": 1731349800000,
            "loadEnd": 1731349800758
        },
        "productId": "TRK-Ob2CJVFgaau7",
        "pathCounts": {
            "/home/create": 3,
            "/profile": 7,
            "/home": 9,
            "/checkout": 6
        }
    },
    {
        "start": 1731349800,
        "end": 1731350220,
        "bounce": {
            "isBounced": true,
            "pathname": "/frontend/index.html"
        },
        "device": "Mobile",
        "browser": "Chrome",
        "location": {
            "latitude": 64.509622,
            "longitude": -85.74765
        },
        "uniqueId": "d86a654c-f156-4873-9fec-b758bd53146a",
        "pathname": "/home",
        "language": "es",
        "referrer": "http://www.peters.com/",
        "events": {
            "loadCount": 6,
            "visibilitychangeCount": 3,
            "resizeCount": 2,
            "focusCount": 0,
            "clickCount": 9,
            "blurCount": 1
        },
        "pageLoadTime": {
            "loadStart": 1731349800000,
            "loadEnd": 1731349800854
        },
        "productId": "TRK-Ob2CJVFgaau7",
        "pathCounts": {
            "/checkout": 3,
            "/home/create": 8,
            "/home/dashboard": 6
        }
    }
]