[
    {
        "start": 1728325800,
        "end": 1728328020,
        "bounce": {
            "isBounced": false,
            "pathname": "/frontend/index.html"
        },
        "device": "Desktop",
        "browser": "Safari",
        "location": {
            "latitude": 89.6057505,
            "longitude": -134.023328
        },
        "uniqueId": "31b1cad6-43b6-4fa7-95e5-7d79676b01e7",
        "pathname": "/settings",
        "language": "ms",
        "referrer": "",
        "events": {
            "loadCount": 1,
            "visibilitychangeCount": 7,
            "resizeCount": 0,
            "focusCount": 4,
            "clickCount": 6,
            "blurCount": 7
        },
        "pageLoadTime": {
            "loadStart": 1728325800000,
            "loadEnd": 1728325800296
        },
        "productId": "TRK-Ob2CJVFgaau7",
        "pathCounts": {
            "/cart": 9,
            "/checkout": 1,
            "/home": 2,
            "/home/create": 4,
            "/profile": 10
        }
    },
    {
        "start": 1728325800,
        "end": 1728327060,
        "bounce": {
            "isBounced": true,
            "pathname": "/frontend/index.html"
        },
        "device": "Mobile",
        "browser": "Edge",
        "location": {
            "latitude": 19.0798635,
            "longitude": 134.906507
        },
        "uniqueId": "14ec54a1-24e9-462b-9378-3e9d812cba5a",
        "pathname": "/frontend/index.html",
        "language": "sv",
        "referrer": "https://www.smith.net/",
        "events": {
            "loadCount": 4,
            "visibilitychangeCount": 0,
            "resizeCount": 7,
            "focusCount": 6,
            "clickCount": 1,
            "blurCount": 7
        },
        "pageLoadTime": {
            "loadStart": 1728325800000,
            "loadEnd": 1728325800688
        },
        "productId": "TRK-89olAsKyNOG7",
        "pathCounts": {
            "/home/create": 5,
            "/profile": 8,
            "/home/dashboard": 6,
            "/settings": 9,
            "/login": 5
        }
    },
    {
        "start": 1728325800,
        "end": 1728327600,
        "bounce": {
            "isBounced": true,
            "pathname": "/frontend/index.html"
        },
        "device": "Mobile",
        "browser": "Edge",
        "location": {
            "latitude": 83.401626,
            "longitude": 55.250116
        },
        "uniqueId": "14ec54a1-24e9-462b-9378-3e9d812cba5a",
        "pathname": "/profile",
        "language": "et",
        "referrer": "",
        "events": {
            "loadCount": 2,
            "visibilitychangeCount": 7,
            "resizeCount": 4,
            "focusCount": 2,
            "clickCount": 7,
            "blurCount": 5
        },
        "pageLoadTime": {
            "loadStart": 1728325800000,
            "loadEnd": 1728325800451
        },
        "productId": "TRK-TlxlcwGkl19t",
        "pathCounts": {
            "/home/create": 6,
            "/home/dashboard": 5
        }
    },
    {
        "start": 1728325800,
        "end": 1728328560,
        "bounce": {
            "isBounced": true,
            "pathname": "/frontend/index.html"
        },
        "device": "Tablet",
        "browser": "Chrome",
        "location": {
            "latitude": -5.6702615,
            "longitude": -3.373116
        },
        "uniqueId": "14ec54a1-24e9-462b-9378-3e9d812cba5a",
        "pathname": "/frontend/index.html",
        "language": "ti",
        "referrer": "https://www.carr.com/",
        "events": {
            "loadCount": 5,
            "visibilitychangeCount": 7,
            "resizeCount": 1,
            "focusCount": 9,
            "clickCount": 1,
            "blurCount": 6
        },
        "pageLoadTime": {
            "loadStart": 1728325800000,
            "loadEnd": 1728325800087
        },
        "productId": "TRK-TlxlcwGkl19t",
        "pathCounts": {
            "/login": 3,
            "/home": 6,
            "/profile": 10
        }
    },
    {
        "start": 1728325800,
        "end": 1728326460,
        "bounce": {
            "isBounced": true,
            "pathname": "/frontend/index.html"
        },
        "device": "Desktop",
        "browser": "Chrome",
        "location": {
            "latitude": -68.9352895,
            "longitude": -71.480325
        },
        "uniqueId": "5bde6480-0ab0-43b2-8529-ae22b458f836",
        "pathname": "/frontend/index.html",
        "language": "fo",
        "referrer": "",
        "events": {
            "loadCount": 8,
            "visibilitychangeCount": 0,
            "resizeCount": 3,
            "focusCount": 8,
            "clickCount": 1,
            "blurCount": 8
        },
        "pageLoadTime": {
            "loadStart": 1728325800000,
            "loadEnd": 1728325800758
        },
        "productId": "TRK-TlxlcwGkl19t",
        "pathCounts": {
            "/home/dashboard": 8,
            "/cart": 6,
            "/settings": 10,
            "/checkout": 3
        }
    },
    {
        "start": 1728325800,
        "end": 1728326700,
        "bounce": {
            "isBounced": true,
            "pathname": "/frontend/index.html"
        },
        "device": "Desktop",
        "browser": "Mozilla",
        "location": {
            "latitude": 21.3111825,
            "longitude": -161.364592
        },
        "uniqueId": "9ce1bf0b-8366-40e1-b77c-9493a981c91b",
        "pathname": "/dashboard",
        "language": "az",
        "referrer": "",
        "events": {
            "loadCount": 10,
            "visibilitychangeCount": 5,
            "resizeCount": 0,
            "focusCount": 6,
            "clickCount": 3,
            "blurCount": 3
        },
        "pageLoadTime": {
            "loadStart": 1728325800000,
            "loadEnd": 1728325800423
        },
        "productId": "TRK-89olAsKyNOG7",
        "pathCounts": {
            "/settings": 2,
            "/cart": 7,
            "/profile": 1
        }
    },
    {
        "start": 1728325800,
        "end": 1728327720,
        "bounce": {
            "isBounced": true,
            "pathname": "/frontend/index.html"
        },
        "device": "Mobile",
        "browser": "Mozilla",
        "location": {
            "latitude": 81.7724255,
            "longitude": 88.751351
        },
        "uniqueId": "ca9d1f5f-925b-4a59-b362-4703a75ad77c",
        "pathname": "/frontend/index.html",
        "language": "mi",
        "referrer": "http://patel.net/",
        "events": {
            "loadCount": 2,
            "visibilitychangeCount": 4,
            "resizeCount": 7,
            "focusCount": 7,
            "clickCount": 1,
            "blurCount": 2
        },
        "pageLoadTime": {
            "loadStart": 1728325800000,
            "loadEnd": 1728325800803
        },
        "productId": "TRK-TlxlcwGkl19t",
        "pathCounts": {
            "/settings": 5,
            "/home/create": 4,
            "/login": 7
        }
    },
    {
        "start": 1728325800,
        "end": 1728327840,
        "bounce": {
            "isBounced": true,
            "pathname": "/frontend/index.html"
        },
        "device": "Desktop",
        "browser": "Safari",
        "location": {
            "latitude": -46.495783,
            "longitude": -179.284872
        },
        "uniqueId": "f25d6d08-ed4a-4680-b7e3-94d4b30207df",
        "pathname": "/profile",
        "language": "st",
        "referrer": "http://brown.com/",
        "events": {
            "loadCount": 8,
            "visibilitychangeCount": 4,
            "resizeCount": 2,
            "focusCount": 6,
            "clickCount": 5,
            "blurCount": 9
        },
        "pageLoadTime": {
            "loadStart": 1728325800000,
            "loadEnd": 1728325800542
        },
        "productId": "TRK-Ob2CJVFgaau7",
        "pathCounts": {
            "/home": 9,
            "/settings": 3,
            "/home/create": 6,
            "/login": 6
        }
    },
    {
        "start": 1728325800,
        "end": 1728326640,
        "bounce": {
            "isBounced": false,
            "pathname": "/frontend/index.html"
        },
        "device": "Mobile",
        "browser": "Safari",
        "location": {
            "latitude": 81.1296725,
            "longitude": -160.070098
        },
        "uniqueId": "4f113d91-1e3e-46f7-a9ca-95f02de96297",
        "pathname": "/home",
        "language": "mai",
        "referrer": "",
        "events": {
            "loadCount": 4,
            "visibilitychangeCount": 8,
            "resizeCount": 5,
            "focusCount": 3,
            "clickCount": 10,
            "blurCount": 8
        },
        "pageLoadTime": {
            "loadStart": 1728325800000,
            "loadEnd": 1728325800865
        },
        "productId": "TRK-TlxlcwGkl19t",
        "pathCounts": {
            "/checkout": 6,
            "/settings": 7,
            "/login": 5,
            "/home/create": 1
        }
    },
    {
        "start": 1728325800,
        "end": 1728326160,
        "bounce": {
            "isBounced": true,
            "pathname": "/frontend/index.html"
        },
        "device": "Desktop",
        "browser": "Chrome",
        "location": {
            "latitude": 59.3018145,
            "longitude": -140.169
        },
        "uniqueId": "5bde6480-0ab0-43b2-8529-ae22b458f836",
        "pathname": "/dashboard",
        "language": "ur",
        "referrer": "https://www.velasquez-howe.com/",
        "events": {
            "loadCount": 10,
            "visibilitychangeCount": 3,
            "resizeCount": 5,
            "focusCount": 3,
            "clickCount": 3,
            "blurCount": 3
        },
        "pageLoadTime": {
            "loadStart": 1728325800000,
            "loadEnd": 1728325800447
        },
        "productId": "TRK-TlxlcwGkl19t",
        "pathCounts": {
            "/profile": 5,
            "/settings": 2,
            "/login": 2,
            "/cart": 3,
            "/home": 5
        }
    }
]