[
    {
        "start": 1733941800,
        "end": 1733944620,
        "bounce": {
            "isBounced": true,
            "pathname": "/frontend/index.html"
        },
        "device": "Mobile",
        "browser": "Chrome",
        "location": {
            "latitude": 48.4333155,
            "longitude": -164.599428
        },
        "uniqueId": "80d8a76b-4c97-4a12-9ac3-02a6d37e11a9",
        "pathname": "/profile",
        "language": "os",
        "referrer": "",
        "events": {
            "loadCount": 5,
            "visibilitychangeCount": 5,
            "resizeCount": 2,
            "focusCount": 8,
            "clickCount": 2,
            "blurCount": 5
        },
        "pageLoadTime": {
            "loadStart": 1733941800000,
            "loadEnd": 1733941800250
        },
        "productId": "TRK-89olAsKyNOG7",
        "pathCounts": {
            "/cart": 8,
            "/home/create": 9,
            "/login": 2,
            "/checkout": 4
        }
    },
    {
        "start": 1733941800,
        "end": 1733944140,
        "bounce": {
            "isBounced": true,
            "pathname": "/frontend/index.html"
        },
        "device": "Mobile",
        "browser": "Edge",
        "location": {
            "latitude": 82.3450585,
            "longitude": 50.636655
        },
        "uniqueId": "9ce1bf0b-8366-40e1-b77c-9493a981c91b",
        "pathname": "/settings",
        "language": "sat",
        "referrer": "http://gardner.com/",
        "events": {
            "loadCount": 7,
            "visibilitychangeCount": 4,
            "resizeCount": 3,
            "focusCount": 5,
            "clickCount": 8,
            "blurCount": 2
        },
        "pageLoadTime": {
            "loadStart": 1733941800000,
            "loadEnd": 1733941800862
        },
        "productId": "TRK-TlxlcwGkl19t",
        "pathCounts": {
            "/home/dashboard": 8,
            "/home/create": 7,
            "/login": 8,
            "/cart": 6,
            "/settings": 2
        }
    },
    {
        "start": 1733941800,
        "end": 1733943240,
        "bounce": {
            "isBounced": false,
            "pathname": "/frontend/index.html"
        },
        "device": "Laptop",
        "browser": "Safari",
        "location": {
            "latitude": -57.335407,
            "longitude": 118.763316
        },
        "uniqueId": "f9c7e851-4d89-46ce-8678-25b88916a574",
        "pathname": "/profile",
        "language": "wo",
        "referrer": "",
        "events": {
            "loadCount": 6,
            "visibilitychangeCount": 3,
            "resizeCount": 4,
            "focusCount": 4,
            "clickCount": 10,
            "blurCount": 3
        },
        "pageLoadTime": {
            "loadStart": 1733941800000,
            "loadEnd": 1733941800852
        },
        "productId": "TRK-89olAsKyNOG7",
        "pathCounts": {
            "/settings": 8,
            "/checkout": 4,
            "/login": 9,
            "/profile": 7
        }
    },
    {
        "start": 1733941800,
        "end": 1733941860,
        "bounce": {
            "isBounced": false,
            "pathname": "/frontend/index.html"
        },
        "device": "Desktop",
        "browser": "Safari",
        "location": {
            "latitude": 43.8577685,
            "longitude": -103.607504
        },
        "uniqueId": "37f86d6c-c234-4339-9c0f-ec3bdaab8536",
        "pathname": "/profile",
        "language": "yi",
        "referrer": "http://ross-lambert.org/",
        "events": {
            "loadCount": 6,
            "visibilitychangeCount": 6,
            "resizeCount": 3,
            "focusCount": 2,
            "clickCount": 10,
            "blurCount": 5
        },
        "pageLoadTime": {
            "loadStart": 1733941800000,
            "loadEnd": 1733941800629
        },
        "productId": "TRK-89olAsKyNOG7",
        "pathCounts": {
            "/settings": 5,
            "/home/create": 4,
            "/checkout": 5,
            "/home/dashboard": 4
        }
    },
    {
        "start": 1733941800,
        "end": 1733942520,
        "bounce": {
            "isBounced": false,
            "pathname": "/frontend/index.html"
        },
        "device": "Tablet",
        "browser": "Mozilla",
        "location": {
            "latitude": 74.3975925,
            "longitude": -68.75709
        },
        "uniqueId": "d86a654c-f156-4873-9fec-b758bd53146a",
        "pathname": "/frontend/index.html",
        "language": "ky",
        "referrer": "http://meadows.net/",
        "events": {
            "loadCount": 9,
            "visibilitychangeCount": 3,
            "resizeCount": 6,
            "focusCount": 3,
            "clickCount": 4,
            "blurCount": 3
        },
        "pageLoadTime": {
            "loadStart": 1733941800000,
            "loadEnd": 1733941800789
        },
        "productId": "TRK-TlxlcwGkl19t",
        "pathCounts": {
            "/profile": 5,
            "/cart": 10,
            "/home/dashboard": 2,
            "/checkout": 8,
            "/home/create": 3
        }
    },
    {
        "start": 1733941800,
        "end": 1733945400,
        "bounce": {
            "isBounced": false,
            "pathname": "/frontend/index.html"
        },
        "device": "Tablet",
        "browser": "Safari",
        "location": {
            "latitude": 17.607962,
            "longitude": -44.138331
        },
        "uniqueId": "9b47b488-09f3-4d00-a56c-8c970bdfab8e",
        "pathname": "/settings",
        "language": "csb",
        "referrer": "http://riley-newman.com/",
        "events": {
            "loadCount": 9,
            "visibilitychangeCount": 6,
            "resizeCount": 8,
            "focusCount": 9,
            "clickCount": 3,
            "blurCount": 6
        },
        "pageLoadTime": {
            "loadStart": 1733941800000,
            "loadEnd": 1733941800824
        },
        "productId": "TRK-TlxlcwGkl19t",
        "pathCounts": {
            "/checkout": 4,
            "/cart": 9,
            "/home/create": 3,
            "/profile": 6,
            "/settings": 2
        }
    }
]