[
    {
        "start": 1732300200,
        "end": 1732301280,
        "bounce": {
            "isBounced": true,
            "pathname": "/frontend/index.html"
        },
        "device": "Tablet",
        "browser": "Mozilla",
        "location": {
            "latitude": -88.351838,
            "longitude": 125.633881
        },
        "uniqueId": "f9c7e851-4d89-46ce-8678-25b88916a574",
        "pathname": "/home",
        "language": "sd",
        "referrer": "https://day-raymond.com/",
        "events": {
            "loadCount": 7,
            "visibilitychangeCount": 6,
            "resizeCount": 3,
            "focusCount": 8,
            "clickCount": 5,
            "blurCount": 2
        },
        "pageLoadTime": {
            "loadStart": 1732300200000,
            "loadEnd": 1732300200856
        },
        "productId": "TRK-TlxlcwGkl19t",
        "pathCounts": {
            "/login": 7,
            "/settings": 10,
            "/profile": 10
        }
    },
    {
        "start": 1732300200,
        "end": 1732301280,
        "bounce": {
            "isBounced": true,
            "pathname": "/frontend/index.html"
        },
        "device": "Laptop",
        "browser": "Mozilla",
        "location": {
            "latitude": 61.059379,
            "longitude": 168.007016
        },
        "uniqueId": "9ce1bf0b-8366-40e1-b77c-9493a981c91b",
        "pathname": "/profile",
        "language": "as",
        "referrer": "",
        "events": {
            "loadCount": 2,
            "visibilitychangeCount": 2,
            "resizeCount": 3,
            "focusCount": 9,
            "clickCount": 7,
            "blurCount": 8
        },
        "pageLoadTime": {
            "loadStart": 1732300200000,
            "loadEnd": 1732300200047
        },
        "productId": "TRK-89olAsKyNOG7",
        "pathCounts": {
            "/checkout": 2,
            "/login": 10,
            "/settings": 4,
            "/home": 8
        }
    },
    {
        "start": 1732300200,
        "end": 1732302960,
        "bounce": {
            "isBounced": false,
            "pathname": "/frontend/index.html"
        },
        "device": "Mobile",
        "browser": "Mozilla",
        "location": {
            "latitude": -48.819316,
            "longitude": 26.954739
        },
        "uniqueId": "5bde6480-0ab0-43b2-8529-ae22b458f836",
        "pathname": "/dashboard",
        "language": "quz",
        "referrer": "https://rose-long.org/",
        "events": {
            "loadCount": 6,
            "visibilitychangeCount": 9,
            "resizeCount": 3,
            "focusCount": 2,
            "clickCount": 1,
            "blurCount": 4
        },
        "pageLoadTime": {
            "loadStart": 1732300200000,
            "loadEnd": 1732300200866
        },
        "productId": "TRK-TlxlcwGkl19t",
        "pathCounts": {
            "/profile": 10,
            "/home": 4,
            "/checkout": 3,
            "/home/create": 7
        }
    },
    {
        "start": 1732300200,
        "end": 1732301940,
        "bounce": {
            "isBounced": false,
            "pathname": "/frontend/index.html"
        },
        "device": "Tablet",
        "browser": "Edge",
        "location": {
            "latitude": -11.224503,
            "longitude": 147.627267
        },
        "uniqueId": "3ba5c0ca-2d1c-4d75-82b7-a2c821f2ea43",
        "pathname": "/profile",
        "language": "mr",
        "referrer": "",
        "events": {
            "loadCount": 1,
            "visibilitychangeCount": 6,
            "resizeCount": 10,
            "focusCount": 8,
            "clickCount": 8,
            "blurCount": 5
        },
        "pageLoadTime": {
            "loadStart": 1732300200000,
            "loadEnd": 1732300200313
        },
        "productId": "TRK-TlxlcwGkl19t",
        "pathCounts": {
            "/home": 1,
            "/home/dashboard": 9,
            "/profile": 8,
            "/home/create": 8
        }
    },
    {
        "start": 1732300200,
        "end": 1732301820,
        "bounce": {
            "isBounced": true,
            "pathname": "/frontend/index.html"
        },
        "device": "Mobile",
        "browser": "Edge",
        "location": {
            "latitude": -23.996302,
            "longitude": -91.819937
        },
        "uniqueId": "9b47b488-09f3-4d00-a56c-8c970bdfab8e",
        "pathname": "/home",
        "language": "bn",
        "referrer": "https://johnson.com/",
        "events": {
            "loadCount": 4,
            "visibilitychangeCount": 8,
            "resizeCount": 8,
            "focusCount": 10,
            "clickCount": 1,
            "blurCount": 10
        },
        "pageLoadTime": {
            "loadStart": 1732300200000,
            "loadEnd": 1732300200412
        },
        "productId": "TRK-Ob2CJVFgaau7",
        "pathCounts": {
            "/checkout": 6,
            "/login": 1,
            "/cart": 5
        }
    }
]