[
    {
        "start": 1731868200,
        "end": 1731870840,
        "bounce": {
            "isBounced": true,
            "pathname": "/frontend/index.html"
        },
        "device": "Desktop",
        "browser": "Chrome",
        "location": {
            "latitude": -56.657716,
            "longitude": -131.581299
        },
        "uniqueId": "111907fd-95b7-4729-a2af-e51ad656e288",
        "pathname": "/home",
        "language": "sr",
        "referrer": "",
        "events": {
            "loadCount": 8,
            "visibilitychangeCount": 5,
            "resizeCount": 5,
            "focusCount": 2,
            "clickCount": 6,
            "blurCount": 4
        },
        "pageLoadTime": {
            "loadStart": 1731868200000,
            "loadEnd": 1731868200226
        },
        "productId": "TRK-TlxlcwGkl19t",
        "pathCounts": {
            "/profile": 6,
            "/settings": 6,
            "/home/dashboard": 3
        }
    },
    {
        "start": 1731868200,
        "end": 1731870060,
        "bounce": {
            "isBounced": true,
            "pathname": "/frontend/index.html"
        },
        "device": "Tablet",
        "browser": "Edge",
        "location": {
            "latitude": 54.2255625,
            "longitude": -87.739999
        },
        "uniqueId": "3ba5c0ca-2d1c-4d75-82b7-a2c821f2ea43",
        "pathname": "/dashboard",
        "language": "lg",
        "referrer": "",
        "events": {
            "loadCount": 0,
            "visibilitychangeCount": 0,
            "resizeCount": 10,
            "focusCount": 4,
            "clickCount": 7,
            "blurCount": 5
        },
        "pageLoadTime": {
            "loadStart": 1731868200000,
            "loadEnd": 1731868200692
        },
        "productId": "TRK-TlxlcwGkl19t",
        "pathCounts": {
            "/home/dashboard": 1,
            "/home/create": 7,
            "/checkout": 3
        }
    },
    {
        "start": 1731868200,
        "end": 1731868260,
        "bounce": {
            "isBounced": false,
            "pathname": "/frontend/index.html"
        },
        "device": "Desktop",
        "browser": "Mozilla",
        "location": {
            "latitude": 25.039954,
            "longitude": -54.845421
        },
        "uniqueId": "4f113d91-1e3e-46f7-a9ca-95f02de96297",
        "pathname": "/settings",
        "language": "ne",
        "referrer": "",
        "events": {
            "loadCount": 8,
            "visibilitychangeCount": 9,
            "resizeCount": 2,
            "focusCount": 10,
            "clickCount": 10,
            "blurCount": 1
        },
        "pageLoadTime": {
            "loadStart": 1731868200000,
            "loadEnd": 1731868200451
        },
        "productId": "TRK-TlxlcwGkl19t",
        "pathCounts": {
            "/login": 4,
            "/checkout": 1,
            "/home/create": 2
        }
    },
    {
        "start": 1731868200,
        "end": 1731868800,
        "bounce": {
            "isBounced": false,
            "pathname": "/frontend/index.html"
        },
        "device": "Desktop",
        "browser": "Safari",
        "location": {
            "latitude": 83.9650855,
            "longitude": -137.05123
        },
        "uniqueId": "aa76de66-83a4-4c21-92f5-cfe20525387a",
        "pathname": "/frontend/index.html",
        "language": "bo",
        "referrer": "",
        "events": {
            "loadCount": 2,
            "visibilitychangeCount": 5,
            "resizeCount": 9,
            "focusCount": 9,
            "clickCount": 5,
            "blurCount": 2
        },
        "pageLoadTime": {
            "loadStart": 1731868200000,
            "loadEnd": 1731868200322
        },
        "productId": "TRK-TlxlcwGkl19t",
        "pathCounts": {
            "/home/create": 1,
            "/login": 10,
            "/profile": 2
        }
    },
    {
        "start": 1731868200,
        "end": 1731870420,
        "bounce": {
            "isBounced": true,
            "pathname": "/frontend/index.html"
        },
        "device": "Mobile",
        "browser": "Edge",
        "location": {
            "latitude": 58.634588,
            "longitude": 127.446185
        },
        "uniqueId": "d86a654c-f156-4873-9fec-b758bd53146a",
        "pathname": "/frontend/index.html",
        "language": "uz",
        "referrer": "https://johnson.com/",
        "events": {
            "loadCount": 2,
            "visibilitychangeCount": 1,
            "resizeCount": 3,
            "focusCount": 7,
            "clickCount": 6,
            "blurCount": 4
        },
        "pageLoadTime": {
            "loadStart": 1731868200000,
            "loadEnd": 1731868200845
        },
        "productId": "TRK-89olAsKyNOG7",
        "pathCounts": {
            "/home": 8,
            "/home/dashboard": 9,
            "/cart": 1
        }
    },
    {
        "start": 1731868200,
        "end": 1731871560,
        "bounce": {
            "isBounced": false,
            "pathname": "/frontend/index.html"
        },
        "device": "Laptop",
        "browser": "Mozilla",
        "location": {
            "latitude": -49.70043,
            "longitude": 153.165154
        },
        "uniqueId": "9b47b488-09f3-4d00-a56c-8c970bdfab8e",
        "pathname": "/dashboard",
        "language": "et",
        "referrer": "",
        "events": {
            "loadCount": 1,
            "visibilitychangeCount": 7,
            "resizeCount": 6,
            "focusCount": 10,
            "clickCount": 8,
            "blurCount": 4
        },
        "pageLoadTime": {
            "loadStart": 1731868200000,
            "loadEnd": 1731868200894
        },
        "productId": "TRK-TlxlcwGkl19t",
        "pathCounts": {
            "/settings": 6,
            "/cart": 1,
            "/login": 1,
            "/profile": 7,
            "/home/dashboard": 7
        }
    },
    {
        "start": 1731868200,
        "end": 1731869220,
        "bounce": {
            "isBounced": false,
            "pathname": "/frontend/index.html"
        },
        "device": "Desktop",
        "browser": "Safari",
        "location": {
            "latitude": -73.460271,
            "longitude": -133.242043
        },
        "uniqueId": "d86a654c-f156-4873-9fec-b758bd53146a",
        "pathname": "/settings",
        "language": "ff",
        "referrer": "",
        "events": {
            "loadCount": 1,
            "visibilitychangeCount": 0,
            "resizeCount": 2,
            "focusCount": 3,
            "clickCount": 3,
            "blurCount": 3
        },
        "pageLoadTime": {
            "loadStart": 1731868200000,
            "loadEnd": 1731868200730
        },
        "productId": "TRK-Ob2CJVFgaau7",
        "pathCounts": {
            "/home/create": 4,
            "/login": 6,
            "/home": 9
        }
    },
    {
        "start": 1731868200,
        "end": 1731870540,
        "bounce": {
            "isBounced": true,
            "pathname": "/frontend/index.html"
        },
        "device": "Tablet",
        "browser": "Mozilla",
        "location": {
            "latitude": -54.6860165,
            "longitude": 9.973811
        },
        "uniqueId": "111907fd-95b7-4729-a2af-e51ad656e288",
        "pathname": "/dashboard",
        "language": "hu",
        "referrer": "",
        "events": {
            "loadCount": 10,
            "visibilitychangeCount": 1,
            "resizeCount": 8,
            "focusCount": 7,
            "clickCount": 6,
            "blurCount": 6
        },
        "pageLoadTime": {
            "loadStart": 1731868200000,
            "loadEnd": 1731868200846
        },
        "productId": "TRK-Ob2CJVFgaau7",
        "pathCounts": {
            "/settings": 7,
            "/home": 4,
            "/profile": 8
        }
    },
    {
        "start": 1731868200,
        "end": 1731868560,
        "bounce": {
            "isBounced": false,
            "pathname": "/frontend/index.html"
        },
        "device": "Desktop",
        "browser": "Edge",
        "location": {
            "latitude": -69.4100305,
            "longitude": -120.090395
        },
        "uniqueId": "9b47b488-09f3-4d00-a56c-8c970bdfab8e",
        "pathname": "/dashboard",
        "language": "ce",
        "referrer": "",
        "events": {
            "loadCount": 8,
            "visibilitychangeCount": 3,
            "resizeCount": 9,
            "focusCount": 3,
            "clickCount": 10,
            "blurCount": 6
        },
        "pageLoadTime": {
            "loadStart": 1731868200000,
            "loadEnd": 1731868200071
        },
        "productId": "TRK-TlxlcwGkl19t",
        "pathCounts": {
            "/login": 5,
            "/cart": 1,
            "/home": 3,
            "/settings": 4,
            "/checkout": 3
        }
    },
    {
        "start": 1731868200,
        "end": 1731870960,
        "bounce": {
            "isBounced": false,
            "pathname": "/frontend/index.html"
        },
        "device": "Laptop",
        "browser": "Safari",
        "location": {
            "latitude": 72.314317,
            "longitude": -104.834385
        },
        "uniqueId": "37f86d6c-c234-4339-9c0f-ec3bdaab8536",
        "pathname": "/profile",
        "language": "az",
        "referrer": "",
        "events": {
            "loadCount": 1,
            "visibilitychangeCount": 7,
            "resizeCount": 4,
            "focusCount": 4,
            "clickCount": 2,
            "blurCount": 0
        },
        "pageLoadTime": {
            "loadStart": 1731868200000,
            "loadEnd": 1731868200526
        },
        "productId": "TRK-TlxlcwGkl19t",
        "pathCounts": {
            "/settings": 4,
            "/login": 6,
            "/checkout": 8
        }
    },
    {
        "start": 1731868200,
        "end": 1731868500,
        "bounce": {
            "isBounced": false,
            "pathname": "/frontend/index.html"
        },
        "device": "Laptop",
        "browser": "Safari",
        "location": {
            "latitude": -38.8471125,
            "longitude": -151.976438
        },
        "uniqueId": "ca9d1f5f-925b-4a59-b362-4703a75ad77c",
        "pathname": "/frontend/index.html",
        "language": "en",
        "referrer": "",
        "events": {
            "loadCount": 1,
            "visibilitychangeCount": 7,
            "resizeCount": 6,
            "focusCount": 1,
            "clickCount": 1,
            "blurCount": 7
        },
        "pageLoadTime": {
            "loadStart": 1731868200000,
            "loadEnd": 1731868200740
        },
        "productId": "TRK-TlxlcwGkl19t",
        "pathCounts": {
            "/cart": 2,
            "/login": 6,
            "/home/dashboard": 9
        }
    },
    {
        "start": 1731868200,
        "end": 1731871740,
        "bounce": {
            "isBounced": true,
            "pathname": "/frontend/index.html"
        },
        "device": "Desktop",
        "browser": "Safari",
        "location": {
            "latitude": -52.1239345,
            "longitude": -120.879047
        },
        "uniqueId": "aca50ebd-2a70-41b2-a3f9-1a2deecc8322",
        "pathname": "/profile",
        "language": "ik",
        "referrer": "https://kemp-ball.biz/",
        "events": {
            "loadCount": 1,
            "visibilitychangeCount": 8,
            "resizeCount": 9,
            "focusCount": 5,
            "clickCount": 5,
            "blurCount": 6
        },
        "pageLoadTime": {
            "loadStart": 1731868200000,
            "loadEnd": 1731868200365
        },
        "productId": "TRK-89olAsKyNOG7",
        "pathCounts": {
            "/home/dashboard": 9,
            "/cart": 4,
            "/home": 8
        }
    },
    {
        "start": 1731868200,
        "end": 1731868980,
        "bounce": {
            "isBounced": true,
            "pathname": "/frontend/index.html"
        },
        "device": "Mobile",
        "browser": "Chrome",
        "location": {
            "latitude": 31.016033,
            "longitude": 154.383905
        },
        "uniqueId": "31b1cad6-43b6-4fa7-95e5-7d79676b01e7",
        "pathname": "/home",
        "language": "bg",
        "referrer": "",
        "events": {
            "loadCount": 0,
            "visibilitychangeCount": 10,
            "resizeCount": 4,
            "focusCount": 8,
            "clickCount": 6,
            "blurCount": 1
        },
        "pageLoadTime": {
            "loadStart": 1731868200000,
            "loadEnd": 1731868200472
        },
        "productId": "TRK-TlxlcwGkl19t",
        "pathCounts": {
            "/cart": 6,
            "/home/dashboard": 8,
            "/home/create": 6,
            "/settings": 10
        }
    },
    {
        "start": 1731868200,
        "end": 1731869280,
        "bounce": {
            "isBounced": false,
            "pathname": "/frontend/index.html"
        },
        "device": "Tablet",
        "browser": "Mozilla",
        "location": {
            "latitude": 56.070509,
            "longitude": 83.348772
        },
        "uniqueId": "77f0712b-554f-4c5c-9898-14e7c77b26a0",
        "pathname": "/home",
        "language": "hu",
        "referrer": "http://www.brown.com/",
        "events": {
            "loadCount": 5,
            "visibilitychangeCount": 1,
            "resizeCount": 4,
            "focusCount": 9,
            "clickCount": 3,
            "blurCount": 3
        },
        "pageLoadTime": {
            "loadStart": 1731868200000,
            "loadEnd": 1731868200287
        },
        "productId": "TRK-Ob2CJVFgaau7",
        "pathCounts": {
            "/home/dashboard": 1,
            "/home/create": 9,
            "/cart": 8,
            "/home": 9
        }
    },
    {
        "start": 1731868200,
        "end": 1731868740,
        "bounce": {
            "isBounced": true,
            "pathname": "/frontend/index.html"
        },
        "device": "Desktop",
        "browser": "Safari",
        "location": {
            "latitude": 30.708763,
            "longitude": 113.213738
        },
        "uniqueId": "5bde6480-0ab0-43b2-8529-ae22b458f836",
        "pathname": "/home",
        "language": "ve",
        "referrer": "",
        "events": {
            "loadCount": 2,
            "visibilitychangeCount": 7,
            "resizeCount": 4,
            "focusCount": 1,
            "clickCount": 7,
            "blurCount": 5
        },
        "pageLoadTime": {
            "loadStart": 1731868200000,
            "loadEnd": 1731868200563
        },
        "productId": "TRK-89olAsKyNOG7",
        "pathCounts": {
            "/home/create": 5,
            "/checkout": 5,
            "/settings": 2,
            "/home/dashboard": 5
        }
    },
    {
        "start": 1731868200,
        "end": 1731870720,
        "bounce": {
            "isBounced": true,
            "pathname": "/frontend/index.html"
        },
        "device": "Desktop",
        "browser": "Edge",
        "location": {
            "latitude": -87.5050795,
            "longitude": -22.771332
        },
        "uniqueId": "77f0712b-554f-4c5c-9898-14e7c77b26a0",
        "pathname": "/frontend/index.html",
        "language": "tg",
        "referrer": "",
        "events": {
            "loadCount": 8,
            "visibilitychangeCount": 5,
            "resizeCount": 6,
            "focusCount": 10,
            "clickCount": 7,
            "blurCount": 1
        },
        "pageLoadTime": {
            "loadStart": 1731868200000,
            "loadEnd": 1731868200061
        },
        "productId": "TRK-Ob2CJVFgaau7",
        "pathCounts": {
            "/home": 3,
            "/login": 10,
            "/profile": 10,
            "/home/dashboard": 1,
            "/cart": 9
        }
    },
    {
        "start": 1731868200,
        "end": 1731869580,
        "bounce": {
            "isBounced": true,
            "pathname": "/frontend/index.html"
        },
        "device": "Laptop",
        "browser": "Edge",
        "location": {
            "latitude": -23.078082,
            "longitude": -23.414127
        },
        "uniqueId": "ca9d1f5f-925b-4a59-b362-4703a75ad77c",
        "pathname": "/frontend/index.html",
        "language": "uz",
        "referrer": "https://www.mitchell.com/",
        "events": {
            "loadCount": 9,
            "visibilitychangeCount": 4,
            "resizeCount": 0,
            "focusCount": 8,
            "clickCount": 2,
            "blurCount": 1
        },
        "pageLoadTime": {
            "loadStart": 1731868200000,
            "loadEnd": 1731868200676
        },
        "productId": "TRK-89olAsKyNOG7",
        "pathCounts": {
            "/settings": 5,
            "/home": 8,
            "/home/dashboard": 4,
            "/cart": 4,
            "/login": 8
        }
    },
    {
        "start": 1731868200,
        "end": 1731868380,
        "bounce": {
            "isBounced": true,
            "pathname": "/frontend/index.html"
        },
        "device": "Mobile",
        "browser": "Mozilla",
        "location": {
            "latitude": 38.5454455,
            "longitude": -164.022339
        },
        "uniqueId": "37f86d6c-c234-4339-9c0f-ec3bdaab8536",
        "pathname": "/home",
        "language": "sq",
        "referrer": "http://www.thomas-harrell.com/",
        "events": {
            "loadCount": 0,
            "visibilitychangeCount": 7,
            "resizeCount": 1,
            "focusCount": 5,
            "clickCount": 1,
            "blurCount": 1
        },
        "pageLoadTime": {
            "loadStart": 1731868200000,
            "loadEnd": 1731868200034
        },
        "productId": "TRK-Ob2CJVFgaau7",
        "pathCounts": {
            "/cart": 6,
            "/home/dashboard": 2,
            "/checkout": 3,
            "/home/create": 10
        }
    }
]