[
    {
        "start": 1734460200,
        "end": 1734462780,
        "bounce": {
            "isBounced": false,
            "pathname": "/frontend/index.html"
        },
        "device": "Desktop",
        "browser": "Safari",
        "location": {
            "latitude": -48.068915,
            "longitude": 121.077905
        },
        "uniqueId": "77f0712b-554f-4c5c-9898-14e7c77b26a0",
        "pathname": "/profile",
        "language": "apn",
        "referrer": "http://ross.com/",
        "events": {
            "loadCount": 4,
            "visibilitychangeCount": 3,
            "resizeCount": 3,
            "focusCount": 1,
            "clickCount": 4,
            "blurCount": 8
        },
        "pageLoadTime": {
            "loadStart": 1734460200000,
            "loadEnd": 1734460200040
        },
        "productId": "TRK-TlxlcwGkl19t",
        "pathCounts": {
            "/checkout": 1,
            "/profile": 10,
            "/home/create": 7
        }
    },
    {
        "start": 1734460200,
        "end": 1734461280,
        "bounce": {
            "isBounced": true,
            "pathname": "/frontend/index.html"
        },
        "device": "Laptop",
        "browser": "Safari",
        "location": {
            "latitude": -86.2603055,
            "longitude": 133.552967
        },
        "uniqueId": "14ec54a1-24e9-462b-9378-3e9d812cba5a",
        "pathname": "/profile",
        "language": "sw",
        "referrer": "http://www.hammond.com/",
        "events": {
            "loadCount": 2,
            "visibilitychangeCount": 1,
            "resizeCount": 9,
            "focusCount": 6,
            "clickCount": 5,
            "blurCount": 0
        },
        "pageLoadTime": {
            "loadStart": 1734460200000,
            "loadEnd": 1734460200628
        },
        "productId": "TRK-89olAsKyNOG7",
        "pathCounts": {
            "/profile": 8,
            "/cart": 10,
            "/home/dashboard": 6
        }
    },
    {
        "start": 1734460200,
        "end": 1734463080,
        "bounce": {
            "isBounced": false,
            "pathname": "/frontend/index.html"
        },
        "device": "Mobile",
        "browser": "Safari",
        "location": {
            "latitude": -17.007137,
            "longitude": -11.92895
        },
        "uniqueId": "aa76de66-83a4-4c21-92f5-cfe20525387a",
        "pathname": "/profile",
        "language": "ky",
        "referrer": "",
        "events": {
            "loadCount": 10,
            "visibilitychangeCount": 7,
            "resizeCount": 3,
            "focusCount": 2,
            "clickCount": 3,
            "blurCount": 9
        },
        "pageLoadTime": {
            "loadStart": 1734460200000,
            "loadEnd": 1734460200483
        },
        "productId": "TRK-TlxlcwGkl19t",
        "pathCounts": {
            "/home": 1,
            "/home/dashboard": 3
        }
    },
    {
        "start": 1734460200,
        "end": 1734463800,
        "bounce": {
            "isBounced": true,
            "pathname": "/frontend/index.html"
        },
        "device": "Laptop",
        "browser": "Safari",
        "location": {
            "latitude": 76.612828,
            "longitude": 33.638309
        },
        "uniqueId": "f9c7e851-4d89-46ce-8678-25b88916a574",
        "pathname": "/frontend/index.html",
        "language": "lb",
        "referrer": "",
        "events": {
            "loadCount": 5,
            "visibilitychangeCount": 3,
            "resizeCount": 6,
            "focusCount": 10,
            "clickCount": 0,
            "blurCount": 9
        },
        "pageLoadTime": {
            "loadStart": 1734460200000,
            "loadEnd": 1734460200003
        },
        "productId": "TRK-Ob2CJVFgaau7",
        "pathCounts": {
            "/cart": 5,
            "/home/create": 1,
            "/login": 2,
            "/home/dashboard": 1
        }
    },
    {
        "start": 1734460200,
        "end": 1734461220,
        "bounce": {
            "isBounced": true,
            "pathname": "/frontend/index.html"
        },
        "device": "Desktop",
        "browser": "Edge",
        "location": {
            "latitude": -45.6292075,
            "longitude": 44.974443
        },
        "uniqueId": "111907fd-95b7-4729-a2af-e51ad656e288",
        "pathname": "/profile",
        "language": "iw",
        "referrer": "",
        "events": {
            "loadCount": 2,
            "visibilitychangeCount": 6,
            "resizeCount": 4,
            "focusCount": 4,
            "clickCount": 7,
            "blurCount": 1
        },
        "pageLoadTime": {
            "loadStart": 1734460200000,
            "loadEnd": 1734460200418
        },
        "productId": "TRK-89olAsKyNOG7",
        "pathCounts": {
            "/cart": 10,
            "/profile": 1,
            "/settings": 2
        }
    },
    {
        "start": 1734460200,
        "end": 1734460620,
        "bounce": {
            "isBounced": true,
            "pathname": "/frontend/index.html"
        },
        "device": "Desktop",
        "browser": "Edge",
        "location": {
            "latitude": -83.8988335,
            "longitude": 61.053948
        },
        "uniqueId": "f9c7e851-4d89-46ce-8678-25b88916a574",
        "pathname": "/settings",
        "language": "apn",
        "referrer": "http://www.harrison-clark.com/",
        "events": {
            "loadCount": 2,
            "visibilitychangeCount": 1,
            "resizeCount": 1,
            "focusCount": 6,
            "clickCount": 4,
            "blurCount": 2
        },
        "pageLoadTime": {
            "loadStart": 1734460200000,
            "loadEnd": 1734460200782
        },
        "productId": "TRK-Ob2CJVFgaau7",
        "pathCounts": {
            "/home": 2,
            "/settings": 3,
            "/cart": 1,
            "/home/dashboard": 3,
            "/checkout": 5
        }
    },
    {
        "start": 1734460200,
        "end": 1734462180,
        "bounce": {
            "isBounced": false,
            "pathname": "/frontend/index.html"
        },
        "device": "Laptop",
        "browser": "Edge",
        "location": {
            "latitude": 70.7447895,
            "longitude": -36.710231
        },
        "uniqueId": "625ea2f3-d6f3-47f0-abd3-a204ea4eb491",
        "pathname": "/dashboard",
        "language": "ti",
        "referrer": "",
        "events": {
            "loadCount": 6,
            "visibilitychangeCount": 5,
            "resizeCount": 8,
            "focusCount": 3,
            "clickCount": 6,
            "blurCount": 3
        },
        "pageLoadTime": {
            "loadStart": 1734460200000,
            "loadEnd": 1734460200166
        },
        "productId": "TRK-Ob2CJVFgaau7",
        "pathCounts": {
            "/checkout": 5,
            "/settings": 6,
            "/cart": 7,
            "/profile": 2
        }
    }
]