[
    {
        "start": 1734114600,
        "end": 1734114780,
        "bounce": {
            "isBounced": true,
            "pathname": "/frontend/index.html"
        },
        "device": "Mobile",
        "browser": "Chrome",
        "location": {
            "latitude": -84.313,
            "longitude": 147.056728
        },
        "uniqueId": "aa76de66-83a4-4c21-92f5-cfe20525387a",
        "pathname": "/settings",
        "language": "so",
        "referrer": "",
        "events": {
            "loadCount": 6,
            "visibilitychangeCount": 2,
            "resizeCount": 10,
            "focusCount": 10,
            "clickCount": 8,
            "blurCount": 2
        },
        "pageLoadTime": {
            "loadStart": 1734114600000,
            "loadEnd": 1734114600957
        },
        "productId": "TRK-Ob2CJVFgaau7",
        "pathCounts": {
            "/home": 3,
            "/checkout": 9,
            "/home/dashboard": 2,
            "/profile": 8
        }
    },
    {
        "start": 1734114600,
        "end": 1734116940,
        "bounce": {
            "isBounced": false,
            "pathname": "/frontend/index.html"
        },
        "device": "Desktop",
        "browser": "Edge",
        "location": {
            "latitude": 44.747505,
            "longitude": -56.485935
        },
        "uniqueId": "77f0712b-554f-4c5c-9898-14e7c77b26a0",
        "pathname": "/frontend/index.html",
        "language": "yo",
        "referrer": "http://simmons.com/",
        "events": {
            "loadCount": 6,
            "visibilitychangeCount": 1,
            "resizeCount": 5,
            "focusCount": 8,
            "clickCount": 3,
            "blurCount": 4
        },
        "pageLoadTime": {
            "loadStart": 1734114600000,
            "loadEnd": 1734114600736
        },
        "productId": "TRK-Ob2CJVFgaau7",
        "pathCounts": {
            "/cart": 2,
            "/login": 10,
            "/home/create": 5,
            "/home/dashboard": 8
        }
    },
    {
        "start": 1734114600,
        "end": 1734117900,
        "bounce": {
            "isBounced": true,
            "pathname": "/frontend/index.html"
        },
        "device": "Mobile",
        "browser": "Chrome",
        "location": {
            "latitude": 70.008726,
            "longitude": 74.205718
        },
        "uniqueId": "37f86d6c-c234-4339-9c0f-ec3bdaab8536",
        "pathname": "/settings",
        "language": "ha",
        "referrer": "",
        "events": {
            "loadCount": 1,
            "visibilitychangeCount": 9,
            "resizeCount": 3,
            "focusCount": 2,
            "clickCount": 1,
            "blurCount": 1
        },
        "pageLoadTime": {
            "loadStart": 1734114600000,
            "loadEnd": 1734114600462
        },
        "productId": "TRK-TlxlcwGkl19t",
        "pathCounts": {
            "/login": 5,
            "/cart": 6,
            "/home": 3
        }
    },
    {
        "start": 1734114600,
        "end": 1734116640,
        "bounce": {
            "isBounced": false,
            "pathname": "/frontend/index.html"
        },
        "device": "Tablet",
        "browser": "Safari",
        "location": {
            "latitude": 47.447954,
            "longitude": -132.649611
        },
        "uniqueId": "3da55713-36de-4077-9d4d-626d934aafe0",
        "pathname": "/home",
        "language": "cs",
        "referrer": "http://combs.com/",
        "events": {
            "loadCount": 7,
            "visibilitychangeCount": 3,
            "resizeCount": 6,
            "focusCount": 8,
            "clickCount": 0,
            "blurCount": 5
        },
        "pageLoadTime": {
            "loadStart": 1734114600000,
            "loadEnd": 1734114600141
        },
        "productId": "TRK-TlxlcwGkl19t",
        "pathCounts": {
            "/checkout": 10,
            "/cart": 10,
            "/login": 1
        }
    },
    {
        "start": 1734114600,
        "end": 1734116700,
        "bounce": {
            "isBounced": true,
            "pathname": "/frontend/index.html"
        },
        "device": "Laptop",
        "browser": "Edge",
        "location": {
            "latitude": 3.947273,
            "longitude": 15.233279
        },
        "uniqueId": "3ba5c0ca-2d1c-4d75-82b7-a2c821f2ea43",
        "pathname": "/profile",
        "language": "nds",
        "referrer": "",
        "events": {
            "loadCount": 5,
            "visibilitychangeCount": 9,
            "resizeCount": 5,
            "focusCount": 5,
            "clickCount": 4,
            "blurCount": 4
        },
        "pageLoadTime": {
            "loadStart": 1734114600000,
            "loadEnd": 1734114600213
        },
        "productId": "TRK-Ob2CJVFgaau7",
        "pathCounts": {
            "/profile": 1,
            "/login": 2
        }
    },
    {
        "start": 1734114600,
        "end": 1734115620,
        "bounce": {
            "isBounced": false,
            "pathname": "/frontend/index.html"
        },
        "device": "Laptop",
        "browser": "Mozilla",
        "location": {
            "latitude": 68.846341,
            "longitude": -49.917105
        },
        "uniqueId": "aca50ebd-2a70-41b2-a3f9-1a2deecc8322",
        "pathname": "/frontend/index.html",
        "language": "apn",
        "referrer": "https://www.avila.biz/",
        "events": {
            "loadCount": 6,
            "visibilitychangeCount": 0,
            "resizeCount": 3,
            "focusCount": 8,
            "clickCount": 7,
            "blurCount": 3
        },
        "pageLoadTime": {
            "loadStart": 1734114600000,
            "loadEnd": 1734114600604
        },
        "productId": "TRK-TlxlcwGkl19t",
        "pathCounts": {
            "/profile": 1,
            "/home/create": 4,
            "/settings": 9
        }
    },
    {
        "start": 1734114600,
        "end": 1734116160,
        "bounce": {
            "isBounced": true,
            "pathname": "/frontend/index.html"
        },
        "device": "Laptop",
        "browser": "Chrome",
        "location": {
            "latitude": 49.8518995,
            "longitude": -42.650816
        },
        "uniqueId": "aca50ebd-2a70-41b2-a3f9-1a2deecc8322",
        "pathname": "/dashboard",
        "language": "lij",
        "referrer": "",
        "events": {
            "loadCount": 1,
            "visibilitychangeCount": 3,
            "resizeCount": 6,
            "focusCount": 2,
            "clickCount": 9,
            "blurCount": 4
        },
        "pageLoadTime": {
            "loadStart": 1734114600000,
            "loadEnd": 1734114600622
        },
        "productId": "TRK-Ob2CJVFgaau7",
        "pathCounts": {
            "/login": 7,
            "/profile": 8,
            "/home/create": 2
        }
    },
    {
        "start": 1734114600,
        "end": 1734117300,
        "bounce": {
            "isBounced": true,
            "pathname": "/frontend/index.html"
        },
        "device": "Tablet",
        "browser": "Chrome",
        "location": {
            "latitude": -69.9245935,
            "longitude": -114.086206
        },
        "uniqueId": "f25d6d08-ed4a-4680-b7e3-94d4b30207df",
        "pathname": "/home",
        "language": "quz",
        "referrer": "",
        "events": {
            "loadCount": 1,
            "visibilitychangeCount": 4,
            "resizeCount": 5,
            "focusCount": 10,
            "clickCount": 0,
            "blurCount": 3
        },
        "pageLoadTime": {
            "loadStart": 1734114600000,
            "loadEnd": 1734114600743
        },
        "productId": "TRK-TlxlcwGkl19t",
        "pathCounts": {
            "/cart": 9,
            "/home/dashboard": 10,
            "/home": 5,
            "/checkout": 8
        }
    },
    {
        "start": 1734114600,
        "end": 1734115140,
        "bounce": {
            "isBounced": false,
            "pathname": "/frontend/index.html"
        },
        "device": "Laptop",
        "browser": "Chrome",
        "location": {
            "latitude": -7.909515,
            "longitude": -76.125403
        },
        "uniqueId": "4f113d91-1e3e-46f7-a9ca-95f02de96297",
        "pathname": "/dashboard",
        "language": "niu",
        "referrer": "",
        "events": {
            "loadCount": 0,
            "visibilitychangeCount": 3,
            "resizeCount": 7,
            "focusCount": 7,
            "clickCount": 3,
            "blurCount": 1
        },
        "pageLoadTime": {
            "loadStart": 1734114600000,
            "loadEnd": 1734114600299
        },
        "productId": "TRK-TlxlcwGkl19t",
        "pathCounts": {
            "/home/create": 6,
            "/settings": 10,
            "/checkout": 1
        }
    },
    {
        "start": 1734114600,
        "end": 1734118200,
        "bounce": {
            "isBounced": false,
            "pathname": "/frontend/index.html"
        },
        "device": "Laptop",
        "browser": "Safari",
        "location": {
            "latitude": -34.24831,
            "longitude": 143.245175
        },
        "uniqueId": "80d8a76b-4c97-4a12-9ac3-02a6d37e11a9",
        "pathname": "/settings",
        "language": "yo",
        "referrer": "https://www.atkins.org/",
        "events": {
            "loadCount": 0,
            "visibilitychangeCount": 2,
            "resizeCount": 10,
            "focusCount": 4,
            "clickCount": 0,
            "blurCount": 5
        },
        "pageLoadTime": {
            "loadStart": 1734114600000,
            "loadEnd": 1734114600618
        },
        "productId": "TRK-89olAsKyNOG7",
        "pathCounts": {
            "/home/dashboard": 6,
            "/settings": 2,
            "/login": 7,
            "/checkout": 4
        }
    },
    {
        "start": 1734114600,
        "end": 1734114660,
        "bounce": {
            "isBounced": true,
            "pathname": "/frontend/index.html"
        },
        "device": "Mobile",
        "browser": "Safari",
        "location": {
            "latitude": 76.5936095,
            "longitude": -76.020848
        },
        "uniqueId": "5bde6480-0ab0-43b2-8529-ae22b458f836",
        "pathname": "/settings",
        "language": "iw",
        "referrer": "http://king-russell.com/",
        "events": {
            "loadCount": 3,
            "visibilitychangeCount": 8,
            "resizeCount": 0,
            "focusCount": 5,
            "clickCount": 6,
            "blurCount": 6
        },
        "pageLoadTime": {
            "loadStart": 1734114600000,
            "loadEnd": 1734114600888
        },
        "productId": "TRK-TlxlcwGkl19t",
        "pathCounts": {
            "/checkout": 10,
            "/cart": 6,
            "/profile": 7
        }
    },
    {
        "start": 1734114600,
        "end": 1734116160,
        "bounce": {
            "isBounced": true,
            "pathname": "/frontend/index.html"
        },
        "device": "Mobile",
        "browser": "Safari",
        "location": {
            "latitude": -51.2701995,
            "longitude": -115.10194
        },
        "uniqueId": "5bde6480-0ab0-43b2-8529-ae22b458f836",
        "pathname": "/frontend/index.html",
        "language": "iw",
        "referrer": "http://www.krueger.com/",
        "events": {
            "loadCount": 1,
            "visibilitychangeCount": 7,
            "resizeCount": 9,
            "focusCount": 3,
            "clickCount": 3,
            "blurCount": 5
        },
        "pageLoadTime": {
            "loadStart": 1734114600000,
            "loadEnd": 1734114600137
        },
        "productId": "TRK-Ob2CJVFgaau7",
        "pathCounts": {
            "/home/create": 7,
            "/cart": 3,
            "/profile": 7,
            "/checkout": 5
        }
    },
    {
        "start": 1734114600,
        "end": 1734114960,
        "bounce": {
            "isBounced": false,
            "pathname": "/frontend/index.html"
        },
        "device": "Tablet",
        "browser": "Edge",
        "location": {
            "latitude": -67.2932375,
            "longitude": -96.791013
        },
        "uniqueId": "f25d6d08-ed4a-4680-b7e3-94d4b30207df",
        "pathname": "/profile",
        "language": "cmn",
        "referrer": "",
        "events": {
            "loadCount": 1,
            "visibilitychangeCount": 2,
            "resizeCount": 5,
            "focusCount": 6,
            "clickCount": 5,
            "blurCount": 6
        },
        "pageLoadTime": {
            "loadStart": 1734114600000,
            "loadEnd": 1734114600254
        },
        "productId": "TRK-TlxlcwGkl19t",
        "pathCounts": {
            "/profile": 7,
            "/settings": 10,
            "/cart": 6,
            "/checkout": 6
        }
    },
    {
        "start": 1734114600,
        "end": 1734117960,
        "bounce": {
            "isBounced": false,
            "pathname": "/frontend/index.html"
        },
        "device": "Laptop",
        "browser": "Chrome",
        "location": {
            "latitude": -32.551133,
            "longitude": -22.956556
        },
        "uniqueId": "9ce1bf0b-8366-40e1-b77c-9493a981c91b",
        "pathname": "/home",
        "language": "lzh",
        "referrer": "http://moreno.biz/",
        "events": {
            "loadCount": 8,
            "visibilitychangeCount": 0,
            "resizeCount": 5,
            "focusCount": 7,
            "clickCount": 8,
            "blurCount": 8
        },
        "pageLoadTime": {
            "loadStart": 1734114600000,
            "loadEnd": 1734114600072
        },
        "productId": "TRK-89olAsKyNOG7",
        "pathCounts": {
            "/profile": 9,
            "/home/create": 7,
            "/cart": 10
        }
    },
    {
        "start": 1734114600,
        "end": 1734114720,
        "bounce": {
            "isBounced": false,
            "pathname": "/frontend/index.html"
        },
        "device": "Laptop",
        "browser": "Chrome",
        "location": {
            "latitude": 12.786281,
            "longitude": 42.50916
        },
        "uniqueId": "37f86d6c-c234-4339-9c0f-ec3bdaab8536",
        "pathname": "/frontend/index.html",
        "language": "rw",
        "referrer": "",
        "events": {
            "loadCount": 4,
            "visibilitychangeCount": 7,
            "resizeCount": 7,
            "focusCount": 9,
            "clickCount": 0,
            "blurCount": 0
        },
        "pageLoadTime": {
            "loadStart": 1734114600000,
            "loadEnd": 1734114600984
        },
        "productId": "TRK-89olAsKyNOG7",
        "pathCounts": {
            "/settings": 10,
            "/cart": 6,
            "/profile": 5,
            "/login": 9
        }
    },
    {
        "start": 1734114600,
        "end": 1734117660,
        "bounce": {
            "isBounced": true,
            "pathname": "/frontend/index.html"
        },
        "device": "Mobile",
        "browser": "Mozilla",
        "location": {
            "latitude": 60.730507,
            "longitude": -158.152665
        },
        "uniqueId": "f9c7e851-4d89-46ce-8678-25b88916a574",
        "pathname": "/dashboard",
        "language": "ar",
        "referrer": "",
        "events": {
            "loadCount": 5,
            "visibilitychangeCount": 7,
            "resizeCount": 5,
            "focusCount": 4,
            "clickCount": 6,
            "blurCount": 4
        },
        "pageLoadTime": {
            "loadStart": 1734114600000,
            "loadEnd": 1734114600276
        },
        "productId": "TRK-89olAsKyNOG7",
        "pathCounts": {
            "/checkout": 3,
            "/profile": 1,
            "/home/create": 8,
            "/settings": 10
        }
    },
    {
        "start": 1734114600,
        "end": 1734115140,
        "bounce": {
            "isBounced": true,
            "pathname": "/frontend/index.html"
        },
        "device": "Mobile",
        "browser": "Mozilla",
        "location": {
            "latitude": -58.838063,
            "longitude": 142.682625
        },
        "uniqueId": "aa76de66-83a4-4c21-92f5-cfe20525387a",
        "pathname": "/frontend/index.html",
        "language": "hi",
        "referrer": "",
        "events": {
            "loadCount": 9,
            "visibilitychangeCount": 0,
            "resizeCount": 6,
            "focusCount": 10,
            "clickCount": 1,
            "blurCount": 8
        },
        "pageLoadTime": {
            "loadStart": 1734114600000,
            "loadEnd": 1734114600306
        },
        "productId": "TRK-Ob2CJVFgaau7",
        "pathCounts": {
            "/cart": 3,
            "/checkout": 4,
            "/profile": 2
        }
    },
    {
        "start": 1734114600,
        "end": 1734115560,
        "bounce": {
            "isBounced": false,
            "pathname": "/frontend/index.html"
        },
        "device": "Mobile",
        "browser": "Edge",
        "location": {
            "latitude": -14.536213,
            "longitude": 62.146242
        },
        "uniqueId": "d86a654c-f156-4873-9fec-b758bd53146a",
        "pathname": "/settings",
        "language": "nhn",
        "referrer": "http://www.neal.org/",
        "events": {
            "loadCount": 10,
            "visibilitychangeCount": 6,
            "resizeCount": 7,
            "focusCount": 2,
            "clickCount": 2,
            "blurCount": 9
        },
        "pageLoadTime": {
            "loadStart": 1734114600000,
            "loadEnd": 1734114600942
        },
        "productId": "TRK-89olAsKyNOG7",
        "pathCounts": {
            "/profile": 2,
            "/cart": 7,
            "/login": 2
        }
    }
]