[
    {
        "start": 1734287400,
        "end": 1734289920,
        "bounce": {
            "isBounced": true,
            "pathname": "/frontend/index.html"
        },
        "device": "Tablet",
        "browser": "Chrome",
        "location": {
            "latitude": -72.0259775,
            "longitude": -120.022065
        },
        "uniqueId": "4f113d91-1e3e-46f7-a9ca-95f02de96297",
        "pathname": "/frontend/index.html",
        "language": "csb",
        "referrer": "",
        "events": {
            "loadCount": 10,
            "visibilitychangeCount": 10,
            "resizeCount": 5,
            "focusCount": 4,
            "clickCount": 10,
            "blurCount": 4
        },
        "pageLoadTime": {
            "loadStart": 1734287400000,
            "loadEnd": 1734287400025
        },
        "productId": "TRK-89olAsKyNOG7",
        "pathCounts": {
            "/login": 8,
            "/home/dashboard": 8,
            "/settings": 2
        }
    },
    {
        "start": 1734287400,
        "end": 1734290220,
        "bounce": {
            "isBounced": true,
            "pathname": "/frontend/index.html"
        },
        "device": "Mobile",
        "browser": "Chrome",
        "location": {
            "latitude": -11.413163,
            "longitude": 120.154802
        },
        "uniqueId": "14ec54a1-24e9-462b-9378-3e9d812cba5a",
        "pathname": "/home",
        "language": "brx",
        "referrer": "",
        "events": {
            "loadCount": 10,
            "visibilitychangeCount": 5,
            "resizeCount": 1,
            "focusCount": 5,
            "clickCount": 6,
            "blurCount": 5
        },
        "pageLoadTime": {
            "loadStart": 1734287400000,
            "loadEnd": 1734287400869
        },
        "productId": "TRK-Ob2CJVFgaau7",
        "pathCounts": {
            "/profile": 7,
            "/home/create": 2,
            "/cart": 4
        }
    },
    {
        "start": 1734287400,
        "end": 1734288720,
        "bounce": {
            "isBounced": false,
            "pathname": "/frontend/index.html"
        },
        "device": "Laptop",
        "browser": "Edge",
        "location": {
            "latitude": -5.7333825,
            "longitude": 86.37443
        },
        "uniqueId": "9ce1bf0b-8366-40e1-b77c-9493a981c91b",
        "pathname": "/profile",
        "language": "ln",
        "referrer": "",
        "events": {
            "loadCount": 3,
            "visibilitychangeCount": 3,
            "resizeCount": 2,
            "focusCount": 8,
            "clickCount": 5,
            "blurCount": 4
        },
        "pageLoadTime": {
            "loadStart": 1734287400000,
            "loadEnd": 1734287400491
        },
        "productId": "TRK-Ob2CJVFgaau7",
        "pathCounts": {
            "/login": 5,
            "/settings": 10,
            "/home": 1
        }
    },
    {
        "start": 1734287400,
        "end": 1734290580,
        "bounce": {
            "isBounced": false,
            "pathname": "/frontend/index.html"
        },
        "device": "Laptop",
        "browser": "Edge",
        "location": {
            "latitude": 82.277398,
            "longitude": 131.267288
        },
        "uniqueId": "80d8a76b-4c97-4a12-9ac3-02a6d37e11a9",
        "pathname": "/profile",
        "language": "bg",
        "referrer": "https://wilson.org/",
        "events": {
            "loadCount": 4,
            "visibilitychangeCount": 9,
            "resizeCount": 5,
            "focusCount": 9,
            "clickCount": 0,
            "blurCount": 3
        },
        "pageLoadTime": {
            "loadStart": 1734287400000,
            "loadEnd": 1734287400046
        },
        "productId": "TRK-TlxlcwGkl19t",
        "pathCounts": {
            "/login": 8,
            "/home/dashboard": 8,
            "/profile": 2
        }
    },
    {
        "start": 1734287400,
        "end": 1734288000,
        "bounce": {
            "isBounced": true,
            "pathname": "/frontend/index.html"
        },
        "device": "Mobile",
        "browser": "Chrome",
        "location": {
            "latitude": -82.977026,
            "longitude": -36.005796
        },
        "uniqueId": "625ea2f3-d6f3-47f0-abd3-a204ea4eb491",
        "pathname": "/profile",
        "language": "oc",
        "referrer": "",
        "events": {
            "loadCount": 3,
            "visibilitychangeCount": 4,
            "resizeCount": 1,
            "focusCount": 10,
            "clickCount": 9,
            "blurCount": 0
        },
        "pageLoadTime": {
            "loadStart": 1734287400000,
            "loadEnd": 1734287400629
        },
        "productId": "TRK-89olAsKyNOG7",
        "pathCounts": {
            "/checkout": 4,
            "/home": 4,
            "/login": 1
        }
    },
    {
        "start": 1734287400,
        "end": 1734288780,
        "bounce": {
            "isBounced": true,
            "pathname": "/frontend/index.html"
        },
        "device": "Mobile",
        "browser": "Mozilla",
        "location": {
            "latitude": 18.132517,
            "longitude": -33.642311
        },
        "uniqueId": "aa76de66-83a4-4c21-92f5-cfe20525387a",
        "pathname": "/home",
        "language": "ca",
        "referrer": "",
        "events": {
            "loadCount": 4,
            "visibilitychangeCount": 5,
            "resizeCount": 7,
            "focusCount": 7,
            "clickCount": 1,
            "blurCount": 6
        },
        "pageLoadTime": {
            "loadStart": 1734287400000,
            "loadEnd": 1734287400134
        },
        "productId": "TRK-Ob2CJVFgaau7",
        "pathCounts": {
            "/login": 8,
            "/checkout": 10,
            "/settings": 10,
            "/home/dashboard": 10,
            "/home": 6,
            "/home/create": 5
        }
    }
]