[
    {
        "start": 1732213800,
        "end": 1732214940,
        "bounce": {
            "isBounced": true,
            "pathname": "/frontend/index.html"
        },
        "device": "Tablet",
        "browser": "Safari",
        "location": {
            "latitude": 73.9343725,
            "longitude": -48.914162
        },
        "uniqueId": "3ba5c0ca-2d1c-4d75-82b7-a2c821f2ea43",
        "pathname": "/frontend/index.html",
        "language": "kw",
        "referrer": "",
        "events": {
            "loadCount": 2,
            "visibilitychangeCount": 9,
            "resizeCount": 8,
            "focusCount": 5,
            "clickCount": 8,
            "blurCount": 7
        },
        "pageLoadTime": {
            "loadStart": 1732213800000,
            "loadEnd": 1732213800644
        },
        "productId": "TRK-TlxlcwGkl19t",
        "pathCounts": {
            "/profile": 8,
            "/checkout": 10
        }
    },
    {
        "start": 1732213800,
        "end": 1732215540,
        "bounce": {
            "isBounced": false,
            "pathname": "/frontend/index.html"
        },
        "device": "Mobile",
        "browser": "Safari",
        "location": {
            "latitude": 14.149583,
            "longitude": -64.068273
        },
        "uniqueId": "14ec54a1-24e9-462b-9378-3e9d812cba5a",
        "pathname": "/settings",
        "language": "li",
        "referrer": "http://www.barrett-ferguson.org/",
        "events": {
            "loadCount": 10,
            "visibilitychangeCount": 5,
            "resizeCount": 3,
            "focusCount": 0,
            "clickCount": 7,
            "blurCount": 1
        },
        "pageLoadTime": {
            "loadStart": 1732213800000,
            "loadEnd": 1732213800912
        },
        "productId": "TRK-TlxlcwGkl19t",
        "pathCounts": {
            "/cart": 1,
            "/settings": 4,
            "/profile": 10
        }
    },
    {
        "start": 1732213800,
        "end": 1732214640,
        "bounce": {
            "isBounced": false,
            "pathname": "/frontend/index.html"
        },
        "device": "Desktop",
        "browser": "Mozilla",
        "location": {
            "latitude": -0.862546,
            "longitude": -17.426074
        },
        "uniqueId": "9ce1bf0b-8366-40e1-b77c-9493a981c91b",
        "pathname": "/settings",
        "language": "te",
        "referrer": "https://jones-boyer.org/",
        "events": {
            "loadCount": 7,
            "visibilitychangeCount": 4,
            "resizeCount": 0,
            "focusCount": 1,
            "clickCount": 1,
            "blurCount": 0
        },
        "pageLoadTime": {
            "loadStart": 1732213800000,
            "loadEnd": 1732213800038
        },
        "productId": "TRK-TlxlcwGkl19t",
        "pathCounts": {
            "/settings": 6,
            "/cart": 8
        }
    },
    {
        "start": 1732213800,
        "end": 1732217340,
        "bounce": {
            "isBounced": false,
            "pathname": "/frontend/index.html"
        },
        "device": "Tablet",
        "browser": "Mozilla",
        "location": {
            "latitude": -41.7178115,
            "longitude": 82.227728
        },
        "uniqueId": "80d8a76b-4c97-4a12-9ac3-02a6d37e11a9",
        "pathname": "/frontend/index.html",
        "language": "pa",
        "referrer": "",
        "events": {
            "loadCount": 10,
            "visibilitychangeCount": 8,
            "resizeCount": 3,
            "focusCount": 10,
            "clickCount": 5,
            "blurCount": 3
        },
        "pageLoadTime": {
            "loadStart": 1732213800000,
            "loadEnd": 1732213800483
        },
        "productId": "TRK-89olAsKyNOG7",
        "pathCounts": {
            "/profile": 4,
            "/home/create": 5,
            "/settings": 10,
            "/home": 9,
            "/home/dashboard": 7
        }
    },
    {
        "start": 1732213800,
        "end": 1732217220,
        "bounce": {
            "isBounced": false,
            "pathname": "/frontend/index.html"
        },
        "device": "Mobile",
        "browser": "Chrome",
        "location": {
            "latitude": 58.786401,
            "longitude": 3.522177
        },
        "uniqueId": "aca50ebd-2a70-41b2-a3f9-1a2deecc8322",
        "pathname": "/profile",
        "language": "ca",
        "referrer": "https://brooks.com/",
        "events": {
            "loadCount": 2,
            "visibilitychangeCount": 3,
            "resizeCount": 8,
            "focusCount": 7,
            "clickCount": 1,
            "blurCount": 1
        },
        "pageLoadTime": {
            "loadStart": 1732213800000,
            "loadEnd": 1732213800647
        },
        "productId": "TRK-TlxlcwGkl19t",
        "pathCounts": {
            "/settings": 3,
            "/home/dashboard": 4,
            "/profile": 9,
            "/cart": 3
        }
    },
    {
        "start": 1732213800,
        "end": 1732216260,
        "bounce": {
            "isBounced": false,
            "pathname": "/frontend/index.html"
        },
        "device": "Mobile",
        "browser": "Safari",
        "location": {
            "latitude": -79.1797845,
            "longitude": -149.795535
        },
        "uniqueId": "625ea2f3-d6f3-47f0-abd3-a204ea4eb491",
        "pathname": "/home",
        "language": "apn",
        "referrer": "https://miller-alvarado.biz/",
        "events": {
            "loadCount": 1,
            "visibilitychangeCount": 2,
            "resizeCount": 9,
            "focusCount": 5,
            "clickCount": 10,
            "blurCount": 8
        },
        "pageLoadTime": {
            "loadStart": 1732213800000,
            "loadEnd": 1732213800204
        },
        "productId": "TRK-Ob2CJVFgaau7",
        "pathCounts": {
            "/login": 4,
            "/checkout": 4,
            "/cart": 6
        }
    },
    {
        "start": 1732213800,
        "end": 1732217280,
        "bounce": {
            "isBounced": false,
            "pathname": "/frontend/index.html"
        },
        "device": "Mobile",
        "browser": "Edge",
        "location": {
            "latitude": -76.431544,
            "longitude": -121.864259
        },
        "uniqueId": "111907fd-95b7-4729-a2af-e51ad656e288",
        "pathname": "/profile",
        "language": "hne",
        "referrer": "",
        "events": {
            "loadCount": 8,
            "visibilitychangeCount": 1,
            "resizeCount": 10,
            "focusCount": 10,
            "clickCount": 1,
            "blurCount": 9
        },
        "pageLoadTime": {
            "loadStart": 1732213800000,
            "loadEnd": 1732213800537
        },
        "productId": "TRK-TlxlcwGkl19t",
        "pathCounts": {
            "/checkout": 6,
            "/cart": 2,
            "/home/dashboard": 5
        }
    },
    {
        "start": 1732213800,
        "end": 1732214040,
        "bounce": {
            "isBounced": false,
            "pathname": "/frontend/index.html"
        },
        "device": "Laptop",
        "browser": "Safari",
        "location": {
            "latitude": -17.5020415,
            "longitude": -146.60207
        },
        "uniqueId": "80d8a76b-4c97-4a12-9ac3-02a6d37e11a9",
        "pathname": "/home",
        "language": "tr",
        "referrer": "https://turner.com/",
        "events": {
            "loadCount": 5,
            "visibilitychangeCount": 1,
            "resizeCount": 3,
            "focusCount": 4,
            "clickCount": 3,
            "blurCount": 9
        },
        "pageLoadTime": {
            "loadStart": 1732213800000,
            "loadEnd": 1732213800869
        },
        "productId": "TRK-89olAsKyNOG7",
        "pathCounts": {
            "/cart": 10,
            "/home": 4
        }
    },
    {
        "start": 1732213800,
        "end": 1732215420,
        "bounce": {
            "isBounced": true,
            "pathname": "/frontend/index.html"
        },
        "device": "Tablet",
        "browser": "Safari",
        "location": {
            "latitude": -59.729237,
            "longitude": 14.278159
        },
        "uniqueId": "d86a654c-f156-4873-9fec-b758bd53146a",
        "pathname": "/home",
        "language": "et",
        "referrer": "",
        "events": {
            "loadCount": 2,
            "visibilitychangeCount": 10,
            "resizeCount": 5,
            "focusCount": 3,
            "clickCount": 6,
            "blurCount": 0
        },
        "pageLoadTime": {
            "loadStart": 1732213800000,
            "loadEnd": 1732213800114
        },
        "productId": "TRK-Ob2CJVFgaau7",
        "pathCounts": {
            "/login": 1,
            "/home/dashboard": 2,
            "/cart": 6,
            "/checkout": 3
        }
    },
    {
        "start": 1732213800,
        "end": 1732214040,
        "bounce": {
            "isBounced": true,
            "pathname": "/frontend/index.html"
        },
        "device": "Laptop",
        "browser": "Chrome",
        "location": {
            "latitude": 87.829526,
            "longitude": -35.572259
        },
        "uniqueId": "80d8a76b-4c97-4a12-9ac3-02a6d37e11a9",
        "pathname": "/home",
        "language": "ig",
        "referrer": "http://www.hall-lopez.com/",
        "events": {
            "loadCount": 2,
            "visibilitychangeCount": 3,
            "resizeCount": 2,
            "focusCount": 0,
            "clickCount": 9,
            "blurCount": 8
        },
        "pageLoadTime": {
            "loadStart": 1732213800000,
            "loadEnd": 1732213800223
        },
        "productId": "TRK-Ob2CJVFgaau7",
        "pathCounts": {
            "/cart": 7,
            "/home/dashboard": 2,
            "/checkout": 8,
            "/home": 2,
            "/profile": 7,
            "/settings": 7
        }
    },
    {
        "start": 1732213800,
        "end": 1732216320,
        "bounce": {
            "isBounced": false,
            "pathname": "/frontend/index.html"
        },
        "device": "Laptop",
        "browser": "Mozilla",
        "location": {
            "latitude": -22.650162,
            "longitude": -123.089308
        },
        "uniqueId": "ffef8945-c190-4f95-930f-4e35c2e3a868",
        "pathname": "/frontend/index.html",
        "language": "sat",
        "referrer": "https://www.gonzalez-evans.com/",
        "events": {
            "loadCount": 1,
            "visibilitychangeCount": 0,
            "resizeCount": 1,
            "focusCount": 9,
            "clickCount": 0,
            "blurCount": 7
        },
        "pageLoadTime": {
            "loadStart": 1732213800000,
            "loadEnd": 1732213800306
        },
        "productId": "TRK-89olAsKyNOG7",
        "pathCounts": {
            "/cart": 4,
            "/home/create": 8,
            "/settings": 10,
            "/home/dashboard": 8
        }
    },
    {
        "start": 1732213800,
        "end": 1732217400,
        "bounce": {
            "isBounced": false,
            "pathname": "/frontend/index.html"
        },
        "device": "Laptop",
        "browser": "Edge",
        "location": {
            "latitude": 20.624007,
            "longitude": 71.215405
        },
        "uniqueId": "ffef8945-c190-4f95-930f-4e35c2e3a868",
        "pathname": "/dashboard",
        "language": "ik",
        "referrer": "",
        "events": {
            "loadCount": 7,
            "visibilitychangeCount": 2,
            "resizeCount": 5,
            "focusCount": 3,
            "clickCount": 9,
            "blurCount": 8
        },
        "pageLoadTime": {
            "loadStart": 1732213800000,
            "loadEnd": 1732213800172
        },
        "productId": "TRK-89olAsKyNOG7",
        "pathCounts": {
            "/profile": 7,
            "/home/dashboard": 1,
            "/home/create": 6
        }
    },
    {
        "start": 1732213800,
        "end": 1732215600,
        "bounce": {
            "isBounced": false,
            "pathname": "/frontend/index.html"
        },
        "device": "Laptop",
        "browser": "Edge",
        "location": {
            "latitude": 2.342645,
            "longitude": 155.755805
        },
        "uniqueId": "3da55713-36de-4077-9d4d-626d934aafe0",
        "pathname": "/home",
        "language": "byn",
        "referrer": "",
        "events": {
            "loadCount": 3,
            "visibilitychangeCount": 10,
            "resizeCount": 9,
            "focusCount": 9,
            "clickCount": 4,
            "blurCount": 0
        },
        "pageLoadTime": {
            "loadStart": 1732213800000,
            "loadEnd": 1732213800735
        },
        "productId": "TRK-TlxlcwGkl19t",
        "pathCounts": {
            "/settings": 9,
            "/home/dashboard": 9,
            "/profile": 3,
            "/cart": 8,
            "/home": 8
        }
    },
    {
        "start": 1732213800,
        "end": 1732216680,
        "bounce": {
            "isBounced": true,
            "pathname": "/frontend/index.html"
        },
        "device": "Laptop",
        "browser": "Chrome",
        "location": {
            "latitude": 72.3036815,
            "longitude": 163.698992
        },
        "uniqueId": "ca9d1f5f-925b-4a59-b362-4703a75ad77c",
        "pathname": "/dashboard",
        "language": "sc",
        "referrer": "",
        "events": {
            "loadCount": 7,
            "visibilitychangeCount": 10,
            "resizeCount": 2,
            "focusCount": 2,
            "clickCount": 8,
            "blurCount": 6
        },
        "pageLoadTime": {
            "loadStart": 1732213800000,
            "loadEnd": 1732213800017
        },
        "productId": "TRK-89olAsKyNOG7",
        "pathCounts": {
            "/checkout": 3,
            "/home/create": 2,
            "/login": 1
        }
    },
    {
        "start": 1732213800,
        "end": 1732214040,
        "bounce": {
            "isBounced": false,
            "pathname": "/frontend/index.html"
        },
        "device": "Mobile",
        "browser": "Safari",
        "location": {
            "latitude": 36.8722335,
            "longitude": -155.931987
        },
        "uniqueId": "14ec54a1-24e9-462b-9378-3e9d812cba5a",
        "pathname": "/dashboard",
        "language": "ak",
        "referrer": "",
        "events": {
            "loadCount": 6,
            "visibilitychangeCount": 10,
            "resizeCount": 5,
            "focusCount": 8,
            "clickCount": 5,
            "blurCount": 3
        },
        "pageLoadTime": {
            "loadStart": 1732213800000,
            "loadEnd": 1732213800600
        },
        "productId": "TRK-TlxlcwGkl19t",
        "pathCounts": {
            "/home": 9,
            "/cart": 7,
            "/home/dashboard": 4,
            "/login": 10
        }
    },
    {
        "start": 1732213800,
        "end": 1732213920,
        "bounce": {
            "isBounced": false,
            "pathname": "/frontend/index.html"
        },
        "device": "Laptop",
        "browser": "Edge",
        "location": {
            "latitude": 9.8683685,
            "longitude": -36.00952
        },
        "uniqueId": "aa76de66-83a4-4c21-92f5-cfe20525387a",
        "pathname": "/frontend/index.html",
        "language": "so",
        "referrer": "",
        "events": {
            "loadCount": 10,
            "visibilitychangeCount": 2,
            "resizeCount": 9,
            "focusCount": 7,
            "clickCount": 1,
            "blurCount": 2
        },
        "pageLoadTime": {
            "loadStart": 1732213800000,
            "loadEnd": 1732213800495
        },
        "productId": "TRK-Ob2CJVFgaau7",
        "pathCounts": {
            "/cart": 3,
            "/settings": 2,
            "/login": 1
        }
    },
    {
        "start": 1732213800,
        "end": 1732215000,
        "bounce": {
            "isBounced": false,
            "pathname": "/frontend/index.html"
        },
        "device": "Laptop",
        "browser": "Edge",
        "location": {
            "latitude": 18.303814,
            "longitude": 64.699995
        },
        "uniqueId": "5bde6480-0ab0-43b2-8529-ae22b458f836",
        "pathname": "/settings",
        "language": "hy",
        "referrer": "",
        "events": {
            "loadCount": 9,
            "visibilitychangeCount": 10,
            "resizeCount": 2,
            "focusCount": 9,
            "clickCount": 7,
            "blurCount": 6
        },
        "pageLoadTime": {
            "loadStart": 1732213800000,
            "loadEnd": 1732213800677
        },
        "productId": "TRK-TlxlcwGkl19t",
        "pathCounts": {
            "/settings": 7,
            "/home": 2,
            "/checkout": 1,
            "/home/create": 8
        }
    },
    {
        "start": 1732213800,
        "end": 1732216080,
        "bounce": {
            "isBounced": true,
            "pathname": "/frontend/index.html"
        },
        "device": "Mobile",
        "browser": "Edge",
        "location": {
            "latitude": -12.41705,
            "longitude": 123.349314
        },
        "uniqueId": "37f86d6c-c234-4339-9c0f-ec3bdaab8536",
        "pathname": "/profile",
        "language": "wo",
        "referrer": "http://www.schultz-weaver.com/",
        "events": {
            "loadCount": 6,
            "visibilitychangeCount": 10,
            "resizeCount": 7,
            "focusCount": 8,
            "clickCount": 1,
            "blurCount": 4
        },
        "pageLoadTime": {
            "loadStart": 1732213800000,
            "loadEnd": 1732213800102
        },
        "productId": "TRK-TlxlcwGkl19t",
        "pathCounts": {
            "/cart": 6,
            "/login": 4,
            "/settings": 6,
            "/profile": 6,
            "/home/dashboard": 3
        }
    },
    {
        "start": 1732213800,
        "end": 1732215240,
        "bounce": {
            "isBounced": true,
            "pathname": "/frontend/index.html"
        },
        "device": "Laptop",
        "browser": "Safari",
        "location": {
            "latitude": -63.5057725,
            "longitude": 79.056111
        },
        "uniqueId": "aca50ebd-2a70-41b2-a3f9-1a2deecc8322",
        "pathname": "/settings",
        "language": "ss",
        "referrer": "",
        "events": {
            "loadCount": 4,
            "visibilitychangeCount": 1,
            "resizeCount": 7,
            "focusCount": 8,
            "clickCount": 4,
            "blurCount": 4
        },
        "pageLoadTime": {
            "loadStart": 1732213800000,
            "loadEnd": 1732213800674
        },
        "productId": "TRK-TlxlcwGkl19t",
        "pathCounts": {
            "/profile": 8,
            "/login": 10,
            "/settings": 3,
            "/checkout": 4
        }
    },
    {
        "start": 1732213800,
        "end": 1732215300,
        "bounce": {
            "isBounced": false,
            "pathname": "/frontend/index.html"
        },
        "device": "Desktop",
        "browser": "Safari",
        "location": {
            "latitude": 4.1844315,
            "longitude": 1.159958
        },
        "uniqueId": "f25d6d08-ed4a-4680-b7e3-94d4b30207df",
        "pathname": "/home",
        "language": "ts",
        "referrer": "https://www.dennis-strong.info/",
        "events": {
            "loadCount": 4,
            "visibilitychangeCount": 6,
            "resizeCount": 1,
            "focusCount": 3,
            "clickCount": 9,
            "blurCount": 10
        },
        "pageLoadTime": {
            "loadStart": 1732213800000,
            "loadEnd": 1732213800943
        },
        "productId": "TRK-89olAsKyNOG7",
        "pathCounts": {
            "/profile": 3,
            "/cart": 5,
            "/checkout": 2
        }
    }
]