[
    {
        "start": 1730485800,
        "end": 1730488380,
        "bounce": {
            "isBounced": true,
            "pathname": "/frontend/index.html"
        },
        "device": "Mobile",
        "browser": "Edge",
        "location": {
            "latitude": -30.2263535,
            "longitude": 86.902221
        },
        "uniqueId": "31b1cad6-43b6-4fa7-95e5-7d79676b01e7",
        "pathname": "/frontend/index.html",
        "language": "lo",
        "referrer": "http://wagner-roberts.com/",
        "events": {
            "loadCount": 10,
            "visibilitychangeCount": 8,
            "resizeCount": 6,
            "focusCount": 4,
            "clickCount": 8,
            "blurCount": 4
        },
        "pageLoadTime": {
            "loadStart": 1730485800000,
            "loadEnd": 1730485800017
        },
        "productId": "TRK-89olAsKyNOG7",
        "pathCounts": {
            "/login": 5,
            "/profile": 8,
            "/home": 2,
            "/home/create": 7,
            "/checkout": 1
        }
    },
    {
        "start": 1730485800,
        "end": 1730486940,
        "bounce": {
            "isBounced": true,
            "pathname": "/frontend/index.html"
        },
        "device": "Mobile",
        "browser": "Safari",
        "location": {
            "latitude": 47.4218665,
            "longitude": 176.398313
        },
        "uniqueId": "ca9d1f5f-925b-4a59-b362-4703a75ad77c",
        "pathname": "/home",
        "language": "ky",
        "referrer": "https://hall-crosby.org/",
        "events": {
            "loadCount": 4,
            "visibilitychangeCount": 5,
            "resizeCount": 8,
            "focusCount": 2,
            "clickCount": 10,
            "blurCount": 7
        },
        "pageLoadTime": {
            "loadStart": 1730485800000,
            "loadEnd": 1730485800435
        },
        "productId": "TRK-Ob2CJVFgaau7",
        "pathCounts": {
            "/settings": 7,
            "/cart": 2,
            "/login": 4
        }
    },
    {
        "start": 1730485800,
        "end": 1730487660,
        "bounce": {
            "isBounced": false,
            "pathname": "/frontend/index.html"
        },
        "device": "Tablet",
        "browser": "Chrome",
        "location": {
            "latitude": -64.9757315,
            "longitude": 141.189539
        },
        "uniqueId": "4f113d91-1e3e-46f7-a9ca-95f02de96297",
        "pathname": "/home",
        "language": "dz",
        "referrer": "http://bird-wright.biz/",
        "events": {
            "loadCount": 7,
            "visibilitychangeCount": 4,
            "resizeCount": 2,
            "focusCount": 4,
            "clickCount": 3,
            "blurCount": 0
        },
        "pageLoadTime": {
            "loadStart": 1730485800000,
            "loadEnd": 1730485800059
        },
        "productId": "TRK-89olAsKyNOG7",
        "pathCounts": {
            "/cart": 2,
            "/checkout": 3
        }
    },
    {
        "start": 1730485800,
        "end": 1730486760,
        "bounce": {
            "isBounced": false,
            "pathname": "/frontend/index.html"
        },
        "device": "Mobile",
        "browser": "Safari",
        "location": {
            "latitude": -41.978971,
            "longitude": 98.831545
        },
        "uniqueId": "80d8a76b-4c97-4a12-9ac3-02a6d37e11a9",
        "pathname": "/settings",
        "language": "mt",
        "referrer": "",
        "events": {
            "loadCount": 1,
            "visibilitychangeCount": 9,
            "resizeCount": 9,
            "focusCount": 7,
            "clickCount": 4,
            "blurCount": 2
        },
        "pageLoadTime": {
            "loadStart": 1730485800000,
            "loadEnd": 1730485800277
        },
        "productId": "TRK-TlxlcwGkl19t",
        "pathCounts": {
            "/checkout": 10,
            "/profile": 1,
            "/home/create": 4,
            "/cart": 9
        }
    },
    {
        "start": 1730485800,
        "end": 1730488800,
        "bounce": {
            "isBounced": false,
            "pathname": "/frontend/index.html"
        },
        "device": "Laptop",
        "browser": "Safari",
        "location": {
            "latitude": -8.864303,
            "longitude": -168.923547
        },
        "uniqueId": "f9c7e851-4d89-46ce-8678-25b88916a574",
        "pathname": "/settings",
        "language": "ps",
        "referrer": "",
        "events": {
            "loadCount": 9,
            "visibilitychangeCount": 5,
            "resizeCount": 8,
            "focusCount": 0,
            "clickCount": 1,
            "blurCount": 6
        },
        "pageLoadTime": {
            "loadStart": 1730485800000,
            "loadEnd": 1730485800893
        },
        "productId": "TRK-Ob2CJVFgaau7",
        "pathCounts": {
            "/settings": 6,
            "/home": 1,
            "/login": 3,
            "/cart": 2
        }
    },
    {
        "start": 1730485800,
        "end": 1730487900,
        "bounce": {
            "isBounced": false,
            "pathname": "/frontend/index.html"
        },
        "device": "Laptop",
        "browser": "Mozilla",
        "location": {
            "latitude": -40.9240515,
            "longitude": 124.470583
        },
        "uniqueId": "ffef8945-c190-4f95-930f-4e35c2e3a868",
        "pathname": "/profile",
        "language": "ro",
        "referrer": "http://fisher.com/",
        "events": {
            "loadCount": 5,
            "visibilitychangeCount": 1,
            "resizeCount": 7,
            "focusCount": 7,
            "clickCount": 10,
            "blurCount": 8
        },
        "pageLoadTime": {
            "loadStart": 1730485800000,
            "loadEnd": 1730485800396
        },
        "productId": "TRK-89olAsKyNOG7",
        "pathCounts": {
            "/home": 10,
            "/checkout": 10,
            "/cart": 4
        }
    },
    {
        "start": 1730485800,
        "end": 1730486340,
        "bounce": {
            "isBounced": true,
            "pathname": "/frontend/index.html"
        },
        "device": "Desktop",
        "browser": "Mozilla",
        "location": {
            "latitude": 85.660898,
            "longitude": 177.510229
        },
        "uniqueId": "31b1cad6-43b6-4fa7-95e5-7d79676b01e7",
        "pathname": "/settings",
        "language": "nds",
        "referrer": "",
        "events": {
            "loadCount": 5,
            "visibilitychangeCount": 9,
            "resizeCount": 4,
            "focusCount": 1,
            "clickCount": 8,
            "blurCount": 1
        },
        "pageLoadTime": {
            "loadStart": 1730485800000,
            "loadEnd": 1730485800467
        },
        "productId": "TRK-89olAsKyNOG7",
        "pathCounts": {
            "/home/dashboard": 2,
            "/checkout": 8,
            "/login": 1,
            "/cart": 6
        }
    },
    {
        "start": 1730485800,
        "end": 1730486820,
        "bounce": {
            "isBounced": false,
            "pathname": "/frontend/index.html"
        },
        "device": "Laptop",
        "browser": "Edge",
        "location": {
            "latitude": -8.8550825,
            "longitude": -31.611567
        },
        "uniqueId": "80d8a76b-4c97-4a12-9ac3-02a6d37e11a9",
        "pathname": "/profile",
        "language": "fo",
        "referrer": "",
        "events": {
            "loadCount": 3,
            "visibilitychangeCount": 0,
            "resizeCount": 10,
            "focusCount": 6,
            "clickCount": 8,
            "blurCount": 5
        },
        "pageLoadTime": {
            "loadStart": 1730485800000,
            "loadEnd": 1730485800276
        },
        "productId": "TRK-TlxlcwGkl19t",
        "pathCounts": {
            "/home": 6,
            "/cart": 7,
            "/profile": 2
        }
    },
    {
        "start": 1730485800,
        "end": 1730488980,
        "bounce": {
            "isBounced": false,
            "pathname": "/frontend/index.html"
        },
        "device": "Laptop",
        "browser": "Mozilla",
        "location": {
            "latitude": -58.033655,
            "longitude": 73.445012
        },
        "uniqueId": "80d8a76b-4c97-4a12-9ac3-02a6d37e11a9",
        "pathname": "/settings",
        "language": "eu",
        "referrer": "http://www.mitchell.info/",
        "events": {
            "loadCount": 7,
            "visibilitychangeCount": 8,
            "resizeCount": 4,
            "focusCount": 2,
            "clickCount": 8,
            "blurCount": 3
        },
        "pageLoadTime": {
            "loadStart": 1730485800000,
            "loadEnd": 1730485800793
        },
        "productId": "TRK-89olAsKyNOG7",
        "pathCounts": {
            "/login": 4,
            "/settings": 1,
            "/home/dashboard": 5,
            "/home/create": 3
        }
    },
    {
        "start": 1730485800,
        "end": 1730488560,
        "bounce": {
            "isBounced": false,
            "pathname": "/frontend/index.html"
        },
        "device": "Mobile",
        "browser": "Safari",
        "location": {
            "latitude": -64.2940955,
            "longitude": 30.07372
        },
        "uniqueId": "d86a654c-f156-4873-9fec-b758bd53146a",
        "pathname": "/dashboard",
        "language": "mni",
        "referrer": "",
        "events": {
            "loadCount": 3,
            "visibilitychangeCount": 7,
            "resizeCount": 1,
            "focusCount": 8,
            "clickCount": 1,
            "blurCount": 8
        },
        "pageLoadTime": {
            "loadStart": 1730485800000,
            "loadEnd": 1730485800919
        },
        "productId": "TRK-Ob2CJVFgaau7",
        "pathCounts": {
            "/home/dashboard": 1,
            "/settings": 3,
            "/home": 1,
            "/checkout": 2,
            "/login": 8
        }
    }
]