[
    {
        "start": 1730226600,
        "end": 1730227500,
        "bounce": {
            "isBounced": false,
            "pathname": "/frontend/index.html"
        },
        "device": "Desktop",
        "browser": "Safari",
        "location": {
            "latitude": -71.7644425,
            "longitude": -147.947671
        },
        "uniqueId": "37f86d6c-c234-4339-9c0f-ec3bdaab8536",
        "pathname": "/settings",
        "language": "en",
        "referrer": "http://www.henderson.com/",
        "events": {
            "loadCount": 1,
            "visibilitychangeCount": 2,
            "resizeCount": 9,
            "focusCount": 10,
            "clickCount": 2,
            "blurCount": 1
        },
        "pageLoadTime": {
            "loadStart": 1730226600000,
            "loadEnd": 1730226600930
        },
        "productId": "TRK-TlxlcwGkl19t",
        "pathCounts": {
            "/home/dashboard": 6,
            "/checkout": 7,
            "/profile": 6,
            "/home/create": 9,
            "/cart": 3
        }
    },
    {
        "start": 1730226600,
        "end": 1730227020,
        "bounce": {
            "isBounced": false,
            "pathname": "/frontend/index.html"
        },
        "device": "Desktop",
        "browser": "Mozilla",
        "location": {
            "latitude": -63.077209,
            "longitude": 178.840072
        },
        "uniqueId": "3ba5c0ca-2d1c-4d75-82b7-a2c821f2ea43",
        "pathname": "/dashboard",
        "language": "ga",
        "referrer": "",
        "events": {
            "loadCount": 6,
            "visibilitychangeCount": 0,
            "resizeCount": 7,
            "focusCount": 9,
            "clickCount": 0,
            "blurCount": 10
        },
        "pageLoadTime": {
            "loadStart": 1730226600000,
            "loadEnd": 1730226600214
        },
        "productId": "TRK-Ob2CJVFgaau7",
        "pathCounts": {
            "/home/dashboard": 4,
            "/profile": 4,
            "/settings": 9
        }
    },
    {
        "start": 1730226600,
        "end": 1730229660,
        "bounce": {
            "isBounced": false,
            "pathname": "/frontend/index.html"
        },
        "device": "Tablet",
        "browser": "Edge",
        "location": {
            "latitude": -79.856259,
            "longitude": 106.306194
        },
        "uniqueId": "ca9d1f5f-925b-4a59-b362-4703a75ad77c",
        "pathname": "/profile",
        "language": "pt",
        "referrer": "",
        "events": {
            "loadCount": 10,
            "visibilitychangeCount": 0,
            "resizeCount": 8,
            "focusCount": 9,
            "clickCount": 4,
            "blurCount": 7
        },
        "pageLoadTime": {
            "loadStart": 1730226600000,
            "loadEnd": 1730226600402
        },
        "productId": "TRK-Ob2CJVFgaau7",
        "pathCounts": {
            "/checkout": 7,
            "/home/create": 1,
            "/home/dashboard": 5
        }
    },
    {
        "start": 1730226600,
        "end": 1730226780,
        "bounce": {
            "isBounced": true,
            "pathname": "/frontend/index.html"
        },
        "device": "Tablet",
        "browser": "Edge",
        "location": {
            "latitude": 87.485799,
            "longitude": -55.830292
        },
        "uniqueId": "625ea2f3-d6f3-47f0-abd3-a204ea4eb491",
        "pathname": "/home",
        "language": "fr",
        "referrer": "https://www.sullivan-wagner.org/",
        "events": {
            "loadCount": 3,
            "visibilitychangeCount": 3,
            "resizeCount": 6,
            "focusCount": 1,
            "clickCount": 6,
            "blurCount": 9
        },
        "pageLoadTime": {
            "loadStart": 1730226600000,
            "loadEnd": 1730226600382
        },
        "productId": "TRK-89olAsKyNOG7",
        "pathCounts": {
            "/cart": 5,
            "/home": 10,
            "/home/create": 6,
            "/home/dashboard": 4,
            "/login": 9
        }
    },
    {
        "start": 1730226600,
        "end": 1730226720,
        "bounce": {
            "isBounced": false,
            "pathname": "/frontend/index.html"
        },
        "device": "Tablet",
        "browser": "Chrome",
        "location": {
            "latitude": 47.599902,
            "longitude": 147.236574
        },
        "uniqueId": "f9c7e851-4d89-46ce-8678-25b88916a574",
        "pathname": "/dashboard",
        "language": "sa",
        "referrer": "",
        "events": {
            "loadCount": 9,
            "visibilitychangeCount": 4,
            "resizeCount": 6,
            "focusCount": 4,
            "clickCount": 6,
            "blurCount": 10
        },
        "pageLoadTime": {
            "loadStart": 1730226600000,
            "loadEnd": 1730226600624
        },
        "productId": "TRK-TlxlcwGkl19t",
        "pathCounts": {
            "/profile": 3,
            "/home/create": 5,
            "/settings": 4
        }
    },
    {
        "start": 1730226600,
        "end": 1730227920,
        "bounce": {
            "isBounced": false,
            "pathname": "/frontend/index.html"
        },
        "device": "Tablet",
        "browser": "Mozilla",
        "location": {
            "latitude": -30.559751,
            "longitude": 115.066462
        },
        "uniqueId": "aa76de66-83a4-4c21-92f5-cfe20525387a",
        "pathname": "/settings",
        "language": "cy",
        "referrer": "http://www.young-malone.net/",
        "events": {
            "loadCount": 1,
            "visibilitychangeCount": 1,
            "resizeCount": 0,
            "focusCount": 2,
            "clickCount": 3,
            "blurCount": 9
        },
        "pageLoadTime": {
            "loadStart": 1730226600000,
            "loadEnd": 1730226600390
        },
        "productId": "TRK-TlxlcwGkl19t",
        "pathCounts": {
            "/home": 5,
            "/cart": 7,
            "/login": 8
        }
    },
    {
        "start": 1730226600,
        "end": 1730227440,
        "bounce": {
            "isBounced": true,
            "pathname": "/frontend/index.html"
        },
        "device": "Desktop",
        "browser": "Mozilla",
        "location": {
            "latitude": 74.5429635,
            "longitude": -53.796711
        },
        "uniqueId": "aa76de66-83a4-4c21-92f5-cfe20525387a",
        "pathname": "/home",
        "language": "wo",
        "referrer": "http://miller.info/",
        "events": {
            "loadCount": 5,
            "visibilitychangeCount": 9,
            "resizeCount": 5,
            "focusCount": 10,
            "clickCount": 5,
            "blurCount": 8
        },
        "pageLoadTime": {
            "loadStart": 1730226600000,
            "loadEnd": 1730226600614
        },
        "productId": "TRK-Ob2CJVFgaau7",
        "pathCounts": {
            "/home/dashboard": 10,
            "/home": 3,
            "/login": 3,
            "/cart": 1
        }
    },
    {
        "start": 1730226600,
        "end": 1730228640,
        "bounce": {
            "isBounced": true,
            "pathname": "/frontend/index.html"
        },
        "device": "Desktop",
        "browser": "Chrome",
        "location": {
            "latitude": -34.6482885,
            "longitude": -122.460553
        },
        "uniqueId": "80d8a76b-4c97-4a12-9ac3-02a6d37e11a9",
        "pathname": "/profile",
        "language": "tg",
        "referrer": "https://www.ayala.com/",
        "events": {
            "loadCount": 2,
            "visibilitychangeCount": 10,
            "resizeCount": 8,
            "focusCount": 9,
            "clickCount": 2,
            "blurCount": 7
        },
        "pageLoadTime": {
            "loadStart": 1730226600000,
            "loadEnd": 1730226600344
        },
        "productId": "TRK-TlxlcwGkl19t",
        "pathCounts": {
            "/home/dashboard": 4,
            "/home": 6,
            "/checkout": 2
        }
    },
    {
        "start": 1730226600,
        "end": 1730228880,
        "bounce": {
            "isBounced": true,
            "pathname": "/frontend/index.html"
        },
        "device": "Laptop",
        "browser": "Edge",
        "location": {
            "latitude": 7.704754,
            "longitude": 112.909262
        },
        "uniqueId": "d86a654c-f156-4873-9fec-b758bd53146a",
        "pathname": "/home",
        "language": "kl",
        "referrer": "http://www.harrison.net/",
        "events": {
            "loadCount": 2,
            "visibilitychangeCount": 2,
            "resizeCount": 10,
            "focusCount": 5,
            "clickCount": 8,
            "blurCount": 4
        },
        "pageLoadTime": {
            "loadStart": 1730226600000,
            "loadEnd": 1730226600036
        },
        "productId": "TRK-Ob2CJVFgaau7",
        "pathCounts": {
            "/home": 4,
            "/profile": 6
        }
    },
    {
        "start": 1730226600,
        "end": 1730230080,
        "bounce": {
            "isBounced": false,
            "pathname": "/frontend/index.html"
        },
        "device": "Mobile",
        "browser": "Chrome",
        "location": {
            "latitude": 16.375639,
            "longitude": 54.889613
        },
        "uniqueId": "5bde6480-0ab0-43b2-8529-ae22b458f836",
        "pathname": "/home",
        "language": "de",
        "referrer": "http://www.davis.com/",
        "events": {
            "loadCount": 8,
            "visibilitychangeCount": 10,
            "resizeCount": 3,
            "focusCount": 2,
            "clickCount": 0,
            "blurCount": 8
        },
        "pageLoadTime": {
            "loadStart": 1730226600000,
            "loadEnd": 1730226600981
        },
        "productId": "TRK-89olAsKyNOG7",
        "pathCounts": {
            "/home/create": 2,
            "/home": 2
        }
    },
    {
        "start": 1730226600,
        "end": 1730230080,
        "bounce": {
            "isBounced": true,
            "pathname": "/frontend/index.html"
        },
        "device": "Laptop",
        "browser": "Safari",
        "location": {
            "latitude": -73.7869015,
            "longitude": 112.525419
        },
        "uniqueId": "31b1cad6-43b6-4fa7-95e5-7d79676b01e7",
        "pathname": "/profile",
        "language": "ga",
        "referrer": "",
        "events": {
            "loadCount": 8,
            "visibilitychangeCount": 10,
            "resizeCount": 3,
            "focusCount": 0,
            "clickCount": 1,
            "blurCount": 0
        },
        "pageLoadTime": {
            "loadStart": 1730226600000,
            "loadEnd": 1730226600188
        },
        "productId": "TRK-Ob2CJVFgaau7",
        "pathCounts": {
            "/checkout": 4,
            "/settings": 9
        }
    },
    {
        "start": 1730226600,
        "end": 1730227440,
        "bounce": {
            "isBounced": false,
            "pathname": "/frontend/index.html"
        },
        "device": "Tablet",
        "browser": "Safari",
        "location": {
            "latitude": -33.245894,
            "longitude": 86.290281
        },
        "uniqueId": "3ba5c0ca-2d1c-4d75-82b7-a2c821f2ea43",
        "pathname": "/frontend/index.html",
        "language": "sd",
        "referrer": "",
        "events": {
            "loadCount": 6,
            "visibilitychangeCount": 8,
            "resizeCount": 7,
            "focusCount": 7,
            "clickCount": 7,
            "blurCount": 0
        },
        "pageLoadTime": {
            "loadStart": 1730226600000,
            "loadEnd": 1730226600121
        },
        "productId": "TRK-89olAsKyNOG7",
        "pathCounts": {
            "/home/dashboard": 7,
            "/login": 10,
            "/cart": 10,
            "/profile": 1
        }
    },
    {
        "start": 1730226600,
        "end": 1730227740,
        "bounce": {
            "isBounced": false,
            "pathname": "/frontend/index.html"
        },
        "device": "Laptop",
        "browser": "Safari",
        "location": {
            "latitude": -63.649156,
            "longitude": -91.447823
        },
        "uniqueId": "f25d6d08-ed4a-4680-b7e3-94d4b30207df",
        "pathname": "/home",
        "language": "mk",
        "referrer": "http://hampton.com/",
        "events": {
            "loadCount": 5,
            "visibilitychangeCount": 7,
            "resizeCount": 10,
            "focusCount": 5,
            "clickCount": 6,
            "blurCount": 5
        },
        "pageLoadTime": {
            "loadStart": 1730226600000,
            "loadEnd": 1730226600244
        },
        "productId": "TRK-89olAsKyNOG7",
        "pathCounts": {
            "/login": 5,
            "/home/dashboard": 9,
            "/home": 4
        }
    },
    {
        "start": 1730226600,
        "end": 1730228760,
        "bounce": {
            "isBounced": true,
            "pathname": "/frontend/index.html"
        },
        "device": "Mobile",
        "browser": "Edge",
        "location": {
            "latitude": -8.3009585,
            "longitude": 46.954297
        },
        "uniqueId": "ffef8945-c190-4f95-930f-4e35c2e3a868",
        "pathname": "/profile",
        "language": "gl",
        "referrer": "https://macdonald.org/",
        "events": {
            "loadCount": 4,
            "visibilitychangeCount": 8,
            "resizeCount": 3,
            "focusCount": 0,
            "clickCount": 8,
            "blurCount": 4
        },
        "pageLoadTime": {
            "loadStart": 1730226600000,
            "loadEnd": 1730226600462
        },
        "productId": "TRK-89olAsKyNOG7",
        "pathCounts": {
            "/cart": 7,
            "/home/dashboard": 6
        }
    },
    {
        "start": 1730226600,
        "end": 1730228580,
        "bounce": {
            "isBounced": true,
            "pathname": "/frontend/index.html"
        },
        "device": "Desktop",
        "browser": "Edge",
        "location": {
            "latitude": -78.0378045,
            "longitude": 60.711921
        },
        "uniqueId": "77f0712b-554f-4c5c-9898-14e7c77b26a0",
        "pathname": "/profile",
        "language": "ta",
        "referrer": "",
        "events": {
            "loadCount": 2,
            "visibilitychangeCount": 10,
            "resizeCount": 0,
            "focusCount": 7,
            "clickCount": 0,
            "blurCount": 0
        },
        "pageLoadTime": {
            "loadStart": 1730226600000,
            "loadEnd": 1730226600003
        },
        "productId": "TRK-Ob2CJVFgaau7",
        "pathCounts": {
            "/profile": 10,
            "/home/create": 4,
            "/cart": 5
        }
    },
    {
        "start": 1730226600,
        "end": 1730229240,
        "bounce": {
            "isBounced": false,
            "pathname": "/frontend/index.html"
        },
        "device": "Tablet",
        "browser": "Edge",
        "location": {
            "latitude": 89.3114405,
            "longitude": -68.738275
        },
        "uniqueId": "d86a654c-f156-4873-9fec-b758bd53146a",
        "pathname": "/settings",
        "language": "vi",
        "referrer": "",
        "events": {
            "loadCount": 5,
            "visibilitychangeCount": 8,
            "resizeCount": 6,
            "focusCount": 6,
            "clickCount": 8,
            "blurCount": 1
        },
        "pageLoadTime": {
            "loadStart": 1730226600000,
            "loadEnd": 1730226600972
        },
        "productId": "TRK-89olAsKyNOG7",
        "pathCounts": {
            "/cart": 8,
            "/profile": 7
        }
    },
    {
        "start": 1730226600,
        "end": 1730230200,
        "bounce": {
            "isBounced": false,
            "pathname": "/frontend/index.html"
        },
        "device": "Mobile",
        "browser": "Safari",
        "location": {
            "latitude": 47.604918,
            "longitude": 173.714407
        },
        "uniqueId": "111907fd-95b7-4729-a2af-e51ad656e288",
        "pathname": "/frontend/index.html",
        "language": "bg",
        "referrer": "https://morrison-estrada.com/",
        "events": {
            "loadCount": 7,
            "visibilitychangeCount": 1,
            "resizeCount": 5,
            "focusCount": 2,
            "clickCount": 6,
            "blurCount": 6
        },
        "pageLoadTime": {
            "loadStart": 1730226600000,
            "loadEnd": 1730226600267
        },
        "productId": "TRK-Ob2CJVFgaau7",
        "pathCounts": {
            "/home/create": 2,
            "/profile": 1,
            "/settings": 8,
            "/home": 7
        }
    },
    {
        "start": 1730226600,
        "end": 1730226840,
        "bounce": {
            "isBounced": false,
            "pathname": "/frontend/index.html"
        },
        "device": "Mobile",
        "browser": "Safari",
        "location": {
            "latitude": -70.4870195,
            "longitude": 137.968684
        },
        "uniqueId": "aa76de66-83a4-4c21-92f5-cfe20525387a",
        "pathname": "/settings",
        "language": "kw",
        "referrer": "",
        "events": {
            "loadCount": 3,
            "visibilitychangeCount": 6,
            "resizeCount": 2,
            "focusCount": 0,
            "clickCount": 10,
            "blurCount": 5
        },
        "pageLoadTime": {
            "loadStart": 1730226600000,
            "loadEnd": 1730226600245
        },
        "productId": "TRK-TlxlcwGkl19t",
        "pathCounts": {
            "/settings": 1,
            "/profile": 10,
            "/home/create": 1
        }
    },
    {
        "start": 1730226600,
        "end": 1730227200,
        "bounce": {
            "isBounced": false,
            "pathname": "/frontend/index.html"
        },
        "device": "Tablet",
        "browser": "Edge",
        "location": {
            "latitude": 58.1302195,
            "longitude": -47.437288
        },
        "uniqueId": "aca50ebd-2a70-41b2-a3f9-1a2deecc8322",
        "pathname": "/frontend/index.html",
        "language": "ss",
        "referrer": "https://dawson.net/",
        "events": {
            "loadCount": 4,
            "visibilitychangeCount": 10,
            "resizeCount": 5,
            "focusCount": 7,
            "clickCount": 10,
            "blurCount": 0
        },
        "pageLoadTime": {
            "loadStart": 1730226600000,
            "loadEnd": 1730226600436
        },
        "productId": "TRK-89olAsKyNOG7",
        "pathCounts": {
            "/settings": 8,
            "/cart": 2,
            "/checkout": 4
        }
    },
    {
        "start": 1730226600,
        "end": 1730227920,
        "bounce": {
            "isBounced": false,
            "pathname": "/frontend/index.html"
        },
        "device": "Mobile",
        "browser": "Edge",
        "location": {
            "latitude": -51.7010565,
            "longitude": 45.050038
        },
        "uniqueId": "5bde6480-0ab0-43b2-8529-ae22b458f836",
        "pathname": "/profile",
        "language": "ga",
        "referrer": "http://rice-potts.com/",
        "events": {
            "loadCount": 8,
            "visibilitychangeCount": 10,
            "resizeCount": 5,
            "focusCount": 2,
            "clickCount": 7,
            "blurCount": 7
        },
        "pageLoadTime": {
            "loadStart": 1730226600000,
            "loadEnd": 1730226600922
        },
        "productId": "TRK-Ob2CJVFgaau7",
        "pathCounts": {
            "/checkout": 2,
            "/home/dashboard": 7
        }
    }
]