[
    {
        "start": 1731781800,
        "end": 1731782640,
        "bounce": {
            "isBounced": true,
            "pathname": "/frontend/index.html"
        },
        "device": "Mobile",
        "browser": "Mozilla",
        "location": {
            "latitude": -78.4069815,
            "longitude": 119.965052
        },
        "uniqueId": "aa76de66-83a4-4c21-92f5-cfe20525387a",
        "pathname": "/frontend/index.html",
        "language": "tl",
        "referrer": "http://phillips.com/",
        "events": {
            "loadCount": 6,
            "visibilitychangeCount": 6,
            "resizeCount": 0,
            "focusCount": 4,
            "clickCount": 4,
            "blurCount": 5
        },
        "pageLoadTime": {
            "loadStart": 1731781800000,
            "loadEnd": 1731781800991
        },
        "productId": "TRK-Ob2CJVFgaau7",
        "pathCounts": {
            "/home": 8,
            "/home/create": 4,
            "/cart": 8,
            "/checkout": 5
        }
    },
    {
        "start": 1731781800,
        "end": 1731782580,
        "bounce": {
            "isBounced": true,
            "pathname": "/frontend/index.html"
        },
        "device": "Mobile",
        "browser": "Edge",
        "location": {
            "latitude": 44.0898105,
            "longitude": -55.695237
        },
        "uniqueId": "3da55713-36de-4077-9d4d-626d934aafe0",
        "pathname": "/settings",
        "language": "pl",
        "referrer": "",
        "events": {
            "loadCount": 5,
            "visibilitychangeCount": 0,
            "resizeCount": 0,
            "focusCount": 6,
            "clickCount": 0,
            "blurCount": 2
        },
        "pageLoadTime": {
            "loadStart": 1731781800000,
            "loadEnd": 1731781800939
        },
        "productId": "TRK-89olAsKyNOG7",
        "pathCounts": {
            "/home/dashboard": 3,
            "/home/create": 9,
            "/cart": 9,
            "/login": 5
        }
    },
    {
        "start": 1731781800,
        "end": 1731781860,
        "bounce": {
            "isBounced": false,
            "pathname": "/frontend/index.html"
        },
        "device": "Mobile",
        "browser": "Edge",
        "location": {
            "latitude": 33.3741765,
            "longitude": -106.551228
        },
        "uniqueId": "37f86d6c-c234-4339-9c0f-ec3bdaab8536",
        "pathname": "/settings",
        "language": "am",
        "referrer": "",
        "events": {
            "loadCount": 9,
            "visibilitychangeCount": 1,
            "resizeCount": 6,
            "focusCount": 8,
            "clickCount": 3,
            "blurCount": 4
        },
        "pageLoadTime": {
            "loadStart": 1731781800000,
            "loadEnd": 1731781800121
        },
        "productId": "TRK-TlxlcwGkl19t",
        "pathCounts": {
            "/login": 3,
            "/checkout": 6,
            "/settings": 5
        }
    },
    {
        "start": 1731781800,
        "end": 1731785340,
        "bounce": {
            "isBounced": true,
            "pathname": "/frontend/index.html"
        },
        "device": "Mobile",
        "browser": "Edge",
        "location": {
            "latitude": 55.0221245,
            "longitude": -40.780197
        },
        "uniqueId": "111907fd-95b7-4729-a2af-e51ad656e288",
        "pathname": "/profile",
        "language": "yue",
        "referrer": "http://www.garcia.com/",
        "events": {
            "loadCount": 1,
            "visibilitychangeCount": 7,
            "resizeCount": 1,
            "focusCount": 1,
            "clickCount": 10,
            "blurCount": 10
        },
        "pageLoadTime": {
            "loadStart": 1731781800000,
            "loadEnd": 1731781800822
        },
        "productId": "TRK-TlxlcwGkl19t",
        "pathCounts": {
            "/home": 1,
            "/home/create": 10,
            "/profile": 4,
            "/cart": 9
        }
    },
    {
        "start": 1731781800,
        "end": 1731783480,
        "bounce": {
            "isBounced": false,
            "pathname": "/frontend/index.html"
        },
        "device": "Tablet",
        "browser": "Edge",
        "location": {
            "latitude": -45.3400895,
            "longitude": 106.293274
        },
        "uniqueId": "5bde6480-0ab0-43b2-8529-ae22b458f836",
        "pathname": "/frontend/index.html",
        "language": "li",
        "referrer": "http://www.brooks-cole.net/",
        "events": {
            "loadCount": 0,
            "visibilitychangeCount": 8,
            "resizeCount": 4,
            "focusCount": 1,
            "clickCount": 3,
            "blurCount": 1
        },
        "pageLoadTime": {
            "loadStart": 1731781800000,
            "loadEnd": 1731781800869
        },
        "productId": "TRK-TlxlcwGkl19t",
        "pathCounts": {
            "/profile": 1,
            "/checkout": 9,
            "/settings": 4,
            "/home/dashboard": 4
        }
    },
    {
        "start": 1731781800,
        "end": 1731785400,
        "bounce": {
            "isBounced": false,
            "pathname": "/frontend/index.html"
        },
        "device": "Laptop",
        "browser": "Chrome",
        "location": {
            "latitude": -58.5250925,
            "longitude": -73.058151
        },
        "uniqueId": "80d8a76b-4c97-4a12-9ac3-02a6d37e11a9",
        "pathname": "/dashboard",
        "language": "fa",
        "referrer": "",
        "events": {
            "loadCount": 7,
            "visibilitychangeCount": 6,
            "resizeCount": 4,
            "focusCount": 1,
            "clickCount": 7,
            "blurCount": 6
        },
        "pageLoadTime": {
            "loadStart": 1731781800000,
            "loadEnd": 1731781800039
        },
        "productId": "TRK-89olAsKyNOG7",
        "pathCounts": {
            "/profile": 8,
            "/home/dashboard": 2
        }
    },
    {
        "start": 1731781800,
        "end": 1731782820,
        "bounce": {
            "isBounced": true,
            "pathname": "/frontend/index.html"
        },
        "device": "Desktop",
        "browser": "Edge",
        "location": {
            "latitude": -29.246255,
            "longitude": -69.34769
        },
        "uniqueId": "aa76de66-83a4-4c21-92f5-cfe20525387a",
        "pathname": "/dashboard",
        "language": "ayc",
        "referrer": "http://www.rodriguez.biz/",
        "events": {
            "loadCount": 7,
            "visibilitychangeCount": 5,
            "resizeCount": 5,
            "focusCount": 9,
            "clickCount": 3,
            "blurCount": 4
        },
        "pageLoadTime": {
            "loadStart": 1731781800000,
            "loadEnd": 1731781800713
        },
        "productId": "TRK-89olAsKyNOG7",
        "pathCounts": {
            "/login": 8,
            "/home": 4
        }
    },
    {
        "start": 1731781800,
        "end": 1731781860,
        "bounce": {
            "isBounced": true,
            "pathname": "/frontend/index.html"
        },
        "device": "Tablet",
        "browser": "Safari",
        "location": {
            "latitude": 20.8343205,
            "longitude": -127.421183
        },
        "uniqueId": "9b47b488-09f3-4d00-a56c-8c970bdfab8e",
        "pathname": "/profile",
        "language": "en",
        "referrer": "http://freeman.biz/",
        "events": {
            "loadCount": 7,
            "visibilitychangeCount": 5,
            "resizeCount": 5,
            "focusCount": 1,
            "clickCount": 2,
            "blurCount": 3
        },
        "pageLoadTime": {
            "loadStart": 1731781800000,
            "loadEnd": 1731781800373
        },
        "productId": "TRK-TlxlcwGkl19t",
        "pathCounts": {
            "/home": 6,
            "/checkout": 9,
            "/login": 4
        }
    },
    {
        "start": 1731781800,
        "end": 1731784920,
        "bounce": {
            "isBounced": true,
            "pathname": "/frontend/index.html"
        },
        "device": "Desktop",
        "browser": "Safari",
        "location": {
            "latitude": 39.273626,
            "longitude": 25.970805
        },
        "uniqueId": "3da55713-36de-4077-9d4d-626d934aafe0",
        "pathname": "/frontend/index.html",
        "language": "tig",
        "referrer": "https://www.elliott.com/",
        "events": {
            "loadCount": 4,
            "visibilitychangeCount": 7,
            "resizeCount": 3,
            "focusCount": 1,
            "clickCount": 9,
            "blurCount": 10
        },
        "pageLoadTime": {
            "loadStart": 1731781800000,
            "loadEnd": 1731781800108
        },
        "productId": "TRK-TlxlcwGkl19t",
        "pathCounts": {
            "/checkout": 2,
            "/home/dashboard": 7,
            "/home": 4,
            "/home/create": 7
        }
    },
    {
        "start": 1731781800,
        "end": 1731783480,
        "bounce": {
            "isBounced": false,
            "pathname": "/frontend/index.html"
        },
        "device": "Mobile",
        "browser": "Edge",
        "location": {
            "latitude": 16.8202405,
            "longitude": 73.457409
        },
        "uniqueId": "625ea2f3-d6f3-47f0-abd3-a204ea4eb491",
        "pathname": "/home",
        "language": "wae",
        "referrer": "https://www.molina-castaneda.biz/",
        "events": {
            "loadCount": 1,
            "visibilitychangeCount": 1,
            "resizeCount": 8,
            "focusCount": 5,
            "clickCount": 5,
            "blurCount": 1
        },
        "pageLoadTime": {
            "loadStart": 1731781800000,
            "loadEnd": 1731781800384
        },
        "productId": "TRK-89olAsKyNOG7",
        "pathCounts": {
            "/home/dashboard": 6,
            "/profile": 8,
            "/settings": 9,
            "/home/create": 5
        }
    },
    {
        "start": 1731781800,
        "end": 1731784320,
        "bounce": {
            "isBounced": false,
            "pathname": "/frontend/index.html"
        },
        "device": "Laptop",
        "browser": "Chrome",
        "location": {
            "latitude": 15.4373305,
            "longitude": 163.673812
        },
        "uniqueId": "ca9d1f5f-925b-4a59-b362-4703a75ad77c",
        "pathname": "/frontend/index.html",
        "language": "kn",
        "referrer": "https://miller-marks.net/",
        "events": {
            "loadCount": 7,
            "visibilitychangeCount": 0,
            "resizeCount": 6,
            "focusCount": 8,
            "clickCount": 3,
            "blurCount": 4
        },
        "pageLoadTime": {
            "loadStart": 1731781800000,
            "loadEnd": 1731781800723
        },
        "productId": "TRK-TlxlcwGkl19t",
        "pathCounts": {
            "/cart": 9,
            "/home/dashboard": 3,
            "/profile": 4,
            "/settings": 2
        }
    },
    {
        "start": 1731781800,
        "end": 1731783420,
        "bounce": {
            "isBounced": false,
            "pathname": "/frontend/index.html"
        },
        "device": "Tablet",
        "browser": "Safari",
        "location": {
            "latitude": -76.2750965,
            "longitude": 179.052851
        },
        "uniqueId": "3da55713-36de-4077-9d4d-626d934aafe0",
        "pathname": "/frontend/index.html",
        "language": "ts",
        "referrer": "http://hunt.biz/",
        "events": {
            "loadCount": 3,
            "visibilitychangeCount": 1,
            "resizeCount": 7,
            "focusCount": 5,
            "clickCount": 8,
            "blurCount": 4
        },
        "pageLoadTime": {
            "loadStart": 1731781800000,
            "loadEnd": 1731781800567
        },
        "productId": "TRK-89olAsKyNOG7",
        "pathCounts": {
            "/profile": 6,
            "/home/dashboard": 2
        }
    },
    {
        "start": 1731781800,
        "end": 1731784020,
        "bounce": {
            "isBounced": false,
            "pathname": "/frontend/index.html"
        },
        "device": "Tablet",
        "browser": "Chrome",
        "location": {
            "latitude": -4.0735085,
            "longitude": 118.482019
        },
        "uniqueId": "d86a654c-f156-4873-9fec-b758bd53146a",
        "pathname": "/home",
        "language": "ps",
        "referrer": "",
        "events": {
            "loadCount": 9,
            "visibilitychangeCount": 8,
            "resizeCount": 8,
            "focusCount": 6,
            "clickCount": 10,
            "blurCount": 5
        },
        "pageLoadTime": {
            "loadStart": 1731781800000,
            "loadEnd": 1731781800270
        },
        "productId": "TRK-89olAsKyNOG7",
        "pathCounts": {
            "/checkout": 1,
            "/home": 4,
            "/settings": 1,
            "/login": 6
        }
    }
]