[
    {
        "start": 1729967400,
        "end": 1729968780,
        "bounce": {
            "isBounced": true,
            "pathname": "/frontend/index.html"
        },
        "device": "Mobile",
        "browser": "Edge",
        "location": {
            "latitude": -20.918278,
            "longitude": 110.563605
        },
        "uniqueId": "5bde6480-0ab0-43b2-8529-ae22b458f836",
        "pathname": "/settings",
        "language": "hr",
        "referrer": "http://www.moore.com/",
        "events": {
            "loadCount": 7,
            "visibilitychangeCount": 8,
            "resizeCount": 9,
            "focusCount": 1,
            "clickCount": 9,
            "blurCount": 8
        },
        "pageLoadTime": {
            "loadStart": 1729967400000,
            "loadEnd": 1729967400757
        },
        "productId": "TRK-89olAsKyNOG7",
        "pathCounts": {
            "/cart": 10,
            "/home/dashboard": 5,
            "/login": 3
        }
    },
    {
        "start": 1729967400,
        "end": 1729969140,
        "bounce": {
            "isBounced": true,
            "pathname": "/frontend/index.html"
        },
        "device": "Desktop",
        "browser": "Safari",
        "location": {
            "latitude": -60.329037,
            "longitude": -29.031414
        },
        "uniqueId": "f25d6d08-ed4a-4680-b7e3-94d4b30207df",
        "pathname": "/dashboard",
        "language": "wae",
        "referrer": "",
        "events": {
            "loadCount": 9,
            "visibilitychangeCount": 1,
            "resizeCount": 3,
            "focusCount": 0,
            "clickCount": 8,
            "blurCount": 7
        },
        "pageLoadTime": {
            "loadStart": 1729967400000,
            "loadEnd": 1729967400946
        },
        "productId": "TRK-TlxlcwGkl19t",
        "pathCounts": {
            "/home": 7,
            "/home/dashboard": 5,
            "/cart": 9,
            "/checkout": 9,
            "/settings": 2
        }
    },
    {
        "start": 1729967400,
        "end": 1729968780,
        "bounce": {
            "isBounced": false,
            "pathname": "/frontend/index.html"
        },
        "device": "Desktop",
        "browser": "Safari",
        "location": {
            "latitude": -45.5898775,
            "longitude": 122.322629
        },
        "uniqueId": "aa76de66-83a4-4c21-92f5-cfe20525387a",
        "pathname": "/profile",
        "language": "uk",
        "referrer": "https://williams-lawrence.com/",
        "events": {
            "loadCount": 5,
            "visibilitychangeCount": 8,
            "resizeCount": 7,
            "focusCount": 7,
            "clickCount": 3,
            "blurCount": 4
        },
        "pageLoadTime": {
            "loadStart": 1729967400000,
            "loadEnd": 1729967400656
        },
        "productId": "TRK-89olAsKyNOG7",
        "pathCounts": {
            "/home/dashboard": 4,
            "/cart": 8,
            "/profile": 8
        }
    },
    {
        "start": 1729967400,
        "end": 1729970700,
        "bounce": {
            "isBounced": false,
            "pathname": "/frontend/index.html"
        },
        "device": "Desktop",
        "browser": "Edge",
        "location": {
            "latitude": -43.48531,
            "longitude": -141.658555
        },
        "uniqueId": "31b1cad6-43b6-4fa7-95e5-7d79676b01e7",
        "pathname": "/frontend/index.html",
        "language": "eo",
        "referrer": "",
        "events": {
            "loadCount": 10,
            "visibilitychangeCount": 6,
            "resizeCount": 10,
            "focusCount": 0,
            "clickCount": 2,
            "blurCount": 3
        },
        "pageLoadTime": {
            "loadStart": 1729967400000,
            "loadEnd": 1729967400590
        },
        "productId": "TRK-TlxlcwGkl19t",
        "pathCounts": {
            "/login": 4,
            "/home/dashboard": 6,
            "/profile": 4,
            "/cart": 5
        }
    },
    {
        "start": 1729967400,
        "end": 1729970100,
        "bounce": {
            "isBounced": true,
            "pathname": "/frontend/index.html"
        },
        "device": "Mobile",
        "browser": "Chrome",
        "location": {
            "latitude": -66.1355125,
            "longitude": 36.670851
        },
        "uniqueId": "f25d6d08-ed4a-4680-b7e3-94d4b30207df",
        "pathname": "/dashboard",
        "language": "ar",
        "referrer": "https://www.green.net/",
        "events": {
            "loadCount": 8,
            "visibilitychangeCount": 9,
            "resizeCount": 9,
            "focusCount": 1,
            "clickCount": 9,
            "blurCount": 6
        },
        "pageLoadTime": {
            "loadStart": 1729967400000,
            "loadEnd": 1729967400017
        },
        "productId": "TRK-89olAsKyNOG7",
        "pathCounts": {
            "/home": 6,
            "/home/create": 7,
            "/profile": 5,
            "/checkout": 7
        }
    },
    {
        "start": 1729967400,
        "end": 1729968960,
        "bounce": {
            "isBounced": true,
            "pathname": "/frontend/index.html"
        },
        "device": "Desktop",
        "browser": "Safari",
        "location": {
            "latitude": -6.553835,
            "longitude": -35.961006
        },
        "uniqueId": "f25d6d08-ed4a-4680-b7e3-94d4b30207df",
        "pathname": "/profile",
        "language": "wo",
        "referrer": "",
        "events": {
            "loadCount": 10,
            "visibilitychangeCount": 6,
            "resizeCount": 9,
            "focusCount": 0,
            "clickCount": 2,
            "blurCount": 7
        },
        "pageLoadTime": {
            "loadStart": 1729967400000,
            "loadEnd": 1729967400048
        },
        "productId": "TRK-TlxlcwGkl19t",
        "pathCounts": {
            "/profile": 9,
            "/cart": 4,
            "/settings": 6,
            "/home": 5
        }
    },
    {
        "start": 1729967400,
        "end": 1729970940,
        "bounce": {
            "isBounced": true,
            "pathname": "/frontend/index.html"
        },
        "device": "Tablet",
        "browser": "Edge",
        "location": {
            "latitude": -48.786673,
            "longitude": -45.70004
        },
        "uniqueId": "d86a654c-f156-4873-9fec-b758bd53146a",
        "pathname": "/frontend/index.html",
        "language": "nr",
        "referrer": "",
        "events": {
            "loadCount": 4,
            "visibilitychangeCount": 10,
            "resizeCount": 8,
            "focusCount": 4,
            "clickCount": 0,
            "blurCount": 3
        },
        "pageLoadTime": {
            "loadStart": 1729967400000,
            "loadEnd": 1729967400067
        },
        "productId": "TRK-89olAsKyNOG7",
        "pathCounts": {
            "/cart": 1,
            "/home/create": 7,
            "/home": 4,
            "/profile": 2
        }
    },
    {
        "start": 1729967400,
        "end": 1729969320,
        "bounce": {
            "isBounced": true,
            "pathname": "/frontend/index.html"
        },
        "device": "Desktop",
        "browser": "Chrome",
        "location": {
            "latitude": -10.589298,
            "longitude": 151.995985
        },
        "uniqueId": "9ce1bf0b-8366-40e1-b77c-9493a981c91b",
        "pathname": "/home",
        "language": "dz",
        "referrer": "https://www.berry-sanchez.net/",
        "events": {
            "loadCount": 0,
            "visibilitychangeCount": 2,
            "resizeCount": 4,
            "focusCount": 8,
            "clickCount": 2,
            "blurCount": 6
        },
        "pageLoadTime": {
            "loadStart": 1729967400000,
            "loadEnd": 1729967400775
        },
        "productId": "TRK-TlxlcwGkl19t",
        "pathCounts": {
            "/cart": 8,
            "/login": 3,
            "/checkout": 1,
            "/home/dashboard": 6,
            "/settings": 5
        }
    },
    {
        "start": 1729967400,
        "end": 1729968060,
        "bounce": {
            "isBounced": true,
            "pathname": "/frontend/index.html"
        },
        "device": "Tablet",
        "browser": "Edge",
        "location": {
            "latitude": 54.8867325,
            "longitude": 109.718302
        },
        "uniqueId": "9ce1bf0b-8366-40e1-b77c-9493a981c91b",
        "pathname": "/settings",
        "language": "xh",
        "referrer": "http://www.graham.info/",
        "events": {
            "loadCount": 8,
            "visibilitychangeCount": 5,
            "resizeCount": 6,
            "focusCount": 7,
            "clickCount": 9,
            "blurCount": 4
        },
        "pageLoadTime": {
            "loadStart": 1729967400000,
            "loadEnd": 1729967400997
        },
        "productId": "TRK-TlxlcwGkl19t",
        "pathCounts": {
            "/login": 2,
            "/home/create": 2,
            "/home": 2
        }
    },
    {
        "start": 1729967400,
        "end": 1729969860,
        "bounce": {
            "isBounced": true,
            "pathname": "/frontend/index.html"
        },
        "device": "Desktop",
        "browser": "Mozilla",
        "location": {
            "latitude": 73.2587905,
            "longitude": 140.308663
        },
        "uniqueId": "31b1cad6-43b6-4fa7-95e5-7d79676b01e7",
        "pathname": "/settings",
        "language": "ta",
        "referrer": "",
        "events": {
            "loadCount": 3,
            "visibilitychangeCount": 7,
            "resizeCount": 6,
            "focusCount": 6,
            "clickCount": 6,
            "blurCount": 7
        },
        "pageLoadTime": {
            "loadStart": 1729967400000,
            "loadEnd": 1729967400324
        },
        "productId": "TRK-89olAsKyNOG7",
        "pathCounts": {
            "/profile": 9,
            "/checkout": 8,
            "/login": 5,
            "/home/create": 9
        }
    },
    {
        "start": 1729967400,
        "end": 1729968660,
        "bounce": {
            "isBounced": false,
            "pathname": "/frontend/index.html"
        },
        "device": "Desktop",
        "browser": "Safari",
        "location": {
            "latitude": 24.733431,
            "longitude": -89.18089
        },
        "uniqueId": "80d8a76b-4c97-4a12-9ac3-02a6d37e11a9",
        "pathname": "/home",
        "language": "ig",
        "referrer": "http://smith.com/",
        "events": {
            "loadCount": 1,
            "visibilitychangeCount": 7,
            "resizeCount": 4,
            "focusCount": 1,
            "clickCount": 4,
            "blurCount": 1
        },
        "pageLoadTime": {
            "loadStart": 1729967400000,
            "loadEnd": 1729967400247
        },
        "productId": "TRK-89olAsKyNOG7",
        "pathCounts": {
            "/home/create": 5,
            "/home": 8,
            "/profile": 10,
            "/login": 10
        }
    },
    {
        "start": 1729967400,
        "end": 1729969320,
        "bounce": {
            "isBounced": true,
            "pathname": "/frontend/index.html"
        },
        "device": "Mobile",
        "browser": "Edge",
        "location": {
            "latitude": 43.678134,
            "longitude": 107.731377
        },
        "uniqueId": "14ec54a1-24e9-462b-9378-3e9d812cba5a",
        "pathname": "/profile",
        "language": "csb",
        "referrer": "https://berry-preston.com/",
        "events": {
            "loadCount": 10,
            "visibilitychangeCount": 1,
            "resizeCount": 9,
            "focusCount": 5,
            "clickCount": 10,
            "blurCount": 5
        },
        "pageLoadTime": {
            "loadStart": 1729967400000,
            "loadEnd": 1729967400851
        },
        "productId": "TRK-89olAsKyNOG7",
        "pathCounts": {
            "/home": 7,
            "/home/dashboard": 2,
            "/profile": 9,
            "/settings": 7
        }
    },
    {
        "start": 1729967400,
        "end": 1729970220,
        "bounce": {
            "isBounced": false,
            "pathname": "/frontend/index.html"
        },
        "device": "Tablet",
        "browser": "Edge",
        "location": {
            "latitude": -88.5822935,
            "longitude": -64.684737
        },
        "uniqueId": "5bde6480-0ab0-43b2-8529-ae22b458f836",
        "pathname": "/frontend/index.html",
        "language": "tg",
        "referrer": "https://martin.com/",
        "events": {
            "loadCount": 5,
            "visibilitychangeCount": 0,
            "resizeCount": 5,
            "focusCount": 4,
            "clickCount": 8,
            "blurCount": 2
        },
        "pageLoadTime": {
            "loadStart": 1729967400000,
            "loadEnd": 1729967400019
        },
        "productId": "TRK-Ob2CJVFgaau7",
        "pathCounts": {
            "/home/dashboard": 8,
            "/settings": 3,
            "/checkout": 9,
            "/cart": 5
        }
    },
    {
        "start": 1729967400,
        "end": 1729969620,
        "bounce": {
            "isBounced": true,
            "pathname": "/frontend/index.html"
        },
        "device": "Mobile",
        "browser": "Mozilla",
        "location": {
            "latitude": 34.0949885,
            "longitude": -8.115666
        },
        "uniqueId": "ffef8945-c190-4f95-930f-4e35c2e3a868",
        "pathname": "/home",
        "language": "bn",
        "referrer": "http://www.gray.biz/",
        "events": {
            "loadCount": 5,
            "visibilitychangeCount": 6,
            "resizeCount": 10,
            "focusCount": 10,
            "clickCount": 10,
            "blurCount": 3
        },
        "pageLoadTime": {
            "loadStart": 1729967400000,
            "loadEnd": 1729967400359
        },
        "productId": "TRK-89olAsKyNOG7",
        "pathCounts": {
            "/home/create": 7,
            "/login": 4,
            "/home/dashboard": 6,
            "/home": 9,
            "/profile": 4
        }
    },
    {
        "start": 1729967400,
        "end": 1729967760,
        "bounce": {
            "isBounced": true,
            "pathname": "/frontend/index.html"
        },
        "device": "Desktop",
        "browser": "Edge",
        "location": {
            "latitude": -24.3160045,
            "longitude": -2.635872
        },
        "uniqueId": "80d8a76b-4c97-4a12-9ac3-02a6d37e11a9",
        "pathname": "/profile",
        "language": "br",
        "referrer": "",
        "events": {
            "loadCount": 4,
            "visibilitychangeCount": 7,
            "resizeCount": 4,
            "focusCount": 2,
            "clickCount": 5,
            "blurCount": 1
        },
        "pageLoadTime": {
            "loadStart": 1729967400000,
            "loadEnd": 1729967400147
        },
        "productId": "TRK-89olAsKyNOG7",
        "pathCounts": {
            "/settings": 6,
            "/login": 3,
            "/checkout": 9,
            "/cart": 7
        }
    },
    {
        "start": 1729967400,
        "end": 1729969620,
        "bounce": {
            "isBounced": false,
            "pathname": "/frontend/index.html"
        },
        "device": "Desktop",
        "browser": "Chrome",
        "location": {
            "latitude": -69.7116095,
            "longitude": 143.585661
        },
        "uniqueId": "f9c7e851-4d89-46ce-8678-25b88916a574",
        "pathname": "/dashboard",
        "language": "byn",
        "referrer": "https://spencer.com/",
        "events": {
            "loadCount": 6,
            "visibilitychangeCount": 6,
            "resizeCount": 7,
            "focusCount": 10,
            "clickCount": 10,
            "blurCount": 6
        },
        "pageLoadTime": {
            "loadStart": 1729967400000,
            "loadEnd": 1729967400954
        },
        "productId": "TRK-89olAsKyNOG7",
        "pathCounts": {
            "/home": 3
        }
    }
]