[
    {
        "start": 1735151400,
        "end": 1735153920,
        "bounce": {
            "isBounced": true,
            "pathname": "/frontend/index.html"
        },
        "device": "Mobile",
        "browser": "Safari",
        "location": {
            "latitude": -42.325751,
            "longitude": 58.134375
        },
        "uniqueId": "ca9d1f5f-925b-4a59-b362-4703a75ad77c",
        "pathname": "/frontend/index.html",
        "language": "hne",
        "referrer": "https://solomon.com/",
        "events": {
            "loadCount": 7,
            "visibilitychangeCount": 10,
            "resizeCount": 6,
            "focusCount": 10,
            "clickCount": 6,
            "blurCount": 6
        },
        "pageLoadTime": {
            "loadStart": 1735151400000,
            "loadEnd": 1735151400968
        },
        "productId": "TRK-TlxlcwGkl19t",
        "pathCounts": {
            "/login": 2,
            "/checkout": 10,
            "/settings": 6
        }
    },
    {
        "start": 1735151400,
        "end": 1735153080,
        "bounce": {
            "isBounced": true,
            "pathname": "/frontend/index.html"
        },
        "device": "Desktop",
        "browser": "Mozilla",
        "location": {
            "latitude": -56.3166625,
            "longitude": 69.666679
        },
        "uniqueId": "625ea2f3-d6f3-47f0-abd3-a204ea4eb491",
        "pathname": "/dashboard",
        "language": "ayc",
        "referrer": "",
        "events": {
            "loadCount": 4,
            "visibilitychangeCount": 5,
            "resizeCount": 9,
            "focusCount": 2,
            "clickCount": 6,
            "blurCount": 4
        },
        "pageLoadTime": {
            "loadStart": 1735151400000,
            "loadEnd": 1735151400255
        },
        "productId": "TRK-TlxlcwGkl19t",
        "pathCounts": {
            "/home": 9,
            "/checkout": 4,
            "/cart": 8
        }
    },
    {
        "start": 1735151400,
        "end": 1735152420,
        "bounce": {
            "isBounced": true,
            "pathname": "/frontend/index.html"
        },
        "device": "Tablet",
        "browser": "Safari",
        "location": {
            "latitude": 9.2297665,
            "longitude": 81.268518
        },
        "uniqueId": "77f0712b-554f-4c5c-9898-14e7c77b26a0",
        "pathname": "/home",
        "language": "oc",
        "referrer": "http://www.fernandez-mcbride.com/",
        "events": {
            "loadCount": 4,
            "visibilitychangeCount": 10,
            "resizeCount": 9,
            "focusCount": 1,
            "clickCount": 4,
            "blurCount": 8
        },
        "pageLoadTime": {
            "loadStart": 1735151400000,
            "loadEnd": 1735151400437
        },
        "productId": "TRK-89olAsKyNOG7",
        "pathCounts": {
            "/login": 9,
            "/checkout": 6,
            "/profile": 3,
            "/home/dashboard": 7
        }
    },
    {
        "start": 1735151400,
        "end": 1735152240,
        "bounce": {
            "isBounced": false,
            "pathname": "/frontend/index.html"
        },
        "device": "Mobile",
        "browser": "Safari",
        "location": {
            "latitude": 42.3721455,
            "longitude": 107.162823
        },
        "uniqueId": "f9c7e851-4d89-46ce-8678-25b88916a574",
        "pathname": "/settings",
        "language": "fil",
        "referrer": "http://www.reese.com/",
        "events": {
            "loadCount": 8,
            "visibilitychangeCount": 2,
            "resizeCount": 7,
            "focusCount": 9,
            "clickCount": 7,
            "blurCount": 6
        },
        "pageLoadTime": {
            "loadStart": 1735151400000,
            "loadEnd": 1735151400270
        },
        "productId": "TRK-TlxlcwGkl19t",
        "pathCounts": {
            "/home/create": 3,
            "/home/dashboard": 1,
            "/settings": 3,
            "/checkout": 7
        }
    },
    {
        "start": 1735151400,
        "end": 1735154820,
        "bounce": {
            "isBounced": true,
            "pathname": "/frontend/index.html"
        },
        "device": "Tablet",
        "browser": "Edge",
        "location": {
            "latitude": 10.6507425,
            "longitude": -69.968673
        },
        "uniqueId": "625ea2f3-d6f3-47f0-abd3-a204ea4eb491",
        "pathname": "/dashboard",
        "language": "yi",
        "referrer": "",
        "events": {
            "loadCount": 5,
            "visibilitychangeCount": 6,
            "resizeCount": 8,
            "focusCount": 7,
            "clickCount": 9,
            "blurCount": 1
        },
        "pageLoadTime": {
            "loadStart": 1735151400000,
            "loadEnd": 1735151400062
        },
        "productId": "TRK-TlxlcwGkl19t",
        "pathCounts": {
            "/profile": 3,
            "/checkout": 2
        }
    },
    {
        "start": 1735151400,
        "end": 1735151520,
        "bounce": {
            "isBounced": true,
            "pathname": "/frontend/index.html"
        },
        "device": "Mobile",
        "browser": "Chrome",
        "location": {
            "latitude": 41.3241805,
            "longitude": -120.372187
        },
        "uniqueId": "aca50ebd-2a70-41b2-a3f9-1a2deecc8322",
        "pathname": "/home",
        "language": "ar",
        "referrer": "",
        "events": {
            "loadCount": 5,
            "visibilitychangeCount": 9,
            "resizeCount": 3,
            "focusCount": 8,
            "clickCount": 2,
            "blurCount": 3
        },
        "pageLoadTime": {
            "loadStart": 1735151400000,
            "loadEnd": 1735151400656
        },
        "productId": "TRK-89olAsKyNOG7",
        "pathCounts": {
            "/home/create": 6,
            "/home/dashboard": 8,
            "/settings": 10
        }
    },
    {
        "start": 1735151400,
        "end": 1735151760,
        "bounce": {
            "isBounced": false,
            "pathname": "/frontend/index.html"
        },
        "device": "Desktop",
        "browser": "Chrome",
        "location": {
            "latitude": -35.5141755,
            "longitude": 19.602052
        },
        "uniqueId": "ffef8945-c190-4f95-930f-4e35c2e3a868",
        "pathname": "/frontend/index.html",
        "language": "da",
        "referrer": "http://juarez.com/",
        "events": {
            "loadCount": 6,
            "visibilitychangeCount": 10,
            "resizeCount": 5,
            "focusCount": 3,
            "clickCount": 4,
            "blurCount": 1
        },
        "pageLoadTime": {
            "loadStart": 1735151400000,
            "loadEnd": 1735151400655
        },
        "productId": "TRK-TlxlcwGkl19t",
        "pathCounts": {
            "/settings": 10,
            "/profile": 8,
            "/home": 5,
            "/home/dashboard": 10
        }
    }
]