[
    {
        "start": 1729449000,
        "end": 1729451340,
        "bounce": {
            "isBounced": true,
            "pathname": "/frontend/index.html"
        },
        "device": "Desktop",
        "browser": "Safari",
        "location": {
            "latitude": -44.487257,
            "longitude": 38.574513
        },
        "uniqueId": "37f86d6c-c234-4339-9c0f-ec3bdaab8536",
        "pathname": "/home",
        "language": "hak",
        "referrer": "https://white-brown.com/",
        "events": {
            "loadCount": 6,
            "visibilitychangeCount": 4,
            "resizeCount": 2,
            "focusCount": 8,
            "clickCount": 6,
            "blurCount": 8
        },
        "pageLoadTime": {
            "loadStart": 1729449000000,
            "loadEnd": 1729449000143
        },
        "productId": "TRK-Ob2CJVFgaau7",
        "pathCounts": {
            "/cart": 5,
            "/settings": 3,
            "/login": 1
        }
    },
    {
        "start": 1729449000,
        "end": 1729451580,
        "bounce": {
            "isBounced": false,
            "pathname": "/frontend/index.html"
        },
        "device": "Desktop",
        "browser": "Chrome",
        "location": {
            "latitude": -70.890616,
            "longitude": 5.164949
        },
        "uniqueId": "9b47b488-09f3-4d00-a56c-8c970bdfab8e",
        "pathname": "/settings",
        "language": "lij",
        "referrer": "https://www.meza.com/",
        "events": {
            "loadCount": 6,
            "visibilitychangeCount": 1,
            "resizeCount": 0,
            "focusCount": 7,
            "clickCount": 8,
            "blurCount": 1
        },
        "pageLoadTime": {
            "loadStart": 1729449000000,
            "loadEnd": 1729449000460
        },
        "productId": "TRK-89olAsKyNOG7",
        "pathCounts": {
            "/cart": 2,
            "/home/create": 1,
            "/settings": 6,
            "/profile": 1
        }
    },
    {
        "start": 1729449000,
        "end": 1729452300,
        "bounce": {
            "isBounced": true,
            "pathname": "/frontend/index.html"
        },
        "device": "Desktop",
        "browser": "Edge",
        "location": {
            "latitude": 60.6572065,
            "longitude": -55.647102
        },
        "uniqueId": "9ce1bf0b-8366-40e1-b77c-9493a981c91b",
        "pathname": "/home",
        "language": "ti",
        "referrer": "https://www.rojas-rogers.org/",
        "events": {
            "loadCount": 6,
            "visibilitychangeCount": 2,
            "resizeCount": 2,
            "focusCount": 6,
            "clickCount": 2,
            "blurCount": 9
        },
        "pageLoadTime": {
            "loadStart": 1729449000000,
            "loadEnd": 1729449000192
        },
        "productId": "TRK-89olAsKyNOG7",
        "pathCounts": {
            "/home/create": 8,
            "/settings": 9,
            "/home": 9
        }
    },
    {
        "start": 1729449000,
        "end": 1729452540,
        "bounce": {
            "isBounced": true,
            "pathname": "/frontend/index.html"
        },
        "device": "Laptop",
        "browser": "Safari",
        "location": {
            "latitude": -74.499196,
            "longitude": 151.125161
        },
        "uniqueId": "aa76de66-83a4-4c21-92f5-cfe20525387a",
        "pathname": "/profile",
        "language": "om",
        "referrer": "",
        "events": {
            "loadCount": 2,
            "visibilitychangeCount": 1,
            "resizeCount": 1,
            "focusCount": 4,
            "clickCount": 2,
            "blurCount": 5
        },
        "pageLoadTime": {
            "loadStart": 1729449000000,
            "loadEnd": 1729449000311
        },
        "productId": "TRK-89olAsKyNOG7",
        "pathCounts": {
            "/home/dashboard": 7,
            "/login": 3,
            "/checkout": 10
        }
    },
    {
        "start": 1729449000,
        "end": 1729452000,
        "bounce": {
            "isBounced": false,
            "pathname": "/frontend/index.html"
        },
        "device": "Desktop",
        "browser": "Mozilla",
        "location": {
            "latitude": -84.948122,
            "longitude": 150.721616
        },
        "uniqueId": "f9c7e851-4d89-46ce-8678-25b88916a574",
        "pathname": "/home",
        "language": "fy",
        "referrer": "",
        "events": {
            "loadCount": 10,
            "visibilitychangeCount": 5,
            "resizeCount": 10,
            "focusCount": 10,
            "clickCount": 9,
            "blurCount": 2
        },
        "pageLoadTime": {
            "loadStart": 1729449000000,
            "loadEnd": 1729449000290
        },
        "productId": "TRK-89olAsKyNOG7",
        "pathCounts": {
            "/settings": 6,
            "/checkout": 5
        }
    },
    {
        "start": 1729449000,
        "end": 1729451160,
        "bounce": {
            "isBounced": false,
            "pathname": "/frontend/index.html"
        },
        "device": "Desktop",
        "browser": "Edge",
        "location": {
            "latitude": -31.352692,
            "longitude": -118.201997
        },
        "uniqueId": "f25d6d08-ed4a-4680-b7e3-94d4b30207df",
        "pathname": "/profile",
        "language": "az",
        "referrer": "http://www.mayer.com/",
        "events": {
            "loadCount": 0,
            "visibilitychangeCount": 2,
            "resizeCount": 5,
            "focusCount": 2,
            "clickCount": 4,
            "blurCount": 4
        },
        "pageLoadTime": {
            "loadStart": 1729449000000,
            "loadEnd": 1729449000067
        },
        "productId": "TRK-89olAsKyNOG7",
        "pathCounts": {
            "/settings": 7,
            "/cart": 3,
            "/home": 7,
            "/home/dashboard": 1
        }
    },
    {
        "start": 1729449000,
        "end": 1729449960,
        "bounce": {
            "isBounced": false,
            "pathname": "/frontend/index.html"
        },
        "device": "Mobile",
        "browser": "Mozilla",
        "location": {
            "latitude": -53.9132695,
            "longitude": -43.989182
        },
        "uniqueId": "37f86d6c-c234-4339-9c0f-ec3bdaab8536",
        "pathname": "/profile",
        "language": "ht",
        "referrer": "http://www.butler.com/",
        "events": {
            "loadCount": 10,
            "visibilitychangeCount": 4,
            "resizeCount": 6,
            "focusCount": 10,
            "clickCount": 1,
            "blurCount": 7
        },
        "pageLoadTime": {
            "loadStart": 1729449000000,
            "loadEnd": 1729449000349
        },
        "productId": "TRK-TlxlcwGkl19t",
        "pathCounts": {
            "/login": 7,
            "/checkout": 3,
            "/home/dashboard": 8,
            "/profile": 7
        }
    },
    {
        "start": 1729449000,
        "end": 1729449720,
        "bounce": {
            "isBounced": true,
            "pathname": "/frontend/index.html"
        },
        "device": "Laptop",
        "browser": "Mozilla",
        "location": {
            "latitude": -38.1643495,
            "longitude": -155.027712
        },
        "uniqueId": "aa76de66-83a4-4c21-92f5-cfe20525387a",
        "pathname": "/dashboard",
        "language": "gd",
        "referrer": "",
        "events": {
            "loadCount": 1,
            "visibilitychangeCount": 5,
            "resizeCount": 9,
            "focusCount": 2,
            "clickCount": 4,
            "blurCount": 0
        },
        "pageLoadTime": {
            "loadStart": 1729449000000,
            "loadEnd": 1729449000884
        },
        "productId": "TRK-89olAsKyNOG7",
        "pathCounts": {
            "/settings": 6,
            "/profile": 4,
            "/login": 5,
            "/home/create": 6
        }
    }
]