[
    {
        "start": 1731522600,
        "end": 1731525960,
        "bounce": {
            "isBounced": false,
            "pathname": "/frontend/index.html"
        },
        "device": "Desktop",
        "browser": "Safari",
        "location": {
            "latitude": 13.218671,
            "longitude": -42.299597
        },
        "uniqueId": "3da55713-36de-4077-9d4d-626d934aafe0",
        "pathname": "/dashboard",
        "language": "mag",
        "referrer": "",
        "events": {
            "loadCount": 1,
            "visibilitychangeCount": 4,
            "resizeCount": 9,
            "focusCount": 6,
            "clickCount": 10,
            "blurCount": 1
        },
        "pageLoadTime": {
            "loadStart": 1731522600000,
            "loadEnd": 1731522600331
        },
        "productId": "TRK-Ob2CJVFgaau7",
        "pathCounts": {
            "/checkout": 8,
            "/profile": 3,
            "/login": 4
        }
    },
    {
        "start": 1731522600,
        "end": 1731523260,
        "bounce": {
            "isBounced": false,
            "pathname": "/frontend/index.html"
        },
        "device": "Desktop",
        "browser": "Safari",
        "location": {
            "latitude": -0.4684905,
            "longitude": -172.759442
        },
        "uniqueId": "4f113d91-1e3e-46f7-a9ca-95f02de96297",
        "pathname": "/profile",
        "language": "ja",
        "referrer": "http://jones.com/",
        "events": {
            "loadCount": 2,
            "visibilitychangeCount": 8,
            "resizeCount": 6,
            "focusCount": 7,
            "clickCount": 8,
            "blurCount": 0
        },
        "pageLoadTime": {
            "loadStart": 1731522600000,
            "loadEnd": 1731522600421
        },
        "productId": "TRK-Ob2CJVFgaau7",
        "pathCounts": {
            "/home/dashboard": 4,
            "/checkout": 8,
            "/settings": 2
        }
    },
    {
        "start": 1731522600,
        "end": 1731524100,
        "bounce": {
            "isBounced": false,
            "pathname": "/frontend/index.html"
        },
        "device": "Laptop",
        "browser": "Mozilla",
        "location": {
            "latitude": 28.445721,
            "longitude": -110.833261
        },
        "uniqueId": "f25d6d08-ed4a-4680-b7e3-94d4b30207df",
        "pathname": "/dashboard",
        "language": "wal",
        "referrer": "https://www.miller.com/",
        "events": {
            "loadCount": 0,
            "visibilitychangeCount": 0,
            "resizeCount": 6,
            "focusCount": 5,
            "clickCount": 4,
            "blurCount": 8
        },
        "pageLoadTime": {
            "loadStart": 1731522600000,
            "loadEnd": 1731522600135
        },
        "productId": "TRK-TlxlcwGkl19t",
        "pathCounts": {
            "/home": 2,
            "/cart": 2
        }
    },
    {
        "start": 1731522600,
        "end": 1731525120,
        "bounce": {
            "isBounced": true,
            "pathname": "/frontend/index.html"
        },
        "device": "Mobile",
        "browser": "Chrome",
        "location": {
            "latitude": -3.335486,
            "longitude": 83.161682
        },
        "uniqueId": "37f86d6c-c234-4339-9c0f-ec3bdaab8536",
        "pathname": "/profile",
        "language": "yue",
        "referrer": "https://hall.com/",
        "events": {
            "loadCount": 5,
            "visibilitychangeCount": 1,
            "resizeCount": 8,
            "focusCount": 7,
            "clickCount": 5,
            "blurCount": 7
        },
        "pageLoadTime": {
            "loadStart": 1731522600000,
            "loadEnd": 1731522600937
        },
        "productId": "TRK-TlxlcwGkl19t",
        "pathCounts": {
            "/profile": 8,
            "/home/dashboard": 9,
            "/home": 7,
            "/home/create": 8,
            "/cart": 4
        }
    },
    {
        "start": 1731522600,
        "end": 1731525960,
        "bounce": {
            "isBounced": false,
            "pathname": "/frontend/index.html"
        },
        "device": "Laptop",
        "browser": "Mozilla",
        "location": {
            "latitude": -18.775297,
            "longitude": -60.680403
        },
        "uniqueId": "9b47b488-09f3-4d00-a56c-8c970bdfab8e",
        "pathname": "/settings",
        "language": "bho",
        "referrer": "",
        "events": {
            "loadCount": 1,
            "visibilitychangeCount": 2,
            "resizeCount": 6,
            "focusCount": 10,
            "clickCount": 1,
            "blurCount": 7
        },
        "pageLoadTime": {
            "loadStart": 1731522600000,
            "loadEnd": 1731522600606
        },
        "productId": "TRK-Ob2CJVFgaau7",
        "pathCounts": {
            "/home/dashboard": 1,
            "/home": 8,
            "/checkout": 1,
            "/settings": 5,
            "/profile": 7
        }
    },
    {
        "start": 1731522600,
        "end": 1731524820,
        "bounce": {
            "isBounced": false,
            "pathname": "/frontend/index.html"
        },
        "device": "Tablet",
        "browser": "Chrome",
        "location": {
            "latitude": -61.801995,
            "longitude": 4.414075
        },
        "uniqueId": "5bde6480-0ab0-43b2-8529-ae22b458f836",
        "pathname": "/settings",
        "language": "fo",
        "referrer": "https://gutierrez-fowler.com/",
        "events": {
            "loadCount": 5,
            "visibilitychangeCount": 6,
            "resizeCount": 9,
            "focusCount": 7,
            "clickCount": 9,
            "blurCount": 3
        },
        "pageLoadTime": {
            "loadStart": 1731522600000,
            "loadEnd": 1731522600750
        },
        "productId": "TRK-Ob2CJVFgaau7",
        "pathCounts": {
            "/checkout": 7,
            "/home/dashboard": 9,
            "/home/create": 4
        }
    },
    {
        "start": 1731522600,
        "end": 1731523440,
        "bounce": {
            "isBounced": false,
            "pathname": "/frontend/index.html"
        },
        "device": "Mobile",
        "browser": "Edge",
        "location": {
            "latitude": 11.020848,
            "longitude": 112.282561
        },
        "uniqueId": "ca9d1f5f-925b-4a59-b362-4703a75ad77c",
        "pathname": "/settings",
        "language": "sk",
        "referrer": "http://www.thomas-armstrong.info/",
        "events": {
            "loadCount": 3,
            "visibilitychangeCount": 1,
            "resizeCount": 0,
            "focusCount": 1,
            "clickCount": 6,
            "blurCount": 1
        },
        "pageLoadTime": {
            "loadStart": 1731522600000,
            "loadEnd": 1731522600047
        },
        "productId": "TRK-Ob2CJVFgaau7",
        "pathCounts": {
            "/home": 1,
            "/home/create": 7,
            "/profile": 9,
            "/checkout": 9,
            "/cart": 1
        }
    },
    {
        "start": 1731522600,
        "end": 1731523560,
        "bounce": {
            "isBounced": true,
            "pathname": "/frontend/index.html"
        },
        "device": "Tablet",
        "browser": "Edge",
        "location": {
            "latitude": -12.2066845,
            "longitude": 22.774258
        },
        "uniqueId": "77f0712b-554f-4c5c-9898-14e7c77b26a0",
        "pathname": "/profile",
        "language": "zh",
        "referrer": "",
        "events": {
            "loadCount": 9,
            "visibilitychangeCount": 1,
            "resizeCount": 1,
            "focusCount": 9,
            "clickCount": 10,
            "blurCount": 8
        },
        "pageLoadTime": {
            "loadStart": 1731522600000,
            "loadEnd": 1731522600101
        },
        "productId": "TRK-TlxlcwGkl19t",
        "pathCounts": {
            "/home/dashboard": 2,
            "/home": 1,
            "/login": 5,
            "/settings": 5
        }
    },
    {
        "start": 1731522600,
        "end": 1731522900,
        "bounce": {
            "isBounced": true,
            "pathname": "/frontend/index.html"
        },
        "device": "Laptop",
        "browser": "Edge",
        "location": {
            "latitude": -7.248589,
            "longitude": -143.60452
        },
        "uniqueId": "77f0712b-554f-4c5c-9898-14e7c77b26a0",
        "pathname": "/home",
        "language": "lij",
        "referrer": "https://richards-gibson.info/",
        "events": {
            "loadCount": 6,
            "visibilitychangeCount": 7,
            "resizeCount": 5,
            "focusCount": 2,
            "clickCount": 8,
            "blurCount": 5
        },
        "pageLoadTime": {
            "loadStart": 1731522600000,
            "loadEnd": 1731522600391
        },
        "productId": "TRK-Ob2CJVFgaau7",
        "pathCounts": {
            "/home/dashboard": 8,
            "/profile": 5,
            "/login": 6,
            "/home/create": 6
        }
    },
    {
        "start": 1731522600,
        "end": 1731525600,
        "bounce": {
            "isBounced": true,
            "pathname": "/frontend/index.html"
        },
        "device": "Laptop",
        "browser": "Safari",
        "location": {
            "latitude": -65.838887,
            "longitude": 86.062102
        },
        "uniqueId": "80d8a76b-4c97-4a12-9ac3-02a6d37e11a9",
        "pathname": "/frontend/index.html",
        "language": "wae",
        "referrer": "",
        "events": {
            "loadCount": 1,
            "visibilitychangeCount": 4,
            "resizeCount": 5,
            "focusCount": 0,
            "clickCount": 6,
            "blurCount": 0
        },
        "pageLoadTime": {
            "loadStart": 1731522600000,
            "loadEnd": 1731522600203
        },
        "productId": "TRK-Ob2CJVFgaau7",
        "pathCounts": {
            "/checkout": 6,
            "/home/dashboard": 6,
            "/profile": 5,
            "/settings": 7
        }
    },
    {
        "start": 1731522600,
        "end": 1731524160,
        "bounce": {
            "isBounced": false,
            "pathname": "/frontend/index.html"
        },
        "device": "Mobile",
        "browser": "Mozilla",
        "location": {
            "latitude": -75.579373,
            "longitude": 9.607135
        },
        "uniqueId": "111907fd-95b7-4729-a2af-e51ad656e288",
        "pathname": "/frontend/index.html",
        "language": "uk",
        "referrer": "",
        "events": {
            "loadCount": 0,
            "visibilitychangeCount": 1,
            "resizeCount": 1,
            "focusCount": 6,
            "clickCount": 3,
            "blurCount": 0
        },
        "pageLoadTime": {
            "loadStart": 1731522600000,
            "loadEnd": 1731522600834
        },
        "productId": "TRK-89olAsKyNOG7",
        "pathCounts": {
            "/home/dashboard": 5,
            "/home/create": 5,
            "/checkout": 7,
            "/profile": 5
        }
    },
    {
        "start": 1731522600,
        "end": 1731525900,
        "bounce": {
            "isBounced": true,
            "pathname": "/frontend/index.html"
        },
        "device": "Tablet",
        "browser": "Edge",
        "location": {
            "latitude": -9.657088,
            "longitude": 146.348839
        },
        "uniqueId": "f9c7e851-4d89-46ce-8678-25b88916a574",
        "pathname": "/settings",
        "language": "kl",
        "referrer": "https://www.robinson.com/",
        "events": {
            "loadCount": 3,
            "visibilitychangeCount": 8,
            "resizeCount": 7,
            "focusCount": 8,
            "clickCount": 1,
            "blurCount": 1
        },
        "pageLoadTime": {
            "loadStart": 1731522600000,
            "loadEnd": 1731522600465
        },
        "productId": "TRK-89olAsKyNOG7",
        "pathCounts": {
            "/checkout": 5,
            "/settings": 10,
            "/login": 2,
            "/home": 6,
            "/profile": 9
        }
    },
    {
        "start": 1731522600,
        "end": 1731522900,
        "bounce": {
            "isBounced": false,
            "pathname": "/frontend/index.html"
        },
        "device": "Desktop",
        "browser": "Mozilla",
        "location": {
            "latitude": 11.431346,
            "longitude": 45.495914
        },
        "uniqueId": "9b47b488-09f3-4d00-a56c-8c970bdfab8e",
        "pathname": "/frontend/index.html",
        "language": "wa",
        "referrer": "http://www.lee-garza.com/",
        "events": {
            "loadCount": 6,
            "visibilitychangeCount": 5,
            "resizeCount": 0,
            "focusCount": 4,
            "clickCount": 1,
            "blurCount": 0
        },
        "pageLoadTime": {
            "loadStart": 1731522600000,
            "loadEnd": 1731522600013
        },
        "productId": "TRK-Ob2CJVFgaau7",
        "pathCounts": {
            "/login": 1,
            "/cart": 6,
            "/home/dashboard": 6
        }
    },
    {
        "start": 1731522600,
        "end": 1731522960,
        "bounce": {
            "isBounced": true,
            "pathname": "/frontend/index.html"
        },
        "device": "Mobile",
        "browser": "Mozilla",
        "location": {
            "latitude": -41.997981,
            "longitude": -46.424551
        },
        "uniqueId": "31b1cad6-43b6-4fa7-95e5-7d79676b01e7",
        "pathname": "/frontend/index.html",
        "language": "vi",
        "referrer": "https://sanchez.org/",
        "events": {
            "loadCount": 3,
            "visibilitychangeCount": 1,
            "resizeCount": 6,
            "focusCount": 5,
            "clickCount": 3,
            "blurCount": 2
        },
        "pageLoadTime": {
            "loadStart": 1731522600000,
            "loadEnd": 1731522600722
        },
        "productId": "TRK-89olAsKyNOG7",
        "pathCounts": {
            "/login": 7,
            "/home/dashboard": 1,
            "/home/create": 2
        }
    },
    {
        "start": 1731522600,
        "end": 1731523380,
        "bounce": {
            "isBounced": true,
            "pathname": "/frontend/index.html"
        },
        "device": "Mobile",
        "browser": "Chrome",
        "location": {
            "latitude": -8.215902,
            "longitude": 143.242089
        },
        "uniqueId": "14ec54a1-24e9-462b-9378-3e9d812cba5a",
        "pathname": "/dashboard",
        "language": "ps",
        "referrer": "",
        "events": {
            "loadCount": 8,
            "visibilitychangeCount": 2,
            "resizeCount": 5,
            "focusCount": 2,
            "clickCount": 8,
            "blurCount": 6
        },
        "pageLoadTime": {
            "loadStart": 1731522600000,
            "loadEnd": 1731522600810
        },
        "productId": "TRK-89olAsKyNOG7",
        "pathCounts": {
            "/settings": 6,
            "/home/dashboard": 1,
            "/profile": 6,
            "/home/create": 10
        }
    },
    {
        "start": 1731522600,
        "end": 1731522960,
        "bounce": {
            "isBounced": true,
            "pathname": "/frontend/index.html"
        },
        "device": "Laptop",
        "browser": "Edge",
        "location": {
            "latitude": -82.5062405,
            "longitude": -132.220042
        },
        "uniqueId": "31b1cad6-43b6-4fa7-95e5-7d79676b01e7",
        "pathname": "/settings",
        "language": "ckb",
        "referrer": "https://www.martinez.net/",
        "events": {
            "loadCount": 10,
            "visibilitychangeCount": 10,
            "resizeCount": 3,
            "focusCount": 9,
            "clickCount": 2,
            "blurCount": 0
        },
        "pageLoadTime": {
            "loadStart": 1731522600000,
            "loadEnd": 1731522600825
        },
        "productId": "TRK-Ob2CJVFgaau7",
        "pathCounts": {
            "/home/dashboard": 5,
            "/checkout": 9,
            "/profile": 6
        }
    },
    {
        "start": 1731522600,
        "end": 1731523260,
        "bounce": {
            "isBounced": false,
            "pathname": "/frontend/index.html"
        },
        "device": "Desktop",
        "browser": "Edge",
        "location": {
            "latitude": 50.4968235,
            "longitude": 136.741561
        },
        "uniqueId": "37f86d6c-c234-4339-9c0f-ec3bdaab8536",
        "pathname": "/profile",
        "language": "mhr",
        "referrer": "",
        "events": {
            "loadCount": 9,
            "visibilitychangeCount": 2,
            "resizeCount": 1,
            "focusCount": 9,
            "clickCount": 2,
            "blurCount": 10
        },
        "pageLoadTime": {
            "loadStart": 1731522600000,
            "loadEnd": 1731522600174
        },
        "productId": "TRK-Ob2CJVFgaau7",
        "pathCounts": {
            "/profile": 10,
            "/home/dashboard": 7,
            "/settings": 10,
            "/cart": 2,
            "/home": 9
        }
    },
    {
        "start": 1731522600,
        "end": 1731523500,
        "bounce": {
            "isBounced": true,
            "pathname": "/frontend/index.html"
        },
        "device": "Tablet",
        "browser": "Chrome",
        "location": {
            "latitude": 25.5224285,
            "longitude": 151.922918
        },
        "uniqueId": "d86a654c-f156-4873-9fec-b758bd53146a",
        "pathname": "/settings",
        "language": "ts",
        "referrer": "",
        "events": {
            "loadCount": 1,
            "visibilitychangeCount": 2,
            "resizeCount": 10,
            "focusCount": 3,
            "clickCount": 10,
            "blurCount": 7
        },
        "pageLoadTime": {
            "loadStart": 1731522600000,
            "loadEnd": 1731522600090
        },
        "productId": "TRK-89olAsKyNOG7",
        "pathCounts": {
            "/home": 1,
            "/profile": 7,
            "/home/dashboard": 7
        }
    },
    {
        "start": 1731522600,
        "end": 1731525180,
        "bounce": {
            "isBounced": false,
            "pathname": "/frontend/index.html"
        },
        "device": "Mobile",
        "browser": "Edge",
        "location": {
            "latitude": -73.9834515,
            "longitude": -80.813717
        },
        "uniqueId": "9ce1bf0b-8366-40e1-b77c-9493a981c91b",
        "pathname": "/home",
        "language": "vi",
        "referrer": "",
        "events": {
            "loadCount": 8,
            "visibilitychangeCount": 9,
            "resizeCount": 9,
            "focusCount": 10,
            "clickCount": 2,
            "blurCount": 6
        },
        "pageLoadTime": {
            "loadStart": 1731522600000,
            "loadEnd": 1731522600207
        },
        "productId": "TRK-Ob2CJVFgaau7",
        "pathCounts": {
            "/login": 8,
            "/home/dashboard": 2,
            "/cart": 7,
            "/home": 2
        }
    },
    {
        "start": 1731522600,
        "end": 1731525900,
        "bounce": {
            "isBounced": true,
            "pathname": "/frontend/index.html"
        },
        "device": "Laptop",
        "browser": "Chrome",
        "location": {
            "latitude": -72.0640645,
            "longitude": -71.499569
        },
        "uniqueId": "aa76de66-83a4-4c21-92f5-cfe20525387a",
        "pathname": "/settings",
        "language": "de",
        "referrer": "https://white-parks.net/",
        "events": {
            "loadCount": 5,
            "visibilitychangeCount": 8,
            "resizeCount": 7,
            "focusCount": 7,
            "clickCount": 8,
            "blurCount": 10
        },
        "pageLoadTime": {
            "loadStart": 1731522600000,
            "loadEnd": 1731522600851
        },
        "productId": "TRK-Ob2CJVFgaau7",
        "pathCounts": {
            "/home": 10,
            "/profile": 7,
            "/checkout": 5,
            "/home/dashboard": 7,
            "/cart": 5
        }
    }
]