[
    {
        "start": 1732905000,
        "end": 1732908060,
        "bounce": {
            "isBounced": true,
            "pathname": "/frontend/index.html"
        },
        "device": "Desktop",
        "browser": "Edge",
        "location": {
            "latitude": 64.374851,
            "longitude": -162.437079
        },
        "uniqueId": "9b47b488-09f3-4d00-a56c-8c970bdfab8e",
        "pathname": "/frontend/index.html",
        "language": "am",
        "referrer": "http://www.valdez-pacheco.info/",
        "events": {
            "loadCount": 8,
            "visibilitychangeCount": 3,
            "resizeCount": 8,
            "focusCount": 10,
            "clickCount": 9,
            "blurCount": 0
        },
        "pageLoadTime": {
            "loadStart": 1732905000000,
            "loadEnd": 1732905000018
        },
        "productId": "TRK-Ob2CJVFgaau7",
        "pathCounts": {
            "/profile": 6,
            "/login": 1,
            "/cart": 9
        }
    },
    {
        "start": 1732905000,
        "end": 1732906920,
        "bounce": {
            "isBounced": true,
            "pathname": "/frontend/index.html"
        },
        "device": "Tablet",
        "browser": "Mozilla",
        "location": {
            "latitude": -69.3798,
            "longitude": -115.009609
        },
        "uniqueId": "d86a654c-f156-4873-9fec-b758bd53146a",
        "pathname": "/dashboard",
        "language": "nb",
        "referrer": "https://www.washington-lawrence.biz/",
        "events": {
            "loadCount": 10,
            "visibilitychangeCount": 1,
            "resizeCount": 1,
            "focusCount": 3,
            "clickCount": 8,
            "blurCount": 8
        },
        "pageLoadTime": {
            "loadStart": 1732905000000,
            "loadEnd": 1732905000071
        },
        "productId": "TRK-TlxlcwGkl19t",
        "pathCounts": {
            "/home/create": 6,
            "/cart": 3,
            "/settings": 10
        }
    },
    {
        "start": 1732905000,
        "end": 1732905660,
        "bounce": {
            "isBounced": true,
            "pathname": "/frontend/index.html"
        },
        "device": "Laptop",
        "browser": "Mozilla",
        "location": {
            "latitude": -69.4530605,
            "longitude": 176.6443
        },
        "uniqueId": "aca50ebd-2a70-41b2-a3f9-1a2deecc8322",
        "pathname": "/dashboard",
        "language": "tt",
        "referrer": "",
        "events": {
            "loadCount": 7,
            "visibilitychangeCount": 4,
            "resizeCount": 6,
            "focusCount": 3,
            "clickCount": 5,
            "blurCount": 9
        },
        "pageLoadTime": {
            "loadStart": 1732905000000,
            "loadEnd": 1732905000538
        },
        "productId": "TRK-Ob2CJVFgaau7",
        "pathCounts": {
            "/settings": 9,
            "/home": 2,
            "/home/create": 9
        }
    },
    {
        "start": 1732905000,
        "end": 1732907340,
        "bounce": {
            "isBounced": true,
            "pathname": "/frontend/index.html"
        },
        "device": "Mobile",
        "browser": "Safari",
        "location": {
            "latitude": 38.8787285,
            "longitude": 16.477686
        },
        "uniqueId": "5bde6480-0ab0-43b2-8529-ae22b458f836",
        "pathname": "/frontend/index.html",
        "language": "mr",
        "referrer": "http://alvarez.com/",
        "events": {
            "loadCount": 6,
            "visibilitychangeCount": 7,
            "resizeCount": 7,
            "focusCount": 8,
            "clickCount": 3,
            "blurCount": 10
        },
        "pageLoadTime": {
            "loadStart": 1732905000000,
            "loadEnd": 1732905000422
        },
        "productId": "TRK-Ob2CJVFgaau7",
        "pathCounts": {
            "/login": 3,
            "/checkout": 8,
            "/cart": 2
        }
    },
    {
        "start": 1732905000,
        "end": 1732907400,
        "bounce": {
            "isBounced": true,
            "pathname": "/frontend/index.html"
        },
        "device": "Desktop",
        "browser": "Mozilla",
        "location": {
            "latitude": 79.7819835,
            "longitude": -88.490397
        },
        "uniqueId": "625ea2f3-d6f3-47f0-abd3-a204ea4eb491",
        "pathname": "/dashboard",
        "language": "om",
        "referrer": "",
        "events": {
            "loadCount": 0,
            "visibilitychangeCount": 10,
            "resizeCount": 4,
            "focusCount": 2,
            "clickCount": 0,
            "blurCount": 4
        },
        "pageLoadTime": {
            "loadStart": 1732905000000,
            "loadEnd": 1732905000120
        },
        "productId": "TRK-Ob2CJVFgaau7",
        "pathCounts": {
            "/settings": 6,
            "/home/create": 5
        }
    },
    {
        "start": 1732905000,
        "end": 1732907040,
        "bounce": {
            "isBounced": false,
            "pathname": "/frontend/index.html"
        },
        "device": "Tablet",
        "browser": "Mozilla",
        "location": {
            "latitude": 68.1211965,
            "longitude": 0.624129
        },
        "uniqueId": "9b47b488-09f3-4d00-a56c-8c970bdfab8e",
        "pathname": "/home",
        "language": "sid",
        "referrer": "",
        "events": {
            "loadCount": 8,
            "visibilitychangeCount": 8,
            "resizeCount": 9,
            "focusCount": 1,
            "clickCount": 2,
            "blurCount": 4
        },
        "pageLoadTime": {
            "loadStart": 1732905000000,
            "loadEnd": 1732905000926
        },
        "productId": "TRK-89olAsKyNOG7",
        "pathCounts": {
            "/home/create": 5,
            "/checkout": 6,
            "/settings": 5,
            "/home/dashboard": 6
        }
    },
    {
        "start": 1732905000,
        "end": 1732905660,
        "bounce": {
            "isBounced": false,
            "pathname": "/frontend/index.html"
        },
        "device": "Mobile",
        "browser": "Safari",
        "location": {
            "latitude": -8.5363575,
            "longitude": 18.851332
        },
        "uniqueId": "14ec54a1-24e9-462b-9378-3e9d812cba5a",
        "pathname": "/settings",
        "language": "mag",
        "referrer": "http://smith-zavala.net/",
        "events": {
            "loadCount": 2,
            "visibilitychangeCount": 1,
            "resizeCount": 2,
            "focusCount": 6,
            "clickCount": 4,
            "blurCount": 10
        },
        "pageLoadTime": {
            "loadStart": 1732905000000,
            "loadEnd": 1732905000403
        },
        "productId": "TRK-TlxlcwGkl19t",
        "pathCounts": {
            "/profile": 7,
            "/home": 7,
            "/home/dashboard": 4
        }
    },
    {
        "start": 1732905000,
        "end": 1732905840,
        "bounce": {
            "isBounced": true,
            "pathname": "/frontend/index.html"
        },
        "device": "Mobile",
        "browser": "Mozilla",
        "location": {
            "latitude": -22.4368905,
            "longitude": 56.260697
        },
        "uniqueId": "31b1cad6-43b6-4fa7-95e5-7d79676b01e7",
        "pathname": "/dashboard",
        "language": "brx",
        "referrer": "",
        "events": {
            "loadCount": 9,
            "visibilitychangeCount": 4,
            "resizeCount": 7,
            "focusCount": 10,
            "clickCount": 7,
            "blurCount": 2
        },
        "pageLoadTime": {
            "loadStart": 1732905000000,
            "loadEnd": 1732905000553
        },
        "productId": "TRK-TlxlcwGkl19t",
        "pathCounts": {
            "/settings": 6,
            "/home/dashboard": 1,
            "/checkout": 2,
            "/profile": 10,
            "/cart": 8,
            "/login": 1
        }
    },
    {
        "start": 1732905000,
        "end": 1732906560,
        "bounce": {
            "isBounced": true,
            "pathname": "/frontend/index.html"
        },
        "device": "Mobile",
        "browser": "Edge",
        "location": {
            "latitude": -68.347535,
            "longitude": -63.153965
        },
        "uniqueId": "d86a654c-f156-4873-9fec-b758bd53146a",
        "pathname": "/profile",
        "language": "fil",
        "referrer": "http://www.page-johnson.biz/",
        "events": {
            "loadCount": 8,
            "visibilitychangeCount": 6,
            "resizeCount": 4,
            "focusCount": 4,
            "clickCount": 9,
            "blurCount": 2
        },
        "pageLoadTime": {
            "loadStart": 1732905000000,
            "loadEnd": 1732905000038
        },
        "productId": "TRK-Ob2CJVFgaau7",
        "pathCounts": {
            "/home/create": 10,
            "/settings": 4
        }
    },
    {
        "start": 1732905000,
        "end": 1732907640,
        "bounce": {
            "isBounced": false,
            "pathname": "/frontend/index.html"
        },
        "device": "Tablet",
        "browser": "Mozilla",
        "location": {
            "latitude": 3.350044,
            "longitude": 113.423392
        },
        "uniqueId": "ffef8945-c190-4f95-930f-4e35c2e3a868",
        "pathname": "/dashboard",
        "language": "se",
        "referrer": "",
        "events": {
            "loadCount": 1,
            "visibilitychangeCount": 7,
            "resizeCount": 5,
            "focusCount": 10,
            "clickCount": 4,
            "blurCount": 1
        },
        "pageLoadTime": {
            "loadStart": 1732905000000,
            "loadEnd": 1732905000214
        },
        "productId": "TRK-Ob2CJVFgaau7",
        "pathCounts": {
            "/login": 3,
            "/cart": 8,
            "/home/dashboard": 5,
            "/home": 9
        }
    },
    {
        "start": 1732905000,
        "end": 1732906080,
        "bounce": {
            "isBounced": false,
            "pathname": "/frontend/index.html"
        },
        "device": "Laptop",
        "browser": "Edge",
        "location": {
            "latitude": 28.6761615,
            "longitude": 119.793022
        },
        "uniqueId": "14ec54a1-24e9-462b-9378-3e9d812cba5a",
        "pathname": "/home",
        "language": "se",
        "referrer": "https://russell.com/",
        "events": {
            "loadCount": 3,
            "visibilitychangeCount": 9,
            "resizeCount": 1,
            "focusCount": 0,
            "clickCount": 0,
            "blurCount": 2
        },
        "pageLoadTime": {
            "loadStart": 1732905000000,
            "loadEnd": 1732905000843
        },
        "productId": "TRK-Ob2CJVFgaau7",
        "pathCounts": {
            "/settings": 4,
            "/login": 10
        }
    },
    {
        "start": 1732905000,
        "end": 1732908180,
        "bounce": {
            "isBounced": false,
            "pathname": "/frontend/index.html"
        },
        "device": "Mobile",
        "browser": "Chrome",
        "location": {
            "latitude": 45.8632505,
            "longitude": -162.732817
        },
        "uniqueId": "3da55713-36de-4077-9d4d-626d934aafe0",
        "pathname": "/frontend/index.html",
        "language": "csb",
        "referrer": "",
        "events": {
            "loadCount": 4,
            "visibilitychangeCount": 1,
            "resizeCount": 8,
            "focusCount": 1,
            "clickCount": 6,
            "blurCount": 3
        },
        "pageLoadTime": {
            "loadStart": 1732905000000,
            "loadEnd": 1732905000312
        },
        "productId": "TRK-Ob2CJVFgaau7",
        "pathCounts": {
            "/profile": 1,
            "/checkout": 3,
            "/settings": 4,
            "/home/dashboard": 3
        }
    },
    {
        "start": 1732905000,
        "end": 1732907280,
        "bounce": {
            "isBounced": true,
            "pathname": "/frontend/index.html"
        },
        "device": "Desktop",
        "browser": "Edge",
        "location": {
            "latitude": -40.223527,
            "longitude": -130.089963
        },
        "uniqueId": "3da55713-36de-4077-9d4d-626d934aafe0",
        "pathname": "/profile",
        "language": "lb",
        "referrer": "",
        "events": {
            "loadCount": 0,
            "visibilitychangeCount": 4,
            "resizeCount": 10,
            "focusCount": 10,
            "clickCount": 5,
            "blurCount": 3
        },
        "pageLoadTime": {
            "loadStart": 1732905000000,
            "loadEnd": 1732905000017
        },
        "productId": "TRK-Ob2CJVFgaau7",
        "pathCounts": {
            "/profile": 6,
            "/home": 1,
            "/settings": 5,
            "/home/create": 1
        }
    },
    {
        "start": 1732905000,
        "end": 1732907880,
        "bounce": {
            "isBounced": true,
            "pathname": "/frontend/index.html"
        },
        "device": "Mobile",
        "browser": "Chrome",
        "location": {
            "latitude": 47.074953,
            "longitude": 87.457292
        },
        "uniqueId": "31b1cad6-43b6-4fa7-95e5-7d79676b01e7",
        "pathname": "/profile",
        "language": "nds",
        "referrer": "",
        "events": {
            "loadCount": 5,
            "visibilitychangeCount": 10,
            "resizeCount": 5,
            "focusCount": 8,
            "clickCount": 6,
            "blurCount": 3
        },
        "pageLoadTime": {
            "loadStart": 1732905000000,
            "loadEnd": 1732905000625
        },
        "productId": "TRK-89olAsKyNOG7",
        "pathCounts": {
            "/home": 1,
            "/profile": 9,
            "/cart": 10,
            "/checkout": 1
        }
    },
    {
        "start": 1732905000,
        "end": 1732906560,
        "bounce": {
            "isBounced": true,
            "pathname": "/frontend/index.html"
        },
        "device": "Laptop",
        "browser": "Safari",
        "location": {
            "latitude": -51.2784525,
            "longitude": 22.752337
        },
        "uniqueId": "3da55713-36de-4077-9d4d-626d934aafe0",
        "pathname": "/settings",
        "language": "nb",
        "referrer": "",
        "events": {
            "loadCount": 6,
            "visibilitychangeCount": 8,
            "resizeCount": 6,
            "focusCount": 1,
            "clickCount": 10,
            "blurCount": 2
        },
        "pageLoadTime": {
            "loadStart": 1732905000000,
            "loadEnd": 1732905000152
        },
        "productId": "TRK-Ob2CJVFgaau7",
        "pathCounts": {
            "/settings": 9,
            "/login": 1,
            "/profile": 1,
            "/checkout": 10
        }
    },
    {
        "start": 1732905000,
        "end": 1732906440,
        "bounce": {
            "isBounced": true,
            "pathname": "/frontend/index.html"
        },
        "device": "Tablet",
        "browser": "Chrome",
        "location": {
            "latitude": 61.491049,
            "longitude": 142.064362
        },
        "uniqueId": "37f86d6c-c234-4339-9c0f-ec3bdaab8536",
        "pathname": "/settings",
        "language": "nan",
        "referrer": "",
        "events": {
            "loadCount": 0,
            "visibilitychangeCount": 1,
            "resizeCount": 8,
            "focusCount": 3,
            "clickCount": 7,
            "blurCount": 1
        },
        "pageLoadTime": {
            "loadStart": 1732905000000,
            "loadEnd": 1732905000449
        },
        "productId": "TRK-Ob2CJVFgaau7",
        "pathCounts": {
            "/login": 5,
            "/home": 3,
            "/home/create": 2
        }
    },
    {
        "start": 1732905000,
        "end": 1732905060,
        "bounce": {
            "isBounced": false,
            "pathname": "/frontend/index.html"
        },
        "device": "Laptop",
        "browser": "Safari",
        "location": {
            "latitude": 88.381446,
            "longitude": 70.450824
        },
        "uniqueId": "ffef8945-c190-4f95-930f-4e35c2e3a868",
        "pathname": "/profile",
        "language": "lv",
        "referrer": "https://www.warren-richard.com/",
        "events": {
            "loadCount": 4,
            "visibilitychangeCount": 1,
            "resizeCount": 2,
            "focusCount": 5,
            "clickCount": 5,
            "blurCount": 7
        },
        "pageLoadTime": {
            "loadStart": 1732905000000,
            "loadEnd": 1732905000876
        },
        "productId": "TRK-89olAsKyNOG7",
        "pathCounts": {
            "/settings": 10,
            "/home": 10,
            "/login": 10,
            "/home/dashboard": 10
        }
    },
    {
        "start": 1732905000,
        "end": 1732907160,
        "bounce": {
            "isBounced": false,
            "pathname": "/frontend/index.html"
        },
        "device": "Laptop",
        "browser": "Edge",
        "location": {
            "latitude": 56.448335,
            "longitude": 44.404419
        },
        "uniqueId": "111907fd-95b7-4729-a2af-e51ad656e288",
        "pathname": "/frontend/index.html",
        "language": "dz",
        "referrer": "http://washington.com/",
        "events": {
            "loadCount": 1,
            "visibilitychangeCount": 3,
            "resizeCount": 2,
            "focusCount": 8,
            "clickCount": 3,
            "blurCount": 3
        },
        "pageLoadTime": {
            "loadStart": 1732905000000,
            "loadEnd": 1732905000083
        },
        "productId": "TRK-89olAsKyNOG7",
        "pathCounts": {
            "/home": 10,
            "/cart": 5,
            "/profile": 3
        }
    }
]