[
    {
        "start": 1734719400,
        "end": 1734721860,
        "bounce": {
            "isBounced": true,
            "pathname": "/frontend/index.html"
        },
        "device": "Mobile",
        "browser": "Safari",
        "location": {
            "latitude": -88.20166,
            "longitude": 147.969611
        },
        "uniqueId": "5bde6480-0ab0-43b2-8529-ae22b458f836",
        "pathname": "/dashboard",
        "language": "st",
        "referrer": "",
        "events": {
            "loadCount": 8,
            "visibilitychangeCount": 2,
            "resizeCount": 5,
            "focusCount": 5,
            "clickCount": 0,
            "blurCount": 4
        },
        "pageLoadTime": {
            "loadStart": 1734719400000,
            "loadEnd": 1734719400283
        },
        "productId": "TRK-TlxlcwGkl19t",
        "pathCounts": {
            "/login": 2,
            "/home/create": 1,
            "/settings": 8,
            "/checkout": 8
        }
    },
    {
        "start": 1734719400,
        "end": 1734720780,
        "bounce": {
            "isBounced": false,
            "pathname": "/frontend/index.html"
        },
        "device": "Laptop",
        "browser": "Chrome",
        "location": {
            "latitude": 65.03087,
            "longitude": -139.508196
        },
        "uniqueId": "625ea2f3-d6f3-47f0-abd3-a204ea4eb491",
        "pathname": "/settings",
        "language": "tt",
        "referrer": "",
        "events": {
            "loadCount": 9,
            "visibilitychangeCount": 1,
            "resizeCount": 6,
            "focusCount": 6,
            "clickCount": 5,
            "blurCount": 8
        },
        "pageLoadTime": {
            "loadStart": 1734719400000,
            "loadEnd": 1734719400369
        },
        "productId": "TRK-TlxlcwGkl19t",
        "pathCounts": {
            "/home/create": 8,
            "/home/dashboard": 10,
            "/home": 4
        }
    },
    {
        "start": 1734719400,
        "end": 1734719640,
        "bounce": {
            "isBounced": false,
            "pathname": "/frontend/index.html"
        },
        "device": "Tablet",
        "browser": "Safari",
        "location": {
            "latitude": -21.074654,
            "longitude": -147.570842
        },
        "uniqueId": "f25d6d08-ed4a-4680-b7e3-94d4b30207df",
        "pathname": "/frontend/index.html",
        "language": "gez",
        "referrer": "",
        "events": {
            "loadCount": 2,
            "visibilitychangeCount": 10,
            "resizeCount": 0,
            "focusCount": 4,
            "clickCount": 10,
            "blurCount": 0
        },
        "pageLoadTime": {
            "loadStart": 1734719400000,
            "loadEnd": 1734719400727
        },
        "productId": "TRK-TlxlcwGkl19t",
        "pathCounts": {
            "/settings": 5,
            "/home/create": 1,
            "/home": 6,
            "/checkout": 9,
            "/cart": 5
        }
    },
    {
        "start": 1734719400,
        "end": 1734721140,
        "bounce": {
            "isBounced": false,
            "pathname": "/frontend/index.html"
        },
        "device": "Laptop",
        "browser": "Mozilla",
        "location": {
            "latitude": -73.017884,
            "longitude": 146.073715
        },
        "uniqueId": "9b47b488-09f3-4d00-a56c-8c970bdfab8e",
        "pathname": "/dashboard",
        "language": "hy",
        "referrer": "http://golden.com/",
        "events": {
            "loadCount": 8,
            "visibilitychangeCount": 1,
            "resizeCount": 6,
            "focusCount": 7,
            "clickCount": 2,
            "blurCount": 1
        },
        "pageLoadTime": {
            "loadStart": 1734719400000,
            "loadEnd": 1734719400597
        },
        "productId": "TRK-Ob2CJVFgaau7",
        "pathCounts": {
            "/cart": 7,
            "/settings": 9,
            "/home/create": 3,
            "/login": 2
        }
    },
    {
        "start": 1734719400,
        "end": 1734721500,
        "bounce": {
            "isBounced": true,
            "pathname": "/frontend/index.html"
        },
        "device": "Mobile",
        "browser": "Safari",
        "location": {
            "latitude": 86.6394695,
            "longitude": -56.242271
        },
        "uniqueId": "3da55713-36de-4077-9d4d-626d934aafe0",
        "pathname": "/dashboard",
        "language": "yue",
        "referrer": "http://kramer-scott.com/",
        "events": {
            "loadCount": 0,
            "visibilitychangeCount": 9,
            "resizeCount": 7,
            "focusCount": 4,
            "clickCount": 10,
            "blurCount": 4
        },
        "pageLoadTime": {
            "loadStart": 1734719400000,
            "loadEnd": 1734719400621
        },
        "productId": "TRK-89olAsKyNOG7",
        "pathCounts": {
            "/login": 1,
            "/home/dashboard": 2,
            "/settings": 4,
            "/checkout": 4,
            "/profile": 4
        }
    },
    {
        "start": 1734719400,
        "end": 1734721380,
        "bounce": {
            "isBounced": false,
            "pathname": "/frontend/index.html"
        },
        "device": "Desktop",
        "browser": "Mozilla",
        "location": {
            "latitude": -40.616003,
            "longitude": 134.01405
        },
        "uniqueId": "37f86d6c-c234-4339-9c0f-ec3bdaab8536",
        "pathname": "/home",
        "language": "aa",
        "referrer": "http://palmer.com/",
        "events": {
            "loadCount": 3,
            "visibilitychangeCount": 2,
            "resizeCount": 1,
            "focusCount": 9,
            "clickCount": 4,
            "blurCount": 2
        },
        "pageLoadTime": {
            "loadStart": 1734719400000,
            "loadEnd": 1734719400961
        },
        "productId": "TRK-89olAsKyNOG7",
        "pathCounts": {
            "/login": 10,
            "/home": 6
        }
    },
    {
        "start": 1734719400,
        "end": 1734722100,
        "bounce": {
            "isBounced": true,
            "pathname": "/frontend/index.html"
        },
        "device": "Mobile",
        "browser": "Chrome",
        "location": {
            "latitude": -29.7125135,
            "longitude": -74.488365
        },
        "uniqueId": "ffef8945-c190-4f95-930f-4e35c2e3a868",
        "pathname": "/settings",
        "language": "cmn",
        "referrer": "http://calhoun.com/",
        "events": {
            "loadCount": 7,
            "visibilitychangeCount": 3,
            "resizeCount": 9,
            "focusCount": 0,
            "clickCount": 2,
            "blurCount": 2
        },
        "pageLoadTime": {
            "loadStart": 1734719400000,
            "loadEnd": 1734719400712
        },
        "productId": "TRK-89olAsKyNOG7",
        "pathCounts": {
            "/cart": 6,
            "/home": 5,
            "/home/create": 3
        }
    },
    {
        "start": 1734719400,
        "end": 1734720540,
        "bounce": {
            "isBounced": false,
            "pathname": "/frontend/index.html"
        },
        "device": "Mobile",
        "browser": "Chrome",
        "location": {
            "latitude": 88.485917,
            "longitude": -137.244755
        },
        "uniqueId": "f25d6d08-ed4a-4680-b7e3-94d4b30207df",
        "pathname": "/home",
        "language": "bho",
        "referrer": "",
        "events": {
            "loadCount": 4,
            "visibilitychangeCount": 5,
            "resizeCount": 7,
            "focusCount": 6,
            "clickCount": 3,
            "blurCount": 8
        },
        "pageLoadTime": {
            "loadStart": 1734719400000,
            "loadEnd": 1734719400400
        },
        "productId": "TRK-89olAsKyNOG7",
        "pathCounts": {
            "/home/dashboard": 9,
            "/settings": 9,
            "/login": 5,
            "/cart": 2
        }
    },
    {
        "start": 1734719400,
        "end": 1734722460,
        "bounce": {
            "isBounced": false,
            "pathname": "/frontend/index.html"
        },
        "device": "Tablet",
        "browser": "Chrome",
        "location": {
            "latitude": -12.266238,
            "longitude": 71.619793
        },
        "uniqueId": "111907fd-95b7-4729-a2af-e51ad656e288",
        "pathname": "/profile",
        "language": "bo",
        "referrer": "https://pace.com/",
        "events": {
            "loadCount": 5,
            "visibilitychangeCount": 1,
            "resizeCount": 1,
            "focusCount": 4,
            "clickCount": 0,
            "blurCount": 5
        },
        "pageLoadTime": {
            "loadStart": 1734719400000,
            "loadEnd": 1734719400688
        },
        "productId": "TRK-89olAsKyNOG7",
        "pathCounts": {
            "/home/dashboard": 7,
            "/login": 6,
            "/profile": 2,
            "/checkout": 3,
            "/home/create": 7
        }
    },
    {
        "start": 1734719400,
        "end": 1734720300,
        "bounce": {
            "isBounced": true,
            "pathname": "/frontend/index.html"
        },
        "device": "Laptop",
        "browser": "Edge",
        "location": {
            "latitude": -42.729345,
            "longitude": 156.430576
        },
        "uniqueId": "f9c7e851-4d89-46ce-8678-25b88916a574",
        "pathname": "/settings",
        "language": "doi",
        "referrer": "",
        "events": {
            "loadCount": 7,
            "visibilitychangeCount": 0,
            "resizeCount": 6,
            "focusCount": 10,
            "clickCount": 10,
            "blurCount": 0
        },
        "pageLoadTime": {
            "loadStart": 1734719400000,
            "loadEnd": 1734719400955
        },
        "productId": "TRK-89olAsKyNOG7",
        "pathCounts": {
            "/home/dashboard": 2,
            "/cart": 10,
            "/login": 10
        }
    },
    {
        "start": 1734719400,
        "end": 1734720000,
        "bounce": {
            "isBounced": false,
            "pathname": "/frontend/index.html"
        },
        "device": "Tablet",
        "browser": "Mozilla",
        "location": {
            "latitude": -36.085676,
            "longitude": -3.417832
        },
        "uniqueId": "80d8a76b-4c97-4a12-9ac3-02a6d37e11a9",
        "pathname": "/frontend/index.html",
        "language": "ta",
        "referrer": "https://barnes-guerrero.biz/",
        "events": {
            "loadCount": 7,
            "visibilitychangeCount": 6,
            "resizeCount": 8,
            "focusCount": 1,
            "clickCount": 4,
            "blurCount": 1
        },
        "pageLoadTime": {
            "loadStart": 1734719400000,
            "loadEnd": 1734719400015
        },
        "productId": "TRK-Ob2CJVFgaau7",
        "pathCounts": {
            "/settings": 1,
            "/home/dashboard": 9,
            "/checkout": 10
        }
    },
    {
        "start": 1734719400,
        "end": 1734719700,
        "bounce": {
            "isBounced": true,
            "pathname": "/frontend/index.html"
        },
        "device": "Desktop",
        "browser": "Chrome",
        "location": {
            "latitude": -37.735174,
            "longitude": -14.22346
        },
        "uniqueId": "3ba5c0ca-2d1c-4d75-82b7-a2c821f2ea43",
        "pathname": "/home",
        "language": "sq",
        "referrer": "",
        "events": {
            "loadCount": 10,
            "visibilitychangeCount": 1,
            "resizeCount": 6,
            "focusCount": 7,
            "clickCount": 1,
            "blurCount": 5
        },
        "pageLoadTime": {
            "loadStart": 1734719400000,
            "loadEnd": 1734719400230
        },
        "productId": "TRK-TlxlcwGkl19t",
        "pathCounts": {
            "/login": 3,
            "/checkout": 7,
            "/home/dashboard": 8,
            "/home/create": 6,
            "/settings": 6
        }
    },
    {
        "start": 1734719400,
        "end": 1734720660,
        "bounce": {
            "isBounced": true,
            "pathname": "/frontend/index.html"
        },
        "device": "Tablet",
        "browser": "Mozilla",
        "location": {
            "latitude": -20.6863695,
            "longitude": -98.161881
        },
        "uniqueId": "80d8a76b-4c97-4a12-9ac3-02a6d37e11a9",
        "pathname": "/frontend/index.html",
        "language": "mni",
        "referrer": "",
        "events": {
            "loadCount": 2,
            "visibilitychangeCount": 6,
            "resizeCount": 0,
            "focusCount": 8,
            "clickCount": 7,
            "blurCount": 4
        },
        "pageLoadTime": {
            "loadStart": 1734719400000,
            "loadEnd": 1734719400075
        },
        "productId": "TRK-89olAsKyNOG7",
        "pathCounts": {
            "/checkout": 2,
            "/cart": 6,
            "/home/dashboard": 9,
            "/login": 5
        }
    }
]