[
    {
        "start": 1732473000,
        "end": 1732475820,
        "bounce": {
            "isBounced": true,
            "pathname": "/frontend/index.html"
        },
        "device": "Mobile",
        "browser": "Safari",
        "location": {
            "latitude": -63.1401735,
            "longitude": 66.419329
        },
        "uniqueId": "aa76de66-83a4-4c21-92f5-cfe20525387a",
        "pathname": "/settings",
        "language": "si",
        "referrer": "http://murray.com/",
        "events": {
            "loadCount": 1,
            "visibilitychangeCount": 8,
            "resizeCount": 10,
            "focusCount": 10,
            "clickCount": 9,
            "blurCount": 9
        },
        "pageLoadTime": {
            "loadStart": 1732473000000,
            "loadEnd": 1732473000528
        },
        "productId": "TRK-Ob2CJVFgaau7",
        "pathCounts": {
            "/settings": 9,
            "/login": 6,
            "/checkout": 2
        }
    },
    {
        "start": 1732473000,
        "end": 1732475880,
        "bounce": {
            "isBounced": true,
            "pathname": "/frontend/index.html"
        },
        "device": "Tablet",
        "browser": "Mozilla",
        "location": {
            "latitude": 59.251767,
            "longitude": 157.118769
        },
        "uniqueId": "3ba5c0ca-2d1c-4d75-82b7-a2c821f2ea43",
        "pathname": "/settings",
        "language": "uk",
        "referrer": "",
        "events": {
            "loadCount": 6,
            "visibilitychangeCount": 4,
            "resizeCount": 9,
            "focusCount": 10,
            "clickCount": 3,
            "blurCount": 5
        },
        "pageLoadTime": {
            "loadStart": 1732473000000,
            "loadEnd": 1732473000856
        },
        "productId": "TRK-89olAsKyNOG7",
        "pathCounts": {
            "/cart": 2,
            "/home/create": 1,
            "/home": 3,
            "/home/dashboard": 6
        }
    },
    {
        "start": 1732473000,
        "end": 1732476360,
        "bounce": {
            "isBounced": false,
            "pathname": "/frontend/index.html"
        },
        "device": "Laptop",
        "browser": "Safari",
        "location": {
            "latitude": -45.490302,
            "longitude": -14.330702
        },
        "uniqueId": "14ec54a1-24e9-462b-9378-3e9d812cba5a",
        "pathname": "/profile",
        "language": "ko",
        "referrer": "",
        "events": {
            "loadCount": 6,
            "visibilitychangeCount": 7,
            "resizeCount": 8,
            "focusCount": 7,
            "clickCount": 0,
            "blurCount": 2
        },
        "pageLoadTime": {
            "loadStart": 1732473000000,
            "loadEnd": 1732473000923
        },
        "productId": "TRK-89olAsKyNOG7",
        "pathCounts": {
            "/home/create": 5,
            "/home/dashboard": 10,
            "/home": 6,
            "/settings": 1
        }
    },
    {
        "start": 1732473000,
        "end": 1732475580,
        "bounce": {
            "isBounced": true,
            "pathname": "/frontend/index.html"
        },
        "device": "Desktop",
        "browser": "Chrome",
        "location": {
            "latitude": -62.063099,
            "longitude": -171.315371
        },
        "uniqueId": "aca50ebd-2a70-41b2-a3f9-1a2deecc8322",
        "pathname": "/settings",
        "language": "ff",
        "referrer": "http://www.jennings.net/",
        "events": {
            "loadCount": 8,
            "visibilitychangeCount": 8,
            "resizeCount": 3,
            "focusCount": 10,
            "clickCount": 0,
            "blurCount": 5
        },
        "pageLoadTime": {
            "loadStart": 1732473000000,
            "loadEnd": 1732473000480
        },
        "productId": "TRK-89olAsKyNOG7",
        "pathCounts": {
            "/home/create": 5,
            "/checkout": 6,
            "/profile": 6
        }
    },
    {
        "start": 1732473000,
        "end": 1732473480,
        "bounce": {
            "isBounced": true,
            "pathname": "/frontend/index.html"
        },
        "device": "Laptop",
        "browser": "Safari",
        "location": {
            "latitude": -2.181287,
            "longitude": 123.010528
        },
        "uniqueId": "37f86d6c-c234-4339-9c0f-ec3bdaab8536",
        "pathname": "/home",
        "language": "ha",
        "referrer": "http://www.klein.com/",
        "events": {
            "loadCount": 10,
            "visibilitychangeCount": 8,
            "resizeCount": 9,
            "focusCount": 5,
            "clickCount": 5,
            "blurCount": 10
        },
        "pageLoadTime": {
            "loadStart": 1732473000000,
            "loadEnd": 1732473000277
        },
        "productId": "TRK-TlxlcwGkl19t",
        "pathCounts": {
            "/login": 7,
            "/cart": 8,
            "/checkout": 5,
            "/home/create": 2,
            "/profile": 4
        }
    },
    {
        "start": 1732473000,
        "end": 1732473240,
        "bounce": {
            "isBounced": true,
            "pathname": "/frontend/index.html"
        },
        "device": "Mobile",
        "browser": "Safari",
        "location": {
            "latitude": 73.6903815,
            "longitude": -42.688335
        },
        "uniqueId": "14ec54a1-24e9-462b-9378-3e9d812cba5a",
        "pathname": "/home",
        "language": "mt",
        "referrer": "",
        "events": {
            "loadCount": 7,
            "visibilitychangeCount": 6,
            "resizeCount": 10,
            "focusCount": 8,
            "clickCount": 3,
            "blurCount": 5
        },
        "pageLoadTime": {
            "loadStart": 1732473000000,
            "loadEnd": 1732473000530
        },
        "productId": "TRK-TlxlcwGkl19t",
        "pathCounts": {
            "/settings": 4,
            "/home/create": 3,
            "/home/dashboard": 5,
            "/profile": 5,
            "/home": 8
        }
    },
    {
        "start": 1732473000,
        "end": 1732476120,
        "bounce": {
            "isBounced": false,
            "pathname": "/frontend/index.html"
        },
        "device": "Mobile",
        "browser": "Chrome",
        "location": {
            "latitude": 37.314409,
            "longitude": 133.653663
        },
        "uniqueId": "14ec54a1-24e9-462b-9378-3e9d812cba5a",
        "pathname": "/settings",
        "language": "mg",
        "referrer": "http://www.kim.com/",
        "events": {
            "loadCount": 3,
            "visibilitychangeCount": 10,
            "resizeCount": 8,
            "focusCount": 0,
            "clickCount": 3,
            "blurCount": 9
        },
        "pageLoadTime": {
            "loadStart": 1732473000000,
            "loadEnd": 1732473000274
        },
        "productId": "TRK-89olAsKyNOG7",
        "pathCounts": {
            "/home": 1,
            "/profile": 10
        }
    },
    {
        "start": 1732473000,
        "end": 1732473060,
        "bounce": {
            "isBounced": true,
            "pathname": "/frontend/index.html"
        },
        "device": "Tablet",
        "browser": "Edge",
        "location": {
            "latitude": -15.0644265,
            "longitude": -52.167532
        },
        "uniqueId": "625ea2f3-d6f3-47f0-abd3-a204ea4eb491",
        "pathname": "/frontend/index.html",
        "language": "ca",
        "referrer": "",
        "events": {
            "loadCount": 8,
            "visibilitychangeCount": 7,
            "resizeCount": 9,
            "focusCount": 4,
            "clickCount": 10,
            "blurCount": 3
        },
        "pageLoadTime": {
            "loadStart": 1732473000000,
            "loadEnd": 1732473000792
        },
        "productId": "TRK-TlxlcwGkl19t",
        "pathCounts": {
            "/settings": 6,
            "/checkout": 4,
            "/profile": 1,
            "/home/dashboard": 5,
            "/login": 7
        }
    },
    {
        "start": 1732473000,
        "end": 1732473720,
        "bounce": {
            "isBounced": false,
            "pathname": "/frontend/index.html"
        },
        "device": "Laptop",
        "browser": "Safari",
        "location": {
            "latitude": 75.817773,
            "longitude": -178.727912
        },
        "uniqueId": "3da55713-36de-4077-9d4d-626d934aafe0",
        "pathname": "/settings",
        "language": "pt",
        "referrer": "https://www.boyer.com/",
        "events": {
            "loadCount": 3,
            "visibilitychangeCount": 5,
            "resizeCount": 5,
            "focusCount": 0,
            "clickCount": 7,
            "blurCount": 7
        },
        "pageLoadTime": {
            "loadStart": 1732473000000,
            "loadEnd": 1732473000620
        },
        "productId": "TRK-TlxlcwGkl19t",
        "pathCounts": {
            "/login": 10,
            "/profile": 7
        }
    },
    {
        "start": 1732473000,
        "end": 1732474440,
        "bounce": {
            "isBounced": true,
            "pathname": "/frontend/index.html"
        },
        "device": "Desktop",
        "browser": "Chrome",
        "location": {
            "latitude": 89.7844555,
            "longitude": 80.78574
        },
        "uniqueId": "77f0712b-554f-4c5c-9898-14e7c77b26a0",
        "pathname": "/settings",
        "language": "fo",
        "referrer": "http://www.sanchez.org/",
        "events": {
            "loadCount": 5,
            "visibilitychangeCount": 1,
            "resizeCount": 3,
            "focusCount": 8,
            "clickCount": 3,
            "blurCount": 5
        },
        "pageLoadTime": {
            "loadStart": 1732473000000,
            "loadEnd": 1732473000736
        },
        "productId": "TRK-Ob2CJVFgaau7",
        "pathCounts": {
            "/home/dashboard": 4,
            "/home/create": 6,
            "/login": 8,
            "/cart": 8
        }
    },
    {
        "start": 1732473000,
        "end": 1732473840,
        "bounce": {
            "isBounced": false,
            "pathname": "/frontend/index.html"
        },
        "device": "Mobile",
        "browser": "Chrome",
        "location": {
            "latitude": -83.202571,
            "longitude": -3.821712
        },
        "uniqueId": "4f113d91-1e3e-46f7-a9ca-95f02de96297",
        "pathname": "/dashboard",
        "language": "the",
        "referrer": "",
        "events": {
            "loadCount": 9,
            "visibilitychangeCount": 8,
            "resizeCount": 9,
            "focusCount": 3,
            "clickCount": 8,
            "blurCount": 1
        },
        "pageLoadTime": {
            "loadStart": 1732473000000,
            "loadEnd": 1732473000575
        },
        "productId": "TRK-89olAsKyNOG7",
        "pathCounts": {
            "/home": 5,
            "/home/create": 5,
            "/home/dashboard": 3,
            "/cart": 3
        }
    },
    {
        "start": 1732473000,
        "end": 1732474740,
        "bounce": {
            "isBounced": false,
            "pathname": "/frontend/index.html"
        },
        "device": "Laptop",
        "browser": "Safari",
        "location": {
            "latitude": -72.0303555,
            "longitude": -84.196854
        },
        "uniqueId": "77f0712b-554f-4c5c-9898-14e7c77b26a0",
        "pathname": "/profile",
        "language": "ik",
        "referrer": "https://chase.info/",
        "events": {
            "loadCount": 2,
            "visibilitychangeCount": 6,
            "resizeCount": 7,
            "focusCount": 6,
            "clickCount": 0,
            "blurCount": 5
        },
        "pageLoadTime": {
            "loadStart": 1732473000000,
            "loadEnd": 1732473000488
        },
        "productId": "TRK-89olAsKyNOG7",
        "pathCounts": {
            "/cart": 9,
            "/settings": 10,
            "/home/dashboard": 1
        }
    }
]