[
    {
        "start": 1729276200,
        "end": 1729278180,
        "bounce": {
            "isBounced": false,
            "pathname": "/frontend/index.html"
        },
        "device": "Tablet",
        "browser": "Chrome",
        "location": {
            "latitude": 1.279015,
            "longitude": 111.134143
        },
        "uniqueId": "14ec54a1-24e9-462b-9378-3e9d812cba5a",
        "pathname": "/profile",
        "language": "hak",
        "referrer": "https://thompson-jimenez.com/",
        "events": {
            "loadCount": 3,
            "visibilitychangeCount": 6,
            "resizeCount": 2,
            "focusCount": 0,
            "clickCount": 1,
            "blurCount": 5
        },
        "pageLoadTime": {
            "loadStart": 1729276200000,
            "loadEnd": 1729276200187
        },
        "productId": "TRK-Ob2CJVFgaau7",
        "pathCounts": {
            "/profile": 8,
            "/home/create": 6,
            "/login": 4
        }
    },
    {
        "start": 1729276200,
        "end": 1729278960,
        "bounce": {
            "isBounced": true,
            "pathname": "/frontend/index.html"
        },
        "device": "Laptop",
        "browser": "Chrome",
        "location": {
            "latitude": 83.1450885,
            "longitude": -37.233987
        },
        "uniqueId": "3ba5c0ca-2d1c-4d75-82b7-a2c821f2ea43",
        "pathname": "/frontend/index.html",
        "language": "hr",
        "referrer": "http://murphy.info/",
        "events": {
            "loadCount": 4,
            "visibilitychangeCount": 7,
            "resizeCount": 5,
            "focusCount": 4,
            "clickCount": 2,
            "blurCount": 0
        },
        "pageLoadTime": {
            "loadStart": 1729276200000,
            "loadEnd": 1729276200912
        },
        "productId": "TRK-TlxlcwGkl19t",
        "pathCounts": {
            "/home/dashboard": 5,
            "/profile": 6,
            "/cart": 2
        }
    },
    {
        "start": 1729276200,
        "end": 1729277040,
        "bounce": {
            "isBounced": true,
            "pathname": "/frontend/index.html"
        },
        "device": "Tablet",
        "browser": "Safari",
        "location": {
            "latitude": 73.954368,
            "longitude": 157.191998
        },
        "uniqueId": "4f113d91-1e3e-46f7-a9ca-95f02de96297",
        "pathname": "/settings",
        "language": "ro",
        "referrer": "",
        "events": {
            "loadCount": 1,
            "visibilitychangeCount": 1,
            "resizeCount": 2,
            "focusCount": 6,
            "clickCount": 10,
            "blurCount": 4
        },
        "pageLoadTime": {
            "loadStart": 1729276200000,
            "loadEnd": 1729276200600
        },
        "productId": "TRK-89olAsKyNOG7",
        "pathCounts": {
            "/settings": 5,
            "/home/create": 6,
            "/checkout": 1
        }
    },
    {
        "start": 1729276200,
        "end": 1729278900,
        "bounce": {
            "isBounced": false,
            "pathname": "/frontend/index.html"
        },
        "device": "Laptop",
        "browser": "Safari",
        "location": {
            "latitude": 66.8712125,
            "longitude": -39.077684
        },
        "uniqueId": "ca9d1f5f-925b-4a59-b362-4703a75ad77c",
        "pathname": "/profile",
        "language": "sc",
        "referrer": "https://lynch.net/",
        "events": {
            "loadCount": 3,
            "visibilitychangeCount": 8,
            "resizeCount": 5,
            "focusCount": 1,
            "clickCount": 6,
            "blurCount": 8
        },
        "pageLoadTime": {
            "loadStart": 1729276200000,
            "loadEnd": 1729276200210
        },
        "productId": "TRK-TlxlcwGkl19t",
        "pathCounts": {
            "/home/create": 7,
            "/home/dashboard": 6,
            "/checkout": 3,
            "/login": 5
        }
    },
    {
        "start": 1729276200,
        "end": 1729276800,
        "bounce": {
            "isBounced": true,
            "pathname": "/frontend/index.html"
        },
        "device": "Laptop",
        "browser": "Chrome",
        "location": {
            "latitude": 86.437753,
            "longitude": 175.560855
        },
        "uniqueId": "d86a654c-f156-4873-9fec-b758bd53146a",
        "pathname": "/settings",
        "language": "am",
        "referrer": "",
        "events": {
            "loadCount": 7,
            "visibilitychangeCount": 10,
            "resizeCount": 6,
            "focusCount": 1,
            "clickCount": 6,
            "blurCount": 2
        },
        "pageLoadTime": {
            "loadStart": 1729276200000,
            "loadEnd": 1729276200520
        },
        "productId": "TRK-Ob2CJVFgaau7",
        "pathCounts": {
            "/home/create": 1,
            "/settings": 10,
            "/home": 9
        }
    },
    {
        "start": 1729276200,
        "end": 1729278720,
        "bounce": {
            "isBounced": true,
            "pathname": "/frontend/index.html"
        },
        "device": "Mobile",
        "browser": "Chrome",
        "location": {
            "latitude": 87.3415755,
            "longitude": -122.818426
        },
        "uniqueId": "80d8a76b-4c97-4a12-9ac3-02a6d37e11a9",
        "pathname": "/settings",
        "language": "ti",
        "referrer": "http://www.patrick.info/",
        "events": {
            "loadCount": 4,
            "visibilitychangeCount": 5,
            "resizeCount": 2,
            "focusCount": 10,
            "clickCount": 10,
            "blurCount": 8
        },
        "pageLoadTime": {
            "loadStart": 1729276200000,
            "loadEnd": 1729276200425
        },
        "productId": "TRK-TlxlcwGkl19t",
        "pathCounts": {
            "/home": 4,
            "/home/dashboard": 9,
            "/settings": 10,
            "/cart": 9,
            "/login": 9
        }
    },
    {
        "start": 1729276200,
        "end": 1729277280,
        "bounce": {
            "isBounced": false,
            "pathname": "/frontend/index.html"
        },
        "device": "Mobile",
        "browser": "Edge",
        "location": {
            "latitude": 89.17211,
            "longitude": 143.665296
        },
        "uniqueId": "ffef8945-c190-4f95-930f-4e35c2e3a868",
        "pathname": "/home",
        "language": "om",
        "referrer": "",
        "events": {
            "loadCount": 6,
            "visibilitychangeCount": 8,
            "resizeCount": 1,
            "focusCount": 9,
            "clickCount": 2,
            "blurCount": 3
        },
        "pageLoadTime": {
            "loadStart": 1729276200000,
            "loadEnd": 1729276200005
        },
        "productId": "TRK-89olAsKyNOG7",
        "pathCounts": {
            "/home": 3,
            "/checkout": 4
        }
    }
]