[
    {
        "start": 1732818600,
        "end": 1732819500,
        "bounce": {
            "isBounced": true,
            "pathname": "/frontend/index.html"
        },
        "device": "Laptop",
        "browser": "Mozilla",
        "location": {
            "latitude": -67.3310575,
            "longitude": 171.428538
        },
        "uniqueId": "9ce1bf0b-8366-40e1-b77c-9493a981c91b",
        "pathname": "/settings",
        "language": "hsb",
        "referrer": "http://gonzalez.com/",
        "events": {
            "loadCount": 4,
            "visibilitychangeCount": 1,
            "resizeCount": 5,
            "focusCount": 7,
            "clickCount": 9,
            "blurCount": 0
        },
        "pageLoadTime": {
            "loadStart": 1732818600000,
            "loadEnd": 1732818600861
        },
        "productId": "TRK-89olAsKyNOG7",
        "pathCounts": {
            "/cart": 7,
            "/login": 10,
            "/settings": 2,
            "/home/dashboard": 10
        }
    },
    {
        "start": 1732818600,
        "end": 1732819920,
        "bounce": {
            "isBounced": false,
            "pathname": "/frontend/index.html"
        },
        "device": "Tablet",
        "browser": "Chrome",
        "location": {
            "latitude": -17.6966025,
            "longitude": 42.060769
        },
        "uniqueId": "37f86d6c-c234-4339-9c0f-ec3bdaab8536",
        "pathname": "/dashboard",
        "language": "mg",
        "referrer": "",
        "events": {
            "loadCount": 9,
            "visibilitychangeCount": 4,
            "resizeCount": 1,
            "focusCount": 6,
            "clickCount": 2,
            "blurCount": 10
        },
        "pageLoadTime": {
            "loadStart": 1732818600000,
            "loadEnd": 1732818600872
        },
        "productId": "TRK-89olAsKyNOG7",
        "pathCounts": {
            "/home/create": 9,
            "/settings": 4,
            "/home/dashboard": 4,
            "/cart": 6
        }
    },
    {
        "start": 1732818600,
        "end": 1732820520,
        "bounce": {
            "isBounced": false,
            "pathname": "/frontend/index.html"
        },
        "device": "Desktop",
        "browser": "Edge",
        "location": {
            "latitude": -57.2029425,
            "longitude": 67.525471
        },
        "uniqueId": "111907fd-95b7-4729-a2af-e51ad656e288",
        "pathname": "/dashboard",
        "language": "pt",
        "referrer": "https://www.green.net/",
        "events": {
            "loadCount": 2,
            "visibilitychangeCount": 7,
            "resizeCount": 6,
            "focusCount": 6,
            "clickCount": 9,
            "blurCount": 8
        },
        "pageLoadTime": {
            "loadStart": 1732818600000,
            "loadEnd": 1732818600680
        },
        "productId": "TRK-Ob2CJVFgaau7",
        "pathCounts": {
            "/home/create": 5,
            "/settings": 3,
            "/login": 6
        }
    },
    {
        "start": 1732818600,
        "end": 1732818900,
        "bounce": {
            "isBounced": true,
            "pathname": "/frontend/index.html"
        },
        "device": "Tablet",
        "browser": "Safari",
        "location": {
            "latitude": -32.791616,
            "longitude": 179.476979
        },
        "uniqueId": "5bde6480-0ab0-43b2-8529-ae22b458f836",
        "pathname": "/settings",
        "language": "or",
        "referrer": "https://www.jenkins.com/",
        "events": {
            "loadCount": 10,
            "visibilitychangeCount": 3,
            "resizeCount": 4,
            "focusCount": 6,
            "clickCount": 4,
            "blurCount": 3
        },
        "pageLoadTime": {
            "loadStart": 1732818600000,
            "loadEnd": 1732818600130
        },
        "productId": "TRK-89olAsKyNOG7",
        "pathCounts": {
            "/login": 2,
            "/home/create": 8,
            "/home": 8
        }
    },
    {
        "start": 1732818600,
        "end": 1732819080,
        "bounce": {
            "isBounced": true,
            "pathname": "/frontend/index.html"
        },
        "device": "Desktop",
        "browser": "Safari",
        "location": {
            "latitude": 42.976351,
            "longitude": 156.191342
        },
        "uniqueId": "80d8a76b-4c97-4a12-9ac3-02a6d37e11a9",
        "pathname": "/profile",
        "language": "tl",
        "referrer": "",
        "events": {
            "loadCount": 5,
            "visibilitychangeCount": 9,
            "resizeCount": 6,
            "focusCount": 5,
            "clickCount": 7,
            "blurCount": 4
        },
        "pageLoadTime": {
            "loadStart": 1732818600000,
            "loadEnd": 1732818600728
        },
        "productId": "TRK-Ob2CJVFgaau7",
        "pathCounts": {
            "/home/dashboard": 4,
            "/profile": 2,
            "/home/create": 3
        }
    },
    {
        "start": 1732818600,
        "end": 1732818660,
        "bounce": {
            "isBounced": true,
            "pathname": "/frontend/index.html"
        },
        "device": "Laptop",
        "browser": "Mozilla",
        "location": {
            "latitude": -48.345475,
            "longitude": 36.572194
        },
        "uniqueId": "80d8a76b-4c97-4a12-9ac3-02a6d37e11a9",
        "pathname": "/profile",
        "language": "he",
        "referrer": "",
        "events": {
            "loadCount": 1,
            "visibilitychangeCount": 8,
            "resizeCount": 7,
            "focusCount": 2,
            "clickCount": 1,
            "blurCount": 0
        },
        "pageLoadTime": {
            "loadStart": 1732818600000,
            "loadEnd": 1732818600250
        },
        "productId": "TRK-Ob2CJVFgaau7",
        "pathCounts": {
            "/home": 5,
            "/settings": 2,
            "/cart": 7,
            "/home/dashboard": 10
        }
    },
    {
        "start": 1732818600,
        "end": 1732818780,
        "bounce": {
            "isBounced": false,
            "pathname": "/frontend/index.html"
        },
        "device": "Tablet",
        "browser": "Chrome",
        "location": {
            "latitude": 18.1996525,
            "longitude": 72.899584
        },
        "uniqueId": "ffef8945-c190-4f95-930f-4e35c2e3a868",
        "pathname": "/frontend/index.html",
        "language": "da",
        "referrer": "",
        "events": {
            "loadCount": 3,
            "visibilitychangeCount": 0,
            "resizeCount": 0,
            "focusCount": 0,
            "clickCount": 2,
            "blurCount": 2
        },
        "pageLoadTime": {
            "loadStart": 1732818600000,
            "loadEnd": 1732818600423
        },
        "productId": "TRK-89olAsKyNOG7",
        "pathCounts": {
            "/settings": 8,
            "/checkout": 6,
            "/home/dashboard": 3,
            "/home": 10
        }
    },
    {
        "start": 1732818600,
        "end": 1732818900,
        "bounce": {
            "isBounced": false,
            "pathname": "/frontend/index.html"
        },
        "device": "Desktop",
        "browser": "Chrome",
        "location": {
            "latitude": 52.206235,
            "longitude": -80.544426
        },
        "uniqueId": "f25d6d08-ed4a-4680-b7e3-94d4b30207df",
        "pathname": "/home",
        "language": "af",
        "referrer": "http://brock-oconnor.com/",
        "events": {
            "loadCount": 8,
            "visibilitychangeCount": 2,
            "resizeCount": 4,
            "focusCount": 3,
            "clickCount": 6,
            "blurCount": 10
        },
        "pageLoadTime": {
            "loadStart": 1732818600000,
            "loadEnd": 1732818600576
        },
        "productId": "TRK-89olAsKyNOG7",
        "pathCounts": {
            "/home/create": 10,
            "/settings": 7,
            "/checkout": 4,
            "/home/dashboard": 5
        }
    },
    {
        "start": 1732818600,
        "end": 1732820460,
        "bounce": {
            "isBounced": false,
            "pathname": "/frontend/index.html"
        },
        "device": "Desktop",
        "browser": "Safari",
        "location": {
            "latitude": 35.5974,
            "longitude": -176.831862
        },
        "uniqueId": "31b1cad6-43b6-4fa7-95e5-7d79676b01e7",
        "pathname": "/profile",
        "language": "zu",
        "referrer": "http://www.kelley.org/",
        "events": {
            "loadCount": 10,
            "visibilitychangeCount": 0,
            "resizeCount": 4,
            "focusCount": 4,
            "clickCount": 7,
            "blurCount": 1
        },
        "pageLoadTime": {
            "loadStart": 1732818600000,
            "loadEnd": 1732818600833
        },
        "productId": "TRK-Ob2CJVFgaau7",
        "pathCounts": {
            "/home": 9,
            "/settings": 4,
            "/home/create": 2,
            "/profile": 3,
            "/checkout": 8
        }
    },
    {
        "start": 1732818600,
        "end": 1732821960,
        "bounce": {
            "isBounced": false,
            "pathname": "/frontend/index.html"
        },
        "device": "Tablet",
        "browser": "Mozilla",
        "location": {
            "latitude": 27.36586,
            "longitude": 51.222611
        },
        "uniqueId": "f25d6d08-ed4a-4680-b7e3-94d4b30207df",
        "pathname": "/dashboard",
        "language": "te",
        "referrer": "http://huff.biz/",
        "events": {
            "loadCount": 9,
            "visibilitychangeCount": 3,
            "resizeCount": 8,
            "focusCount": 10,
            "clickCount": 6,
            "blurCount": 8
        },
        "pageLoadTime": {
            "loadStart": 1732818600000,
            "loadEnd": 1732818600957
        },
        "productId": "TRK-89olAsKyNOG7",
        "pathCounts": {
            "/cart": 2,
            "/login": 5,
            "/home/dashboard": 10
        }
    },
    {
        "start": 1732818600,
        "end": 1732820940,
        "bounce": {
            "isBounced": false,
            "pathname": "/frontend/index.html"
        },
        "device": "Mobile",
        "browser": "Chrome",
        "location": {
            "latitude": -49.6082815,
            "longitude": 56.365351
        },
        "uniqueId": "625ea2f3-d6f3-47f0-abd3-a204ea4eb491",
        "pathname": "/settings",
        "language": "iw",
        "referrer": "",
        "events": {
            "loadCount": 1,
            "visibilitychangeCount": 7,
            "resizeCount": 5,
            "focusCount": 9,
            "clickCount": 3,
            "blurCount": 2
        },
        "pageLoadTime": {
            "loadStart": 1732818600000,
            "loadEnd": 1732818600352
        },
        "productId": "TRK-Ob2CJVFgaau7",
        "pathCounts": {
            "/home/create": 9,
            "/cart": 10,
            "/home/dashboard": 6
        }
    },
    {
        "start": 1732818600,
        "end": 1732821600,
        "bounce": {
            "isBounced": true,
            "pathname": "/frontend/index.html"
        },
        "device": "Laptop",
        "browser": "Chrome",
        "location": {
            "latitude": 82.03261,
            "longitude": -98.592047
        },
        "uniqueId": "625ea2f3-d6f3-47f0-abd3-a204ea4eb491",
        "pathname": "/dashboard",
        "language": "he",
        "referrer": "",
        "events": {
            "loadCount": 5,
            "visibilitychangeCount": 6,
            "resizeCount": 7,
            "focusCount": 10,
            "clickCount": 3,
            "blurCount": 1
        },
        "pageLoadTime": {
            "loadStart": 1732818600000,
            "loadEnd": 1732818600742
        },
        "productId": "TRK-89olAsKyNOG7",
        "pathCounts": {
            "/home/dashboard": 4,
            "/cart": 7,
            "/profile": 4
        }
    },
    {
        "start": 1732818600,
        "end": 1732820040,
        "bounce": {
            "isBounced": true,
            "pathname": "/frontend/index.html"
        },
        "device": "Desktop",
        "browser": "Chrome",
        "location": {
            "latitude": 43.17,
            "longitude": 174.72278
        },
        "uniqueId": "ffef8945-c190-4f95-930f-4e35c2e3a868",
        "pathname": "/dashboard",
        "language": "nhn",
        "referrer": "",
        "events": {
            "loadCount": 7,
            "visibilitychangeCount": 8,
            "resizeCount": 4,
            "focusCount": 5,
            "clickCount": 8,
            "blurCount": 0
        },
        "pageLoadTime": {
            "loadStart": 1732818600000,
            "loadEnd": 1732818600429
        },
        "productId": "TRK-89olAsKyNOG7",
        "pathCounts": {
            "/profile": 1,
            "/checkout": 10,
            "/login": 3
        }
    },
    {
        "start": 1732818600,
        "end": 1732819740,
        "bounce": {
            "isBounced": true,
            "pathname": "/frontend/index.html"
        },
        "device": "Desktop",
        "browser": "Edge",
        "location": {
            "latitude": -87.72523,
            "longitude": 120.073984
        },
        "uniqueId": "d86a654c-f156-4873-9fec-b758bd53146a",
        "pathname": "/dashboard",
        "language": "ru",
        "referrer": "",
        "events": {
            "loadCount": 9,
            "visibilitychangeCount": 4,
            "resizeCount": 6,
            "focusCount": 2,
            "clickCount": 8,
            "blurCount": 4
        },
        "pageLoadTime": {
            "loadStart": 1732818600000,
            "loadEnd": 1732818600965
        },
        "productId": "TRK-89olAsKyNOG7",
        "pathCounts": {
            "/home/dashboard": 6,
            "/profile": 2,
            "/login": 3
        }
    },
    {
        "start": 1732818600,
        "end": 1732820760,
        "bounce": {
            "isBounced": false,
            "pathname": "/frontend/index.html"
        },
        "device": "Tablet",
        "browser": "Mozilla",
        "location": {
            "latitude": 85.494937,
            "longitude": 98.672734
        },
        "uniqueId": "5bde6480-0ab0-43b2-8529-ae22b458f836",
        "pathname": "/profile",
        "language": "csb",
        "referrer": "https://brown-foster.com/",
        "events": {
            "loadCount": 9,
            "visibilitychangeCount": 6,
            "resizeCount": 5,
            "focusCount": 6,
            "clickCount": 1,
            "blurCount": 4
        },
        "pageLoadTime": {
            "loadStart": 1732818600000,
            "loadEnd": 1732818600585
        },
        "productId": "TRK-89olAsKyNOG7",
        "pathCounts": {
            "/login": 1,
            "/home/dashboard": 6,
            "/cart": 1
        }
    },
    {
        "start": 1732818600,
        "end": 1732819020,
        "bounce": {
            "isBounced": true,
            "pathname": "/frontend/index.html"
        },
        "device": "Laptop",
        "browser": "Chrome",
        "location": {
            "latitude": -41.50631,
            "longitude": -111.270157
        },
        "uniqueId": "d86a654c-f156-4873-9fec-b758bd53146a",
        "pathname": "/profile",
        "language": "sc",
        "referrer": "http://www.davis.org/",
        "events": {
            "loadCount": 7,
            "visibilitychangeCount": 7,
            "resizeCount": 6,
            "focusCount": 9,
            "clickCount": 1,
            "blurCount": 10
        },
        "pageLoadTime": {
            "loadStart": 1732818600000,
            "loadEnd": 1732818600352
        },
        "productId": "TRK-TlxlcwGkl19t",
        "pathCounts": {
            "/profile": 9,
            "/settings": 7,
            "/cart": 3,
            "/home/create": 9
        }
    },
    {
        "start": 1732818600,
        "end": 1732822020,
        "bounce": {
            "isBounced": true,
            "pathname": "/frontend/index.html"
        },
        "device": "Mobile",
        "browser": "Edge",
        "location": {
            "latitude": -36.203828,
            "longitude": 22.319709
        },
        "uniqueId": "625ea2f3-d6f3-47f0-abd3-a204ea4eb491",
        "pathname": "/home",
        "language": "tig",
        "referrer": "",
        "events": {
            "loadCount": 0,
            "visibilitychangeCount": 5,
            "resizeCount": 8,
            "focusCount": 6,
            "clickCount": 9,
            "blurCount": 9
        },
        "pageLoadTime": {
            "loadStart": 1732818600000,
            "loadEnd": 1732818600007
        },
        "productId": "TRK-Ob2CJVFgaau7",
        "pathCounts": {
            "/checkout": 3,
            "/settings": 9,
            "/login": 7,
            "/home/create": 4
        }
    },
    {
        "start": 1732818600,
        "end": 1732818780,
        "bounce": {
            "isBounced": true,
            "pathname": "/frontend/index.html"
        },
        "device": "Tablet",
        "browser": "Edge",
        "location": {
            "latitude": 67.0627945,
            "longitude": 118.961791
        },
        "uniqueId": "77f0712b-554f-4c5c-9898-14e7c77b26a0",
        "pathname": "/dashboard",
        "language": "gd",
        "referrer": "https://www.johnson.biz/",
        "events": {
            "loadCount": 5,
            "visibilitychangeCount": 6,
            "resizeCount": 3,
            "focusCount": 9,
            "clickCount": 2,
            "blurCount": 8
        },
        "pageLoadTime": {
            "loadStart": 1732818600000,
            "loadEnd": 1732818600107
        },
        "productId": "TRK-Ob2CJVFgaau7",
        "pathCounts": {
            "/cart": 8,
            "/home/create": 7,
            "/home": 5,
            "/profile": 8
        }
    },
    {
        "start": 1732818600,
        "end": 1732819800,
        "bounce": {
            "isBounced": true,
            "pathname": "/frontend/index.html"
        },
        "device": "Laptop",
        "browser": "Edge",
        "location": {
            "latitude": -29.6129415,
            "longitude": -45.291532
        },
        "uniqueId": "d86a654c-f156-4873-9fec-b758bd53146a",
        "pathname": "/profile",
        "language": "so",
        "referrer": "http://www.evans.com/",
        "events": {
            "loadCount": 3,
            "visibilitychangeCount": 7,
            "resizeCount": 1,
            "focusCount": 8,
            "clickCount": 3,
            "blurCount": 5
        },
        "pageLoadTime": {
            "loadStart": 1732818600000,
            "loadEnd": 1732818600180
        },
        "productId": "TRK-89olAsKyNOG7",
        "pathCounts": {
            "/cart": 1,
            "/checkout": 5,
            "/profile": 1,
            "/home": 9
        }
    },
    {
        "start": 1732818600,
        "end": 1732820040,
        "bounce": {
            "isBounced": true,
            "pathname": "/frontend/index.html"
        },
        "device": "Desktop",
        "browser": "Edge",
        "location": {
            "latitude": -70.672194,
            "longitude": -49.118017
        },
        "uniqueId": "ca9d1f5f-925b-4a59-b362-4703a75ad77c",
        "pathname": "/settings",
        "language": "ks",
        "referrer": "",
        "events": {
            "loadCount": 1,
            "visibilitychangeCount": 6,
            "resizeCount": 8,
            "focusCount": 3,
            "clickCount": 8,
            "blurCount": 1
        },
        "pageLoadTime": {
            "loadStart": 1732818600000,
            "loadEnd": 1732818600860
        },
        "productId": "TRK-TlxlcwGkl19t",
        "pathCounts": {
            "/login": 9,
            "/home/dashboard": 1,
            "/cart": 6,
            "/profile": 3
        }
    }
]