[
    {
        "start": 1730831400,
        "end": 1730833560,
        "bounce": {
            "isBounced": false,
            "pathname": "/frontend/index.html"
        },
        "device": "Laptop",
        "browser": "Safari",
        "location": {
            "latitude": 49.95377,
            "longitude": 24.724423
        },
        "uniqueId": "37f86d6c-c234-4339-9c0f-ec3bdaab8536",
        "pathname": "/frontend/index.html",
        "language": "ayc",
        "referrer": "",
        "events": {
            "loadCount": 2,
            "visibilitychangeCount": 1,
            "resizeCount": 9,
            "focusCount": 9,
            "clickCount": 5,
            "blurCount": 10
        },
        "pageLoadTime": {
            "loadStart": 1730831400000,
            "loadEnd": 1730831400806
        },
        "productId": "TRK-Ob2CJVFgaau7",
        "pathCounts": {
            "/cart": 3,
            "/home": 6,
            "/login": 10,
            "/settings": 10,
            "/profile": 7
        }
    },
    {
        "start": 1730831400,
        "end": 1730834460,
        "bounce": {
            "isBounced": true,
            "pathname": "/frontend/index.html"
        },
        "device": "Mobile",
        "browser": "Chrome",
        "location": {
            "latitude": -82.024161,
            "longitude": -108.229966
        },
        "uniqueId": "d86a654c-f156-4873-9fec-b758bd53146a",
        "pathname": "/home",
        "language": "mr",
        "referrer": "http://www.mccarty.com/",
        "events": {
            "loadCount": 5,
            "visibilitychangeCount": 8,
            "resizeCount": 4,
            "focusCount": 5,
            "clickCount": 1,
            "blurCount": 10
        },
        "pageLoadTime": {
            "loadStart": 1730831400000,
            "loadEnd": 1730831400878
        },
        "productId": "TRK-Ob2CJVFgaau7",
        "pathCounts": {
            "/cart": 4,
            "/home/dashboard": 6,
            "/home/create": 6,
            "/checkout": 7,
            "/settings": 1
        }
    },
    {
        "start": 1730831400,
        "end": 1730831580,
        "bounce": {
            "isBounced": false,
            "pathname": "/frontend/index.html"
        },
        "device": "Tablet",
        "browser": "Safari",
        "location": {
            "latitude": -69.2997055,
            "longitude": 50.311903
        },
        "uniqueId": "d86a654c-f156-4873-9fec-b758bd53146a",
        "pathname": "/home",
        "language": "sv",
        "referrer": "",
        "events": {
            "loadCount": 2,
            "visibilitychangeCount": 9,
            "resizeCount": 8,
            "focusCount": 6,
            "clickCount": 10,
            "blurCount": 4
        },
        "pageLoadTime": {
            "loadStart": 1730831400000,
            "loadEnd": 1730831400954
        },
        "productId": "TRK-TlxlcwGkl19t",
        "pathCounts": {
            "/home/dashboard": 9,
            "/checkout": 8,
            "/cart": 8
        }
    },
    {
        "start": 1730831400,
        "end": 1730832060,
        "bounce": {
            "isBounced": false,
            "pathname": "/frontend/index.html"
        },
        "device": "Mobile",
        "browser": "Edge",
        "location": {
            "latitude": -26.7074715,
            "longitude": -70.006252
        },
        "uniqueId": "d86a654c-f156-4873-9fec-b758bd53146a",
        "pathname": "/home",
        "language": "ar",
        "referrer": "https://garza.com/",
        "events": {
            "loadCount": 1,
            "visibilitychangeCount": 7,
            "resizeCount": 0,
            "focusCount": 3,
            "clickCount": 9,
            "blurCount": 9
        },
        "pageLoadTime": {
            "loadStart": 1730831400000,
            "loadEnd": 1730831400201
        },
        "productId": "TRK-TlxlcwGkl19t",
        "pathCounts": {
            "/cart": 4,
            "/login": 2,
            "/home": 1
        }
    },
    {
        "start": 1730831400,
        "end": 1730834520,
        "bounce": {
            "isBounced": true,
            "pathname": "/frontend/index.html"
        },
        "device": "Laptop",
        "browser": "Edge",
        "location": {
            "latitude": 65.984023,
            "longitude": 110.826282
        },
        "uniqueId": "aca50ebd-2a70-41b2-a3f9-1a2deecc8322",
        "pathname": "/dashboard",
        "language": "apn",
        "referrer": "http://www.alexander-poole.com/",
        "events": {
            "loadCount": 8,
            "visibilitychangeCount": 7,
            "resizeCount": 7,
            "focusCount": 7,
            "clickCount": 5,
            "blurCount": 9
        },
        "pageLoadTime": {
            "loadStart": 1730831400000,
            "loadEnd": 1730831400168
        },
        "productId": "TRK-89olAsKyNOG7",
        "pathCounts": {
            "/settings": 2,
            "/home": 6,
            "/checkout": 3,
            "/login": 4
        }
    },
    {
        "start": 1730831400,
        "end": 1730833320,
        "bounce": {
            "isBounced": true,
            "pathname": "/frontend/index.html"
        },
        "device": "Tablet",
        "browser": "Chrome",
        "location": {
            "latitude": 38.321229,
            "longitude": 106.44505
        },
        "uniqueId": "625ea2f3-d6f3-47f0-abd3-a204ea4eb491",
        "pathname": "/home",
        "language": "mni",
        "referrer": "",
        "events": {
            "loadCount": 4,
            "visibilitychangeCount": 9,
            "resizeCount": 4,
            "focusCount": 3,
            "clickCount": 1,
            "blurCount": 2
        },
        "pageLoadTime": {
            "loadStart": 1730831400000,
            "loadEnd": 1730831400303
        },
        "productId": "TRK-Ob2CJVFgaau7",
        "pathCounts": {
            "/login": 4,
            "/home": 10
        }
    },
    {
        "start": 1730831400,
        "end": 1730833320,
        "bounce": {
            "isBounced": false,
            "pathname": "/frontend/index.html"
        },
        "device": "Mobile",
        "browser": "Mozilla",
        "location": {
            "latitude": -18.474365,
            "longitude": 35.042998
        },
        "uniqueId": "4f113d91-1e3e-46f7-a9ca-95f02de96297",
        "pathname": "/home",
        "language": "oc",
        "referrer": "https://hernandez.com/",
        "events": {
            "loadCount": 9,
            "visibilitychangeCount": 0,
            "resizeCount": 10,
            "focusCount": 5,
            "clickCount": 4,
            "blurCount": 10
        },
        "pageLoadTime": {
            "loadStart": 1730831400000,
            "loadEnd": 1730831400965
        },
        "productId": "TRK-TlxlcwGkl19t",
        "pathCounts": {
            "/login": 7,
            "/home": 3,
            "/checkout": 4
        }
    },
    {
        "start": 1730831400,
        "end": 1730834940,
        "bounce": {
            "isBounced": true,
            "pathname": "/frontend/index.html"
        },
        "device": "Tablet",
        "browser": "Chrome",
        "location": {
            "latitude": -34.245508,
            "longitude": -115.939945
        },
        "uniqueId": "31b1cad6-43b6-4fa7-95e5-7d79676b01e7",
        "pathname": "/profile",
        "language": "sc",
        "referrer": "https://ramirez.biz/",
        "events": {
            "loadCount": 4,
            "visibilitychangeCount": 0,
            "resizeCount": 1,
            "focusCount": 8,
            "clickCount": 2,
            "blurCount": 6
        },
        "pageLoadTime": {
            "loadStart": 1730831400000,
            "loadEnd": 1730831400734
        },
        "productId": "TRK-TlxlcwGkl19t",
        "pathCounts": {
            "/home/create": 4,
            "/settings": 4,
            "/profile": 5
        }
    },
    {
        "start": 1730831400,
        "end": 1730832720,
        "bounce": {
            "isBounced": true,
            "pathname": "/frontend/index.html"
        },
        "device": "Desktop",
        "browser": "Mozilla",
        "location": {
            "latitude": 66.786451,
            "longitude": -174.822919
        },
        "uniqueId": "5bde6480-0ab0-43b2-8529-ae22b458f836",
        "pathname": "/frontend/index.html",
        "language": "sd",
        "referrer": "http://hall.com/",
        "events": {
            "loadCount": 6,
            "visibilitychangeCount": 9,
            "resizeCount": 5,
            "focusCount": 5,
            "clickCount": 9,
            "blurCount": 8
        },
        "pageLoadTime": {
            "loadStart": 1730831400000,
            "loadEnd": 1730831400583
        },
        "productId": "TRK-TlxlcwGkl19t",
        "pathCounts": {
            "/checkout": 4,
            "/profile": 1,
            "/home/dashboard": 9
        }
    },
    {
        "start": 1730831400,
        "end": 1730834040,
        "bounce": {
            "isBounced": true,
            "pathname": "/frontend/index.html"
        },
        "device": "Tablet",
        "browser": "Safari",
        "location": {
            "latitude": 20.288951,
            "longitude": -11.960636
        },
        "uniqueId": "31b1cad6-43b6-4fa7-95e5-7d79676b01e7",
        "pathname": "/dashboard",
        "language": "eo",
        "referrer": "",
        "events": {
            "loadCount": 5,
            "visibilitychangeCount": 0,
            "resizeCount": 6,
            "focusCount": 2,
            "clickCount": 1,
            "blurCount": 4
        },
        "pageLoadTime": {
            "loadStart": 1730831400000,
            "loadEnd": 1730831400063
        },
        "productId": "TRK-TlxlcwGkl19t",
        "pathCounts": {
            "/home/dashboard": 2,
            "/checkout": 7
        }
    },
    {
        "start": 1730831400,
        "end": 1730832840,
        "bounce": {
            "isBounced": true,
            "pathname": "/frontend/index.html"
        },
        "device": "Laptop",
        "browser": "Safari",
        "location": {
            "latitude": -27.18264,
            "longitude": 45.079164
        },
        "uniqueId": "5bde6480-0ab0-43b2-8529-ae22b458f836",
        "pathname": "/frontend/index.html",
        "language": "shs",
        "referrer": "",
        "events": {
            "loadCount": 3,
            "visibilitychangeCount": 8,
            "resizeCount": 4,
            "focusCount": 9,
            "clickCount": 10,
            "blurCount": 10
        },
        "pageLoadTime": {
            "loadStart": 1730831400000,
            "loadEnd": 1730831400040
        },
        "productId": "TRK-89olAsKyNOG7",
        "pathCounts": {
            "/home/dashboard": 7,
            "/settings": 5
        }
    },
    {
        "start": 1730831400,
        "end": 1730834340,
        "bounce": {
            "isBounced": true,
            "pathname": "/frontend/index.html"
        },
        "device": "Tablet",
        "browser": "Safari",
        "location": {
            "latitude": -10.615615,
            "longitude": 175.722548
        },
        "uniqueId": "3ba5c0ca-2d1c-4d75-82b7-a2c821f2ea43",
        "pathname": "/home",
        "language": "dv",
        "referrer": "https://sweeney.info/",
        "events": {
            "loadCount": 4,
            "visibilitychangeCount": 10,
            "resizeCount": 9,
            "focusCount": 8,
            "clickCount": 4,
            "blurCount": 0
        },
        "pageLoadTime": {
            "loadStart": 1730831400000,
            "loadEnd": 1730831400350
        },
        "productId": "TRK-TlxlcwGkl19t",
        "pathCounts": {
            "/profile": 3,
            "/login": 10
        }
    },
    {
        "start": 1730831400,
        "end": 1730834520,
        "bounce": {
            "isBounced": true,
            "pathname": "/frontend/index.html"
        },
        "device": "Laptop",
        "browser": "Chrome",
        "location": {
            "latitude": 49.645755,
            "longitude": -75.485678
        },
        "uniqueId": "9b47b488-09f3-4d00-a56c-8c970bdfab8e",
        "pathname": "/profile",
        "language": "ss",
        "referrer": "https://wood.net/",
        "events": {
            "loadCount": 3,
            "visibilitychangeCount": 10,
            "resizeCount": 0,
            "focusCount": 7,
            "clickCount": 5,
            "blurCount": 8
        },
        "pageLoadTime": {
            "loadStart": 1730831400000,
            "loadEnd": 1730831400213
        },
        "productId": "TRK-TlxlcwGkl19t",
        "pathCounts": {
            "/home/create": 2,
            "/home": 7,
            "/home/dashboard": 6,
            "/login": 10
        }
    },
    {
        "start": 1730831400,
        "end": 1730834520,
        "bounce": {
            "isBounced": false,
            "pathname": "/frontend/index.html"
        },
        "device": "Laptop",
        "browser": "Mozilla",
        "location": {
            "latitude": 51.943699,
            "longitude": -76.528839
        },
        "uniqueId": "31b1cad6-43b6-4fa7-95e5-7d79676b01e7",
        "pathname": "/dashboard",
        "language": "the",
        "referrer": "http://jacobs.com/",
        "events": {
            "loadCount": 6,
            "visibilitychangeCount": 7,
            "resizeCount": 6,
            "focusCount": 2,
            "clickCount": 10,
            "blurCount": 6
        },
        "pageLoadTime": {
            "loadStart": 1730831400000,
            "loadEnd": 1730831400575
        },
        "productId": "TRK-TlxlcwGkl19t",
        "pathCounts": {
            "/settings": 10,
            "/home/dashboard": 9,
            "/profile": 4,
            "/checkout": 8
        }
    },
    {
        "start": 1730831400,
        "end": 1730832960,
        "bounce": {
            "isBounced": false,
            "pathname": "/frontend/index.html"
        },
        "device": "Laptop",
        "browser": "Mozilla",
        "location": {
            "latitude": 38.918107,
            "longitude": -60.516954
        },
        "uniqueId": "aa76de66-83a4-4c21-92f5-cfe20525387a",
        "pathname": "/dashboard",
        "language": "fy",
        "referrer": "http://allen.com/",
        "events": {
            "loadCount": 9,
            "visibilitychangeCount": 6,
            "resizeCount": 3,
            "focusCount": 1,
            "clickCount": 6,
            "blurCount": 1
        },
        "pageLoadTime": {
            "loadStart": 1730831400000,
            "loadEnd": 1730831400289
        },
        "productId": "TRK-Ob2CJVFgaau7",
        "pathCounts": {
            "/cart": 3,
            "/settings": 9,
            "/profile": 4,
            "/home": 7
        }
    },
    {
        "start": 1730831400,
        "end": 1730833080,
        "bounce": {
            "isBounced": false,
            "pathname": "/frontend/index.html"
        },
        "device": "Mobile",
        "browser": "Safari",
        "location": {
            "latitude": -2.1822245,
            "longitude": 121.556757
        },
        "uniqueId": "77f0712b-554f-4c5c-9898-14e7c77b26a0",
        "pathname": "/dashboard",
        "language": "ayc",
        "referrer": "",
        "events": {
            "loadCount": 4,
            "visibilitychangeCount": 3,
            "resizeCount": 0,
            "focusCount": 4,
            "clickCount": 4,
            "blurCount": 6
        },
        "pageLoadTime": {
            "loadStart": 1730831400000,
            "loadEnd": 1730831400872
        },
        "productId": "TRK-89olAsKyNOG7",
        "pathCounts": {
            "/cart": 2,
            "/login": 7,
            "/settings": 2,
            "/home": 9
        }
    },
    {
        "start": 1730831400,
        "end": 1730833020,
        "bounce": {
            "isBounced": true,
            "pathname": "/frontend/index.html"
        },
        "device": "Laptop",
        "browser": "Edge",
        "location": {
            "latitude": 78.1674465,
            "longitude": -153.211712
        },
        "uniqueId": "4f113d91-1e3e-46f7-a9ca-95f02de96297",
        "pathname": "/settings",
        "language": "et",
        "referrer": "",
        "events": {
            "loadCount": 4,
            "visibilitychangeCount": 10,
            "resizeCount": 5,
            "focusCount": 0,
            "clickCount": 0,
            "blurCount": 10
        },
        "pageLoadTime": {
            "loadStart": 1730831400000,
            "loadEnd": 1730831400159
        },
        "productId": "TRK-TlxlcwGkl19t",
        "pathCounts": {
            "/home/dashboard": 9,
            "/settings": 10,
            "/login": 3,
            "/checkout": 10
        }
    },
    {
        "start": 1730831400,
        "end": 1730833380,
        "bounce": {
            "isBounced": true,
            "pathname": "/frontend/index.html"
        },
        "device": "Mobile",
        "browser": "Mozilla",
        "location": {
            "latitude": 13.655183,
            "longitude": 168.018337
        },
        "uniqueId": "80d8a76b-4c97-4a12-9ac3-02a6d37e11a9",
        "pathname": "/dashboard",
        "language": "tcy",
        "referrer": "http://www.perez-curry.org/",
        "events": {
            "loadCount": 4,
            "visibilitychangeCount": 9,
            "resizeCount": 0,
            "focusCount": 8,
            "clickCount": 4,
            "blurCount": 3
        },
        "pageLoadTime": {
            "loadStart": 1730831400000,
            "loadEnd": 1730831400868
        },
        "productId": "TRK-TlxlcwGkl19t",
        "pathCounts": {
            "/login": 9,
            "/home/dashboard": 2,
            "/cart": 3,
            "/checkout": 9,
            "/settings": 6
        }
    },
    {
        "start": 1730831400,
        "end": 1730833200,
        "bounce": {
            "isBounced": true,
            "pathname": "/frontend/index.html"
        },
        "device": "Tablet",
        "browser": "Mozilla",
        "location": {
            "latitude": 4.305831,
            "longitude": -28.089748
        },
        "uniqueId": "ca9d1f5f-925b-4a59-b362-4703a75ad77c",
        "pathname": "/dashboard",
        "language": "sd",
        "referrer": "",
        "events": {
            "loadCount": 3,
            "visibilitychangeCount": 4,
            "resizeCount": 5,
            "focusCount": 0,
            "clickCount": 2,
            "blurCount": 0
        },
        "pageLoadTime": {
            "loadStart": 1730831400000,
            "loadEnd": 1730831400126
        },
        "productId": "TRK-TlxlcwGkl19t",
        "pathCounts": {
            "/cart": 8,
            "/settings": 3,
            "/home": 7
        }
    },
    {
        "start": 1730831400,
        "end": 1730833920,
        "bounce": {
            "isBounced": true,
            "pathname": "/frontend/index.html"
        },
        "device": "Laptop",
        "browser": "Chrome",
        "location": {
            "latitude": -78.044267,
            "longitude": 143.013286
        },
        "uniqueId": "aca50ebd-2a70-41b2-a3f9-1a2deecc8322",
        "pathname": "/settings",
        "language": "oc",
        "referrer": "https://baxter.com/",
        "events": {
            "loadCount": 8,
            "visibilitychangeCount": 6,
            "resizeCount": 9,
            "focusCount": 10,
            "clickCount": 10,
            "blurCount": 8
        },
        "pageLoadTime": {
            "loadStart": 1730831400000,
            "loadEnd": 1730831400635
        },
        "productId": "TRK-89olAsKyNOG7",
        "pathCounts": {
            "/cart": 3,
            "/home/dashboard": 10,
            "/checkout": 5
        }
    }
]