[
    {
        "start": 1734201000,
        "end": 1734202560,
        "bounce": {
            "isBounced": true,
            "pathname": "/frontend/index.html"
        },
        "device": "Tablet",
        "browser": "Safari",
        "location": {
            "latitude": 68.364864,
            "longitude": -26.099359
        },
        "uniqueId": "4f113d91-1e3e-46f7-a9ca-95f02de96297",
        "pathname": "/home",
        "language": "tt",
        "referrer": "https://www.lawrence.com/",
        "events": {
            "loadCount": 6,
            "visibilitychangeCount": 0,
            "resizeCount": 7,
            "focusCount": 7,
            "clickCount": 5,
            "blurCount": 6
        },
        "pageLoadTime": {
            "loadStart": 1734201000000,
            "loadEnd": 1734201000209
        },
        "productId": "TRK-89olAsKyNOG7",
        "pathCounts": {
            "/login": 2,
            "/home": 6
        }
    },
    {
        "start": 1734201000,
        "end": 1734202620,
        "bounce": {
            "isBounced": true,
            "pathname": "/frontend/index.html"
        },
        "device": "Mobile",
        "browser": "Safari",
        "location": {
            "latitude": 19.5795825,
            "longitude": 154.483192
        },
        "uniqueId": "14ec54a1-24e9-462b-9378-3e9d812cba5a",
        "pathname": "/home",
        "language": "tt",
        "referrer": "http://www.lambert.com/",
        "events": {
            "loadCount": 0,
            "visibilitychangeCount": 9,
            "resizeCount": 3,
            "focusCount": 6,
            "clickCount": 7,
            "blurCount": 6
        },
        "pageLoadTime": {
            "loadStart": 1734201000000,
            "loadEnd": 1734201000425
        },
        "productId": "TRK-Ob2CJVFgaau7",
        "pathCounts": {
            "/login": 4,
            "/checkout": 2,
            "/cart": 8,
            "/profile": 4
        }
    },
    {
        "start": 1734201000,
        "end": 1734202860,
        "bounce": {
            "isBounced": true,
            "pathname": "/frontend/index.html"
        },
        "device": "Laptop",
        "browser": "Chrome",
        "location": {
            "latitude": 64.02359,
            "longitude": 48.206031
        },
        "uniqueId": "5bde6480-0ab0-43b2-8529-ae22b458f836",
        "pathname": "/profile",
        "language": "ckb",
        "referrer": "http://sanders-mitchell.info/",
        "events": {
            "loadCount": 4,
            "visibilitychangeCount": 3,
            "resizeCount": 7,
            "focusCount": 7,
            "clickCount": 6,
            "blurCount": 2
        },
        "pageLoadTime": {
            "loadStart": 1734201000000,
            "loadEnd": 1734201000303
        },
        "productId": "TRK-TlxlcwGkl19t",
        "pathCounts": {
            "/settings": 10,
            "/profile": 2,
            "/home": 2
        }
    },
    {
        "start": 1734201000,
        "end": 1734202380,
        "bounce": {
            "isBounced": true,
            "pathname": "/frontend/index.html"
        },
        "device": "Laptop",
        "browser": "Mozilla",
        "location": {
            "latitude": -56.676159,
            "longitude": 38.839402
        },
        "uniqueId": "77f0712b-554f-4c5c-9898-14e7c77b26a0",
        "pathname": "/profile",
        "language": "ayc",
        "referrer": "",
        "events": {
            "loadCount": 1,
            "visibilitychangeCount": 10,
            "resizeCount": 6,
            "focusCount": 10,
            "clickCount": 8,
            "blurCount": 5
        },
        "pageLoadTime": {
            "loadStart": 1734201000000,
            "loadEnd": 1734201000737
        },
        "productId": "TRK-TlxlcwGkl19t",
        "pathCounts": {
            "/home/dashboard": 5,
            "/login": 1,
            "/settings": 7,
            "/profile": 4
        }
    },
    {
        "start": 1734201000,
        "end": 1734203880,
        "bounce": {
            "isBounced": true,
            "pathname": "/frontend/index.html"
        },
        "device": "Desktop",
        "browser": "Chrome",
        "location": {
            "latitude": -69.563939,
            "longitude": 69.25958
        },
        "uniqueId": "aa76de66-83a4-4c21-92f5-cfe20525387a",
        "pathname": "/settings",
        "language": "hr",
        "referrer": "",
        "events": {
            "loadCount": 5,
            "visibilitychangeCount": 4,
            "resizeCount": 5,
            "focusCount": 4,
            "clickCount": 6,
            "blurCount": 6
        },
        "pageLoadTime": {
            "loadStart": 1734201000000,
            "loadEnd": 1734201000463
        },
        "productId": "TRK-TlxlcwGkl19t",
        "pathCounts": {
            "/settings": 9,
            "/checkout": 7,
            "/profile": 2
        }
    },
    {
        "start": 1734201000,
        "end": 1734202320,
        "bounce": {
            "isBounced": true,
            "pathname": "/frontend/index.html"
        },
        "device": "Mobile",
        "browser": "Safari",
        "location": {
            "latitude": -41.5854185,
            "longitude": 76.239146
        },
        "uniqueId": "3da55713-36de-4077-9d4d-626d934aafe0",
        "pathname": "/dashboard",
        "language": "lv",
        "referrer": "https://www.mcconnell-morse.com/",
        "events": {
            "loadCount": 6,
            "visibilitychangeCount": 2,
            "resizeCount": 0,
            "focusCount": 1,
            "clickCount": 9,
            "blurCount": 4
        },
        "pageLoadTime": {
            "loadStart": 1734201000000,
            "loadEnd": 1734201000497
        },
        "productId": "TRK-TlxlcwGkl19t",
        "pathCounts": {
            "/profile": 2,
            "/checkout": 3,
            "/settings": 6
        }
    },
    {
        "start": 1734201000,
        "end": 1734202560,
        "bounce": {
            "isBounced": true,
            "pathname": "/frontend/index.html"
        },
        "device": "Tablet",
        "browser": "Safari",
        "location": {
            "latitude": -58.795409,
            "longitude": -174.159741
        },
        "uniqueId": "d86a654c-f156-4873-9fec-b758bd53146a",
        "pathname": "/frontend/index.html",
        "language": "nr",
        "referrer": "",
        "events": {
            "loadCount": 7,
            "visibilitychangeCount": 6,
            "resizeCount": 3,
            "focusCount": 6,
            "clickCount": 8,
            "blurCount": 10
        },
        "pageLoadTime": {
            "loadStart": 1734201000000,
            "loadEnd": 1734201000868
        },
        "productId": "TRK-Ob2CJVFgaau7",
        "pathCounts": {
            "/home/dashboard": 8,
            "/checkout": 6,
            "/cart": 3,
            "/home": 5,
            "/profile": 1
        }
    },
    {
        "start": 1734201000,
        "end": 1734201420,
        "bounce": {
            "isBounced": false,
            "pathname": "/frontend/index.html"
        },
        "device": "Desktop",
        "browser": "Edge",
        "location": {
            "latitude": -80.7131905,
            "longitude": 99.165994
        },
        "uniqueId": "9b47b488-09f3-4d00-a56c-8c970bdfab8e",
        "pathname": "/profile",
        "language": "iu",
        "referrer": "http://wright.com/",
        "events": {
            "loadCount": 4,
            "visibilitychangeCount": 3,
            "resizeCount": 4,
            "focusCount": 7,
            "clickCount": 10,
            "blurCount": 3
        },
        "pageLoadTime": {
            "loadStart": 1734201000000,
            "loadEnd": 1734201000120
        },
        "productId": "TRK-Ob2CJVFgaau7",
        "pathCounts": {
            "/home/dashboard": 5,
            "/cart": 8,
            "/home/create": 2,
            "/login": 3
        }
    },
    {
        "start": 1734201000,
        "end": 1734204060,
        "bounce": {
            "isBounced": true,
            "pathname": "/frontend/index.html"
        },
        "device": "Tablet",
        "browser": "Chrome",
        "location": {
            "latitude": 62.7158925,
            "longitude": -163.427985
        },
        "uniqueId": "37f86d6c-c234-4339-9c0f-ec3bdaab8536",
        "pathname": "/frontend/index.html",
        "language": "mt",
        "referrer": "https://www.webster-webb.com/",
        "events": {
            "loadCount": 4,
            "visibilitychangeCount": 10,
            "resizeCount": 8,
            "focusCount": 7,
            "clickCount": 7,
            "blurCount": 2
        },
        "pageLoadTime": {
            "loadStart": 1734201000000,
            "loadEnd": 1734201000743
        },
        "productId": "TRK-TlxlcwGkl19t",
        "pathCounts": {
            "/home/dashboard": 7,
            "/profile": 9,
            "/checkout": 10
        }
    },
    {
        "start": 1734201000,
        "end": 1734202380,
        "bounce": {
            "isBounced": false,
            "pathname": "/frontend/index.html"
        },
        "device": "Desktop",
        "browser": "Chrome",
        "location": {
            "latitude": 3.2533305,
            "longitude": -50.625819
        },
        "uniqueId": "f9c7e851-4d89-46ce-8678-25b88916a574",
        "pathname": "/profile",
        "language": "sid",
        "referrer": "",
        "events": {
            "loadCount": 7,
            "visibilitychangeCount": 8,
            "resizeCount": 10,
            "focusCount": 2,
            "clickCount": 8,
            "blurCount": 0
        },
        "pageLoadTime": {
            "loadStart": 1734201000000,
            "loadEnd": 1734201000068
        },
        "productId": "TRK-89olAsKyNOG7",
        "pathCounts": {
            "/login": 2,
            "/profile": 7,
            "/home/dashboard": 4
        }
    },
    {
        "start": 1734201000,
        "end": 1734203880,
        "bounce": {
            "isBounced": true,
            "pathname": "/frontend/index.html"
        },
        "device": "Laptop",
        "browser": "Safari",
        "location": {
            "latitude": -56.139457,
            "longitude": -52.588602
        },
        "uniqueId": "31b1cad6-43b6-4fa7-95e5-7d79676b01e7",
        "pathname": "/settings",
        "language": "kl",
        "referrer": "https://www.jenkins-hanna.com/",
        "events": {
            "loadCount": 8,
            "visibilitychangeCount": 9,
            "resizeCount": 10,
            "focusCount": 9,
            "clickCount": 8,
            "blurCount": 3
        },
        "pageLoadTime": {
            "loadStart": 1734201000000,
            "loadEnd": 1734201000273
        },
        "productId": "TRK-89olAsKyNOG7",
        "pathCounts": {
            "/settings": 1,
            "/home/dashboard": 9,
            "/login": 9
        }
    },
    {
        "start": 1734201000,
        "end": 1734204060,
        "bounce": {
            "isBounced": false,
            "pathname": "/frontend/index.html"
        },
        "device": "Tablet",
        "browser": "Safari",
        "location": {
            "latitude": -57.756661,
            "longitude": 173.947448
        },
        "uniqueId": "77f0712b-554f-4c5c-9898-14e7c77b26a0",
        "pathname": "/home",
        "language": "se",
        "referrer": "http://www.jacobs-clements.info/",
        "events": {
            "loadCount": 5,
            "visibilitychangeCount": 8,
            "resizeCount": 8,
            "focusCount": 7,
            "clickCount": 7,
            "blurCount": 10
        },
        "pageLoadTime": {
            "loadStart": 1734201000000,
            "loadEnd": 1734201000279
        },
        "productId": "TRK-TlxlcwGkl19t",
        "pathCounts": {
            "/home": 5,
            "/profile": 8,
            "/home/create": 1
        }
    },
    {
        "start": 1734201000,
        "end": 1734202680,
        "bounce": {
            "isBounced": false,
            "pathname": "/frontend/index.html"
        },
        "device": "Tablet",
        "browser": "Mozilla",
        "location": {
            "latitude": 77.5928065,
            "longitude": -13.728727
        },
        "uniqueId": "9ce1bf0b-8366-40e1-b77c-9493a981c91b",
        "pathname": "/home",
        "language": "es",
        "referrer": "",
        "events": {
            "loadCount": 4,
            "visibilitychangeCount": 10,
            "resizeCount": 5,
            "focusCount": 2,
            "clickCount": 8,
            "blurCount": 2
        },
        "pageLoadTime": {
            "loadStart": 1734201000000,
            "loadEnd": 1734201000111
        },
        "productId": "TRK-TlxlcwGkl19t",
        "pathCounts": {
            "/settings": 10,
            "/profile": 10,
            "/checkout": 9,
            "/home/dashboard": 1
        }
    },
    {
        "start": 1734201000,
        "end": 1734201840,
        "bounce": {
            "isBounced": true,
            "pathname": "/frontend/index.html"
        },
        "device": "Desktop",
        "browser": "Mozilla",
        "location": {
            "latitude": 1.3012485,
            "longitude": -178.650299
        },
        "uniqueId": "77f0712b-554f-4c5c-9898-14e7c77b26a0",
        "pathname": "/home",
        "language": "bhb",
        "referrer": "https://www.palmer.com/",
        "events": {
            "loadCount": 10,
            "visibilitychangeCount": 9,
            "resizeCount": 9,
            "focusCount": 7,
            "clickCount": 0,
            "blurCount": 1
        },
        "pageLoadTime": {
            "loadStart": 1734201000000,
            "loadEnd": 1734201000280
        },
        "productId": "TRK-TlxlcwGkl19t",
        "pathCounts": {
            "/home/dashboard": 10,
            "/login": 2,
            "/settings": 1
        }
    },
    {
        "start": 1734201000,
        "end": 1734202080,
        "bounce": {
            "isBounced": true,
            "pathname": "/frontend/index.html"
        },
        "device": "Mobile",
        "browser": "Safari",
        "location": {
            "latitude": 28.879488,
            "longitude": -113.141449
        },
        "uniqueId": "aca50ebd-2a70-41b2-a3f9-1a2deecc8322",
        "pathname": "/settings",
        "language": "hne",
        "referrer": "",
        "events": {
            "loadCount": 9,
            "visibilitychangeCount": 2,
            "resizeCount": 4,
            "focusCount": 5,
            "clickCount": 1,
            "blurCount": 10
        },
        "pageLoadTime": {
            "loadStart": 1734201000000,
            "loadEnd": 1734201000775
        },
        "productId": "TRK-Ob2CJVFgaau7",
        "pathCounts": {
            "/login": 10,
            "/home/create": 2,
            "/cart": 10
        }
    },
    {
        "start": 1734201000,
        "end": 1734203760,
        "bounce": {
            "isBounced": false,
            "pathname": "/frontend/index.html"
        },
        "device": "Tablet",
        "browser": "Safari",
        "location": {
            "latitude": 77.123127,
            "longitude": 27.668743
        },
        "uniqueId": "31b1cad6-43b6-4fa7-95e5-7d79676b01e7",
        "pathname": "/settings",
        "language": "aa",
        "referrer": "http://www.zimmerman.com/",
        "events": {
            "loadCount": 0,
            "visibilitychangeCount": 0,
            "resizeCount": 0,
            "focusCount": 1,
            "clickCount": 5,
            "blurCount": 2
        },
        "pageLoadTime": {
            "loadStart": 1734201000000,
            "loadEnd": 1734201000646
        },
        "productId": "TRK-Ob2CJVFgaau7",
        "pathCounts": {
            "/profile": 9,
            "/checkout": 8
        }
    }
]