[
    {
        "start": 1729362600,
        "end": 1729362900,
        "bounce": {
            "isBounced": true,
            "pathname": "/frontend/index.html"
        },
        "device": "Mobile",
        "browser": "Mozilla",
        "location": {
            "latitude": 57.758045,
            "longitude": -140.072069
        },
        "uniqueId": "625ea2f3-d6f3-47f0-abd3-a204ea4eb491",
        "pathname": "/home",
        "language": "cmn",
        "referrer": "http://smith-green.biz/",
        "events": {
            "loadCount": 7,
            "visibilitychangeCount": 2,
            "resizeCount": 10,
            "focusCount": 9,
            "clickCount": 10,
            "blurCount": 1
        },
        "pageLoadTime": {
            "loadStart": 1729362600000,
            "loadEnd": 1729362600120
        },
        "productId": "TRK-89olAsKyNOG7",
        "pathCounts": {
            "/profile": 8,
            "/cart": 5,
            "/login": 10
        }
    },
    {
        "start": 1729362600,
        "end": 1729362900,
        "bounce": {
            "isBounced": true,
            "pathname": "/frontend/index.html"
        },
        "device": "Desktop",
        "browser": "Chrome",
        "location": {
            "latitude": 52.0745715,
            "longitude": -118.062584
        },
        "uniqueId": "31b1cad6-43b6-4fa7-95e5-7d79676b01e7",
        "pathname": "/settings",
        "language": "pl",
        "referrer": "https://www.perkins-brooks.net/",
        "events": {
            "loadCount": 1,
            "visibilitychangeCount": 9,
            "resizeCount": 3,
            "focusCount": 6,
            "clickCount": 1,
            "blurCount": 6
        },
        "pageLoadTime": {
            "loadStart": 1729362600000,
            "loadEnd": 1729362600823
        },
        "productId": "TRK-89olAsKyNOG7",
        "pathCounts": {
            "/cart": 7,
            "/profile": 6,
            "/home/create": 1
        }
    },
    {
        "start": 1729362600,
        "end": 1729365240,
        "bounce": {
            "isBounced": true,
            "pathname": "/frontend/index.html"
        },
        "device": "Desktop",
        "browser": "Mozilla",
        "location": {
            "latitude": -35.6195045,
            "longitude": 33.029627
        },
        "uniqueId": "f9c7e851-4d89-46ce-8678-25b88916a574",
        "pathname": "/settings",
        "language": "niu",
        "referrer": "https://www.moss.info/",
        "events": {
            "loadCount": 3,
            "visibilitychangeCount": 6,
            "resizeCount": 0,
            "focusCount": 6,
            "clickCount": 3,
            "blurCount": 7
        },
        "pageLoadTime": {
            "loadStart": 1729362600000,
            "loadEnd": 1729362600371
        },
        "productId": "TRK-Ob2CJVFgaau7",
        "pathCounts": {
            "/home": 6,
            "/home/create": 3,
            "/home/dashboard": 9
        }
    },
    {
        "start": 1729362600,
        "end": 1729365540,
        "bounce": {
            "isBounced": true,
            "pathname": "/frontend/index.html"
        },
        "device": "Mobile",
        "browser": "Edge",
        "location": {
            "latitude": -61.454312,
            "longitude": -176.007341
        },
        "uniqueId": "f9c7e851-4d89-46ce-8678-25b88916a574",
        "pathname": "/frontend/index.html",
        "language": "it",
        "referrer": "https://www.larson-hull.com/",
        "events": {
            "loadCount": 8,
            "visibilitychangeCount": 4,
            "resizeCount": 4,
            "focusCount": 7,
            "clickCount": 2,
            "blurCount": 7
        },
        "pageLoadTime": {
            "loadStart": 1729362600000,
            "loadEnd": 1729362600734
        },
        "productId": "TRK-TlxlcwGkl19t",
        "pathCounts": {
            "/home": 10,
            "/login": 7,
            "/checkout": 8
        }
    },
    {
        "start": 1729362600,
        "end": 1729364640,
        "bounce": {
            "isBounced": false,
            "pathname": "/frontend/index.html"
        },
        "device": "Laptop",
        "browser": "Edge",
        "location": {
            "latitude": 36.9464545,
            "longitude": -52.055958
        },
        "uniqueId": "9b47b488-09f3-4d00-a56c-8c970bdfab8e",
        "pathname": "/home",
        "language": "ig",
        "referrer": "",
        "events": {
            "loadCount": 3,
            "visibilitychangeCount": 1,
            "resizeCount": 4,
            "focusCount": 6,
            "clickCount": 5,
            "blurCount": 5
        },
        "pageLoadTime": {
            "loadStart": 1729362600000,
            "loadEnd": 1729362600089
        },
        "productId": "TRK-89olAsKyNOG7",
        "pathCounts": {
            "/home/create": 1,
            "/checkout": 2,
            "/profile": 8
        }
    },
    {
        "start": 1729362600,
        "end": 1729362720,
        "bounce": {
            "isBounced": true,
            "pathname": "/frontend/index.html"
        },
        "device": "Mobile",
        "browser": "Chrome",
        "location": {
            "latitude": -39.2086395,
            "longitude": 165.914128
        },
        "uniqueId": "77f0712b-554f-4c5c-9898-14e7c77b26a0",
        "pathname": "/dashboard",
        "language": "gez",
        "referrer": "http://navarro.org/",
        "events": {
            "loadCount": 9,
            "visibilitychangeCount": 1,
            "resizeCount": 7,
            "focusCount": 0,
            "clickCount": 7,
            "blurCount": 6
        },
        "pageLoadTime": {
            "loadStart": 1729362600000,
            "loadEnd": 1729362600199
        },
        "productId": "TRK-Ob2CJVFgaau7",
        "pathCounts": {
            "/cart": 5,
            "/home/dashboard": 8,
            "/profile": 7
        }
    },
    {
        "start": 1729362600,
        "end": 1729363140,
        "bounce": {
            "isBounced": false,
            "pathname": "/frontend/index.html"
        },
        "device": "Laptop",
        "browser": "Safari",
        "location": {
            "latitude": 13.5026795,
            "longitude": 176.810549
        },
        "uniqueId": "77f0712b-554f-4c5c-9898-14e7c77b26a0",
        "pathname": "/frontend/index.html",
        "language": "hy",
        "referrer": "http://gonzalez.org/",
        "events": {
            "loadCount": 4,
            "visibilitychangeCount": 1,
            "resizeCount": 7,
            "focusCount": 1,
            "clickCount": 8,
            "blurCount": 4
        },
        "pageLoadTime": {
            "loadStart": 1729362600000,
            "loadEnd": 1729362600306
        },
        "productId": "TRK-89olAsKyNOG7",
        "pathCounts": {
            "/home/dashboard": 3,
            "/checkout": 2,
            "/home/create": 4
        }
    },
    {
        "start": 1729362600,
        "end": 1729365540,
        "bounce": {
            "isBounced": false,
            "pathname": "/frontend/index.html"
        },
        "device": "Laptop",
        "browser": "Safari",
        "location": {
            "latitude": 11.772864,
            "longitude": -102.665786
        },
        "uniqueId": "d86a654c-f156-4873-9fec-b758bd53146a",
        "pathname": "/settings",
        "language": "ne",
        "referrer": "http://www.roberts-sanchez.net/",
        "events": {
            "loadCount": 9,
            "visibilitychangeCount": 9,
            "resizeCount": 10,
            "focusCount": 0,
            "clickCount": 1,
            "blurCount": 10
        },
        "pageLoadTime": {
            "loadStart": 1729362600000,
            "loadEnd": 1729362600415
        },
        "productId": "TRK-TlxlcwGkl19t",
        "pathCounts": {
            "/login": 10,
            "/home/create": 4,
            "/cart": 4,
            "/home/dashboard": 6,
            "/home": 5
        }
    },
    {
        "start": 1729362600,
        "end": 1729364700,
        "bounce": {
            "isBounced": false,
            "pathname": "/frontend/index.html"
        },
        "device": "Tablet",
        "browser": "Safari",
        "location": {
            "latitude": -34.7107005,
            "longitude": 147.693542
        },
        "uniqueId": "aca50ebd-2a70-41b2-a3f9-1a2deecc8322",
        "pathname": "/profile",
        "language": "ro",
        "referrer": "",
        "events": {
            "loadCount": 9,
            "visibilitychangeCount": 4,
            "resizeCount": 5,
            "focusCount": 2,
            "clickCount": 10,
            "blurCount": 3
        },
        "pageLoadTime": {
            "loadStart": 1729362600000,
            "loadEnd": 1729362600458
        },
        "productId": "TRK-89olAsKyNOG7",
        "pathCounts": {
            "/profile": 4,
            "/cart": 7,
            "/home/create": 7,
            "/home": 5,
            "/login": 4
        }
    },
    {
        "start": 1729362600,
        "end": 1729365660,
        "bounce": {
            "isBounced": false,
            "pathname": "/frontend/index.html"
        },
        "device": "Mobile",
        "browser": "Chrome",
        "location": {
            "latitude": 35.054536,
            "longitude": -40.036561
        },
        "uniqueId": "111907fd-95b7-4729-a2af-e51ad656e288",
        "pathname": "/dashboard",
        "language": "se",
        "referrer": "https://www.fuller.com/",
        "events": {
            "loadCount": 10,
            "visibilitychangeCount": 7,
            "resizeCount": 4,
            "focusCount": 4,
            "clickCount": 3,
            "blurCount": 9
        },
        "pageLoadTime": {
            "loadStart": 1729362600000,
            "loadEnd": 1729362600700
        },
        "productId": "TRK-TlxlcwGkl19t",
        "pathCounts": {
            "/profile": 2,
            "/home/create": 9,
            "/login": 6,
            "/home": 8
        }
    },
    {
        "start": 1729362600,
        "end": 1729365180,
        "bounce": {
            "isBounced": true,
            "pathname": "/frontend/index.html"
        },
        "device": "Laptop",
        "browser": "Safari",
        "location": {
            "latitude": 57.8707465,
            "longitude": 108.45606
        },
        "uniqueId": "9ce1bf0b-8366-40e1-b77c-9493a981c91b",
        "pathname": "/settings",
        "language": "ckb",
        "referrer": "https://www.parsons-parker.biz/",
        "events": {
            "loadCount": 4,
            "visibilitychangeCount": 10,
            "resizeCount": 9,
            "focusCount": 1,
            "clickCount": 8,
            "blurCount": 5
        },
        "pageLoadTime": {
            "loadStart": 1729362600000,
            "loadEnd": 1729362600290
        },
        "productId": "TRK-Ob2CJVFgaau7",
        "pathCounts": {
            "/home/create": 7,
            "/checkout": 4,
            "/settings": 3
        }
    },
    {
        "start": 1729362600,
        "end": 1729365600,
        "bounce": {
            "isBounced": true,
            "pathname": "/frontend/index.html"
        },
        "device": "Laptop",
        "browser": "Safari",
        "location": {
            "latitude": 44.9983935,
            "longitude": -152.744097
        },
        "uniqueId": "37f86d6c-c234-4339-9c0f-ec3bdaab8536",
        "pathname": "/frontend/index.html",
        "language": "wo",
        "referrer": "https://www.baker-oneill.com/",
        "events": {
            "loadCount": 6,
            "visibilitychangeCount": 10,
            "resizeCount": 8,
            "focusCount": 3,
            "clickCount": 6,
            "blurCount": 10
        },
        "pageLoadTime": {
            "loadStart": 1729362600000,
            "loadEnd": 1729362600091
        },
        "productId": "TRK-89olAsKyNOG7",
        "pathCounts": {
            "/home/dashboard": 8,
            "/login": 10,
            "/home": 4,
            "/profile": 7
        }
    },
    {
        "start": 1729362600,
        "end": 1729364100,
        "bounce": {
            "isBounced": false,
            "pathname": "/frontend/index.html"
        },
        "device": "Desktop",
        "browser": "Mozilla",
        "location": {
            "latitude": 56.4880515,
            "longitude": 20.961447
        },
        "uniqueId": "ca9d1f5f-925b-4a59-b362-4703a75ad77c",
        "pathname": "/frontend/index.html",
        "language": "am",
        "referrer": "",
        "events": {
            "loadCount": 8,
            "visibilitychangeCount": 6,
            "resizeCount": 6,
            "focusCount": 0,
            "clickCount": 6,
            "blurCount": 6
        },
        "pageLoadTime": {
            "loadStart": 1729362600000,
            "loadEnd": 1729362600339
        },
        "productId": "TRK-TlxlcwGkl19t",
        "pathCounts": {
            "/cart": 5,
            "/login": 1
        }
    },
    {
        "start": 1729362600,
        "end": 1729364520,
        "bounce": {
            "isBounced": false,
            "pathname": "/frontend/index.html"
        },
        "device": "Tablet",
        "browser": "Safari",
        "location": {
            "latitude": -53.643752,
            "longitude": -164.84984
        },
        "uniqueId": "aca50ebd-2a70-41b2-a3f9-1a2deecc8322",
        "pathname": "/settings",
        "language": "af",
        "referrer": "https://williams.net/",
        "events": {
            "loadCount": 7,
            "visibilitychangeCount": 5,
            "resizeCount": 0,
            "focusCount": 1,
            "clickCount": 4,
            "blurCount": 8
        },
        "pageLoadTime": {
            "loadStart": 1729362600000,
            "loadEnd": 1729362600920
        },
        "productId": "TRK-89olAsKyNOG7",
        "pathCounts": {
            "/login": 3,
            "/settings": 6,
            "/checkout": 6
        }
    },
    {
        "start": 1729362600,
        "end": 1729365420,
        "bounce": {
            "isBounced": true,
            "pathname": "/frontend/index.html"
        },
        "device": "Desktop",
        "browser": "Edge",
        "location": {
            "latitude": -14.941884,
            "longitude": 145.220656
        },
        "uniqueId": "aca50ebd-2a70-41b2-a3f9-1a2deecc8322",
        "pathname": "/frontend/index.html",
        "language": "sd",
        "referrer": "",
        "events": {
            "loadCount": 7,
            "visibilitychangeCount": 3,
            "resizeCount": 4,
            "focusCount": 8,
            "clickCount": 3,
            "blurCount": 6
        },
        "pageLoadTime": {
            "loadStart": 1729362600000,
            "loadEnd": 1729362600230
        },
        "productId": "TRK-TlxlcwGkl19t",
        "pathCounts": {
            "/login": 5,
            "/checkout": 6,
            "/home": 8,
            "/home/dashboard": 1
        }
    },
    {
        "start": 1729362600,
        "end": 1729364400,
        "bounce": {
            "isBounced": true,
            "pathname": "/frontend/index.html"
        },
        "device": "Tablet",
        "browser": "Mozilla",
        "location": {
            "latitude": 74.288187,
            "longitude": -83.914276
        },
        "uniqueId": "77f0712b-554f-4c5c-9898-14e7c77b26a0",
        "pathname": "/home",
        "language": "et",
        "referrer": "https://rose-hall.net/",
        "events": {
            "loadCount": 4,
            "visibilitychangeCount": 3,
            "resizeCount": 6,
            "focusCount": 10,
            "clickCount": 8,
            "blurCount": 9
        },
        "pageLoadTime": {
            "loadStart": 1729362600000,
            "loadEnd": 1729362600579
        },
        "productId": "TRK-Ob2CJVFgaau7",
        "pathCounts": {
            "/settings": 2,
            "/home/create": 8,
            "/profile": 6,
            "/home/dashboard": 8
        }
    },
    {
        "start": 1729362600,
        "end": 1729365960,
        "bounce": {
            "isBounced": false,
            "pathname": "/frontend/index.html"
        },
        "device": "Mobile",
        "browser": "Safari",
        "location": {
            "latitude": 7.680634,
            "longitude": -128.424185
        },
        "uniqueId": "9b47b488-09f3-4d00-a56c-8c970bdfab8e",
        "pathname": "/frontend/index.html",
        "language": "lij",
        "referrer": "http://wiley.com/",
        "events": {
            "loadCount": 4,
            "visibilitychangeCount": 5,
            "resizeCount": 5,
            "focusCount": 6,
            "clickCount": 4,
            "blurCount": 7
        },
        "pageLoadTime": {
            "loadStart": 1729362600000,
            "loadEnd": 1729362600083
        },
        "productId": "TRK-Ob2CJVFgaau7",
        "pathCounts": {
            "/profile": 8,
            "/checkout": 1,
            "/home/create": 6
        }
    }
]