[
    {
        "start": 1732041000,
        "end": 1732042860,
        "bounce": {
            "isBounced": false,
            "pathname": "/frontend/index.html"
        },
        "device": "Tablet",
        "browser": "Safari",
        "location": {
            "latitude": -7.672591,
            "longitude": 28.331778
        },
        "uniqueId": "aca50ebd-2a70-41b2-a3f9-1a2deecc8322",
        "pathname": "/dashboard",
        "language": "id",
        "referrer": "http://www.rubio-daniels.com/",
        "events": {
            "loadCount": 7,
            "visibilitychangeCount": 2,
            "resizeCount": 6,
            "focusCount": 4,
            "clickCount": 6,
            "blurCount": 1
        },
        "pageLoadTime": {
            "loadStart": 1732041000000,
            "loadEnd": 1732041000573
        },
        "productId": "TRK-89olAsKyNOG7",
        "pathCounts": {
            "/profile": 8,
            "/cart": 2
        }
    },
    {
        "start": 1732041000,
        "end": 1732042020,
        "bounce": {
            "isBounced": false,
            "pathname": "/frontend/index.html"
        },
        "device": "Mobile",
        "browser": "Safari",
        "location": {
            "latitude": 32.9724695,
            "longitude": -101.41772
        },
        "uniqueId": "aa76de66-83a4-4c21-92f5-cfe20525387a",
        "pathname": "/dashboard",
        "language": "zu",
        "referrer": "",
        "events": {
            "loadCount": 0,
            "visibilitychangeCount": 8,
            "resizeCount": 4,
            "focusCount": 8,
            "clickCount": 1,
            "blurCount": 0
        },
        "pageLoadTime": {
            "loadStart": 1732041000000,
            "loadEnd": 1732041000021
        },
        "productId": "TRK-Ob2CJVFgaau7",
        "pathCounts": {
            "/home/dashboard": 5,
            "/cart": 4,
            "/home/create": 6,
            "/checkout": 10
        }
    },
    {
        "start": 1732041000,
        "end": 1732043340,
        "bounce": {
            "isBounced": false,
            "pathname": "/frontend/index.html"
        },
        "device": "Tablet",
        "browser": "Mozilla",
        "location": {
            "latitude": 35.539199,
            "longitude": -26.381014
        },
        "uniqueId": "3da55713-36de-4077-9d4d-626d934aafe0",
        "pathname": "/dashboard",
        "language": "pap",
        "referrer": "",
        "events": {
            "loadCount": 3,
            "visibilitychangeCount": 9,
            "resizeCount": 1,
            "focusCount": 6,
            "clickCount": 8,
            "blurCount": 1
        },
        "pageLoadTime": {
            "loadStart": 1732041000000,
            "loadEnd": 1732041000011
        },
        "productId": "TRK-Ob2CJVFgaau7",
        "pathCounts": {
            "/home": 1,
            "/settings": 4,
            "/profile": 3,
            "/cart": 1,
            "/home/dashboard": 6
        }
    },
    {
        "start": 1732041000,
        "end": 1732042140,
        "bounce": {
            "isBounced": true,
            "pathname": "/frontend/index.html"
        },
        "device": "Laptop",
        "browser": "Edge",
        "location": {
            "latitude": -53.9049355,
            "longitude": 136.312789
        },
        "uniqueId": "aca50ebd-2a70-41b2-a3f9-1a2deecc8322",
        "pathname": "/home",
        "language": "gv",
        "referrer": "http://jones.com/",
        "events": {
            "loadCount": 7,
            "visibilitychangeCount": 2,
            "resizeCount": 8,
            "focusCount": 2,
            "clickCount": 7,
            "blurCount": 4
        },
        "pageLoadTime": {
            "loadStart": 1732041000000,
            "loadEnd": 1732041000331
        },
        "productId": "TRK-TlxlcwGkl19t",
        "pathCounts": {
            "/home/create": 5,
            "/home/dashboard": 1,
            "/cart": 7,
            "/checkout": 7,
            "/home": 6
        }
    },
    {
        "start": 1732041000,
        "end": 1732042140,
        "bounce": {
            "isBounced": true,
            "pathname": "/frontend/index.html"
        },
        "device": "Mobile",
        "browser": "Mozilla",
        "location": {
            "latitude": 44.3635205,
            "longitude": -148.167112
        },
        "uniqueId": "3da55713-36de-4077-9d4d-626d934aafe0",
        "pathname": "/settings",
        "language": "lo",
        "referrer": "",
        "events": {
            "loadCount": 3,
            "visibilitychangeCount": 6,
            "resizeCount": 1,
            "focusCount": 8,
            "clickCount": 0,
            "blurCount": 10
        },
        "pageLoadTime": {
            "loadStart": 1732041000000,
            "loadEnd": 1732041000384
        },
        "productId": "TRK-TlxlcwGkl19t",
        "pathCounts": {
            "/home": 4,
            "/cart": 1,
            "/home/dashboard": 5
        }
    }
]