[
    {
        "start": 1729794600,
        "end": 1729795800,
        "bounce": {
            "isBounced": false,
            "pathname": "/frontend/index.html"
        },
        "device": "Mobile",
        "browser": "Chrome",
        "location": {
            "latitude": 87.109416,
            "longitude": -105.553939
        },
        "uniqueId": "f9c7e851-4d89-46ce-8678-25b88916a574",
        "pathname": "/dashboard",
        "language": "nhn",
        "referrer": "",
        "events": {
            "loadCount": 4,
            "visibilitychangeCount": 3,
            "resizeCount": 7,
            "focusCount": 1,
            "clickCount": 1,
            "blurCount": 6
        },
        "pageLoadTime": {
            "loadStart": 1729794600000,
            "loadEnd": 1729794600263
        },
        "productId": "TRK-Ob2CJVFgaau7",
        "pathCounts": {
            "/checkout": 9,
            "/settings": 2,
            "/login": 6
        }
    },
    {
        "start": 1729794600,
        "end": 1729797180,
        "bounce": {
            "isBounced": true,
            "pathname": "/frontend/index.html"
        },
        "device": "Tablet",
        "browser": "Safari",
        "location": {
            "latitude": 29.78649,
            "longitude": -15.543956
        },
        "uniqueId": "3ba5c0ca-2d1c-4d75-82b7-a2c821f2ea43",
        "pathname": "/dashboard",
        "language": "mn",
        "referrer": "",
        "events": {
            "loadCount": 8,
            "visibilitychangeCount": 10,
            "resizeCount": 6,
            "focusCount": 8,
            "clickCount": 2,
            "blurCount": 3
        },
        "pageLoadTime": {
            "loadStart": 1729794600000,
            "loadEnd": 1729794600896
        },
        "productId": "TRK-89olAsKyNOG7",
        "pathCounts": {
            "/checkout": 5,
            "/login": 2,
            "/home/create": 5,
            "/home/dashboard": 7
        }
    },
    {
        "start": 1729794600,
        "end": 1729797840,
        "bounce": {
            "isBounced": true,
            "pathname": "/frontend/index.html"
        },
        "device": "Desktop",
        "browser": "Chrome",
        "location": {
            "latitude": -68.784717,
            "longitude": -153.213721
        },
        "uniqueId": "aca50ebd-2a70-41b2-a3f9-1a2deecc8322",
        "pathname": "/settings",
        "language": "hu",
        "referrer": "http://www.krause-peters.net/",
        "events": {
            "loadCount": 9,
            "visibilitychangeCount": 2,
            "resizeCount": 2,
            "focusCount": 0,
            "clickCount": 2,
            "blurCount": 9
        },
        "pageLoadTime": {
            "loadStart": 1729794600000,
            "loadEnd": 1729794600243
        },
        "productId": "TRK-Ob2CJVFgaau7",
        "pathCounts": {
            "/login": 3,
            "/home/create": 4,
            "/cart": 10,
            "/settings": 6
        }
    },
    {
        "start": 1729794600,
        "end": 1729795320,
        "bounce": {
            "isBounced": false,
            "pathname": "/frontend/index.html"
        },
        "device": "Laptop",
        "browser": "Mozilla",
        "location": {
            "latitude": -10.5436105,
            "longitude": -120.120747
        },
        "uniqueId": "9ce1bf0b-8366-40e1-b77c-9493a981c91b",
        "pathname": "/settings",
        "language": "sr",
        "referrer": "",
        "events": {
            "loadCount": 5,
            "visibilitychangeCount": 10,
            "resizeCount": 5,
            "focusCount": 8,
            "clickCount": 1,
            "blurCount": 8
        },
        "pageLoadTime": {
            "loadStart": 1729794600000,
            "loadEnd": 1729794600155
        },
        "productId": "TRK-89olAsKyNOG7",
        "pathCounts": {
            "/home/create": 6,
            "/cart": 10,
            "/home/dashboard": 9,
            "/login": 2,
            "/home": 3
        }
    },
    {
        "start": 1729794600,
        "end": 1729795320,
        "bounce": {
            "isBounced": false,
            "pathname": "/frontend/index.html"
        },
        "device": "Mobile",
        "browser": "Safari",
        "location": {
            "latitude": 69.9072895,
            "longitude": -27.291732
        },
        "uniqueId": "77f0712b-554f-4c5c-9898-14e7c77b26a0",
        "pathname": "/settings",
        "language": "om",
        "referrer": "https://www.bray-cunningham.net/",
        "events": {
            "loadCount": 10,
            "visibilitychangeCount": 10,
            "resizeCount": 0,
            "focusCount": 6,
            "clickCount": 7,
            "blurCount": 8
        },
        "pageLoadTime": {
            "loadStart": 1729794600000,
            "loadEnd": 1729794600870
        },
        "productId": "TRK-89olAsKyNOG7",
        "pathCounts": {
            "/home/create": 8,
            "/login": 7,
            "/profile": 1,
            "/home": 8,
            "/checkout": 6,
            "/home/dashboard": 3
        }
    },
    {
        "start": 1729794600,
        "end": 1729795080,
        "bounce": {
            "isBounced": true,
            "pathname": "/frontend/index.html"
        },
        "device": "Laptop",
        "browser": "Edge",
        "location": {
            "latitude": 42.158486,
            "longitude": -152.486976
        },
        "uniqueId": "14ec54a1-24e9-462b-9378-3e9d812cba5a",
        "pathname": "/home",
        "language": "my",
        "referrer": "https://www.johnson.biz/",
        "events": {
            "loadCount": 0,
            "visibilitychangeCount": 1,
            "resizeCount": 2,
            "focusCount": 2,
            "clickCount": 5,
            "blurCount": 1
        },
        "pageLoadTime": {
            "loadStart": 1729794600000,
            "loadEnd": 1729794600353
        },
        "productId": "TRK-89olAsKyNOG7",
        "pathCounts": {
            "/home/dashboard": 1,
            "/home/create": 1,
            "/home": 9,
            "/profile": 2
        }
    },
    {
        "start": 1729794600,
        "end": 1729797840,
        "bounce": {
            "isBounced": false,
            "pathname": "/frontend/index.html"
        },
        "device": "Mobile",
        "browser": "Edge",
        "location": {
            "latitude": 63.8515715,
            "longitude": 143.292412
        },
        "uniqueId": "4f113d91-1e3e-46f7-a9ca-95f02de96297",
        "pathname": "/profile",
        "language": "st",
        "referrer": "",
        "events": {
            "loadCount": 2,
            "visibilitychangeCount": 9,
            "resizeCount": 2,
            "focusCount": 8,
            "clickCount": 5,
            "blurCount": 6
        },
        "pageLoadTime": {
            "loadStart": 1729794600000,
            "loadEnd": 1729794600411
        },
        "productId": "TRK-Ob2CJVFgaau7",
        "pathCounts": {
            "/cart": 7,
            "/checkout": 4,
            "/profile": 7
        }
    },
    {
        "start": 1729794600,
        "end": 1729797960,
        "bounce": {
            "isBounced": false,
            "pathname": "/frontend/index.html"
        },
        "device": "Laptop",
        "browser": "Edge",
        "location": {
            "latitude": 63.059806,
            "longitude": -0.452605
        },
        "uniqueId": "ca9d1f5f-925b-4a59-b362-4703a75ad77c",
        "pathname": "/frontend/index.html",
        "language": "lg",
        "referrer": "",
        "events": {
            "loadCount": 1,
            "visibilitychangeCount": 6,
            "resizeCount": 3,
            "focusCount": 3,
            "clickCount": 1,
            "blurCount": 4
        },
        "pageLoadTime": {
            "loadStart": 1729794600000,
            "loadEnd": 1729794600935
        },
        "productId": "TRK-TlxlcwGkl19t",
        "pathCounts": {
            "/home/create": 9,
            "/login": 1
        }
    },
    {
        "start": 1729794600,
        "end": 1729795200,
        "bounce": {
            "isBounced": false,
            "pathname": "/frontend/index.html"
        },
        "device": "Mobile",
        "browser": "Chrome",
        "location": {
            "latitude": 8.4990285,
            "longitude": -167.632362
        },
        "uniqueId": "9b47b488-09f3-4d00-a56c-8c970bdfab8e",
        "pathname": "/profile",
        "language": "be",
        "referrer": "",
        "events": {
            "loadCount": 5,
            "visibilitychangeCount": 9,
            "resizeCount": 9,
            "focusCount": 3,
            "clickCount": 9,
            "blurCount": 9
        },
        "pageLoadTime": {
            "loadStart": 1729794600000,
            "loadEnd": 1729794600336
        },
        "productId": "TRK-Ob2CJVFgaau7",
        "pathCounts": {
            "/settings": 9,
            "/cart": 2,
            "/checkout": 1,
            "/home": 3
        }
    },
    {
        "start": 1729794600,
        "end": 1729794660,
        "bounce": {
            "isBounced": false,
            "pathname": "/frontend/index.html"
        },
        "device": "Laptop",
        "browser": "Chrome",
        "location": {
            "latitude": 29.3592545,
            "longitude": -118.246488
        },
        "uniqueId": "5bde6480-0ab0-43b2-8529-ae22b458f836",
        "pathname": "/settings",
        "language": "yue",
        "referrer": "http://valdez.com/",
        "events": {
            "loadCount": 2,
            "visibilitychangeCount": 6,
            "resizeCount": 7,
            "focusCount": 6,
            "clickCount": 8,
            "blurCount": 0
        },
        "pageLoadTime": {
            "loadStart": 1729794600000,
            "loadEnd": 1729794600253
        },
        "productId": "TRK-TlxlcwGkl19t",
        "pathCounts": {
            "/home": 8,
            "/home/create": 5,
            "/profile": 6
        }
    },
    {
        "start": 1729794600,
        "end": 1729797720,
        "bounce": {
            "isBounced": false,
            "pathname": "/frontend/index.html"
        },
        "device": "Desktop",
        "browser": "Safari",
        "location": {
            "latitude": 66.684488,
            "longitude": 24.720798
        },
        "uniqueId": "9b47b488-09f3-4d00-a56c-8c970bdfab8e",
        "pathname": "/settings",
        "language": "ne",
        "referrer": "http://www.anderson-wallace.org/",
        "events": {
            "loadCount": 9,
            "visibilitychangeCount": 5,
            "resizeCount": 7,
            "focusCount": 4,
            "clickCount": 1,
            "blurCount": 7
        },
        "pageLoadTime": {
            "loadStart": 1729794600000,
            "loadEnd": 1729794600452
        },
        "productId": "TRK-Ob2CJVFgaau7",
        "pathCounts": {
            "/login": 4,
            "/cart": 4,
            "/profile": 8,
            "/checkout": 3
        }
    },
    {
        "start": 1729794600,
        "end": 1729797420,
        "bounce": {
            "isBounced": true,
            "pathname": "/frontend/index.html"
        },
        "device": "Tablet",
        "browser": "Mozilla",
        "location": {
            "latitude": 40.668546,
            "longitude": -26.298059
        },
        "uniqueId": "14ec54a1-24e9-462b-9378-3e9d812cba5a",
        "pathname": "/profile",
        "language": "ts",
        "referrer": "https://www.mills-craig.com/",
        "events": {
            "loadCount": 8,
            "visibilitychangeCount": 8,
            "resizeCount": 9,
            "focusCount": 10,
            "clickCount": 8,
            "blurCount": 2
        },
        "pageLoadTime": {
            "loadStart": 1729794600000,
            "loadEnd": 1729794600784
        },
        "productId": "TRK-TlxlcwGkl19t",
        "pathCounts": {
            "/settings": 7,
            "/profile": 2,
            "/checkout": 9
        }
    },
    {
        "start": 1729794600,
        "end": 1729796280,
        "bounce": {
            "isBounced": false,
            "pathname": "/frontend/index.html"
        },
        "device": "Tablet",
        "browser": "Mozilla",
        "location": {
            "latitude": 43.2916435,
            "longitude": 128.729648
        },
        "uniqueId": "31b1cad6-43b6-4fa7-95e5-7d79676b01e7",
        "pathname": "/profile",
        "language": "yi",
        "referrer": "http://www.larson.org/",
        "events": {
            "loadCount": 10,
            "visibilitychangeCount": 4,
            "resizeCount": 10,
            "focusCount": 9,
            "clickCount": 5,
            "blurCount": 9
        },
        "pageLoadTime": {
            "loadStart": 1729794600000,
            "loadEnd": 1729794600679
        },
        "productId": "TRK-89olAsKyNOG7",
        "pathCounts": {
            "/cart": 8,
            "/home/create": 2,
            "/profile": 3
        }
    }
]