[
    {
        "start": 1733337000,
        "end": 1733339940,
        "bounce": {
            "isBounced": false,
            "pathname": "/frontend/index.html"
        },
        "device": "Desktop",
        "browser": "Safari",
        "location": {
            "latitude": 2.167551,
            "longitude": -53.229977
        },
        "uniqueId": "aa76de66-83a4-4c21-92f5-cfe20525387a",
        "pathname": "/home",
        "language": "wal",
        "referrer": "http://jackson.com/",
        "events": {
            "loadCount": 1,
            "visibilitychangeCount": 0,
            "resizeCount": 4,
            "focusCount": 2,
            "clickCount": 4,
            "blurCount": 2
        },
        "pageLoadTime": {
            "loadStart": 1733337000000,
            "loadEnd": 1733337000655
        },
        "productId": "TRK-Ob2CJVFgaau7",
        "pathCounts": {
            "/home/create": 1,
            "/profile": 3,
            "/cart": 10,
            "/home": 8
        }
    },
    {
        "start": 1733337000,
        "end": 1733338800,
        "bounce": {
            "isBounced": true,
            "pathname": "/frontend/index.html"
        },
        "device": "Mobile",
        "browser": "Mozilla",
        "location": {
            "latitude": 27.159135,
            "longitude": 54.824017
        },
        "uniqueId": "80d8a76b-4c97-4a12-9ac3-02a6d37e11a9",
        "pathname": "/dashboard",
        "language": "sv",
        "referrer": "https://www.lee.biz/",
        "events": {
            "loadCount": 4,
            "visibilitychangeCount": 2,
            "resizeCount": 8,
            "focusCount": 10,
            "clickCount": 1,
            "blurCount": 9
        },
        "pageLoadTime": {
            "loadStart": 1733337000000,
            "loadEnd": 1733337000112
        },
        "productId": "TRK-TlxlcwGkl19t",
        "pathCounts": {
            "/login": 7,
            "/checkout": 1,
            "/profile": 2,
            "/home": 3
        }
    },
    {
        "start": 1733337000,
        "end": 1733340600,
        "bounce": {
            "isBounced": true,
            "pathname": "/frontend/index.html"
        },
        "device": "Desktop",
        "browser": "Chrome",
        "location": {
            "latitude": -6.177235,
            "longitude": -30.273337
        },
        "uniqueId": "14ec54a1-24e9-462b-9378-3e9d812cba5a",
        "pathname": "/profile",
        "language": "mai",
        "referrer": "",
        "events": {
            "loadCount": 9,
            "visibilitychangeCount": 1,
            "resizeCount": 2,
            "focusCount": 7,
            "clickCount": 4,
            "blurCount": 9
        },
        "pageLoadTime": {
            "loadStart": 1733337000000,
            "loadEnd": 1733337000379
        },
        "productId": "TRK-Ob2CJVFgaau7",
        "pathCounts": {
            "/profile": 8,
            "/settings": 10,
            "/cart": 10,
            "/checkout": 2
        }
    },
    {
        "start": 1733337000,
        "end": 1733339940,
        "bounce": {
            "isBounced": true,
            "pathname": "/frontend/index.html"
        },
        "device": "Laptop",
        "browser": "Chrome",
        "location": {
            "latitude": -22.010631,
            "longitude": 112.783688
        },
        "uniqueId": "aa76de66-83a4-4c21-92f5-cfe20525387a",
        "pathname": "/frontend/index.html",
        "language": "se",
        "referrer": "http://holt.biz/",
        "events": {
            "loadCount": 2,
            "visibilitychangeCount": 8,
            "resizeCount": 7,
            "focusCount": 0,
            "clickCount": 3,
            "blurCount": 3
        },
        "pageLoadTime": {
            "loadStart": 1733337000000,
            "loadEnd": 1733337000511
        },
        "productId": "TRK-Ob2CJVFgaau7",
        "pathCounts": {
            "/home/create": 5,
            "/checkout": 8,
            "/home": 10,
            "/cart": 5
        }
    },
    {
        "start": 1733337000,
        "end": 1733339520,
        "bounce": {
            "isBounced": true,
            "pathname": "/frontend/index.html"
        },
        "device": "Desktop",
        "browser": "Chrome",
        "location": {
            "latitude": 4.4839255,
            "longitude": 80.125327
        },
        "uniqueId": "111907fd-95b7-4729-a2af-e51ad656e288",
        "pathname": "/profile",
        "language": "iw",
        "referrer": "",
        "events": {
            "loadCount": 2,
            "visibilitychangeCount": 7,
            "resizeCount": 7,
            "focusCount": 7,
            "clickCount": 7,
            "blurCount": 7
        },
        "pageLoadTime": {
            "loadStart": 1733337000000,
            "loadEnd": 1733337000431
        },
        "productId": "TRK-89olAsKyNOG7",
        "pathCounts": {
            "/cart": 1,
            "/checkout": 7,
            "/login": 4,
            "/settings": 4
        }
    },
    {
        "start": 1733337000,
        "end": 1733339100,
        "bounce": {
            "isBounced": false,
            "pathname": "/frontend/index.html"
        },
        "device": "Laptop",
        "browser": "Edge",
        "location": {
            "latitude": 48.3103255,
            "longitude": -36.512784
        },
        "uniqueId": "80d8a76b-4c97-4a12-9ac3-02a6d37e11a9",
        "pathname": "/dashboard",
        "language": "fur",
        "referrer": "",
        "events": {
            "loadCount": 2,
            "visibilitychangeCount": 2,
            "resizeCount": 3,
            "focusCount": 7,
            "clickCount": 1,
            "blurCount": 0
        },
        "pageLoadTime": {
            "loadStart": 1733337000000,
            "loadEnd": 1733337000990
        },
        "productId": "TRK-Ob2CJVFgaau7",
        "pathCounts": {
            "/checkout": 6,
            "/home/dashboard": 9,
            "/home/create": 6,
            "/settings": 8
        }
    },
    {
        "start": 1733337000,
        "end": 1733339220,
        "bounce": {
            "isBounced": true,
            "pathname": "/frontend/index.html"
        },
        "device": "Tablet",
        "browser": "Safari",
        "location": {
            "latitude": 36.0578645,
            "longitude": -100.010091
        },
        "uniqueId": "31b1cad6-43b6-4fa7-95e5-7d79676b01e7",
        "pathname": "/settings",
        "language": "sv",
        "referrer": "",
        "events": {
            "loadCount": 6,
            "visibilitychangeCount": 1,
            "resizeCount": 2,
            "focusCount": 9,
            "clickCount": 4,
            "blurCount": 0
        },
        "pageLoadTime": {
            "loadStart": 1733337000000,
            "loadEnd": 1733337000717
        },
        "productId": "TRK-TlxlcwGkl19t",
        "pathCounts": {
            "/home/dashboard": 9,
            "/profile": 3,
            "/home/create": 2,
            "/checkout": 8
        }
    },
    {
        "start": 1733337000,
        "end": 1733339160,
        "bounce": {
            "isBounced": true,
            "pathname": "/frontend/index.html"
        },
        "device": "Desktop",
        "browser": "Edge",
        "location": {
            "latitude": -86.368671,
            "longitude": 33.628691
        },
        "uniqueId": "625ea2f3-d6f3-47f0-abd3-a204ea4eb491",
        "pathname": "/frontend/index.html",
        "language": "bho",
        "referrer": "",
        "events": {
            "loadCount": 4,
            "visibilitychangeCount": 3,
            "resizeCount": 6,
            "focusCount": 3,
            "clickCount": 3,
            "blurCount": 10
        },
        "pageLoadTime": {
            "loadStart": 1733337000000,
            "loadEnd": 1733337000522
        },
        "productId": "TRK-89olAsKyNOG7",
        "pathCounts": {
            "/home/dashboard": 1,
            "/settings": 2,
            "/checkout": 4,
            "/login": 3
        }
    },
    {
        "start": 1733337000,
        "end": 1733339160,
        "bounce": {
            "isBounced": true,
            "pathname": "/frontend/index.html"
        },
        "device": "Laptop",
        "browser": "Chrome",
        "location": {
            "latitude": 84.395227,
            "longitude": -12.653728
        },
        "uniqueId": "f9c7e851-4d89-46ce-8678-25b88916a574",
        "pathname": "/dashboard",
        "language": "ml",
        "referrer": "http://www.banks.com/",
        "events": {
            "loadCount": 1,
            "visibilitychangeCount": 1,
            "resizeCount": 6,
            "focusCount": 2,
            "clickCount": 9,
            "blurCount": 9
        },
        "pageLoadTime": {
            "loadStart": 1733337000000,
            "loadEnd": 1733337000754
        },
        "productId": "TRK-TlxlcwGkl19t",
        "pathCounts": {
            "/home": 1,
            "/checkout": 3,
            "/cart": 7
        }
    },
    {
        "start": 1733337000,
        "end": 1733340180,
        "bounce": {
            "isBounced": false,
            "pathname": "/frontend/index.html"
        },
        "device": "Desktop",
        "browser": "Edge",
        "location": {
            "latitude": -75.4021955,
            "longitude": 55.737249
        },
        "uniqueId": "37f86d6c-c234-4339-9c0f-ec3bdaab8536",
        "pathname": "/profile",
        "language": "wal",
        "referrer": "",
        "events": {
            "loadCount": 0,
            "visibilitychangeCount": 8,
            "resizeCount": 1,
            "focusCount": 9,
            "clickCount": 3,
            "blurCount": 6
        },
        "pageLoadTime": {
            "loadStart": 1733337000000,
            "loadEnd": 1733337000877
        },
        "productId": "TRK-89olAsKyNOG7",
        "pathCounts": {
            "/checkout": 10,
            "/home/create": 2,
            "/home/dashboard": 4,
            "/home": 7
        }
    }
]