[
    {
        "start": 1731436200,
        "end": 1731437940,
        "bounce": {
            "isBounced": true,
            "pathname": "/frontend/index.html"
        },
        "device": "Tablet",
        "browser": "Mozilla",
        "location": {
            "latitude": -87.533456,
            "longitude": -56.915043
        },
        "uniqueId": "3da55713-36de-4077-9d4d-626d934aafe0",
        "pathname": "/frontend/index.html",
        "language": "szl",
        "referrer": "",
        "events": {
            "loadCount": 7,
            "visibilitychangeCount": 3,
            "resizeCount": 6,
            "focusCount": 5,
            "clickCount": 4,
            "blurCount": 4
        },
        "pageLoadTime": {
            "loadStart": 1731436200000,
            "loadEnd": 1731436200048
        },
        "productId": "TRK-89olAsKyNOG7",
        "pathCounts": {
            "/home/dashboard": 1,
            "/checkout": 7,
            "/login": 8,
            "/home/create": 9,
            "/cart": 5
        }
    },
    {
        "start": 1731436200,
        "end": 1731436260,
        "bounce": {
            "isBounced": true,
            "pathname": "/frontend/index.html"
        },
        "device": "Desktop",
        "browser": "Chrome",
        "location": {
            "latitude": 9.5457845,
            "longitude": -157.359486
        },
        "uniqueId": "9ce1bf0b-8366-40e1-b77c-9493a981c91b",
        "pathname": "/dashboard",
        "language": "ik",
        "referrer": "",
        "events": {
            "loadCount": 5,
            "visibilitychangeCount": 9,
            "resizeCount": 10,
            "focusCount": 2,
            "clickCount": 5,
            "blurCount": 5
        },
        "pageLoadTime": {
            "loadStart": 1731436200000,
            "loadEnd": 1731436200334
        },
        "productId": "TRK-TlxlcwGkl19t",
        "pathCounts": {
            "/home/dashboard": 7,
            "/home": 5,
            "/settings": 9,
            "/login": 3
        }
    },
    {
        "start": 1731436200,
        "end": 1731437940,
        "bounce": {
            "isBounced": false,
            "pathname": "/frontend/index.html"
        },
        "device": "Laptop",
        "browser": "Edge",
        "location": {
            "latitude": -0.282952,
            "longitude": 33.497222
        },
        "uniqueId": "ffef8945-c190-4f95-930f-4e35c2e3a868",
        "pathname": "/dashboard",
        "language": "dz",
        "referrer": "",
        "events": {
            "loadCount": 6,
            "visibilitychangeCount": 4,
            "resizeCount": 1,
            "focusCount": 0,
            "clickCount": 3,
            "blurCount": 10
        },
        "pageLoadTime": {
            "loadStart": 1731436200000,
            "loadEnd": 1731436200074
        },
        "productId": "TRK-Ob2CJVFgaau7",
        "pathCounts": {
            "/checkout": 3,
            "/settings": 10,
            "/home/create": 6,
            "/profile": 5
        }
    },
    {
        "start": 1731436200,
        "end": 1731436260,
        "bounce": {
            "isBounced": true,
            "pathname": "/frontend/index.html"
        },
        "device": "Laptop",
        "browser": "Safari",
        "location": {
            "latitude": -29.048774,
            "longitude": 105.607718
        },
        "uniqueId": "4f113d91-1e3e-46f7-a9ca-95f02de96297",
        "pathname": "/dashboard",
        "language": "fr",
        "referrer": "http://jordan-guzman.biz/",
        "events": {
            "loadCount": 6,
            "visibilitychangeCount": 3,
            "resizeCount": 9,
            "focusCount": 3,
            "clickCount": 1,
            "blurCount": 0
        },
        "pageLoadTime": {
            "loadStart": 1731436200000,
            "loadEnd": 1731436200972
        },
        "productId": "TRK-89olAsKyNOG7",
        "pathCounts": {
            "/home": 2,
            "/login": 2,
            "/settings": 3
        }
    },
    {
        "start": 1731436200,
        "end": 1731437940,
        "bounce": {
            "isBounced": false,
            "pathname": "/frontend/index.html"
        },
        "device": "Laptop",
        "browser": "Chrome",
        "location": {
            "latitude": 84.575483,
            "longitude": -179.489085
        },
        "uniqueId": "d86a654c-f156-4873-9fec-b758bd53146a",
        "pathname": "/dashboard",
        "language": "yue",
        "referrer": "",
        "events": {
            "loadCount": 9,
            "visibilitychangeCount": 5,
            "resizeCount": 8,
            "focusCount": 7,
            "clickCount": 3,
            "blurCount": 2
        },
        "pageLoadTime": {
            "loadStart": 1731436200000,
            "loadEnd": 1731436200044
        },
        "productId": "TRK-89olAsKyNOG7",
        "pathCounts": {
            "/home/dashboard": 3,
            "/login": 1,
            "/cart": 1
        }
    },
    {
        "start": 1731436200,
        "end": 1731439020,
        "bounce": {
            "isBounced": true,
            "pathname": "/frontend/index.html"
        },
        "device": "Mobile",
        "browser": "Mozilla",
        "location": {
            "latitude": 25.160164,
            "longitude": 163.345874
        },
        "uniqueId": "ffef8945-c190-4f95-930f-4e35c2e3a868",
        "pathname": "/profile",
        "language": "my",
        "referrer": "https://www.archer.com/",
        "events": {
            "loadCount": 5,
            "visibilitychangeCount": 7,
            "resizeCount": 5,
            "focusCount": 3,
            "clickCount": 10,
            "blurCount": 4
        },
        "pageLoadTime": {
            "loadStart": 1731436200000,
            "loadEnd": 1731436200806
        },
        "productId": "TRK-89olAsKyNOG7",
        "pathCounts": {
            "/login": 8,
            "/home/dashboard": 7,
            "/settings": 5
        }
    },
    {
        "start": 1731436200,
        "end": 1731436380,
        "bounce": {
            "isBounced": true,
            "pathname": "/frontend/index.html"
        },
        "device": "Tablet",
        "browser": "Mozilla",
        "location": {
            "latitude": 17.359795,
            "longitude": -16.93385
        },
        "uniqueId": "80d8a76b-4c97-4a12-9ac3-02a6d37e11a9",
        "pathname": "/frontend/index.html",
        "language": "kn",
        "referrer": "",
        "events": {
            "loadCount": 5,
            "visibilitychangeCount": 2,
            "resizeCount": 10,
            "focusCount": 6,
            "clickCount": 7,
            "blurCount": 2
        },
        "pageLoadTime": {
            "loadStart": 1731436200000,
            "loadEnd": 1731436200794
        },
        "productId": "TRK-TlxlcwGkl19t",
        "pathCounts": {
            "/login": 8,
            "/home": 2,
            "/cart": 10
        }
    },
    {
        "start": 1731436200,
        "end": 1731438240,
        "bounce": {
            "isBounced": false,
            "pathname": "/frontend/index.html"
        },
        "device": "Laptop",
        "browser": "Safari",
        "location": {
            "latitude": -47.63075,
            "longitude": 110.040846
        },
        "uniqueId": "111907fd-95b7-4729-a2af-e51ad656e288",
        "pathname": "/dashboard",
        "language": "nan",
        "referrer": "",
        "events": {
            "loadCount": 9,
            "visibilitychangeCount": 6,
            "resizeCount": 9,
            "focusCount": 7,
            "clickCount": 10,
            "blurCount": 4
        },
        "pageLoadTime": {
            "loadStart": 1731436200000,
            "loadEnd": 1731436200793
        },
        "productId": "TRK-TlxlcwGkl19t",
        "pathCounts": {
            "/home/dashboard": 9,
            "/profile": 6,
            "/cart": 1,
            "/login": 1,
            "/settings": 1
        }
    },
    {
        "start": 1731436200,
        "end": 1731438540,
        "bounce": {
            "isBounced": true,
            "pathname": "/frontend/index.html"
        },
        "device": "Mobile",
        "browser": "Edge",
        "location": {
            "latitude": 28.6208695,
            "longitude": 141.123179
        },
        "uniqueId": "f9c7e851-4d89-46ce-8678-25b88916a574",
        "pathname": "/home",
        "language": "bho",
        "referrer": "http://lozano-frye.net/",
        "events": {
            "loadCount": 0,
            "visibilitychangeCount": 2,
            "resizeCount": 2,
            "focusCount": 4,
            "clickCount": 7,
            "blurCount": 8
        },
        "pageLoadTime": {
            "loadStart": 1731436200000,
            "loadEnd": 1731436200273
        },
        "productId": "TRK-Ob2CJVFgaau7",
        "pathCounts": {
            "/login": 5,
            "/checkout": 4,
            "/home/dashboard": 7
        }
    },
    {
        "start": 1731436200,
        "end": 1731436740,
        "bounce": {
            "isBounced": true,
            "pathname": "/frontend/index.html"
        },
        "device": "Tablet",
        "browser": "Edge",
        "location": {
            "latitude": -46.275281,
            "longitude": -46.829308
        },
        "uniqueId": "d86a654c-f156-4873-9fec-b758bd53146a",
        "pathname": "/frontend/index.html",
        "language": "ka",
        "referrer": "https://warner.com/",
        "events": {
            "loadCount": 6,
            "visibilitychangeCount": 7,
            "resizeCount": 8,
            "focusCount": 6,
            "clickCount": 2,
            "blurCount": 10
        },
        "pageLoadTime": {
            "loadStart": 1731436200000,
            "loadEnd": 1731436200492
        },
        "productId": "TRK-TlxlcwGkl19t",
        "pathCounts": {
            "/home/dashboard": 6,
            "/cart": 9,
            "/profile": 6
        }
    },
    {
        "start": 1731436200,
        "end": 1731438960,
        "bounce": {
            "isBounced": true,
            "pathname": "/frontend/index.html"
        },
        "device": "Tablet",
        "browser": "Chrome",
        "location": {
            "latitude": -46.433651,
            "longitude": -143.159388
        },
        "uniqueId": "f9c7e851-4d89-46ce-8678-25b88916a574",
        "pathname": "/settings",
        "language": "fi",
        "referrer": "https://www.randall-robinson.com/",
        "events": {
            "loadCount": 9,
            "visibilitychangeCount": 0,
            "resizeCount": 2,
            "focusCount": 7,
            "clickCount": 4,
            "blurCount": 3
        },
        "pageLoadTime": {
            "loadStart": 1731436200000,
            "loadEnd": 1731436200880
        },
        "productId": "TRK-TlxlcwGkl19t",
        "pathCounts": {
            "/cart": 3,
            "/profile": 5,
            "/home": 1
        }
    },
    {
        "start": 1731436200,
        "end": 1731439620,
        "bounce": {
            "isBounced": false,
            "pathname": "/frontend/index.html"
        },
        "device": "Mobile",
        "browser": "Chrome",
        "location": {
            "latitude": 53.706223,
            "longitude": 138.357984
        },
        "uniqueId": "3ba5c0ca-2d1c-4d75-82b7-a2c821f2ea43",
        "pathname": "/home",
        "language": "cy",
        "referrer": "http://www.chavez.com/",
        "events": {
            "loadCount": 7,
            "visibilitychangeCount": 7,
            "resizeCount": 6,
            "focusCount": 10,
            "clickCount": 5,
            "blurCount": 1
        },
        "pageLoadTime": {
            "loadStart": 1731436200000,
            "loadEnd": 1731436200304
        },
        "productId": "TRK-89olAsKyNOG7",
        "pathCounts": {
            "/profile": 10,
            "/login": 5,
            "/checkout": 1,
            "/home/create": 10
        }
    },
    {
        "start": 1731436200,
        "end": 1731437220,
        "bounce": {
            "isBounced": true,
            "pathname": "/frontend/index.html"
        },
        "device": "Tablet",
        "browser": "Chrome",
        "location": {
            "latitude": -11.357486,
            "longitude": 133.759321
        },
        "uniqueId": "9ce1bf0b-8366-40e1-b77c-9493a981c91b",
        "pathname": "/profile",
        "language": "vi",
        "referrer": "",
        "events": {
            "loadCount": 1,
            "visibilitychangeCount": 0,
            "resizeCount": 3,
            "focusCount": 6,
            "clickCount": 10,
            "blurCount": 7
        },
        "pageLoadTime": {
            "loadStart": 1731436200000,
            "loadEnd": 1731436200785
        },
        "productId": "TRK-Ob2CJVFgaau7",
        "pathCounts": {
            "/home/create": 5,
            "/settings": 7,
            "/cart": 6,
            "/login": 4,
            "/home": 5
        }
    },
    {
        "start": 1731436200,
        "end": 1731437460,
        "bounce": {
            "isBounced": true,
            "pathname": "/frontend/index.html"
        },
        "device": "Desktop",
        "browser": "Chrome",
        "location": {
            "latitude": -33.8281545,
            "longitude": 148.777885
        },
        "uniqueId": "625ea2f3-d6f3-47f0-abd3-a204ea4eb491",
        "pathname": "/dashboard",
        "language": "ti",
        "referrer": "",
        "events": {
            "loadCount": 2,
            "visibilitychangeCount": 0,
            "resizeCount": 0,
            "focusCount": 9,
            "clickCount": 1,
            "blurCount": 2
        },
        "pageLoadTime": {
            "loadStart": 1731436200000,
            "loadEnd": 1731436200247
        },
        "productId": "TRK-Ob2CJVFgaau7",
        "pathCounts": {
            "/home/create": 1,
            "/home": 3,
            "/cart": 2
        }
    },
    {
        "start": 1731436200,
        "end": 1731439680,
        "bounce": {
            "isBounced": false,
            "pathname": "/frontend/index.html"
        },
        "device": "Tablet",
        "browser": "Chrome",
        "location": {
            "latitude": 66.8161125,
            "longitude": 80.570607
        },
        "uniqueId": "aca50ebd-2a70-41b2-a3f9-1a2deecc8322",
        "pathname": "/profile",
        "language": "os",
        "referrer": "http://www.moore.org/",
        "events": {
            "loadCount": 9,
            "visibilitychangeCount": 0,
            "resizeCount": 7,
            "focusCount": 10,
            "clickCount": 4,
            "blurCount": 10
        },
        "pageLoadTime": {
            "loadStart": 1731436200000,
            "loadEnd": 1731436200963
        },
        "productId": "TRK-TlxlcwGkl19t",
        "pathCounts": {
            "/cart": 3,
            "/settings": 3
        }
    }
]