[
    {
        "start": 1731263400,
        "end": 1731264000,
        "bounce": {
            "isBounced": true,
            "pathname": "/frontend/index.html"
        },
        "device": "Laptop",
        "browser": "Chrome",
        "location": {
            "latitude": -17.62577,
            "longitude": -75.081703
        },
        "uniqueId": "80d8a76b-4c97-4a12-9ac3-02a6d37e11a9",
        "pathname": "/dashboard",
        "language": "be",
        "referrer": "http://www.webb.com/",
        "events": {
            "loadCount": 3,
            "visibilitychangeCount": 10,
            "resizeCount": 6,
            "focusCount": 5,
            "clickCount": 3,
            "blurCount": 0
        },
        "pageLoadTime": {
            "loadStart": 1731263400000,
            "loadEnd": 1731263400541
        },
        "productId": "TRK-Ob2CJVFgaau7",
        "pathCounts": {
            "/settings": 7,
            "/cart": 8
        }
    },
    {
        "start": 1731263400,
        "end": 1731266040,
        "bounce": {
            "isBounced": false,
            "pathname": "/frontend/index.html"
        },
        "device": "Laptop",
        "browser": "Chrome",
        "location": {
            "latitude": -35.716208,
            "longitude": -13.870975
        },
        "uniqueId": "31b1cad6-43b6-4fa7-95e5-7d79676b01e7",
        "pathname": "/home",
        "language": "hr",
        "referrer": "http://conner-mueller.biz/",
        "events": {
            "loadCount": 0,
            "visibilitychangeCount": 3,
            "resizeCount": 1,
            "focusCount": 2,
            "clickCount": 9,
            "blurCount": 4
        },
        "pageLoadTime": {
            "loadStart": 1731263400000,
            "loadEnd": 1731263400945
        },
        "productId": "TRK-TlxlcwGkl19t",
        "pathCounts": {
            "/cart": 6,
            "/checkout": 4,
            "/login": 6
        }
    },
    {
        "start": 1731263400,
        "end": 1731264720,
        "bounce": {
            "isBounced": true,
            "pathname": "/frontend/index.html"
        },
        "device": "Desktop",
        "browser": "Chrome",
        "location": {
            "latitude": -56.8007135,
            "longitude": 167.990661
        },
        "uniqueId": "77f0712b-554f-4c5c-9898-14e7c77b26a0",
        "pathname": "/settings",
        "language": "tk",
        "referrer": "https://www.wood.org/",
        "events": {
            "loadCount": 5,
            "visibilitychangeCount": 6,
            "resizeCount": 4,
            "focusCount": 1,
            "clickCount": 8,
            "blurCount": 8
        },
        "pageLoadTime": {
            "loadStart": 1731263400000,
            "loadEnd": 1731263400166
        },
        "productId": "TRK-Ob2CJVFgaau7",
        "pathCounts": {
            "/cart": 9,
            "/home": 3
        }
    },
    {
        "start": 1731263400,
        "end": 1731266220,
        "bounce": {
            "isBounced": true,
            "pathname": "/frontend/index.html"
        },
        "device": "Laptop",
        "browser": "Safari",
        "location": {
            "latitude": -2.0429445,
            "longitude": -151.863848
        },
        "uniqueId": "14ec54a1-24e9-462b-9378-3e9d812cba5a",
        "pathname": "/dashboard",
        "language": "iu",
        "referrer": "",
        "events": {
            "loadCount": 9,
            "visibilitychangeCount": 8,
            "resizeCount": 3,
            "focusCount": 6,
            "clickCount": 9,
            "blurCount": 3
        },
        "pageLoadTime": {
            "loadStart": 1731263400000,
            "loadEnd": 1731263400193
        },
        "productId": "TRK-Ob2CJVFgaau7",
        "pathCounts": {
            "/home/create": 10,
            "/checkout": 4,
            "/profile": 9,
            "/home": 6
        }
    },
    {
        "start": 1731263400,
        "end": 1731265980,
        "bounce": {
            "isBounced": false,
            "pathname": "/frontend/index.html"
        },
        "device": "Mobile",
        "browser": "Chrome",
        "location": {
            "latitude": -81.131874,
            "longitude": 173.042281
        },
        "uniqueId": "9ce1bf0b-8366-40e1-b77c-9493a981c91b",
        "pathname": "/settings",
        "language": "lzh",
        "referrer": "",
        "events": {
            "loadCount": 10,
            "visibilitychangeCount": 3,
            "resizeCount": 9,
            "focusCount": 9,
            "clickCount": 7,
            "blurCount": 3
        },
        "pageLoadTime": {
            "loadStart": 1731263400000,
            "loadEnd": 1731263400752
        },
        "productId": "TRK-89olAsKyNOG7",
        "pathCounts": {
            "/profile": 4,
            "/cart": 3
        }
    },
    {
        "start": 1731263400,
        "end": 1731264480,
        "bounce": {
            "isBounced": false,
            "pathname": "/frontend/index.html"
        },
        "device": "Mobile",
        "browser": "Mozilla",
        "location": {
            "latitude": -76.1884495,
            "longitude": 115.395946
        },
        "uniqueId": "ffef8945-c190-4f95-930f-4e35c2e3a868",
        "pathname": "/frontend/index.html",
        "language": "uk",
        "referrer": "http://thompson.com/",
        "events": {
            "loadCount": 9,
            "visibilitychangeCount": 8,
            "resizeCount": 4,
            "focusCount": 4,
            "clickCount": 10,
            "blurCount": 5
        },
        "pageLoadTime": {
            "loadStart": 1731263400000,
            "loadEnd": 1731263400272
        },
        "productId": "TRK-TlxlcwGkl19t",
        "pathCounts": {
            "/home/dashboard": 3,
            "/login": 3,
            "/cart": 9
        }
    },
    {
        "start": 1731263400,
        "end": 1731263700,
        "bounce": {
            "isBounced": true,
            "pathname": "/frontend/index.html"
        },
        "device": "Tablet",
        "browser": "Edge",
        "location": {
            "latitude": 34.666527,
            "longitude": -63.333349
        },
        "uniqueId": "ca9d1f5f-925b-4a59-b362-4703a75ad77c",
        "pathname": "/settings",
        "language": "om",
        "referrer": "https://smith.com/",
        "events": {
            "loadCount": 9,
            "visibilitychangeCount": 3,
            "resizeCount": 5,
            "focusCount": 3,
            "clickCount": 10,
            "blurCount": 5
        },
        "pageLoadTime": {
            "loadStart": 1731263400000,
            "loadEnd": 1731263400935
        },
        "productId": "TRK-89olAsKyNOG7",
        "pathCounts": {
            "/settings": 7,
            "/checkout": 9,
            "/home": 2,
            "/home/create": 1
        }
    },
    {
        "start": 1731263400,
        "end": 1731263940,
        "bounce": {
            "isBounced": false,
            "pathname": "/frontend/index.html"
        },
        "device": "Desktop",
        "browser": "Edge",
        "location": {
            "latitude": 17.689403,
            "longitude": -25.380427
        },
        "uniqueId": "31b1cad6-43b6-4fa7-95e5-7d79676b01e7",
        "pathname": "/profile",
        "language": "eu",
        "referrer": "",
        "events": {
            "loadCount": 5,
            "visibilitychangeCount": 7,
            "resizeCount": 10,
            "focusCount": 2,
            "clickCount": 0,
            "blurCount": 10
        },
        "pageLoadTime": {
            "loadStart": 1731263400000,
            "loadEnd": 1731263400484
        },
        "productId": "TRK-89olAsKyNOG7",
        "pathCounts": {
            "/home/create": 7,
            "/cart": 9,
            "/settings": 3,
            "/home": 6
        }
    },
    {
        "start": 1731263400,
        "end": 1731266580,
        "bounce": {
            "isBounced": true,
            "pathname": "/frontend/index.html"
        },
        "device": "Laptop",
        "browser": "Safari",
        "location": {
            "latitude": -34.2540865,
            "longitude": 160.882534
        },
        "uniqueId": "37f86d6c-c234-4339-9c0f-ec3bdaab8536",
        "pathname": "/home",
        "language": "lo",
        "referrer": "",
        "events": {
            "loadCount": 6,
            "visibilitychangeCount": 2,
            "resizeCount": 9,
            "focusCount": 10,
            "clickCount": 0,
            "blurCount": 9
        },
        "pageLoadTime": {
            "loadStart": 1731263400000,
            "loadEnd": 1731263400024
        },
        "productId": "TRK-TlxlcwGkl19t",
        "pathCounts": {
            "/settings": 5,
            "/home": 6,
            "/home/dashboard": 4,
            "/login": 7
        }
    },
    {
        "start": 1731263400,
        "end": 1731264060,
        "bounce": {
            "isBounced": true,
            "pathname": "/frontend/index.html"
        },
        "device": "Mobile",
        "browser": "Mozilla",
        "location": {
            "latitude": 35.9176825,
            "longitude": 160.724549
        },
        "uniqueId": "4f113d91-1e3e-46f7-a9ca-95f02de96297",
        "pathname": "/frontend/index.html",
        "language": "ml",
        "referrer": "https://www.wood.biz/",
        "events": {
            "loadCount": 2,
            "visibilitychangeCount": 1,
            "resizeCount": 8,
            "focusCount": 0,
            "clickCount": 7,
            "blurCount": 1
        },
        "pageLoadTime": {
            "loadStart": 1731263400000,
            "loadEnd": 1731263400644
        },
        "productId": "TRK-TlxlcwGkl19t",
        "pathCounts": {
            "/home/create": 5,
            "/profile": 4,
            "/checkout": 1,
            "/login": 8,
            "/settings": 5
        }
    },
    {
        "start": 1731263400,
        "end": 1731265800,
        "bounce": {
            "isBounced": true,
            "pathname": "/frontend/index.html"
        },
        "device": "Laptop",
        "browser": "Edge",
        "location": {
            "latitude": -47.636513,
            "longitude": 10.788604
        },
        "uniqueId": "f9c7e851-4d89-46ce-8678-25b88916a574",
        "pathname": "/home",
        "language": "ga",
        "referrer": "https://www.arnold-salazar.com/",
        "events": {
            "loadCount": 4,
            "visibilitychangeCount": 3,
            "resizeCount": 6,
            "focusCount": 7,
            "clickCount": 4,
            "blurCount": 5
        },
        "pageLoadTime": {
            "loadStart": 1731263400000,
            "loadEnd": 1731263400843
        },
        "productId": "TRK-89olAsKyNOG7",
        "pathCounts": {
            "/checkout": 10,
            "/login": 1
        }
    },
    {
        "start": 1731263400,
        "end": 1731265380,
        "bounce": {
            "isBounced": false,
            "pathname": "/frontend/index.html"
        },
        "device": "Mobile",
        "browser": "Safari",
        "location": {
            "latitude": 85.9715095,
            "longitude": 35.953708
        },
        "uniqueId": "37f86d6c-c234-4339-9c0f-ec3bdaab8536",
        "pathname": "/frontend/index.html",
        "language": "sa",
        "referrer": "https://davis-pearson.com/",
        "events": {
            "loadCount": 5,
            "visibilitychangeCount": 9,
            "resizeCount": 1,
            "focusCount": 4,
            "clickCount": 5,
            "blurCount": 0
        },
        "pageLoadTime": {
            "loadStart": 1731263400000,
            "loadEnd": 1731263400064
        },
        "productId": "TRK-TlxlcwGkl19t",
        "pathCounts": {
            "/settings": 3,
            "/cart": 1,
            "/profile": 4,
            "/home/create": 7
        }
    }
]