[
    {
        "start": 1731695400,
        "end": 1731697740,
        "bounce": {
            "isBounced": false,
            "pathname": "/frontend/index.html"
        },
        "device": "Mobile",
        "browser": "Chrome",
        "location": {
            "latitude": -49.640981,
            "longitude": -108.697027
        },
        "uniqueId": "80d8a76b-4c97-4a12-9ac3-02a6d37e11a9",
        "pathname": "/frontend/index.html",
        "language": "fr",
        "referrer": "",
        "events": {
            "loadCount": 5,
            "visibilitychangeCount": 5,
            "resizeCount": 8,
            "focusCount": 1,
            "clickCount": 1,
            "blurCount": 7
        },
        "pageLoadTime": {
            "loadStart": 1731695400000,
            "loadEnd": 1731695400242
        },
        "productId": "TRK-89olAsKyNOG7",
        "pathCounts": {
            "/settings": 8,
            "/home/create": 2
        }
    },
    {
        "start": 1731695400,
        "end": 1731696420,
        "bounce": {
            "isBounced": false,
            "pathname": "/frontend/index.html"
        },
        "device": "Mobile",
        "browser": "Edge",
        "location": {
            "latitude": 41.0961115,
            "longitude": 56.411283
        },
        "uniqueId": "5bde6480-0ab0-43b2-8529-ae22b458f836",
        "pathname": "/settings",
        "language": "nhn",
        "referrer": "http://www.rivera.com/",
        "events": {
            "loadCount": 9,
            "visibilitychangeCount": 7,
            "resizeCount": 4,
            "focusCount": 0,
            "clickCount": 7,
            "blurCount": 5
        },
        "pageLoadTime": {
            "loadStart": 1731695400000,
            "loadEnd": 1731695400596
        },
        "productId": "TRK-Ob2CJVFgaau7",
        "pathCounts": {
            "/home": 9,
            "/login": 9,
            "/checkout": 1,
            "/settings": 6
        }
    },
    {
        "start": 1731695400,
        "end": 1731697260,
        "bounce": {
            "isBounced": false,
            "pathname": "/frontend/index.html"
        },
        "device": "Laptop",
        "browser": "Mozilla",
        "location": {
            "latitude": 88.227881,
            "longitude": 120.376488
        },
        "uniqueId": "ca9d1f5f-925b-4a59-b362-4703a75ad77c",
        "pathname": "/settings",
        "language": "hy",
        "referrer": "",
        "events": {
            "loadCount": 10,
            "visibilitychangeCount": 8,
            "resizeCount": 3,
            "focusCount": 9,
            "clickCount": 3,
            "blurCount": 2
        },
        "pageLoadTime": {
            "loadStart": 1731695400000,
            "loadEnd": 1731695400835
        },
        "productId": "TRK-TlxlcwGkl19t",
        "pathCounts": {
            "/settings": 8,
            "/home/dashboard": 9,
            "/home/create": 5,
            "/profile": 5,
            "/login": 1
        }
    },
    {
        "start": 1731695400,
        "end": 1731696960,
        "bounce": {
            "isBounced": true,
            "pathname": "/frontend/index.html"
        },
        "device": "Laptop",
        "browser": "Mozilla",
        "location": {
            "latitude": 73.382655,
            "longitude": 56.817637
        },
        "uniqueId": "ffef8945-c190-4f95-930f-4e35c2e3a868",
        "pathname": "/dashboard",
        "language": "hak",
        "referrer": "https://kaiser.com/",
        "events": {
            "loadCount": 9,
            "visibilitychangeCount": 8,
            "resizeCount": 5,
            "focusCount": 10,
            "clickCount": 2,
            "blurCount": 3
        },
        "pageLoadTime": {
            "loadStart": 1731695400000,
            "loadEnd": 1731695400239
        },
        "productId": "TRK-89olAsKyNOG7",
        "pathCounts": {
            "/home": 10,
            "/login": 1,
            "/settings": 2,
            "/cart": 7
        }
    },
    {
        "start": 1731695400,
        "end": 1731697440,
        "bounce": {
            "isBounced": true,
            "pathname": "/frontend/index.html"
        },
        "device": "Mobile",
        "browser": "Mozilla",
        "location": {
            "latitude": 8.1786425,
            "longitude": -124.824897
        },
        "uniqueId": "f25d6d08-ed4a-4680-b7e3-94d4b30207df",
        "pathname": "/settings",
        "language": "ko",
        "referrer": "",
        "events": {
            "loadCount": 5,
            "visibilitychangeCount": 0,
            "resizeCount": 0,
            "focusCount": 1,
            "clickCount": 2,
            "blurCount": 5
        },
        "pageLoadTime": {
            "loadStart": 1731695400000,
            "loadEnd": 1731695400418
        },
        "productId": "TRK-89olAsKyNOG7",
        "pathCounts": {
            "/checkout": 8,
            "/profile": 10,
            "/cart": 9,
            "/home": 2,
            "/settings": 5
        }
    },
    {
        "start": 1731695400,
        "end": 1731698520,
        "bounce": {
            "isBounced": true,
            "pathname": "/frontend/index.html"
        },
        "device": "Laptop",
        "browser": "Safari",
        "location": {
            "latitude": -61.177491,
            "longitude": -110.040631
        },
        "uniqueId": "ca9d1f5f-925b-4a59-b362-4703a75ad77c",
        "pathname": "/frontend/index.html",
        "language": "ur",
        "referrer": "http://www.adams.info/",
        "events": {
            "loadCount": 3,
            "visibilitychangeCount": 10,
            "resizeCount": 8,
            "focusCount": 10,
            "clickCount": 4,
            "blurCount": 9
        },
        "pageLoadTime": {
            "loadStart": 1731695400000,
            "loadEnd": 1731695400867
        },
        "productId": "TRK-Ob2CJVFgaau7",
        "pathCounts": {
            "/home": 1,
            "/checkout": 2,
            "/cart": 1
        }
    },
    {
        "start": 1731695400,
        "end": 1731698400,
        "bounce": {
            "isBounced": true,
            "pathname": "/frontend/index.html"
        },
        "device": "Desktop",
        "browser": "Chrome",
        "location": {
            "latitude": -49.088137,
            "longitude": -25.124189
        },
        "uniqueId": "80d8a76b-4c97-4a12-9ac3-02a6d37e11a9",
        "pathname": "/profile",
        "language": "ar",
        "referrer": "",
        "events": {
            "loadCount": 0,
            "visibilitychangeCount": 0,
            "resizeCount": 6,
            "focusCount": 8,
            "clickCount": 10,
            "blurCount": 9
        },
        "pageLoadTime": {
            "loadStart": 1731695400000,
            "loadEnd": 1731695400216
        },
        "productId": "TRK-TlxlcwGkl19t",
        "pathCounts": {
            "/login": 4,
            "/settings": 1,
            "/checkout": 8
        }
    },
    {
        "start": 1731695400,
        "end": 1731698940,
        "bounce": {
            "isBounced": true,
            "pathname": "/frontend/index.html"
        },
        "device": "Laptop",
        "browser": "Edge",
        "location": {
            "latitude": -39.993704,
            "longitude": -158.610112
        },
        "uniqueId": "31b1cad6-43b6-4fa7-95e5-7d79676b01e7",
        "pathname": "/dashboard",
        "language": "tg",
        "referrer": "",
        "events": {
            "loadCount": 4,
            "visibilitychangeCount": 0,
            "resizeCount": 0,
            "focusCount": 10,
            "clickCount": 5,
            "blurCount": 5
        },
        "pageLoadTime": {
            "loadStart": 1731695400000,
            "loadEnd": 1731695400067
        },
        "productId": "TRK-89olAsKyNOG7",
        "pathCounts": {
            "/settings": 5,
            "/home": 3,
            "/profile": 10
        }
    },
    {
        "start": 1731695400,
        "end": 1731697440,
        "bounce": {
            "isBounced": true,
            "pathname": "/frontend/index.html"
        },
        "device": "Laptop",
        "browser": "Chrome",
        "location": {
            "latitude": -53.6161435,
            "longitude": -125.945987
        },
        "uniqueId": "14ec54a1-24e9-462b-9378-3e9d812cba5a",
        "pathname": "/dashboard",
        "language": "sv",
        "referrer": "https://www.brown-hammond.com/",
        "events": {
            "loadCount": 1,
            "visibilitychangeCount": 4,
            "resizeCount": 10,
            "focusCount": 10,
            "clickCount": 4,
            "blurCount": 5
        },
        "pageLoadTime": {
            "loadStart": 1731695400000,
            "loadEnd": 1731695400275
        },
        "productId": "TRK-89olAsKyNOG7",
        "pathCounts": {
            "/home": 4,
            "/login": 8,
            "/checkout": 2,
            "/profile": 2,
            "/settings": 1
        }
    },
    {
        "start": 1731695400,
        "end": 1731697020,
        "bounce": {
            "isBounced": false,
            "pathname": "/frontend/index.html"
        },
        "device": "Laptop",
        "browser": "Safari",
        "location": {
            "latitude": 26.24009,
            "longitude": 58.223095
        },
        "uniqueId": "ffef8945-c190-4f95-930f-4e35c2e3a868",
        "pathname": "/profile",
        "language": "nl",
        "referrer": "http://gordon.org/",
        "events": {
            "loadCount": 1,
            "visibilitychangeCount": 4,
            "resizeCount": 2,
            "focusCount": 3,
            "clickCount": 3,
            "blurCount": 4
        },
        "pageLoadTime": {
            "loadStart": 1731695400000,
            "loadEnd": 1731695400069
        },
        "productId": "TRK-Ob2CJVFgaau7",
        "pathCounts": {
            "/profile": 1,
            "/login": 5,
            "/home/dashboard": 10
        }
    },
    {
        "start": 1731695400,
        "end": 1731696540,
        "bounce": {
            "isBounced": true,
            "pathname": "/frontend/index.html"
        },
        "device": "Desktop",
        "browser": "Chrome",
        "location": {
            "latitude": -34.4157525,
            "longitude": 49.015189
        },
        "uniqueId": "5bde6480-0ab0-43b2-8529-ae22b458f836",
        "pathname": "/frontend/index.html",
        "language": "fi",
        "referrer": "https://www.flores.com/",
        "events": {
            "loadCount": 3,
            "visibilitychangeCount": 9,
            "resizeCount": 1,
            "focusCount": 4,
            "clickCount": 4,
            "blurCount": 0
        },
        "pageLoadTime": {
            "loadStart": 1731695400000,
            "loadEnd": 1731695400922
        },
        "productId": "TRK-TlxlcwGkl19t",
        "pathCounts": {
            "/profile": 7,
            "/settings": 7,
            "/home/dashboard": 7,
            "/login": 6
        }
    },
    {
        "start": 1731695400,
        "end": 1731696300,
        "bounce": {
            "isBounced": true,
            "pathname": "/frontend/index.html"
        },
        "device": "Desktop",
        "browser": "Edge",
        "location": {
            "latitude": -41.0318105,
            "longitude": -56.619015
        },
        "uniqueId": "d86a654c-f156-4873-9fec-b758bd53146a",
        "pathname": "/profile",
        "language": "ts",
        "referrer": "",
        "events": {
            "loadCount": 7,
            "visibilitychangeCount": 1,
            "resizeCount": 3,
            "focusCount": 3,
            "clickCount": 7,
            "blurCount": 2
        },
        "pageLoadTime": {
            "loadStart": 1731695400000,
            "loadEnd": 1731695400347
        },
        "productId": "TRK-TlxlcwGkl19t",
        "pathCounts": {
            "/profile": 1,
            "/home/create": 9,
            "/home": 3,
            "/checkout": 8
        }
    },
    {
        "start": 1731695400,
        "end": 1731696060,
        "bounce": {
            "isBounced": false,
            "pathname": "/frontend/index.html"
        },
        "device": "Tablet",
        "browser": "Mozilla",
        "location": {
            "latitude": -41.654987,
            "longitude": -139.777025
        },
        "uniqueId": "9b47b488-09f3-4d00-a56c-8c970bdfab8e",
        "pathname": "/profile",
        "language": "tcy",
        "referrer": "",
        "events": {
            "loadCount": 1,
            "visibilitychangeCount": 1,
            "resizeCount": 3,
            "focusCount": 8,
            "clickCount": 10,
            "blurCount": 0
        },
        "pageLoadTime": {
            "loadStart": 1731695400000,
            "loadEnd": 1731695400711
        },
        "productId": "TRK-Ob2CJVFgaau7",
        "pathCounts": {
            "/cart": 2,
            "/profile": 2,
            "/settings": 6,
            "/checkout": 5
        }
    },
    {
        "start": 1731695400,
        "end": 1731697080,
        "bounce": {
            "isBounced": false,
            "pathname": "/frontend/index.html"
        },
        "device": "Tablet",
        "browser": "Safari",
        "location": {
            "latitude": -55.625302,
            "longitude": -157.705424
        },
        "uniqueId": "37f86d6c-c234-4339-9c0f-ec3bdaab8536",
        "pathname": "/dashboard",
        "language": "shs",
        "referrer": "https://www.scott-chapman.com/",
        "events": {
            "loadCount": 0,
            "visibilitychangeCount": 4,
            "resizeCount": 10,
            "focusCount": 6,
            "clickCount": 2,
            "blurCount": 1
        },
        "pageLoadTime": {
            "loadStart": 1731695400000,
            "loadEnd": 1731695400560
        },
        "productId": "TRK-TlxlcwGkl19t",
        "pathCounts": {
            "/login": 5,
            "/home/create": 5,
            "/home/dashboard": 9
        }
    },
    {
        "start": 1731695400,
        "end": 1731697920,
        "bounce": {
            "isBounced": true,
            "pathname": "/frontend/index.html"
        },
        "device": "Mobile",
        "browser": "Chrome",
        "location": {
            "latitude": -2.6782545,
            "longitude": 82.579164
        },
        "uniqueId": "ffef8945-c190-4f95-930f-4e35c2e3a868",
        "pathname": "/dashboard",
        "language": "ayc",
        "referrer": "",
        "events": {
            "loadCount": 2,
            "visibilitychangeCount": 9,
            "resizeCount": 9,
            "focusCount": 4,
            "clickCount": 10,
            "blurCount": 3
        },
        "pageLoadTime": {
            "loadStart": 1731695400000,
            "loadEnd": 1731695400573
        },
        "productId": "TRK-89olAsKyNOG7",
        "pathCounts": {
            "/profile": 5,
            "/home": 8,
            "/checkout": 3,
            "/login": 2,
            "/home/dashboard": 6
        }
    },
    {
        "start": 1731695400,
        "end": 1731695820,
        "bounce": {
            "isBounced": true,
            "pathname": "/frontend/index.html"
        },
        "device": "Mobile",
        "browser": "Edge",
        "location": {
            "latitude": 25.9735,
            "longitude": -170.472418
        },
        "uniqueId": "9b47b488-09f3-4d00-a56c-8c970bdfab8e",
        "pathname": "/settings",
        "language": "dv",
        "referrer": "",
        "events": {
            "loadCount": 8,
            "visibilitychangeCount": 4,
            "resizeCount": 8,
            "focusCount": 9,
            "clickCount": 0,
            "blurCount": 3
        },
        "pageLoadTime": {
            "loadStart": 1731695400000,
            "loadEnd": 1731695400075
        },
        "productId": "TRK-TlxlcwGkl19t",
        "pathCounts": {
            "/home/create": 9,
            "/profile": 9,
            "/settings": 4
        }
    },
    {
        "start": 1731695400,
        "end": 1731698520,
        "bounce": {
            "isBounced": false,
            "pathname": "/frontend/index.html"
        },
        "device": "Mobile",
        "browser": "Mozilla",
        "location": {
            "latitude": -26.380337,
            "longitude": -42.303088
        },
        "uniqueId": "5bde6480-0ab0-43b2-8529-ae22b458f836",
        "pathname": "/settings",
        "language": "gu",
        "referrer": "http://berry-garcia.info/",
        "events": {
            "loadCount": 5,
            "visibilitychangeCount": 0,
            "resizeCount": 4,
            "focusCount": 4,
            "clickCount": 8,
            "blurCount": 3
        },
        "pageLoadTime": {
            "loadStart": 1731695400000,
            "loadEnd": 1731695400060
        },
        "productId": "TRK-89olAsKyNOG7",
        "pathCounts": {
            "/home/dashboard": 2,
            "/profile": 7,
            "/home": 9,
            "/checkout": 10
        }
    },
    {
        "start": 1731695400,
        "end": 1731695520,
        "bounce": {
            "isBounced": false,
            "pathname": "/frontend/index.html"
        },
        "device": "Mobile",
        "browser": "Safari",
        "location": {
            "latitude": -59.925822,
            "longitude": 6.558606
        },
        "uniqueId": "ffef8945-c190-4f95-930f-4e35c2e3a868",
        "pathname": "/settings",
        "language": "ky",
        "referrer": "http://james.biz/",
        "events": {
            "loadCount": 5,
            "visibilitychangeCount": 5,
            "resizeCount": 9,
            "focusCount": 5,
            "clickCount": 5,
            "blurCount": 6
        },
        "pageLoadTime": {
            "loadStart": 1731695400000,
            "loadEnd": 1731695400906
        },
        "productId": "TRK-89olAsKyNOG7",
        "pathCounts": {
            "/checkout": 9,
            "/home": 8,
            "/settings": 7,
            "/login": 5
        }
    }
]