[
    {
        "start": 1734028200,
        "end": 1734030240,
        "bounce": {
            "isBounced": true,
            "pathname": "/frontend/index.html"
        },
        "device": "Mobile",
        "browser": "Chrome",
        "location": {
            "latitude": -79.5907895,
            "longitude": 172.268863
        },
        "uniqueId": "4f113d91-1e3e-46f7-a9ca-95f02de96297",
        "pathname": "/dashboard",
        "language": "bg",
        "referrer": "https://www.arias-young.com/",
        "events": {
            "loadCount": 1,
            "visibilitychangeCount": 9,
            "resizeCount": 6,
            "focusCount": 1,
            "clickCount": 4,
            "blurCount": 10
        },
        "pageLoadTime": {
            "loadStart": 1734028200000,
            "loadEnd": 1734028200182
        },
        "productId": "TRK-TlxlcwGkl19t",
        "pathCounts": {
            "/checkout": 8,
            "/home/create": 9
        }
    },
    {
        "start": 1734028200,
        "end": 1734031680,
        "bounce": {
            "isBounced": false,
            "pathname": "/frontend/index.html"
        },
        "device": "Mobile",
        "browser": "Safari",
        "location": {
            "latitude": -38.943513,
            "longitude": -37.180958
        },
        "uniqueId": "3da55713-36de-4077-9d4d-626d934aafe0",
        "pathname": "/settings",
        "language": "nn",
        "referrer": "",
        "events": {
            "loadCount": 2,
            "visibilitychangeCount": 5,
            "resizeCount": 9,
            "focusCount": 9,
            "clickCount": 4,
            "blurCount": 9
        },
        "pageLoadTime": {
            "loadStart": 1734028200000,
            "loadEnd": 1734028200307
        },
        "productId": "TRK-Ob2CJVFgaau7",
        "pathCounts": {
            "/login": 3,
            "/home/create": 1,
            "/checkout": 1,
            "/profile": 3,
            "/home": 9
        }
    },
    {
        "start": 1734028200,
        "end": 1734030600,
        "bounce": {
            "isBounced": false,
            "pathname": "/frontend/index.html"
        },
        "device": "Tablet",
        "browser": "Edge",
        "location": {
            "latitude": -18.7237715,
            "longitude": -98.181414
        },
        "uniqueId": "80d8a76b-4c97-4a12-9ac3-02a6d37e11a9",
        "pathname": "/home",
        "language": "as",
        "referrer": "http://lopez.com/",
        "events": {
            "loadCount": 9,
            "visibilitychangeCount": 10,
            "resizeCount": 3,
            "focusCount": 5,
            "clickCount": 9,
            "blurCount": 8
        },
        "pageLoadTime": {
            "loadStart": 1734028200000,
            "loadEnd": 1734028200385
        },
        "productId": "TRK-TlxlcwGkl19t",
        "pathCounts": {
            "/home": 2,
            "/home/create": 4,
            "/settings": 2
        }
    },
    {
        "start": 1734028200,
        "end": 1734031800,
        "bounce": {
            "isBounced": true,
            "pathname": "/frontend/index.html"
        },
        "device": "Mobile",
        "browser": "Mozilla",
        "location": {
            "latitude": 6.505303,
            "longitude": -99.530627
        },
        "uniqueId": "f25d6d08-ed4a-4680-b7e3-94d4b30207df",
        "pathname": "/profile",
        "language": "mr",
        "referrer": "https://www.craig.com/",
        "events": {
            "loadCount": 4,
            "visibilitychangeCount": 10,
            "resizeCount": 4,
            "focusCount": 4,
            "clickCount": 1,
            "blurCount": 4
        },
        "pageLoadTime": {
            "loadStart": 1734028200000,
            "loadEnd": 1734028200515
        },
        "productId": "TRK-Ob2CJVFgaau7",
        "pathCounts": {
            "/profile": 2,
            "/login": 5,
            "/home": 7
        }
    },
    {
        "start": 1734028200,
        "end": 1734031680,
        "bounce": {
            "isBounced": true,
            "pathname": "/frontend/index.html"
        },
        "device": "Laptop",
        "browser": "Chrome",
        "location": {
            "latitude": 45.677715,
            "longitude": -12.406485
        },
        "uniqueId": "f9c7e851-4d89-46ce-8678-25b88916a574",
        "pathname": "/dashboard",
        "language": "cs",
        "referrer": "https://mitchell.com/",
        "events": {
            "loadCount": 7,
            "visibilitychangeCount": 9,
            "resizeCount": 5,
            "focusCount": 6,
            "clickCount": 1,
            "blurCount": 9
        },
        "pageLoadTime": {
            "loadStart": 1734028200000,
            "loadEnd": 1734028200177
        },
        "productId": "TRK-89olAsKyNOG7",
        "pathCounts": {
            "/home": 10,
            "/login": 1,
            "/checkout": 9
        }
    },
    {
        "start": 1734028200,
        "end": 1734031200,
        "bounce": {
            "isBounced": false,
            "pathname": "/frontend/index.html"
        },
        "device": "Desktop",
        "browser": "Edge",
        "location": {
            "latitude": 22.165838,
            "longitude": -37.578092
        },
        "uniqueId": "ffef8945-c190-4f95-930f-4e35c2e3a868",
        "pathname": "/frontend/index.html",
        "language": "zh",
        "referrer": "http://sanchez.com/",
        "events": {
            "loadCount": 6,
            "visibilitychangeCount": 10,
            "resizeCount": 10,
            "focusCount": 8,
            "clickCount": 5,
            "blurCount": 6
        },
        "pageLoadTime": {
            "loadStart": 1734028200000,
            "loadEnd": 1734028200349
        },
        "productId": "TRK-TlxlcwGkl19t",
        "pathCounts": {
            "/checkout": 1,
            "/home/create": 5,
            "/home": 4,
            "/cart": 3
        }
    },
    {
        "start": 1734028200,
        "end": 1734031620,
        "bounce": {
            "isBounced": true,
            "pathname": "/frontend/index.html"
        },
        "device": "Desktop",
        "browser": "Mozilla",
        "location": {
            "latitude": -72.663393,
            "longitude": -105.090648
        },
        "uniqueId": "ca9d1f5f-925b-4a59-b362-4703a75ad77c",
        "pathname": "/home",
        "language": "mr",
        "referrer": "http://www.mclaughlin-peterson.biz/",
        "events": {
            "loadCount": 2,
            "visibilitychangeCount": 10,
            "resizeCount": 6,
            "focusCount": 9,
            "clickCount": 0,
            "blurCount": 10
        },
        "pageLoadTime": {
            "loadStart": 1734028200000,
            "loadEnd": 1734028200803
        },
        "productId": "TRK-89olAsKyNOG7",
        "pathCounts": {
            "/profile": 9,
            "/settings": 8,
            "/checkout": 2
        }
    },
    {
        "start": 1734028200,
        "end": 1734028320,
        "bounce": {
            "isBounced": false,
            "pathname": "/frontend/index.html"
        },
        "device": "Mobile",
        "browser": "Safari",
        "location": {
            "latitude": -29.813114,
            "longitude": -71.978192
        },
        "uniqueId": "ffef8945-c190-4f95-930f-4e35c2e3a868",
        "pathname": "/profile",
        "language": "cs",
        "referrer": "http://www.gibson.com/",
        "events": {
            "loadCount": 6,
            "visibilitychangeCount": 2,
            "resizeCount": 3,
            "focusCount": 5,
            "clickCount": 4,
            "blurCount": 7
        },
        "pageLoadTime": {
            "loadStart": 1734028200000,
            "loadEnd": 1734028200356
        },
        "productId": "TRK-TlxlcwGkl19t",
        "pathCounts": {
            "/login": 6,
            "/checkout": 5,
            "/settings": 6,
            "/home/dashboard": 6
        }
    },
    {
        "start": 1734028200,
        "end": 1734031800,
        "bounce": {
            "isBounced": true,
            "pathname": "/frontend/index.html"
        },
        "device": "Desktop",
        "browser": "Mozilla",
        "location": {
            "latitude": 69.555059,
            "longitude": 3.91113
        },
        "uniqueId": "ca9d1f5f-925b-4a59-b362-4703a75ad77c",
        "pathname": "/profile",
        "language": "sk",
        "referrer": "https://www.holland.biz/",
        "events": {
            "loadCount": 8,
            "visibilitychangeCount": 7,
            "resizeCount": 9,
            "focusCount": 8,
            "clickCount": 10,
            "blurCount": 6
        },
        "pageLoadTime": {
            "loadStart": 1734028200000,
            "loadEnd": 1734028200763
        },
        "productId": "TRK-89olAsKyNOG7",
        "pathCounts": {
            "/home": 7,
            "/profile": 10,
            "/cart": 10
        }
    },
    {
        "start": 1734028200,
        "end": 1734030300,
        "bounce": {
            "isBounced": true,
            "pathname": "/frontend/index.html"
        },
        "device": "Desktop",
        "browser": "Chrome",
        "location": {
            "latitude": 66.997235,
            "longitude": -78.442572
        },
        "uniqueId": "f25d6d08-ed4a-4680-b7e3-94d4b30207df",
        "pathname": "/home",
        "language": "sw",
        "referrer": "http://www.garcia-woodard.org/",
        "events": {
            "loadCount": 8,
            "visibilitychangeCount": 10,
            "resizeCount": 6,
            "focusCount": 3,
            "clickCount": 8,
            "blurCount": 2
        },
        "pageLoadTime": {
            "loadStart": 1734028200000,
            "loadEnd": 1734028200959
        },
        "productId": "TRK-TlxlcwGkl19t",
        "pathCounts": {
            "/home/create": 2,
            "/checkout": 2,
            "/login": 4
        }
    },
    {
        "start": 1734028200,
        "end": 1734029340,
        "bounce": {
            "isBounced": true,
            "pathname": "/frontend/index.html"
        },
        "device": "Tablet",
        "browser": "Mozilla",
        "location": {
            "latitude": 32.5091765,
            "longitude": -132.164205
        },
        "uniqueId": "3da55713-36de-4077-9d4d-626d934aafe0",
        "pathname": "/home",
        "language": "hu",
        "referrer": "https://summers.com/",
        "events": {
            "loadCount": 2,
            "visibilitychangeCount": 4,
            "resizeCount": 4,
            "focusCount": 2,
            "clickCount": 10,
            "blurCount": 10
        },
        "pageLoadTime": {
            "loadStart": 1734028200000,
            "loadEnd": 1734028200261
        },
        "productId": "TRK-TlxlcwGkl19t",
        "pathCounts": {
            "/profile": 5,
            "/cart": 6
        }
    },
    {
        "start": 1734028200,
        "end": 1734030540,
        "bounce": {
            "isBounced": false,
            "pathname": "/frontend/index.html"
        },
        "device": "Desktop",
        "browser": "Edge",
        "location": {
            "latitude": -67.0387425,
            "longitude": 83.391681
        },
        "uniqueId": "5bde6480-0ab0-43b2-8529-ae22b458f836",
        "pathname": "/settings",
        "language": "sd",
        "referrer": "",
        "events": {
            "loadCount": 4,
            "visibilitychangeCount": 6,
            "resizeCount": 8,
            "focusCount": 6,
            "clickCount": 8,
            "blurCount": 6
        },
        "pageLoadTime": {
            "loadStart": 1734028200000,
            "loadEnd": 1734028200113
        },
        "productId": "TRK-Ob2CJVFgaau7",
        "pathCounts": {
            "/cart": 6,
            "/home/create": 10,
            "/home/dashboard": 10
        }
    },
    {
        "start": 1734028200,
        "end": 1734030420,
        "bounce": {
            "isBounced": false,
            "pathname": "/frontend/index.html"
        },
        "device": "Tablet",
        "browser": "Safari",
        "location": {
            "latitude": -16.0530745,
            "longitude": 76.79605
        },
        "uniqueId": "625ea2f3-d6f3-47f0-abd3-a204ea4eb491",
        "pathname": "/settings",
        "language": "nso",
        "referrer": "",
        "events": {
            "loadCount": 10,
            "visibilitychangeCount": 8,
            "resizeCount": 4,
            "focusCount": 3,
            "clickCount": 1,
            "blurCount": 0
        },
        "pageLoadTime": {
            "loadStart": 1734028200000,
            "loadEnd": 1734028200275
        },
        "productId": "TRK-89olAsKyNOG7",
        "pathCounts": {
            "/home/dashboard": 5,
            "/profile": 2,
            "/settings": 4,
            "/home/create": 10,
            "/cart": 2
        }
    },
    {
        "start": 1734028200,
        "end": 1734028800,
        "bounce": {
            "isBounced": false,
            "pathname": "/frontend/index.html"
        },
        "device": "Desktop",
        "browser": "Chrome",
        "location": {
            "latitude": -6.545364,
            "longitude": -161.233215
        },
        "uniqueId": "f9c7e851-4d89-46ce-8678-25b88916a574",
        "pathname": "/settings",
        "language": "fi",
        "referrer": "",
        "events": {
            "loadCount": 8,
            "visibilitychangeCount": 2,
            "resizeCount": 7,
            "focusCount": 6,
            "clickCount": 5,
            "blurCount": 9
        },
        "pageLoadTime": {
            "loadStart": 1734028200000,
            "loadEnd": 1734028200019
        },
        "productId": "TRK-Ob2CJVFgaau7",
        "pathCounts": {
            "/home/create": 7,
            "/home": 4
        }
    },
    {
        "start": 1734028200,
        "end": 1734031020,
        "bounce": {
            "isBounced": false,
            "pathname": "/frontend/index.html"
        },
        "device": "Laptop",
        "browser": "Chrome",
        "location": {
            "latitude": -39.7176655,
            "longitude": 113.040665
        },
        "uniqueId": "37f86d6c-c234-4339-9c0f-ec3bdaab8536",
        "pathname": "/home",
        "language": "dz",
        "referrer": "",
        "events": {
            "loadCount": 8,
            "visibilitychangeCount": 3,
            "resizeCount": 5,
            "focusCount": 10,
            "clickCount": 6,
            "blurCount": 3
        },
        "pageLoadTime": {
            "loadStart": 1734028200000,
            "loadEnd": 1734028200102
        },
        "productId": "TRK-Ob2CJVFgaau7",
        "pathCounts": {
            "/home": 7,
            "/home/dashboard": 3,
            "/profile": 2
        }
    },
    {
        "start": 1734028200,
        "end": 1734030660,
        "bounce": {
            "isBounced": true,
            "pathname": "/frontend/index.html"
        },
        "device": "Mobile",
        "browser": "Safari",
        "location": {
            "latitude": 77.176113,
            "longitude": -50.199403
        },
        "uniqueId": "111907fd-95b7-4729-a2af-e51ad656e288",
        "pathname": "/home",
        "language": "tig",
        "referrer": "https://www.hernandez.com/",
        "events": {
            "loadCount": 8,
            "visibilitychangeCount": 3,
            "resizeCount": 6,
            "focusCount": 8,
            "clickCount": 3,
            "blurCount": 0
        },
        "pageLoadTime": {
            "loadStart": 1734028200000,
            "loadEnd": 1734028200887
        },
        "productId": "TRK-TlxlcwGkl19t",
        "pathCounts": {
            "/profile": 4,
            "/home/create": 6,
            "/cart": 2,
            "/home/dashboard": 7,
            "/settings": 5
        }
    },
    {
        "start": 1734028200,
        "end": 1734030360,
        "bounce": {
            "isBounced": true,
            "pathname": "/frontend/index.html"
        },
        "device": "Mobile",
        "browser": "Chrome",
        "location": {
            "latitude": 48.7342665,
            "longitude": 60.141642
        },
        "uniqueId": "31b1cad6-43b6-4fa7-95e5-7d79676b01e7",
        "pathname": "/profile",
        "language": "nl",
        "referrer": "",
        "events": {
            "loadCount": 4,
            "visibilitychangeCount": 5,
            "resizeCount": 10,
            "focusCount": 9,
            "clickCount": 0,
            "blurCount": 3
        },
        "pageLoadTime": {
            "loadStart": 1734028200000,
            "loadEnd": 1734028200956
        },
        "productId": "TRK-Ob2CJVFgaau7",
        "pathCounts": {
            "/home/create": 3,
            "/home": 2,
            "/home/dashboard": 2
        }
    },
    {
        "start": 1734028200,
        "end": 1734031740,
        "bounce": {
            "isBounced": true,
            "pathname": "/frontend/index.html"
        },
        "device": "Mobile",
        "browser": "Chrome",
        "location": {
            "latitude": -76.8035495,
            "longitude": 48.142688
        },
        "uniqueId": "3ba5c0ca-2d1c-4d75-82b7-a2c821f2ea43",
        "pathname": "/profile",
        "language": "the",
        "referrer": "",
        "events": {
            "loadCount": 8,
            "visibilitychangeCount": 0,
            "resizeCount": 3,
            "focusCount": 4,
            "clickCount": 2,
            "blurCount": 5
        },
        "pageLoadTime": {
            "loadStart": 1734028200000,
            "loadEnd": 1734028200925
        },
        "productId": "TRK-TlxlcwGkl19t",
        "pathCounts": {
            "/profile": 4,
            "/cart": 6
        }
    },
    {
        "start": 1734028200,
        "end": 1734029280,
        "bounce": {
            "isBounced": true,
            "pathname": "/frontend/index.html"
        },
        "device": "Desktop",
        "browser": "Edge",
        "location": {
            "latitude": 25.0825735,
            "longitude": 2.300855
        },
        "uniqueId": "ffef8945-c190-4f95-930f-4e35c2e3a868",
        "pathname": "/home",
        "language": "mk",
        "referrer": "https://www.burton.com/",
        "events": {
            "loadCount": 7,
            "visibilitychangeCount": 1,
            "resizeCount": 8,
            "focusCount": 9,
            "clickCount": 8,
            "blurCount": 0
        },
        "pageLoadTime": {
            "loadStart": 1734028200000,
            "loadEnd": 1734028200929
        },
        "productId": "TRK-89olAsKyNOG7",
        "pathCounts": {
            "/login": 5,
            "/profile": 5,
            "/checkout": 4
        }
    }
]