[
    {
        "start": 1729708200,
        "end": 1729709040,
        "bounce": {
            "isBounced": true,
            "pathname": "/frontend/index.html"
        },
        "device": "Mobile",
        "browser": "Mozilla",
        "location": {
            "latitude": 62.249062,
            "longitude": -48.221108
        },
        "uniqueId": "625ea2f3-d6f3-47f0-abd3-a204ea4eb491",
        "pathname": "/settings",
        "language": "dz",
        "referrer": "https://www.diaz.biz/",
        "events": {
            "loadCount": 4,
            "visibilitychangeCount": 2,
            "resizeCount": 3,
            "focusCount": 2,
            "clickCount": 4,
            "blurCount": 1
        },
        "pageLoadTime": {
            "loadStart": 1729708200000,
            "loadEnd": 1729708200602
        },
        "productId": "TRK-TlxlcwGkl19t",
        "pathCounts": {
            "/checkout": 2,
            "/cart": 8,
            "/home/dashboard": 5,
            "/home/create": 2
        }
    },
    {
        "start": 1729708200,
        "end": 1729711260,
        "bounce": {
            "isBounced": false,
            "pathname": "/frontend/index.html"
        },
        "device": "Desktop",
        "browser": "Chrome",
        "location": {
            "latitude": -56.922287,
            "longitude": -97.252749
        },
        "uniqueId": "3da55713-36de-4077-9d4d-626d934aafe0",
        "pathname": "/settings",
        "language": "vi",
        "referrer": "",
        "events": {
            "loadCount": 8,
            "visibilitychangeCount": 6,
            "resizeCount": 4,
            "focusCount": 4,
            "clickCount": 4,
            "blurCount": 3
        },
        "pageLoadTime": {
            "loadStart": 1729708200000,
            "loadEnd": 1729708200967
        },
        "productId": "TRK-Ob2CJVFgaau7",
        "pathCounts": {
            "/login": 3,
            "/home/dashboard": 8,
            "/profile": 9,
            "/settings": 2,
            "/checkout": 4
        }
    },
    {
        "start": 1729708200,
        "end": 1729709760,
        "bounce": {
            "isBounced": false,
            "pathname": "/frontend/index.html"
        },
        "device": "Tablet",
        "browser": "Edge",
        "location": {
            "latitude": 34.1380235,
            "longitude": -104.545378
        },
        "uniqueId": "14ec54a1-24e9-462b-9378-3e9d812cba5a",
        "pathname": "/settings",
        "language": "zh",
        "referrer": "https://www.porter-case.com/",
        "events": {
            "loadCount": 9,
            "visibilitychangeCount": 1,
            "resizeCount": 4,
            "focusCount": 2,
            "clickCount": 5,
            "blurCount": 1
        },
        "pageLoadTime": {
            "loadStart": 1729708200000,
            "loadEnd": 1729708200647
        },
        "productId": "TRK-Ob2CJVFgaau7",
        "pathCounts": {
            "/profile": 2,
            "/login": 9
        }
    },
    {
        "start": 1729708200,
        "end": 1729708620,
        "bounce": {
            "isBounced": true,
            "pathname": "/frontend/index.html"
        },
        "device": "Desktop",
        "browser": "Chrome",
        "location": {
            "latitude": -56.9851855,
            "longitude": 163.535862
        },
        "uniqueId": "ffef8945-c190-4f95-930f-4e35c2e3a868",
        "pathname": "/settings",
        "language": "ku",
        "referrer": "",
        "events": {
            "loadCount": 5,
            "visibilitychangeCount": 2,
            "resizeCount": 3,
            "focusCount": 5,
            "clickCount": 1,
            "blurCount": 0
        },
        "pageLoadTime": {
            "loadStart": 1729708200000,
            "loadEnd": 1729708200513
        },
        "productId": "TRK-Ob2CJVFgaau7",
        "pathCounts": {
            "/home/dashboard": 2,
            "/profile": 9
        }
    },
    {
        "start": 1729708200,
        "end": 1729710180,
        "bounce": {
            "isBounced": true,
            "pathname": "/frontend/index.html"
        },
        "device": "Tablet",
        "browser": "Chrome",
        "location": {
            "latitude": 84.5408985,
            "longitude": 29.583133
        },
        "uniqueId": "d86a654c-f156-4873-9fec-b758bd53146a",
        "pathname": "/home",
        "language": "bs",
        "referrer": "",
        "events": {
            "loadCount": 1,
            "visibilitychangeCount": 3,
            "resizeCount": 10,
            "focusCount": 10,
            "clickCount": 10,
            "blurCount": 6
        },
        "pageLoadTime": {
            "loadStart": 1729708200000,
            "loadEnd": 1729708200173
        },
        "productId": "TRK-Ob2CJVFgaau7",
        "pathCounts": {
            "/home/dashboard": 9,
            "/cart": 6,
            "/login": 3
        }
    },
    {
        "start": 1729708200,
        "end": 1729708440,
        "bounce": {
            "isBounced": false,
            "pathname": "/frontend/index.html"
        },
        "device": "Laptop",
        "browser": "Mozilla",
        "location": {
            "latitude": 33.091249,
            "longitude": -157.002643
        },
        "uniqueId": "f25d6d08-ed4a-4680-b7e3-94d4b30207df",
        "pathname": "/home",
        "language": "ia",
        "referrer": "http://www.chapman-myers.com/",
        "events": {
            "loadCount": 7,
            "visibilitychangeCount": 2,
            "resizeCount": 0,
            "focusCount": 6,
            "clickCount": 3,
            "blurCount": 6
        },
        "pageLoadTime": {
            "loadStart": 1729708200000,
            "loadEnd": 1729708200539
        },
        "productId": "TRK-TlxlcwGkl19t",
        "pathCounts": {
            "/cart": 10,
            "/home/create": 10,
            "/settings": 2
        }
    },
    {
        "start": 1729708200,
        "end": 1729709880,
        "bounce": {
            "isBounced": false,
            "pathname": "/frontend/index.html"
        },
        "device": "Desktop",
        "browser": "Safari",
        "location": {
            "latitude": 18.683631,
            "longitude": -22.457585
        },
        "uniqueId": "31b1cad6-43b6-4fa7-95e5-7d79676b01e7",
        "pathname": "/home",
        "language": "wae",
        "referrer": "https://williams-johnston.com/",
        "events": {
            "loadCount": 0,
            "visibilitychangeCount": 6,
            "resizeCount": 5,
            "focusCount": 3,
            "clickCount": 1,
            "blurCount": 2
        },
        "pageLoadTime": {
            "loadStart": 1729708200000,
            "loadEnd": 1729708200280
        },
        "productId": "TRK-89olAsKyNOG7",
        "pathCounts": {
            "/settings": 7,
            "/home/dashboard": 3,
            "/login": 2,
            "/cart": 8
        }
    },
    {
        "start": 1729708200,
        "end": 1729711320,
        "bounce": {
            "isBounced": true,
            "pathname": "/frontend/index.html"
        },
        "device": "Desktop",
        "browser": "Safari",
        "location": {
            "latitude": -83.3157975,
            "longitude": -155.994691
        },
        "uniqueId": "aa76de66-83a4-4c21-92f5-cfe20525387a",
        "pathname": "/frontend/index.html",
        "language": "mr",
        "referrer": "https://fitzgerald.com/",
        "events": {
            "loadCount": 6,
            "visibilitychangeCount": 2,
            "resizeCount": 0,
            "focusCount": 8,
            "clickCount": 2,
            "blurCount": 10
        },
        "pageLoadTime": {
            "loadStart": 1729708200000,
            "loadEnd": 1729708200166
        },
        "productId": "TRK-Ob2CJVFgaau7",
        "pathCounts": {
            "/home/create": 9,
            "/home/dashboard": 1,
            "/login": 3
        }
    },
    {
        "start": 1729708200,
        "end": 1729708440,
        "bounce": {
            "isBounced": true,
            "pathname": "/frontend/index.html"
        },
        "device": "Tablet",
        "browser": "Edge",
        "location": {
            "latitude": -75.293691,
            "longitude": -28.125814
        },
        "uniqueId": "5bde6480-0ab0-43b2-8529-ae22b458f836",
        "pathname": "/dashboard",
        "language": "sr",
        "referrer": "",
        "events": {
            "loadCount": 5,
            "visibilitychangeCount": 8,
            "resizeCount": 0,
            "focusCount": 2,
            "clickCount": 9,
            "blurCount": 7
        },
        "pageLoadTime": {
            "loadStart": 1729708200000,
            "loadEnd": 1729708200474
        },
        "productId": "TRK-TlxlcwGkl19t",
        "pathCounts": {
            "/home/create": 10,
            "/settings": 3,
            "/checkout": 3
        }
    },
    {
        "start": 1729708200,
        "end": 1729708740,
        "bounce": {
            "isBounced": true,
            "pathname": "/frontend/index.html"
        },
        "device": "Desktop",
        "browser": "Safari",
        "location": {
            "latitude": 85.741339,
            "longitude": -4.359972
        },
        "uniqueId": "80d8a76b-4c97-4a12-9ac3-02a6d37e11a9",
        "pathname": "/profile",
        "language": "tig",
        "referrer": "",
        "events": {
            "loadCount": 6,
            "visibilitychangeCount": 0,
            "resizeCount": 8,
            "focusCount": 3,
            "clickCount": 6,
            "blurCount": 7
        },
        "pageLoadTime": {
            "loadStart": 1729708200000,
            "loadEnd": 1729708200557
        },
        "productId": "TRK-Ob2CJVFgaau7",
        "pathCounts": {
            "/login": 3,
            "/profile": 10,
            "/cart": 9,
            "/home/dashboard": 3
        }
    },
    {
        "start": 1729708200,
        "end": 1729711680,
        "bounce": {
            "isBounced": true,
            "pathname": "/frontend/index.html"
        },
        "device": "Desktop",
        "browser": "Safari",
        "location": {
            "latitude": -6.703239,
            "longitude": -14.647236
        },
        "uniqueId": "625ea2f3-d6f3-47f0-abd3-a204ea4eb491",
        "pathname": "/home",
        "language": "ta",
        "referrer": "https://hart.org/",
        "events": {
            "loadCount": 9,
            "visibilitychangeCount": 2,
            "resizeCount": 2,
            "focusCount": 0,
            "clickCount": 8,
            "blurCount": 7
        },
        "pageLoadTime": {
            "loadStart": 1729708200000,
            "loadEnd": 1729708200740
        },
        "productId": "TRK-TlxlcwGkl19t",
        "pathCounts": {
            "/cart": 6
        }
    },
    {
        "start": 1729708200,
        "end": 1729709820,
        "bounce": {
            "isBounced": false,
            "pathname": "/frontend/index.html"
        },
        "device": "Desktop",
        "browser": "Chrome",
        "location": {
            "latitude": 71.646267,
            "longitude": 43.863585
        },
        "uniqueId": "9ce1bf0b-8366-40e1-b77c-9493a981c91b",
        "pathname": "/frontend/index.html",
        "language": "or",
        "referrer": "http://www.santiago.com/",
        "events": {
            "loadCount": 3,
            "visibilitychangeCount": 0,
            "resizeCount": 9,
            "focusCount": 2,
            "clickCount": 7,
            "blurCount": 8
        },
        "pageLoadTime": {
            "loadStart": 1729708200000,
            "loadEnd": 1729708200587
        },
        "productId": "TRK-TlxlcwGkl19t",
        "pathCounts": {
            "/login": 3,
            "/cart": 8,
            "/profile": 2
        }
    },
    {
        "start": 1729708200,
        "end": 1729708740,
        "bounce": {
            "isBounced": true,
            "pathname": "/frontend/index.html"
        },
        "device": "Desktop",
        "browser": "Mozilla",
        "location": {
            "latitude": -34.49923,
            "longitude": 69.472653
        },
        "uniqueId": "111907fd-95b7-4729-a2af-e51ad656e288",
        "pathname": "/dashboard",
        "language": "ja",
        "referrer": "http://vasquez-reese.net/",
        "events": {
            "loadCount": 10,
            "visibilitychangeCount": 8,
            "resizeCount": 10,
            "focusCount": 4,
            "clickCount": 7,
            "blurCount": 0
        },
        "pageLoadTime": {
            "loadStart": 1729708200000,
            "loadEnd": 1729708200359
        },
        "productId": "TRK-89olAsKyNOG7",
        "pathCounts": {
            "/home/dashboard": 3,
            "/checkout": 3,
            "/cart": 6,
            "/home/create": 7
        }
    },
    {
        "start": 1729708200,
        "end": 1729708560,
        "bounce": {
            "isBounced": false,
            "pathname": "/frontend/index.html"
        },
        "device": "Mobile",
        "browser": "Mozilla",
        "location": {
            "latitude": -68.429205,
            "longitude": -2.438243
        },
        "uniqueId": "9b47b488-09f3-4d00-a56c-8c970bdfab8e",
        "pathname": "/profile",
        "language": "sw",
        "referrer": "",
        "events": {
            "loadCount": 2,
            "visibilitychangeCount": 1,
            "resizeCount": 4,
            "focusCount": 4,
            "clickCount": 3,
            "blurCount": 10
        },
        "pageLoadTime": {
            "loadStart": 1729708200000,
            "loadEnd": 1729708200350
        },
        "productId": "TRK-89olAsKyNOG7",
        "pathCounts": {
            "/home": 1,
            "/home/dashboard": 10,
            "/home/create": 10
        }
    },
    {
        "start": 1729708200,
        "end": 1729708920,
        "bounce": {
            "isBounced": true,
            "pathname": "/frontend/index.html"
        },
        "device": "Desktop",
        "browser": "Mozilla",
        "location": {
            "latitude": -27.1591785,
            "longitude": -56.494603
        },
        "uniqueId": "77f0712b-554f-4c5c-9898-14e7c77b26a0",
        "pathname": "/profile",
        "language": "crh",
        "referrer": "http://www.guerrero.com/",
        "events": {
            "loadCount": 1,
            "visibilitychangeCount": 0,
            "resizeCount": 3,
            "focusCount": 0,
            "clickCount": 4,
            "blurCount": 5
        },
        "pageLoadTime": {
            "loadStart": 1729708200000,
            "loadEnd": 1729708200532
        },
        "productId": "TRK-TlxlcwGkl19t",
        "pathCounts": {
            "/settings": 2,
            "/home/create": 4,
            "/login": 5,
            "/cart": 8
        }
    },
    {
        "start": 1729708200,
        "end": 1729709160,
        "bounce": {
            "isBounced": true,
            "pathname": "/frontend/index.html"
        },
        "device": "Mobile",
        "browser": "Edge",
        "location": {
            "latitude": -61.6115125,
            "longitude": -128.268229
        },
        "uniqueId": "ca9d1f5f-925b-4a59-b362-4703a75ad77c",
        "pathname": "/home",
        "language": "fi",
        "referrer": "https://oneal.com/",
        "events": {
            "loadCount": 4,
            "visibilitychangeCount": 9,
            "resizeCount": 5,
            "focusCount": 0,
            "clickCount": 4,
            "blurCount": 4
        },
        "pageLoadTime": {
            "loadStart": 1729708200000,
            "loadEnd": 1729708200055
        },
        "productId": "TRK-TlxlcwGkl19t",
        "pathCounts": {
            "/login": 3,
            "/home/dashboard": 8,
            "/profile": 4
        }
    },
    {
        "start": 1729708200,
        "end": 1729708980,
        "bounce": {
            "isBounced": false,
            "pathname": "/frontend/index.html"
        },
        "device": "Desktop",
        "browser": "Safari",
        "location": {
            "latitude": 62.5534615,
            "longitude": 169.40418
        },
        "uniqueId": "3da55713-36de-4077-9d4d-626d934aafe0",
        "pathname": "/home",
        "language": "th",
        "referrer": "https://www.smith.com/",
        "events": {
            "loadCount": 5,
            "visibilitychangeCount": 2,
            "resizeCount": 0,
            "focusCount": 2,
            "clickCount": 2,
            "blurCount": 9
        },
        "pageLoadTime": {
            "loadStart": 1729708200000,
            "loadEnd": 1729708200489
        },
        "productId": "TRK-Ob2CJVFgaau7",
        "pathCounts": {
            "/settings": 1,
            "/login": 5,
            "/home/create": 9,
            "/home": 10
        }
    },
    {
        "start": 1729708200,
        "end": 1729711020,
        "bounce": {
            "isBounced": false,
            "pathname": "/frontend/index.html"
        },
        "device": "Laptop",
        "browser": "Chrome",
        "location": {
            "latitude": -47.308185,
            "longitude": 77.203284
        },
        "uniqueId": "d86a654c-f156-4873-9fec-b758bd53146a",
        "pathname": "/home",
        "language": "ms",
        "referrer": "",
        "events": {
            "loadCount": 6,
            "visibilitychangeCount": 10,
            "resizeCount": 2,
            "focusCount": 7,
            "clickCount": 0,
            "blurCount": 9
        },
        "pageLoadTime": {
            "loadStart": 1729708200000,
            "loadEnd": 1729708200391
        },
        "productId": "TRK-Ob2CJVFgaau7",
        "pathCounts": {
            "/home/dashboard": 6,
            "/home": 3,
            "/settings": 5
        }
    },
    {
        "start": 1729708200,
        "end": 1729709160,
        "bounce": {
            "isBounced": true,
            "pathname": "/frontend/index.html"
        },
        "device": "Laptop",
        "browser": "Chrome",
        "location": {
            "latitude": 26.796831,
            "longitude": 177.125907
        },
        "uniqueId": "aca50ebd-2a70-41b2-a3f9-1a2deecc8322",
        "pathname": "/dashboard",
        "language": "rw",
        "referrer": "",
        "events": {
            "loadCount": 0,
            "visibilitychangeCount": 2,
            "resizeCount": 3,
            "focusCount": 6,
            "clickCount": 1,
            "blurCount": 0
        },
        "pageLoadTime": {
            "loadStart": 1729708200000,
            "loadEnd": 1729708200280
        },
        "productId": "TRK-Ob2CJVFgaau7",
        "pathCounts": {
            "/profile": 9,
            "/cart": 1,
            "/checkout": 5,
            "/home/dashboard": 9
        }
    }
]