[
    {
        "start": 1732991400,
        "end": 1732993560,
        "bounce": {
            "isBounced": false,
            "pathname": "/frontend/index.html"
        },
        "device": "Mobile",
        "browser": "Mozilla",
        "location": {
            "latitude": 65.5349345,
            "longitude": 21.874509
        },
        "uniqueId": "31b1cad6-43b6-4fa7-95e5-7d79676b01e7",
        "pathname": "/home",
        "language": "shs",
        "referrer": "http://bryant.com/",
        "events": {
            "loadCount": 7,
            "visibilitychangeCount": 7,
            "resizeCount": 9,
            "focusCount": 4,
            "clickCount": 8,
            "blurCount": 5
        },
        "pageLoadTime": {
            "loadStart": 1732991400000,
            "loadEnd": 1732991400995
        },
        "productId": "TRK-89olAsKyNOG7",
        "pathCounts": {
            "/settings": 6,
            "/home": 3,
            "/home/create": 7,
            "/profile": 4
        }
    },
    {
        "start": 1732991400,
        "end": 1732994580,
        "bounce": {
            "isBounced": false,
            "pathname": "/frontend/index.html"
        },
        "device": "Mobile",
        "browser": "Chrome",
        "location": {
            "latitude": -58.5829845,
            "longitude": 86.008626
        },
        "uniqueId": "3da55713-36de-4077-9d4d-626d934aafe0",
        "pathname": "/settings",
        "language": "ln",
        "referrer": "",
        "events": {
            "loadCount": 3,
            "visibilitychangeCount": 10,
            "resizeCount": 3,
            "focusCount": 0,
            "clickCount": 10,
            "blurCount": 1
        },
        "pageLoadTime": {
            "loadStart": 1732991400000,
            "loadEnd": 1732991400891
        },
        "productId": "TRK-TlxlcwGkl19t",
        "pathCounts": {
            "/checkout": 6,
            "/profile": 6,
            "/home/create": 10,
            "/home": 8
        }
    },
    {
        "start": 1732991400,
        "end": 1732993020,
        "bounce": {
            "isBounced": true,
            "pathname": "/frontend/index.html"
        },
        "device": "Mobile",
        "browser": "Safari",
        "location": {
            "latitude": 44.964109,
            "longitude": 59.113341
        },
        "uniqueId": "ffef8945-c190-4f95-930f-4e35c2e3a868",
        "pathname": "/frontend/index.html",
        "language": "fa",
        "referrer": "",
        "events": {
            "loadCount": 10,
            "visibilitychangeCount": 5,
            "resizeCount": 5,
            "focusCount": 3,
            "clickCount": 9,
            "blurCount": 2
        },
        "pageLoadTime": {
            "loadStart": 1732991400000,
            "loadEnd": 1732991400966
        },
        "productId": "TRK-Ob2CJVFgaau7",
        "pathCounts": {
            "/home/create": 10,
            "/login": 7,
            "/cart": 4
        }
    },
    {
        "start": 1732991400,
        "end": 1732994760,
        "bounce": {
            "isBounced": true,
            "pathname": "/frontend/index.html"
        },
        "device": "Tablet",
        "browser": "Edge",
        "location": {
            "latitude": -37.171509,
            "longitude": -81.009984
        },
        "uniqueId": "ffef8945-c190-4f95-930f-4e35c2e3a868",
        "pathname": "/dashboard",
        "language": "hy",
        "referrer": "",
        "events": {
            "loadCount": 2,
            "visibilitychangeCount": 10,
            "resizeCount": 0,
            "focusCount": 7,
            "clickCount": 6,
            "blurCount": 10
        },
        "pageLoadTime": {
            "loadStart": 1732991400000,
            "loadEnd": 1732991400586
        },
        "productId": "TRK-89olAsKyNOG7",
        "pathCounts": {
            "/checkout": 8,
            "/profile": 2
        }
    },
    {
        "start": 1732991400,
        "end": 1732993140,
        "bounce": {
            "isBounced": true,
            "pathname": "/frontend/index.html"
        },
        "device": "Tablet",
        "browser": "Edge",
        "location": {
            "latitude": 69.281603,
            "longitude": 161.676398
        },
        "uniqueId": "ffef8945-c190-4f95-930f-4e35c2e3a868",
        "pathname": "/dashboard",
        "language": "pap",
        "referrer": "https://www.chen-torres.org/",
        "events": {
            "loadCount": 9,
            "visibilitychangeCount": 8,
            "resizeCount": 9,
            "focusCount": 1,
            "clickCount": 9,
            "blurCount": 7
        },
        "pageLoadTime": {
            "loadStart": 1732991400000,
            "loadEnd": 1732991400116
        },
        "productId": "TRK-TlxlcwGkl19t",
        "pathCounts": {
            "/cart": 6,
            "/profile": 6,
            "/home": 3
        }
    },
    {
        "start": 1732991400,
        "end": 1732993380,
        "bounce": {
            "isBounced": false,
            "pathname": "/frontend/index.html"
        },
        "device": "Tablet",
        "browser": "Edge",
        "location": {
            "latitude": -2.3400355,
            "longitude": -97.685942
        },
        "uniqueId": "80d8a76b-4c97-4a12-9ac3-02a6d37e11a9",
        "pathname": "/dashboard",
        "language": "or",
        "referrer": "",
        "events": {
            "loadCount": 10,
            "visibilitychangeCount": 1,
            "resizeCount": 7,
            "focusCount": 9,
            "clickCount": 2,
            "blurCount": 2
        },
        "pageLoadTime": {
            "loadStart": 1732991400000,
            "loadEnd": 1732991400179
        },
        "productId": "TRK-TlxlcwGkl19t",
        "pathCounts": {
            "/home/dashboard": 2,
            "/login": 10,
            "/settings": 2,
            "/cart": 5
        }
    },
    {
        "start": 1732991400,
        "end": 1732991460,
        "bounce": {
            "isBounced": true,
            "pathname": "/frontend/index.html"
        },
        "device": "Laptop",
        "browser": "Mozilla",
        "location": {
            "latitude": -30.213094,
            "longitude": -133.749042
        },
        "uniqueId": "3da55713-36de-4077-9d4d-626d934aafe0",
        "pathname": "/dashboard",
        "language": "fur",
        "referrer": "",
        "events": {
            "loadCount": 5,
            "visibilitychangeCount": 10,
            "resizeCount": 8,
            "focusCount": 3,
            "clickCount": 8,
            "blurCount": 10
        },
        "pageLoadTime": {
            "loadStart": 1732991400000,
            "loadEnd": 1732991400147
        },
        "productId": "TRK-TlxlcwGkl19t",
        "pathCounts": {
            "/home/create": 9,
            "/login": 9,
            "/profile": 6,
            "/settings": 2
        }
    },
    {
        "start": 1732991400,
        "end": 1732992720,
        "bounce": {
            "isBounced": false,
            "pathname": "/frontend/index.html"
        },
        "device": "Laptop",
        "browser": "Mozilla",
        "location": {
            "latitude": -61.7036765,
            "longitude": -4.567669
        },
        "uniqueId": "14ec54a1-24e9-462b-9378-3e9d812cba5a",
        "pathname": "/dashboard",
        "language": "the",
        "referrer": "http://www.lee.net/",
        "events": {
            "loadCount": 8,
            "visibilitychangeCount": 7,
            "resizeCount": 3,
            "focusCount": 9,
            "clickCount": 7,
            "blurCount": 4
        },
        "pageLoadTime": {
            "loadStart": 1732991400000,
            "loadEnd": 1732991400041
        },
        "productId": "TRK-89olAsKyNOG7",
        "pathCounts": {
            "/cart": 4,
            "/login": 7,
            "/checkout": 2,
            "/home/create": 4
        }
    },
    {
        "start": 1732991400,
        "end": 1732991520,
        "bounce": {
            "isBounced": false,
            "pathname": "/frontend/index.html"
        },
        "device": "Laptop",
        "browser": "Chrome",
        "location": {
            "latitude": 41.8101405,
            "longitude": 116.292196
        },
        "uniqueId": "4f113d91-1e3e-46f7-a9ca-95f02de96297",
        "pathname": "/profile",
        "language": "mr",
        "referrer": "",
        "events": {
            "loadCount": 2,
            "visibilitychangeCount": 1,
            "resizeCount": 4,
            "focusCount": 1,
            "clickCount": 9,
            "blurCount": 9
        },
        "pageLoadTime": {
            "loadStart": 1732991400000,
            "loadEnd": 1732991400678
        },
        "productId": "TRK-TlxlcwGkl19t",
        "pathCounts": {
            "/login": 3,
            "/home/create": 9,
            "/profile": 8
        }
    },
    {
        "start": 1732991400,
        "end": 1732993380,
        "bounce": {
            "isBounced": true,
            "pathname": "/frontend/index.html"
        },
        "device": "Laptop",
        "browser": "Mozilla",
        "location": {
            "latitude": -14.5240655,
            "longitude": 102.714047
        },
        "uniqueId": "3da55713-36de-4077-9d4d-626d934aafe0",
        "pathname": "/dashboard",
        "language": "ca",
        "referrer": "",
        "events": {
            "loadCount": 7,
            "visibilitychangeCount": 2,
            "resizeCount": 10,
            "focusCount": 7,
            "clickCount": 5,
            "blurCount": 7
        },
        "pageLoadTime": {
            "loadStart": 1732991400000,
            "loadEnd": 1732991400227
        },
        "productId": "TRK-TlxlcwGkl19t",
        "pathCounts": {
            "/profile": 1,
            "/checkout": 3,
            "/home": 2
        }
    },
    {
        "start": 1732991400,
        "end": 1732993140,
        "bounce": {
            "isBounced": false,
            "pathname": "/frontend/index.html"
        },
        "device": "Mobile",
        "browser": "Safari",
        "location": {
            "latitude": 7.094282,
            "longitude": -70.913015
        },
        "uniqueId": "4f113d91-1e3e-46f7-a9ca-95f02de96297",
        "pathname": "/profile",
        "language": "unm",
        "referrer": "http://www.wolfe-smith.com/",
        "events": {
            "loadCount": 1,
            "visibilitychangeCount": 2,
            "resizeCount": 8,
            "focusCount": 4,
            "clickCount": 8,
            "blurCount": 9
        },
        "pageLoadTime": {
            "loadStart": 1732991400000,
            "loadEnd": 1732991400868
        },
        "productId": "TRK-Ob2CJVFgaau7",
        "pathCounts": {
            "/home/dashboard": 8,
            "/home": 5,
            "/checkout": 2,
            "/login": 9,
            "/profile": 5
        }
    },
    {
        "start": 1732991400,
        "end": 1732994040,
        "bounce": {
            "isBounced": true,
            "pathname": "/frontend/index.html"
        },
        "device": "Desktop",
        "browser": "Edge",
        "location": {
            "latitude": -29.242532,
            "longitude": -120.569268
        },
        "uniqueId": "80d8a76b-4c97-4a12-9ac3-02a6d37e11a9",
        "pathname": "/frontend/index.html",
        "language": "ps",
        "referrer": "http://gonzalez.net/",
        "events": {
            "loadCount": 10,
            "visibilitychangeCount": 0,
            "resizeCount": 9,
            "focusCount": 1,
            "clickCount": 8,
            "blurCount": 7
        },
        "pageLoadTime": {
            "loadStart": 1732991400000,
            "loadEnd": 1732991400896
        },
        "productId": "TRK-89olAsKyNOG7",
        "pathCounts": {
            "/login": 10,
            "/home/dashboard": 3,
            "/home": 5
        }
    },
    {
        "start": 1732991400,
        "end": 1732992300,
        "bounce": {
            "isBounced": false,
            "pathname": "/frontend/index.html"
        },
        "device": "Mobile",
        "browser": "Mozilla",
        "location": {
            "latitude": 68.6285215,
            "longitude": -154.193939
        },
        "uniqueId": "625ea2f3-d6f3-47f0-abd3-a204ea4eb491",
        "pathname": "/home",
        "language": "ps",
        "referrer": "",
        "events": {
            "loadCount": 9,
            "visibilitychangeCount": 6,
            "resizeCount": 10,
            "focusCount": 0,
            "clickCount": 3,
            "blurCount": 4
        },
        "pageLoadTime": {
            "loadStart": 1732991400000,
            "loadEnd": 1732991400620
        },
        "productId": "TRK-TlxlcwGkl19t",
        "pathCounts": {
            "/home/create": 1,
            "/cart": 3,
            "/checkout": 8,
            "/login": 10
        }
    },
    {
        "start": 1732991400,
        "end": 1732992960,
        "bounce": {
            "isBounced": true,
            "pathname": "/frontend/index.html"
        },
        "device": "Laptop",
        "browser": "Mozilla",
        "location": {
            "latitude": -41.658585,
            "longitude": 114.090261
        },
        "uniqueId": "9ce1bf0b-8366-40e1-b77c-9493a981c91b",
        "pathname": "/home",
        "language": "ru",
        "referrer": "",
        "events": {
            "loadCount": 8,
            "visibilitychangeCount": 2,
            "resizeCount": 9,
            "focusCount": 3,
            "clickCount": 8,
            "blurCount": 6
        },
        "pageLoadTime": {
            "loadStart": 1732991400000,
            "loadEnd": 1732991400729
        },
        "productId": "TRK-TlxlcwGkl19t",
        "pathCounts": {
            "/profile": 10,
            "/cart": 2,
            "/settings": 8
        }
    },
    {
        "start": 1732991400,
        "end": 1732991880,
        "bounce": {
            "isBounced": true,
            "pathname": "/frontend/index.html"
        },
        "device": "Tablet",
        "browser": "Chrome",
        "location": {
            "latitude": -75.5173825,
            "longitude": 95.05443
        },
        "uniqueId": "5bde6480-0ab0-43b2-8529-ae22b458f836",
        "pathname": "/frontend/index.html",
        "language": "wae",
        "referrer": "http://www.smith.com/",
        "events": {
            "loadCount": 3,
            "visibilitychangeCount": 6,
            "resizeCount": 3,
            "focusCount": 0,
            "clickCount": 9,
            "blurCount": 9
        },
        "pageLoadTime": {
            "loadStart": 1732991400000,
            "loadEnd": 1732991400389
        },
        "productId": "TRK-89olAsKyNOG7",
        "pathCounts": {
            "/checkout": 8,
            "/home/dashboard": 2,
            "/home": 2,
            "/login": 9
        }
    },
    {
        "start": 1732991400,
        "end": 1732992720,
        "bounce": {
            "isBounced": false,
            "pathname": "/frontend/index.html"
        },
        "device": "Desktop",
        "browser": "Edge",
        "location": {
            "latitude": 9.725274,
            "longitude": 20.009195
        },
        "uniqueId": "5bde6480-0ab0-43b2-8529-ae22b458f836",
        "pathname": "/settings",
        "language": "af",
        "referrer": "http://jones.com/",
        "events": {
            "loadCount": 8,
            "visibilitychangeCount": 4,
            "resizeCount": 7,
            "focusCount": 6,
            "clickCount": 1,
            "blurCount": 5
        },
        "pageLoadTime": {
            "loadStart": 1732991400000,
            "loadEnd": 1732991400789
        },
        "productId": "TRK-89olAsKyNOG7",
        "pathCounts": {
            "/cart": 7,
            "/home/dashboard": 10,
            "/login": 5
        }
    },
    {
        "start": 1732991400,
        "end": 1732994280,
        "bounce": {
            "isBounced": true,
            "pathname": "/frontend/index.html"
        },
        "device": "Mobile",
        "browser": "Chrome",
        "location": {
            "latitude": -18.136034,
            "longitude": -154.667897
        },
        "uniqueId": "9b47b488-09f3-4d00-a56c-8c970bdfab8e",
        "pathname": "/settings",
        "language": "nn",
        "referrer": "",
        "events": {
            "loadCount": 9,
            "visibilitychangeCount": 7,
            "resizeCount": 2,
            "focusCount": 7,
            "clickCount": 5,
            "blurCount": 7
        },
        "pageLoadTime": {
            "loadStart": 1732991400000,
            "loadEnd": 1732991400498
        },
        "productId": "TRK-89olAsKyNOG7",
        "pathCounts": {
            "/home/dashboard": 1,
            "/home": 6,
            "/login": 10
        }
    },
    {
        "start": 1732991400,
        "end": 1732991460,
        "bounce": {
            "isBounced": false,
            "pathname": "/frontend/index.html"
        },
        "device": "Laptop",
        "browser": "Safari",
        "location": {
            "latitude": 39.3020285,
            "longitude": 151.646705
        },
        "uniqueId": "ca9d1f5f-925b-4a59-b362-4703a75ad77c",
        "pathname": "/home",
        "language": "kn",
        "referrer": "",
        "events": {
            "loadCount": 10,
            "visibilitychangeCount": 9,
            "resizeCount": 4,
            "focusCount": 1,
            "clickCount": 9,
            "blurCount": 0
        },
        "pageLoadTime": {
            "loadStart": 1732991400000,
            "loadEnd": 1732991400480
        },
        "productId": "TRK-Ob2CJVFgaau7",
        "pathCounts": {
            "/home/dashboard": 3,
            "/checkout": 6,
            "/home/create": 2,
            "/cart": 5,
            "/home": 3
        }
    },
    {
        "start": 1732991400,
        "end": 1732991640,
        "bounce": {
            "isBounced": true,
            "pathname": "/frontend/index.html"
        },
        "device": "Laptop",
        "browser": "Safari",
        "location": {
            "latitude": 1.774954,
            "longitude": -158.578425
        },
        "uniqueId": "80d8a76b-4c97-4a12-9ac3-02a6d37e11a9",
        "pathname": "/frontend/index.html",
        "language": "tn",
        "referrer": "https://www.thompson-ruiz.biz/",
        "events": {
            "loadCount": 7,
            "visibilitychangeCount": 8,
            "resizeCount": 0,
            "focusCount": 2,
            "clickCount": 2,
            "blurCount": 9
        },
        "pageLoadTime": {
            "loadStart": 1732991400000,
            "loadEnd": 1732991400446
        },
        "productId": "TRK-89olAsKyNOG7",
        "pathCounts": {
            "/login": 8,
            "/home": 6,
            "/home/create": 5
        }
    },
    {
        "start": 1732991400,
        "end": 1732994340,
        "bounce": {
            "isBounced": false,
            "pathname": "/frontend/index.html"
        },
        "device": "Laptop",
        "browser": "Safari",
        "location": {
            "latitude": 15.973553,
            "longitude": 22.352376
        },
        "uniqueId": "4f113d91-1e3e-46f7-a9ca-95f02de96297",
        "pathname": "/frontend/index.html",
        "language": "nso",
        "referrer": "",
        "events": {
            "loadCount": 4,
            "visibilitychangeCount": 4,
            "resizeCount": 2,
            "focusCount": 8,
            "clickCount": 5,
            "blurCount": 9
        },
        "pageLoadTime": {
            "loadStart": 1732991400000,
            "loadEnd": 1732991400731
        },
        "productId": "TRK-Ob2CJVFgaau7",
        "pathCounts": {
            "/cart": 3,
            "/profile": 6,
            "/settings": 6,
            "/checkout": 9
        }
    }
]