[
    {
        "start": 1728153000,
        "end": 1728156600,
        "bounce": {
            "isBounced": false,
            "pathname": "/frontend/index.html"
        },
        "device": "Mobile",
        "browser": "Mozilla",
        "location": {
            "latitude": 46.031105,
            "longitude": 83.888511
        },
        "uniqueId": "ca9d1f5f-925b-4a59-b362-4703a75ad77c",
        "pathname": "/dashboard",
        "language": "ss",
        "referrer": "http://www.christian.com/",
        "events": {
            "loadCount": 8,
            "visibilitychangeCount": 9,
            "resizeCount": 8,
            "focusCount": 8,
            "clickCount": 4,
            "blurCount": 2
        },
        "pageLoadTime": {
            "loadStart": 1728153000000,
            "loadEnd": 1728153000634
        },
        "productId": "TRK-TlxlcwGkl19t",
        "pathCounts": {
            "/login": 8,
            "/cart": 3,
            "/settings": 5,
            "/profile": 10,
            "/home/create": 3
        }
    },
    {
        "start": 1728153000,
        "end": 1728156480,
        "bounce": {
            "isBounced": false,
            "pathname": "/frontend/index.html"
        },
        "device": "Tablet",
        "browser": "Chrome",
        "location": {
            "latitude": -45.017483,
            "longitude": -101.802965
        },
        "uniqueId": "3da55713-36de-4077-9d4d-626d934aafe0",
        "pathname": "/settings",
        "language": "sw",
        "referrer": "http://www.white.com/",
        "events": {
            "loadCount": 10,
            "visibilitychangeCount": 5,
            "resizeCount": 5,
            "focusCount": 1,
            "clickCount": 1,
            "blurCount": 6
        },
        "pageLoadTime": {
            "loadStart": 1728153000000,
            "loadEnd": 1728153000566
        },
        "productId": "TRK-TlxlcwGkl19t",
        "pathCounts": {
            "/checkout": 6,
            "/home/dashboard": 2,
            "/home": 6,
            "/home/create": 2,
            "/settings": 4
        }
    },
    {
        "start": 1728153000,
        "end": 1728155640,
        "bounce": {
            "isBounced": false,
            "pathname": "/frontend/index.html"
        },
        "device": "Laptop",
        "browser": "Safari",
        "location": {
            "latitude": -59.0490495,
            "longitude": 78.831757
        },
        "uniqueId": "625ea2f3-d6f3-47f0-abd3-a204ea4eb491",
        "pathname": "/profile",
        "language": "ast",
        "referrer": "https://www.baldwin-cooper.com/",
        "events": {
            "loadCount": 6,
            "visibilitychangeCount": 4,
            "resizeCount": 9,
            "focusCount": 10,
            "clickCount": 7,
            "blurCount": 6
        },
        "pageLoadTime": {
            "loadStart": 1728153000000,
            "loadEnd": 1728153000641
        },
        "productId": "TRK-Ob2CJVFgaau7",
        "pathCounts": {
            "/home": 6,
            "/profile": 3,
            "/checkout": 8
        }
    },
    {
        "start": 1728153000,
        "end": 1728154380,
        "bounce": {
            "isBounced": true,
            "pathname": "/frontend/index.html"
        },
        "device": "Mobile",
        "browser": "Mozilla",
        "location": {
            "latitude": -41.195431,
            "longitude": 44.497739
        },
        "uniqueId": "3da55713-36de-4077-9d4d-626d934aafe0",
        "pathname": "/settings",
        "language": "mhr",
        "referrer": "",
        "events": {
            "loadCount": 2,
            "visibilitychangeCount": 3,
            "resizeCount": 5,
            "focusCount": 0,
            "clickCount": 8,
            "blurCount": 6
        },
        "pageLoadTime": {
            "loadStart": 1728153000000,
            "loadEnd": 1728153000074
        },
        "productId": "TRK-Ob2CJVFgaau7",
        "pathCounts": {
            "/settings": 6,
            "/cart": 6,
            "/login": 1,
            "/checkout": 10,
            "/home/create": 7
        }
    },
    {
        "start": 1728153000,
        "end": 1728155940,
        "bounce": {
            "isBounced": false,
            "pathname": "/frontend/index.html"
        },
        "device": "Laptop",
        "browser": "Edge",
        "location": {
            "latitude": -36.257004,
            "longitude": 10.631987
        },
        "uniqueId": "ca9d1f5f-925b-4a59-b362-4703a75ad77c",
        "pathname": "/frontend/index.html",
        "language": "id",
        "referrer": "http://woods-marks.info/",
        "events": {
            "loadCount": 9,
            "visibilitychangeCount": 8,
            "resizeCount": 2,
            "focusCount": 0,
            "clickCount": 2,
            "blurCount": 4
        },
        "pageLoadTime": {
            "loadStart": 1728153000000,
            "loadEnd": 1728153000438
        },
        "productId": "TRK-Ob2CJVFgaau7",
        "pathCounts": {
            "/checkout": 8,
            "/home": 9
        }
    },
    {
        "start": 1728153000,
        "end": 1728153660,
        "bounce": {
            "isBounced": false,
            "pathname": "/frontend/index.html"
        },
        "device": "Tablet",
        "browser": "Mozilla",
        "location": {
            "latitude": -16.668374,
            "longitude": -30.814695
        },
        "uniqueId": "14ec54a1-24e9-462b-9378-3e9d812cba5a",
        "pathname": "/settings",
        "language": "ig",
        "referrer": "https://www.mullins-herrera.biz/",
        "events": {
            "loadCount": 0,
            "visibilitychangeCount": 9,
            "resizeCount": 9,
            "focusCount": 2,
            "clickCount": 1,
            "blurCount": 7
        },
        "pageLoadTime": {
            "loadStart": 1728153000000,
            "loadEnd": 1728153000129
        },
        "productId": "TRK-89olAsKyNOG7",
        "pathCounts": {
            "/home": 7,
            "/cart": 9,
            "/login": 10,
            "/profile": 7
        }
    },
    {
        "start": 1728153000,
        "end": 1728153480,
        "bounce": {
            "isBounced": true,
            "pathname": "/frontend/index.html"
        },
        "device": "Tablet",
        "browser": "Edge",
        "location": {
            "latitude": -75.903811,
            "longitude": -167.270519
        },
        "uniqueId": "80d8a76b-4c97-4a12-9ac3-02a6d37e11a9",
        "pathname": "/home",
        "language": "pt",
        "referrer": "",
        "events": {
            "loadCount": 10,
            "visibilitychangeCount": 3,
            "resizeCount": 2,
            "focusCount": 10,
            "clickCount": 7,
            "blurCount": 6
        },
        "pageLoadTime": {
            "loadStart": 1728153000000,
            "loadEnd": 1728153000071
        },
        "productId": "TRK-Ob2CJVFgaau7",
        "pathCounts": {
            "/cart": 1,
            "/home/dashboard": 10
        }
    },
    {
        "start": 1728153000,
        "end": 1728156480,
        "bounce": {
            "isBounced": true,
            "pathname": "/frontend/index.html"
        },
        "device": "Desktop",
        "browser": "Safari",
        "location": {
            "latitude": 67.858288,
            "longitude": -166.363883
        },
        "uniqueId": "80d8a76b-4c97-4a12-9ac3-02a6d37e11a9",
        "pathname": "/profile",
        "language": "et",
        "referrer": "https://young.com/",
        "events": {
            "loadCount": 8,
            "visibilitychangeCount": 2,
            "resizeCount": 6,
            "focusCount": 5,
            "clickCount": 1,
            "blurCount": 1
        },
        "pageLoadTime": {
            "loadStart": 1728153000000,
            "loadEnd": 1728153000889
        },
        "productId": "TRK-TlxlcwGkl19t",
        "pathCounts": {
            "/settings": 9,
            "/cart": 4,
            "/home/create": 7,
            "/login": 3,
            "/checkout": 1
        }
    },
    {
        "start": 1728153000,
        "end": 1728153900,
        "bounce": {
            "isBounced": true,
            "pathname": "/frontend/index.html"
        },
        "device": "Desktop",
        "browser": "Chrome",
        "location": {
            "latitude": 39.627655,
            "longitude": 69.490526
        },
        "uniqueId": "31b1cad6-43b6-4fa7-95e5-7d79676b01e7",
        "pathname": "/frontend/index.html",
        "language": "en",
        "referrer": "",
        "events": {
            "loadCount": 5,
            "visibilitychangeCount": 8,
            "resizeCount": 1,
            "focusCount": 5,
            "clickCount": 7,
            "blurCount": 5
        },
        "pageLoadTime": {
            "loadStart": 1728153000000,
            "loadEnd": 1728153000119
        },
        "productId": "TRK-TlxlcwGkl19t",
        "pathCounts": {
            "/cart": 8,
            "/home/dashboard": 10
        }
    },
    {
        "start": 1728153000,
        "end": 1728155880,
        "bounce": {
            "isBounced": true,
            "pathname": "/frontend/index.html"
        },
        "device": "Laptop",
        "browser": "Edge",
        "location": {
            "latitude": 4.6705505,
            "longitude": 63.827055
        },
        "uniqueId": "14ec54a1-24e9-462b-9378-3e9d812cba5a",
        "pathname": "/frontend/index.html",
        "language": "mni",
        "referrer": "",
        "events": {
            "loadCount": 8,
            "visibilitychangeCount": 8,
            "resizeCount": 6,
            "focusCount": 3,
            "clickCount": 6,
            "blurCount": 0
        },
        "pageLoadTime": {
            "loadStart": 1728153000000,
            "loadEnd": 1728153000728
        },
        "productId": "TRK-Ob2CJVFgaau7",
        "pathCounts": {
            "/login": 4,
            "/checkout": 8,
            "/home/dashboard": 3
        }
    },
    {
        "start": 1728153000,
        "end": 1728156360,
        "bounce": {
            "isBounced": false,
            "pathname": "/frontend/index.html"
        },
        "device": "Laptop",
        "browser": "Chrome",
        "location": {
            "latitude": 27.801346,
            "longitude": 74.06914
        },
        "uniqueId": "f9c7e851-4d89-46ce-8678-25b88916a574",
        "pathname": "/frontend/index.html",
        "language": "bs",
        "referrer": "http://www.mcknight-irwin.com/",
        "events": {
            "loadCount": 2,
            "visibilitychangeCount": 2,
            "resizeCount": 0,
            "focusCount": 6,
            "clickCount": 6,
            "blurCount": 10
        },
        "pageLoadTime": {
            "loadStart": 1728153000000,
            "loadEnd": 1728153000780
        },
        "productId": "TRK-Ob2CJVFgaau7",
        "pathCounts": {
            "/home": 5,
            "/cart": 6,
            "/home/create": 4,
            "/settings": 3
        }
    },
    {
        "start": 1728153000,
        "end": 1728153360,
        "bounce": {
            "isBounced": true,
            "pathname": "/frontend/index.html"
        },
        "device": "Desktop",
        "browser": "Safari",
        "location": {
            "latitude": 36.311567,
            "longitude": -50.801972
        },
        "uniqueId": "aa76de66-83a4-4c21-92f5-cfe20525387a",
        "pathname": "/settings",
        "language": "ko",
        "referrer": "http://www.montgomery.info/",
        "events": {
            "loadCount": 0,
            "visibilitychangeCount": 3,
            "resizeCount": 9,
            "focusCount": 6,
            "clickCount": 3,
            "blurCount": 4
        },
        "pageLoadTime": {
            "loadStart": 1728153000000,
            "loadEnd": 1728153000236
        },
        "productId": "TRK-89olAsKyNOG7",
        "pathCounts": {
            "/settings": 6,
            "/profile": 7,
            "/checkout": 9
        }
    },
    {
        "start": 1728153000,
        "end": 1728154740,
        "bounce": {
            "isBounced": false,
            "pathname": "/frontend/index.html"
        },
        "device": "Desktop",
        "browser": "Mozilla",
        "location": {
            "latitude": 73.7081325,
            "longitude": -53.301603
        },
        "uniqueId": "80d8a76b-4c97-4a12-9ac3-02a6d37e11a9",
        "pathname": "/frontend/index.html",
        "language": "mni",
        "referrer": "https://www.nelson-johnston.com/",
        "events": {
            "loadCount": 7,
            "visibilitychangeCount": 1,
            "resizeCount": 8,
            "focusCount": 6,
            "clickCount": 8,
            "blurCount": 9
        },
        "pageLoadTime": {
            "loadStart": 1728153000000,
            "loadEnd": 1728153000343
        },
        "productId": "TRK-TlxlcwGkl19t",
        "pathCounts": {
            "/profile": 10,
            "/home": 9,
            "/checkout": 8,
            "/home/create": 9
        }
    },
    {
        "start": 1728153000,
        "end": 1728153840,
        "bounce": {
            "isBounced": true,
            "pathname": "/frontend/index.html"
        },
        "device": "Laptop",
        "browser": "Safari",
        "location": {
            "latitude": 1.0590695,
            "longitude": -48.715073
        },
        "uniqueId": "37f86d6c-c234-4339-9c0f-ec3bdaab8536",
        "pathname": "/settings",
        "language": "ts",
        "referrer": "http://www.obrien-freeman.com/",
        "events": {
            "loadCount": 5,
            "visibilitychangeCount": 10,
            "resizeCount": 1,
            "focusCount": 9,
            "clickCount": 1,
            "blurCount": 0
        },
        "pageLoadTime": {
            "loadStart": 1728153000000,
            "loadEnd": 1728153000409
        },
        "productId": "TRK-Ob2CJVFgaau7",
        "pathCounts": {
            "/profile": 9,
            "/home/create": 6,
            "/login": 8,
            "/checkout": 2
        }
    },
    {
        "start": 1728153000,
        "end": 1728156300,
        "bounce": {
            "isBounced": true,
            "pathname": "/frontend/index.html"
        },
        "device": "Tablet",
        "browser": "Mozilla",
        "location": {
            "latitude": -19.7998915,
            "longitude": -152.329415
        },
        "uniqueId": "4f113d91-1e3e-46f7-a9ca-95f02de96297",
        "pathname": "/profile",
        "language": "raj",
        "referrer": "",
        "events": {
            "loadCount": 0,
            "visibilitychangeCount": 10,
            "resizeCount": 0,
            "focusCount": 3,
            "clickCount": 2,
            "blurCount": 3
        },
        "pageLoadTime": {
            "loadStart": 1728153000000,
            "loadEnd": 1728153000748
        },
        "productId": "TRK-Ob2CJVFgaau7",
        "pathCounts": {
            "/home": 8,
            "/login": 8,
            "/home/dashboard": 10,
            "/settings": 4,
            "/home/create": 8
        }
    },
    {
        "start": 1728153000,
        "end": 1728154500,
        "bounce": {
            "isBounced": false,
            "pathname": "/frontend/index.html"
        },
        "device": "Desktop",
        "browser": "Safari",
        "location": {
            "latitude": -58.799193,
            "longitude": 48.687219
        },
        "uniqueId": "3ba5c0ca-2d1c-4d75-82b7-a2c821f2ea43",
        "pathname": "/home",
        "language": "sq",
        "referrer": "http://www.reyes.com/",
        "events": {
            "loadCount": 10,
            "visibilitychangeCount": 7,
            "resizeCount": 0,
            "focusCount": 10,
            "clickCount": 4,
            "blurCount": 10
        },
        "pageLoadTime": {
            "loadStart": 1728153000000,
            "loadEnd": 1728153000197
        },
        "productId": "TRK-TlxlcwGkl19t",
        "pathCounts": {
            "/checkout": 7,
            "/cart": 10,
            "/home/dashboard": 8,
            "/login": 5
        }
    }
]