[
    {
        "start": 1733855400,
        "end": 1733857980,
        "bounce": {
            "isBounced": false,
            "pathname": "/frontend/index.html"
        },
        "device": "Desktop",
        "browser": "Safari",
        "location": {
            "latitude": -54.162666,
            "longitude": -115.168415
        },
        "uniqueId": "31b1cad6-43b6-4fa7-95e5-7d79676b01e7",
        "pathname": "/frontend/index.html",
        "language": "kn",
        "referrer": "http://chan-lopez.com/",
        "events": {
            "loadCount": 9,
            "visibilitychangeCount": 4,
            "resizeCount": 3,
            "focusCount": 6,
            "clickCount": 4,
            "blurCount": 5
        },
        "pageLoadTime": {
            "loadStart": 1733855400000,
            "loadEnd": 1733855400497
        },
        "productId": "TRK-Ob2CJVFgaau7",
        "pathCounts": {
            "/home": 4,
            "/checkout": 5,
            "/settings": 5,
            "/home/dashboard": 3,
            "/profile": 10
        }
    },
    {
        "start": 1733855400,
        "end": 1733857980,
        "bounce": {
            "isBounced": false,
            "pathname": "/frontend/index.html"
        },
        "device": "Desktop",
        "browser": "Mozilla",
        "location": {
            "latitude": -80.0261635,
            "longitude": -96.408822
        },
        "uniqueId": "5bde6480-0ab0-43b2-8529-ae22b458f836",
        "pathname": "/frontend/index.html",
        "language": "wo",
        "referrer": "",
        "events": {
            "loadCount": 6,
            "visibilitychangeCount": 9,
            "resizeCount": 10,
            "focusCount": 1,
            "clickCount": 9,
            "blurCount": 6
        },
        "pageLoadTime": {
            "loadStart": 1733855400000,
            "loadEnd": 1733855400293
        },
        "productId": "TRK-TlxlcwGkl19t",
        "pathCounts": {
            "/login": 5,
            "/home/create": 6,
            "/checkout": 9
        }
    },
    {
        "start": 1733855400,
        "end": 1733858640,
        "bounce": {
            "isBounced": true,
            "pathname": "/frontend/index.html"
        },
        "device": "Mobile",
        "browser": "Chrome",
        "location": {
            "latitude": -10.921958,
            "longitude": 161.509503
        },
        "uniqueId": "9ce1bf0b-8366-40e1-b77c-9493a981c91b",
        "pathname": "/home",
        "language": "tr",
        "referrer": "http://riley-dixon.com/",
        "events": {
            "loadCount": 9,
            "visibilitychangeCount": 3,
            "resizeCount": 10,
            "focusCount": 8,
            "clickCount": 4,
            "blurCount": 5
        },
        "pageLoadTime": {
            "loadStart": 1733855400000,
            "loadEnd": 1733855400088
        },
        "productId": "TRK-Ob2CJVFgaau7",
        "pathCounts": {
            "/home/create": 10,
            "/profile": 5,
            "/checkout": 2,
            "/home": 1
        }
    },
    {
        "start": 1733855400,
        "end": 1733855880,
        "bounce": {
            "isBounced": false,
            "pathname": "/frontend/index.html"
        },
        "device": "Mobile",
        "browser": "Safari",
        "location": {
            "latitude": 42.3468585,
            "longitude": -34.292042
        },
        "uniqueId": "625ea2f3-d6f3-47f0-abd3-a204ea4eb491",
        "pathname": "/frontend/index.html",
        "language": "mai",
        "referrer": "https://vasquez.biz/",
        "events": {
            "loadCount": 9,
            "visibilitychangeCount": 3,
            "resizeCount": 0,
            "focusCount": 7,
            "clickCount": 7,
            "blurCount": 4
        },
        "pageLoadTime": {
            "loadStart": 1733855400000,
            "loadEnd": 1733855400278
        },
        "productId": "TRK-TlxlcwGkl19t",
        "pathCounts": {
            "/login": 2,
            "/home/create": 1,
            "/checkout": 5,
            "/profile": 10,
            "/cart": 6
        }
    },
    {
        "start": 1733855400,
        "end": 1733857200,
        "bounce": {
            "isBounced": true,
            "pathname": "/frontend/index.html"
        },
        "device": "Mobile",
        "browser": "Edge",
        "location": {
            "latitude": 26.758863,
            "longitude": -100.425321
        },
        "uniqueId": "625ea2f3-d6f3-47f0-abd3-a204ea4eb491",
        "pathname": "/frontend/index.html",
        "language": "aa",
        "referrer": "",
        "events": {
            "loadCount": 9,
            "visibilitychangeCount": 0,
            "resizeCount": 1,
            "focusCount": 9,
            "clickCount": 2,
            "blurCount": 6
        },
        "pageLoadTime": {
            "loadStart": 1733855400000,
            "loadEnd": 1733855400346
        },
        "productId": "TRK-89olAsKyNOG7",
        "pathCounts": {
            "/login": 9,
            "/settings": 9,
            "/profile": 9,
            "/home": 5
        }
    },
    {
        "start": 1733855400,
        "end": 1733856600,
        "bounce": {
            "isBounced": true,
            "pathname": "/frontend/index.html"
        },
        "device": "Mobile",
        "browser": "Chrome",
        "location": {
            "latitude": 21.018434,
            "longitude": -179.991622
        },
        "uniqueId": "3ba5c0ca-2d1c-4d75-82b7-a2c821f2ea43",
        "pathname": "/frontend/index.html",
        "language": "yo",
        "referrer": "http://garcia.biz/",
        "events": {
            "loadCount": 8,
            "visibilitychangeCount": 10,
            "resizeCount": 8,
            "focusCount": 8,
            "clickCount": 6,
            "blurCount": 6
        },
        "pageLoadTime": {
            "loadStart": 1733855400000,
            "loadEnd": 1733855400684
        },
        "productId": "TRK-89olAsKyNOG7",
        "pathCounts": {
            "/cart": 6,
            "/home/dashboard": 1
        }
    },
    {
        "start": 1733855400,
        "end": 1733858400,
        "bounce": {
            "isBounced": false,
            "pathname": "/frontend/index.html"
        },
        "device": "Laptop",
        "browser": "Mozilla",
        "location": {
            "latitude": 43.0665905,
            "longitude": -80.170136
        },
        "uniqueId": "d86a654c-f156-4873-9fec-b758bd53146a",
        "pathname": "/frontend/index.html",
        "language": "nn",
        "referrer": "https://www.garza.biz/",
        "events": {
            "loadCount": 2,
            "visibilitychangeCount": 8,
            "resizeCount": 4,
            "focusCount": 3,
            "clickCount": 5,
            "blurCount": 8
        },
        "pageLoadTime": {
            "loadStart": 1733855400000,
            "loadEnd": 1733855400827
        },
        "productId": "TRK-Ob2CJVFgaau7",
        "pathCounts": {
            "/checkout": 9,
            "/profile": 2,
            "/home/create": 7,
            "/home/dashboard": 9
        }
    },
    {
        "start": 1733855400,
        "end": 1733857260,
        "bounce": {
            "isBounced": false,
            "pathname": "/frontend/index.html"
        },
        "device": "Mobile",
        "browser": "Safari",
        "location": {
            "latitude": -8.2005815,
            "longitude": -76.063856
        },
        "uniqueId": "3ba5c0ca-2d1c-4d75-82b7-a2c821f2ea43",
        "pathname": "/profile",
        "language": "szl",
        "referrer": "http://www.farmer-jordan.com/",
        "events": {
            "loadCount": 8,
            "visibilitychangeCount": 3,
            "resizeCount": 1,
            "focusCount": 10,
            "clickCount": 9,
            "blurCount": 10
        },
        "pageLoadTime": {
            "loadStart": 1733855400000,
            "loadEnd": 1733855400711
        },
        "productId": "TRK-Ob2CJVFgaau7",
        "pathCounts": {
            "/settings": 6,
            "/home": 10,
            "/home/create": 6
        }
    },
    {
        "start": 1733855400,
        "end": 1733855520,
        "bounce": {
            "isBounced": true,
            "pathname": "/frontend/index.html"
        },
        "device": "Mobile",
        "browser": "Edge",
        "location": {
            "latitude": 39.0853355,
            "longitude": -172.800383
        },
        "uniqueId": "f25d6d08-ed4a-4680-b7e3-94d4b30207df",
        "pathname": "/profile",
        "language": "id",
        "referrer": "",
        "events": {
            "loadCount": 3,
            "visibilitychangeCount": 3,
            "resizeCount": 7,
            "focusCount": 2,
            "clickCount": 7,
            "blurCount": 10
        },
        "pageLoadTime": {
            "loadStart": 1733855400000,
            "loadEnd": 1733855400645
        },
        "productId": "TRK-TlxlcwGkl19t",
        "pathCounts": {
            "/profile": 6,
            "/login": 3,
            "/home/dashboard": 6
        }
    },
    {
        "start": 1733855400,
        "end": 1733856300,
        "bounce": {
            "isBounced": true,
            "pathname": "/frontend/index.html"
        },
        "device": "Desktop",
        "browser": "Mozilla",
        "location": {
            "latitude": 5.1015415,
            "longitude": -126.854584
        },
        "uniqueId": "5bde6480-0ab0-43b2-8529-ae22b458f836",
        "pathname": "/frontend/index.html",
        "language": "quz",
        "referrer": "",
        "events": {
            "loadCount": 0,
            "visibilitychangeCount": 2,
            "resizeCount": 7,
            "focusCount": 8,
            "clickCount": 8,
            "blurCount": 6
        },
        "pageLoadTime": {
            "loadStart": 1733855400000,
            "loadEnd": 1733855400839
        },
        "productId": "TRK-TlxlcwGkl19t",
        "pathCounts": {
            "/settings": 4,
            "/login": 2
        }
    }
]