[
    {
        "start": 1727893800,
        "end": 1727894460,
        "bounce": {
            "isBounced": false,
            "pathname": "/frontend/index.html"
        },
        "device": "Tablet",
        "browser": "Safari",
        "location": {
            "latitude": -84.4655775,
            "longitude": 47.894373
        },
        "uniqueId": "aa76de66-83a4-4c21-92f5-cfe20525387a",
        "pathname": "/frontend/index.html",
        "language": "de",
        "referrer": "https://ellison.com/",
        "events": {
            "loadCount": 4,
            "visibilitychangeCount": 6,
            "resizeCount": 3,
            "focusCount": 1,
            "clickCount": 1,
            "blurCount": 7
        },
        "pageLoadTime": {
            "loadStart": 1727893800000,
            "loadEnd": 1727893800872
        },
        "productId": "TRK-Ob2CJVFgaau7",
        "pathCounts": {
            "/settings": 1,
            "/profile": 4,
            "/home/create": 1,
            "/checkout": 2,
            "/home": 6
        }
    },
    {
        "start": 1727893800,
        "end": 1727895240,
        "bounce": {
            "isBounced": false,
            "pathname": "/frontend/index.html"
        },
        "device": "Mobile",
        "browser": "Edge",
        "location": {
            "latitude": 9.694705,
            "longitude": 69.834645
        },
        "uniqueId": "aca50ebd-2a70-41b2-a3f9-1a2deecc8322",
        "pathname": "/profile",
        "language": "mai",
        "referrer": "",
        "events": {
            "loadCount": 0,
            "visibilitychangeCount": 7,
            "resizeCount": 3,
            "focusCount": 6,
            "clickCount": 2,
            "blurCount": 2
        },
        "pageLoadTime": {
            "loadStart": 1727893800000,
            "loadEnd": 1727893800368
        },
        "productId": "TRK-89olAsKyNOG7",
        "pathCounts": {
            "/profile": 7,
            "/settings": 5,
            "/home/create": 4
        }
    },
    {
        "start": 1727893800,
        "end": 1727897400,
        "bounce": {
            "isBounced": false,
            "pathname": "/frontend/index.html"
        },
        "device": "Laptop",
        "browser": "Safari",
        "location": {
            "latitude": -47.019597,
            "longitude": -8.624762
        },
        "uniqueId": "f25d6d08-ed4a-4680-b7e3-94d4b30207df",
        "pathname": "/dashboard",
        "language": "kw",
        "referrer": "https://www.smith.info/",
        "events": {
            "loadCount": 10,
            "visibilitychangeCount": 4,
            "resizeCount": 6,
            "focusCount": 1,
            "clickCount": 8,
            "blurCount": 7
        },
        "pageLoadTime": {
            "loadStart": 1727893800000,
            "loadEnd": 1727893800475
        },
        "productId": "TRK-TlxlcwGkl19t",
        "pathCounts": {
            "/home/create": 10,
            "/cart": 4,
            "/home/dashboard": 1,
            "/profile": 7
        }
    },
    {
        "start": 1727893800,
        "end": 1727894940,
        "bounce": {
            "isBounced": false,
            "pathname": "/frontend/index.html"
        },
        "device": "Laptop",
        "browser": "Mozilla",
        "location": {
            "latitude": 37.2575635,
            "longitude": 58.034087
        },
        "uniqueId": "9ce1bf0b-8366-40e1-b77c-9493a981c91b",
        "pathname": "/dashboard",
        "language": "mag",
        "referrer": "",
        "events": {
            "loadCount": 4,
            "visibilitychangeCount": 1,
            "resizeCount": 3,
            "focusCount": 0,
            "clickCount": 2,
            "blurCount": 5
        },
        "pageLoadTime": {
            "loadStart": 1727893800000,
            "loadEnd": 1727893800735
        },
        "productId": "TRK-TlxlcwGkl19t",
        "pathCounts": {
            "/cart": 9,
            "/profile": 4,
            "/home": 5,
            "/home/create": 4
        }
    },
    {
        "start": 1727893800,
        "end": 1727897040,
        "bounce": {
            "isBounced": true,
            "pathname": "/frontend/index.html"
        },
        "device": "Tablet",
        "browser": "Safari",
        "location": {
            "latitude": -29.426181,
            "longitude": -141.704642
        },
        "uniqueId": "ca9d1f5f-925b-4a59-b362-4703a75ad77c",
        "pathname": "/profile",
        "language": "bhb",
        "referrer": "",
        "events": {
            "loadCount": 10,
            "visibilitychangeCount": 6,
            "resizeCount": 3,
            "focusCount": 0,
            "clickCount": 8,
            "blurCount": 5
        },
        "pageLoadTime": {
            "loadStart": 1727893800000,
            "loadEnd": 1727893800209
        },
        "productId": "TRK-Ob2CJVFgaau7",
        "pathCounts": {
            "/home/dashboard": 5,
            "/checkout": 4,
            "/settings": 1,
            "/profile": 5
        }
    },
    {
        "start": 1727893800,
        "end": 1727894460,
        "bounce": {
            "isBounced": true,
            "pathname": "/frontend/index.html"
        },
        "device": "Tablet",
        "browser": "Safari",
        "location": {
            "latitude": 20.2672065,
            "longitude": 171.762449
        },
        "uniqueId": "3da55713-36de-4077-9d4d-626d934aafe0",
        "pathname": "/settings",
        "language": "ln",
        "referrer": "http://santos.info/",
        "events": {
            "loadCount": 9,
            "visibilitychangeCount": 10,
            "resizeCount": 8,
            "focusCount": 10,
            "clickCount": 4,
            "blurCount": 0
        },
        "pageLoadTime": {
            "loadStart": 1727893800000,
            "loadEnd": 1727893800128
        },
        "productId": "TRK-TlxlcwGkl19t",
        "pathCounts": {
            "/home": 1,
            "/settings": 9
        }
    },
    {
        "start": 1727893800,
        "end": 1727895600,
        "bounce": {
            "isBounced": false,
            "pathname": "/frontend/index.html"
        },
        "device": "Tablet",
        "browser": "Mozilla",
        "location": {
            "latitude": 78.157473,
            "longitude": 139.836654
        },
        "uniqueId": "80d8a76b-4c97-4a12-9ac3-02a6d37e11a9",
        "pathname": "/dashboard",
        "language": "ga",
        "referrer": "",
        "events": {
            "loadCount": 9,
            "visibilitychangeCount": 9,
            "resizeCount": 10,
            "focusCount": 3,
            "clickCount": 10,
            "blurCount": 0
        },
        "pageLoadTime": {
            "loadStart": 1727893800000,
            "loadEnd": 1727893800564
        },
        "productId": "TRK-Ob2CJVFgaau7",
        "pathCounts": {
            "/home/dashboard": 7,
            "/profile": 1,
            "/home/create": 5,
            "/login": 8
        }
    },
    {
        "start": 1727893800,
        "end": 1727895360,
        "bounce": {
            "isBounced": false,
            "pathname": "/frontend/index.html"
        },
        "device": "Tablet",
        "browser": "Mozilla",
        "location": {
            "latitude": 61.271278,
            "longitude": -90.155942
        },
        "uniqueId": "14ec54a1-24e9-462b-9378-3e9d812cba5a",
        "pathname": "/frontend/index.html",
        "language": "wo",
        "referrer": "http://www.sims.com/",
        "events": {
            "loadCount": 6,
            "visibilitychangeCount": 3,
            "resizeCount": 4,
            "focusCount": 3,
            "clickCount": 6,
            "blurCount": 2
        },
        "pageLoadTime": {
            "loadStart": 1727893800000,
            "loadEnd": 1727893800701
        },
        "productId": "TRK-Ob2CJVFgaau7",
        "pathCounts": {
            "/home/create": 1,
            "/login": 9,
            "/settings": 5,
            "/home/dashboard": 2
        }
    },
    {
        "start": 1727893800,
        "end": 1727896020,
        "bounce": {
            "isBounced": false,
            "pathname": "/frontend/index.html"
        },
        "device": "Desktop",
        "browser": "Edge",
        "location": {
            "latitude": 24.773922,
            "longitude": -122.234854
        },
        "uniqueId": "ffef8945-c190-4f95-930f-4e35c2e3a868",
        "pathname": "/frontend/index.html",
        "language": "kn",
        "referrer": "",
        "events": {
            "loadCount": 3,
            "visibilitychangeCount": 3,
            "resizeCount": 1,
            "focusCount": 4,
            "clickCount": 6,
            "blurCount": 5
        },
        "pageLoadTime": {
            "loadStart": 1727893800000,
            "loadEnd": 1727893800861
        },
        "productId": "TRK-89olAsKyNOG7",
        "pathCounts": {
            "/login": 4,
            "/checkout": 3,
            "/cart": 1
        }
    },
    {
        "start": 1727893800,
        "end": 1727896620,
        "bounce": {
            "isBounced": false,
            "pathname": "/frontend/index.html"
        },
        "device": "Desktop",
        "browser": "Mozilla",
        "location": {
            "latitude": 30.6112425,
            "longitude": 121.808626
        },
        "uniqueId": "77f0712b-554f-4c5c-9898-14e7c77b26a0",
        "pathname": "/profile",
        "language": "rw",
        "referrer": "https://russell.info/",
        "events": {
            "loadCount": 1,
            "visibilitychangeCount": 3,
            "resizeCount": 0,
            "focusCount": 10,
            "clickCount": 5,
            "blurCount": 3
        },
        "pageLoadTime": {
            "loadStart": 1727893800000,
            "loadEnd": 1727893800826
        },
        "productId": "TRK-89olAsKyNOG7",
        "pathCounts": {
            "/home/create": 1,
            "/cart": 6,
            "/home": 4
        }
    },
    {
        "start": 1727893800,
        "end": 1727894400,
        "bounce": {
            "isBounced": true,
            "pathname": "/frontend/index.html"
        },
        "device": "Desktop",
        "browser": "Mozilla",
        "location": {
            "latitude": -33.672245,
            "longitude": 125.806939
        },
        "uniqueId": "77f0712b-554f-4c5c-9898-14e7c77b26a0",
        "pathname": "/dashboard",
        "language": "lo",
        "referrer": "",
        "events": {
            "loadCount": 10,
            "visibilitychangeCount": 6,
            "resizeCount": 0,
            "focusCount": 9,
            "clickCount": 5,
            "blurCount": 3
        },
        "pageLoadTime": {
            "loadStart": 1727893800000,
            "loadEnd": 1727893800772
        },
        "productId": "TRK-Ob2CJVFgaau7",
        "pathCounts": {
            "/profile": 5,
            "/login": 7,
            "/cart": 6
        }
    },
    {
        "start": 1727893800,
        "end": 1727895180,
        "bounce": {
            "isBounced": true,
            "pathname": "/frontend/index.html"
        },
        "device": "Desktop",
        "browser": "Edge",
        "location": {
            "latitude": -43.0928205,
            "longitude": -103.248486
        },
        "uniqueId": "9b47b488-09f3-4d00-a56c-8c970bdfab8e",
        "pathname": "/dashboard",
        "language": "st",
        "referrer": "https://www.gomez.info/",
        "events": {
            "loadCount": 9,
            "visibilitychangeCount": 5,
            "resizeCount": 1,
            "focusCount": 9,
            "clickCount": 5,
            "blurCount": 3
        },
        "pageLoadTime": {
            "loadStart": 1727893800000,
            "loadEnd": 1727893800328
        },
        "productId": "TRK-89olAsKyNOG7",
        "pathCounts": {
            "/home": 6,
            "/profile": 8
        }
    },
    {
        "start": 1727893800,
        "end": 1727894820,
        "bounce": {
            "isBounced": true,
            "pathname": "/frontend/index.html"
        },
        "device": "Tablet",
        "browser": "Mozilla",
        "location": {
            "latitude": -88.5234915,
            "longitude": 177.990436
        },
        "uniqueId": "f9c7e851-4d89-46ce-8678-25b88916a574",
        "pathname": "/profile",
        "language": "csb",
        "referrer": "",
        "events": {
            "loadCount": 6,
            "visibilitychangeCount": 0,
            "resizeCount": 2,
            "focusCount": 0,
            "clickCount": 1,
            "blurCount": 7
        },
        "pageLoadTime": {
            "loadStart": 1727893800000,
            "loadEnd": 1727893800722
        },
        "productId": "TRK-89olAsKyNOG7",
        "pathCounts": {
            "/home": 2,
            "/login": 4,
            "/cart": 7,
            "/home/dashboard": 1
        }
    },
    {
        "start": 1727893800,
        "end": 1727895540,
        "bounce": {
            "isBounced": false,
            "pathname": "/frontend/index.html"
        },
        "device": "Tablet",
        "browser": "Mozilla",
        "location": {
            "latitude": 35.561553,
            "longitude": -45.44935
        },
        "uniqueId": "625ea2f3-d6f3-47f0-abd3-a204ea4eb491",
        "pathname": "/frontend/index.html",
        "language": "oc",
        "referrer": "",
        "events": {
            "loadCount": 6,
            "visibilitychangeCount": 7,
            "resizeCount": 7,
            "focusCount": 9,
            "clickCount": 2,
            "blurCount": 3
        },
        "pageLoadTime": {
            "loadStart": 1727893800000,
            "loadEnd": 1727893800306
        },
        "productId": "TRK-Ob2CJVFgaau7",
        "pathCounts": {
            "/settings": 9,
            "/profile": 8,
            "/login": 8
        }
    }
]