[
    {
        "start": 1732559400,
        "end": 1732561560,
        "bounce": {
            "isBounced": false,
            "pathname": "/frontend/index.html"
        },
        "device": "Tablet",
        "browser": "Mozilla",
        "location": {
            "latitude": 72.8199455,
            "longitude": 151.64693
        },
        "uniqueId": "37f86d6c-c234-4339-9c0f-ec3bdaab8536",
        "pathname": "/home",
        "language": "gez",
        "referrer": "http://liu-rivera.org/",
        "events": {
            "loadCount": 3,
            "visibilitychangeCount": 9,
            "resizeCount": 7,
            "focusCount": 0,
            "clickCount": 4,
            "blurCount": 2
        },
        "pageLoadTime": {
            "loadStart": 1732559400000,
            "loadEnd": 1732559400592
        },
        "productId": "TRK-TlxlcwGkl19t",
        "pathCounts": {
            "/home/create": 7,
            "/login": 3,
            "/cart": 10,
            "/home/dashboard": 1,
            "/home": 8
        }
    },
    {
        "start": 1732559400,
        "end": 1732562280,
        "bounce": {
            "isBounced": true,
            "pathname": "/frontend/index.html"
        },
        "device": "Desktop",
        "browser": "Safari",
        "location": {
            "latitude": -74.7331125,
            "longitude": -98.81591
        },
        "uniqueId": "77f0712b-554f-4c5c-9898-14e7c77b26a0",
        "pathname": "/profile",
        "language": "xh",
        "referrer": "https://www.arnold.net/",
        "events": {
            "loadCount": 9,
            "visibilitychangeCount": 8,
            "resizeCount": 6,
            "focusCount": 0,
            "clickCount": 10,
            "blurCount": 3
        },
        "pageLoadTime": {
            "loadStart": 1732559400000,
            "loadEnd": 1732559400433
        },
        "productId": "TRK-89olAsKyNOG7",
        "pathCounts": {
            "/home": 2,
            "/home/create": 9,
            "/checkout": 8,
            "/login": 3
        }
    },
    {
        "start": 1732559400,
        "end": 1732561500,
        "bounce": {
            "isBounced": false,
            "pathname": "/frontend/index.html"
        },
        "device": "Desktop",
        "browser": "Chrome",
        "location": {
            "latitude": 5.9252555,
            "longitude": 22.749362
        },
        "uniqueId": "111907fd-95b7-4729-a2af-e51ad656e288",
        "pathname": "/profile",
        "language": "so",
        "referrer": "",
        "events": {
            "loadCount": 2,
            "visibilitychangeCount": 2,
            "resizeCount": 1,
            "focusCount": 7,
            "clickCount": 5,
            "blurCount": 10
        },
        "pageLoadTime": {
            "loadStart": 1732559400000,
            "loadEnd": 1732559400569
        },
        "productId": "TRK-TlxlcwGkl19t",
        "pathCounts": {
            "/checkout": 8,
            "/home": 4,
            "/home/create": 1
        }
    },
    {
        "start": 1732559400,
        "end": 1732560900,
        "bounce": {
            "isBounced": false,
            "pathname": "/frontend/index.html"
        },
        "device": "Desktop",
        "browser": "Safari",
        "location": {
            "latitude": -16.482617,
            "longitude": -12.732198
        },
        "uniqueId": "ffef8945-c190-4f95-930f-4e35c2e3a868",
        "pathname": "/profile",
        "language": "mni",
        "referrer": "",
        "events": {
            "loadCount": 3,
            "visibilitychangeCount": 0,
            "resizeCount": 2,
            "focusCount": 6,
            "clickCount": 8,
            "blurCount": 0
        },
        "pageLoadTime": {
            "loadStart": 1732559400000,
            "loadEnd": 1732559400342
        },
        "productId": "TRK-TlxlcwGkl19t",
        "pathCounts": {
            "/checkout": 2,
            "/home/create": 3,
            "/home/dashboard": 3
        }
    },
    {
        "start": 1732559400,
        "end": 1732563000,
        "bounce": {
            "isBounced": true,
            "pathname": "/frontend/index.html"
        },
        "device": "Mobile",
        "browser": "Mozilla",
        "location": {
            "latitude": 77.4312245,
            "longitude": 42.683039
        },
        "uniqueId": "3da55713-36de-4077-9d4d-626d934aafe0",
        "pathname": "/home",
        "language": "tg",
        "referrer": "https://martin-fry.com/",
        "events": {
            "loadCount": 0,
            "visibilitychangeCount": 7,
            "resizeCount": 1,
            "focusCount": 7,
            "clickCount": 10,
            "blurCount": 4
        },
        "pageLoadTime": {
            "loadStart": 1732559400000,
            "loadEnd": 1732559400445
        },
        "productId": "TRK-Ob2CJVFgaau7",
        "pathCounts": {
            "/profile": 5,
            "/home": 8,
            "/home/dashboard": 10
        }
    }
]