[
    {
        "start": 1729017000,
        "end": 1729019160,
        "bounce": {
            "isBounced": false,
            "pathname": "/frontend/index.html"
        },
        "device": "Desktop",
        "browser": "Edge",
        "location": {
            "latitude": 75.9414295,
            "longitude": -83.483937
        },
        "uniqueId": "37f86d6c-c234-4339-9c0f-ec3bdaab8536",
        "pathname": "/dashboard",
        "language": "ka",
        "referrer": "http://www.horton-hughes.com/",
        "events": {
            "loadCount": 0,
            "visibilitychangeCount": 3,
            "resizeCount": 1,
            "focusCount": 7,
            "clickCount": 7,
            "blurCount": 9
        },
        "pageLoadTime": {
            "loadStart": 1729017000000,
            "loadEnd": 1729017000125
        },
        "productId": "TRK-Ob2CJVFgaau7",
        "pathCounts": {
            "/home": 8,
            "/settings": 9,
            "/profile": 9
        }
    },
    {
        "start": 1729017000,
        "end": 1729018620,
        "bounce": {
            "isBounced": true,
            "pathname": "/frontend/index.html"
        },
        "device": "Laptop",
        "browser": "Mozilla",
        "location": {
            "latitude": 54.2778195,
            "longitude": 105.622145
        },
        "uniqueId": "14ec54a1-24e9-462b-9378-3e9d812cba5a",
        "pathname": "/settings",
        "language": "quz",
        "referrer": "http://espinoza.com/",
        "events": {
            "loadCount": 4,
            "visibilitychangeCount": 2,
            "resizeCount": 0,
            "focusCount": 4,
            "clickCount": 3,
            "blurCount": 1
        },
        "pageLoadTime": {
            "loadStart": 1729017000000,
            "loadEnd": 1729017000913
        },
        "productId": "TRK-TlxlcwGkl19t",
        "pathCounts": {
            "/checkout": 6,
            "/login": 6,
            "/home": 10
        }
    },
    {
        "start": 1729017000,
        "end": 1729019160,
        "bounce": {
            "isBounced": true,
            "pathname": "/frontend/index.html"
        },
        "device": "Laptop",
        "browser": "Safari",
        "location": {
            "latitude": 9.6511375,
            "longitude": -7.77729
        },
        "uniqueId": "111907fd-95b7-4729-a2af-e51ad656e288",
        "pathname": "/home",
        "language": "ka",
        "referrer": "https://www.swanson.info/",
        "events": {
            "loadCount": 0,
            "visibilitychangeCount": 0,
            "resizeCount": 7,
            "focusCount": 9,
            "clickCount": 9,
            "blurCount": 0
        },
        "pageLoadTime": {
            "loadStart": 1729017000000,
            "loadEnd": 1729017000299
        },
        "productId": "TRK-TlxlcwGkl19t",
        "pathCounts": {
            "/home/dashboard": 2,
            "/login": 5,
            "/home": 6
        }
    },
    {
        "start": 1729017000,
        "end": 1729018920,
        "bounce": {
            "isBounced": false,
            "pathname": "/frontend/index.html"
        },
        "device": "Tablet",
        "browser": "Mozilla",
        "location": {
            "latitude": 6.478805,
            "longitude": 76.417946
        },
        "uniqueId": "14ec54a1-24e9-462b-9378-3e9d812cba5a",
        "pathname": "/frontend/index.html",
        "language": "hr",
        "referrer": "http://rogers-green.com/",
        "events": {
            "loadCount": 3,
            "visibilitychangeCount": 5,
            "resizeCount": 4,
            "focusCount": 3,
            "clickCount": 0,
            "blurCount": 8
        },
        "pageLoadTime": {
            "loadStart": 1729017000000,
            "loadEnd": 1729017000774
        },
        "productId": "TRK-89olAsKyNOG7",
        "pathCounts": {
            "/checkout": 8,
            "/cart": 8,
            "/settings": 9,
            "/profile": 4
        }
    },
    {
        "start": 1729017000,
        "end": 1729019820,
        "bounce": {
            "isBounced": false,
            "pathname": "/frontend/index.html"
        },
        "device": "Laptop",
        "browser": "Mozilla",
        "location": {
            "latitude": 86.953647,
            "longitude": 121.286305
        },
        "uniqueId": "77f0712b-554f-4c5c-9898-14e7c77b26a0",
        "pathname": "/profile",
        "language": "ber",
        "referrer": "https://bolton-garcia.com/",
        "events": {
            "loadCount": 7,
            "visibilitychangeCount": 0,
            "resizeCount": 6,
            "focusCount": 2,
            "clickCount": 2,
            "blurCount": 10
        },
        "pageLoadTime": {
            "loadStart": 1729017000000,
            "loadEnd": 1729017000168
        },
        "productId": "TRK-Ob2CJVFgaau7",
        "pathCounts": {
            "/login": 10,
            "/settings": 4,
            "/home": 10
        }
    },
    {
        "start": 1729017000,
        "end": 1729018260,
        "bounce": {
            "isBounced": false,
            "pathname": "/frontend/index.html"
        },
        "device": "Tablet",
        "browser": "Chrome",
        "location": {
            "latitude": 38.9422195,
            "longitude": 128.765133
        },
        "uniqueId": "3da55713-36de-4077-9d4d-626d934aafe0",
        "pathname": "/dashboard",
        "language": "oc",
        "referrer": "http://arellano.com/",
        "events": {
            "loadCount": 6,
            "visibilitychangeCount": 1,
            "resizeCount": 0,
            "focusCount": 5,
            "clickCount": 5,
            "blurCount": 9
        },
        "pageLoadTime": {
            "loadStart": 1729017000000,
            "loadEnd": 1729017000599
        },
        "productId": "TRK-Ob2CJVFgaau7",
        "pathCounts": {
            "/home/create": 10,
            "/home/dashboard": 10
        }
    },
    {
        "start": 1729017000,
        "end": 1729017600,
        "bounce": {
            "isBounced": false,
            "pathname": "/frontend/index.html"
        },
        "device": "Mobile",
        "browser": "Safari",
        "location": {
            "latitude": 58.385527,
            "longitude": -176.502397
        },
        "uniqueId": "ca9d1f5f-925b-4a59-b362-4703a75ad77c",
        "pathname": "/home",
        "language": "ug",
        "referrer": "",
        "events": {
            "loadCount": 6,
            "visibilitychangeCount": 6,
            "resizeCount": 8,
            "focusCount": 9,
            "clickCount": 0,
            "blurCount": 1
        },
        "pageLoadTime": {
            "loadStart": 1729017000000,
            "loadEnd": 1729017000157
        },
        "productId": "TRK-Ob2CJVFgaau7",
        "pathCounts": {
            "/home/create": 9,
            "/profile": 2,
            "/settings": 5,
            "/home": 1
        }
    },
    {
        "start": 1729017000,
        "end": 1729018260,
        "bounce": {
            "isBounced": false,
            "pathname": "/frontend/index.html"
        },
        "device": "Desktop",
        "browser": "Chrome",
        "location": {
            "latitude": -4.8975765,
            "longitude": 9.948063
        },
        "uniqueId": "aca50ebd-2a70-41b2-a3f9-1a2deecc8322",
        "pathname": "/home",
        "language": "tk",
        "referrer": "http://www.harris.net/",
        "events": {
            "loadCount": 3,
            "visibilitychangeCount": 4,
            "resizeCount": 9,
            "focusCount": 3,
            "clickCount": 8,
            "blurCount": 1
        },
        "pageLoadTime": {
            "loadStart": 1729017000000,
            "loadEnd": 1729017000993
        },
        "productId": "TRK-TlxlcwGkl19t",
        "pathCounts": {
            "/home/dashboard": 1,
            "/home": 8,
            "/profile": 3
        }
    },
    {
        "start": 1729017000,
        "end": 1729019580,
        "bounce": {
            "isBounced": false,
            "pathname": "/frontend/index.html"
        },
        "device": "Desktop",
        "browser": "Safari",
        "location": {
            "latitude": -73.0599785,
            "longitude": -38.79699
        },
        "uniqueId": "f25d6d08-ed4a-4680-b7e3-94d4b30207df",
        "pathname": "/dashboard",
        "language": "szl",
        "referrer": "",
        "events": {
            "loadCount": 2,
            "visibilitychangeCount": 10,
            "resizeCount": 3,
            "focusCount": 3,
            "clickCount": 9,
            "blurCount": 9
        },
        "pageLoadTime": {
            "loadStart": 1729017000000,
            "loadEnd": 1729017000610
        },
        "productId": "TRK-TlxlcwGkl19t",
        "pathCounts": {
            "/cart": 10,
            "/home": 2
        }
    },
    {
        "start": 1729017000,
        "end": 1729018800,
        "bounce": {
            "isBounced": false,
            "pathname": "/frontend/index.html"
        },
        "device": "Mobile",
        "browser": "Edge",
        "location": {
            "latitude": 47.932169,
            "longitude": -174.095423
        },
        "uniqueId": "111907fd-95b7-4729-a2af-e51ad656e288",
        "pathname": "/settings",
        "language": "uz",
        "referrer": "",
        "events": {
            "loadCount": 5,
            "visibilitychangeCount": 0,
            "resizeCount": 1,
            "focusCount": 3,
            "clickCount": 5,
            "blurCount": 6
        },
        "pageLoadTime": {
            "loadStart": 1729017000000,
            "loadEnd": 1729017000167
        },
        "productId": "TRK-TlxlcwGkl19t",
        "pathCounts": {
            "/cart": 5,
            "/home/create": 10,
            "/login": 10
        }
    },
    {
        "start": 1729017000,
        "end": 1729020480,
        "bounce": {
            "isBounced": true,
            "pathname": "/frontend/index.html"
        },
        "device": "Desktop",
        "browser": "Mozilla",
        "location": {
            "latitude": -6.1114855,
            "longitude": 128.022565
        },
        "uniqueId": "3da55713-36de-4077-9d4d-626d934aafe0",
        "pathname": "/dashboard",
        "language": "os",
        "referrer": "http://www.hansen.com/",
        "events": {
            "loadCount": 9,
            "visibilitychangeCount": 8,
            "resizeCount": 6,
            "focusCount": 6,
            "clickCount": 4,
            "blurCount": 0
        },
        "pageLoadTime": {
            "loadStart": 1729017000000,
            "loadEnd": 1729017000902
        },
        "productId": "TRK-Ob2CJVFgaau7",
        "pathCounts": {
            "/settings": 6,
            "/home/create": 1,
            "/home/dashboard": 7,
            "/cart": 3
        }
    },
    {
        "start": 1729017000,
        "end": 1729018200,
        "bounce": {
            "isBounced": false,
            "pathname": "/frontend/index.html"
        },
        "device": "Laptop",
        "browser": "Mozilla",
        "location": {
            "latitude": -58.7988365,
            "longitude": 34.201916
        },
        "uniqueId": "3da55713-36de-4077-9d4d-626d934aafe0",
        "pathname": "/home",
        "language": "sr",
        "referrer": "",
        "events": {
            "loadCount": 3,
            "visibilitychangeCount": 7,
            "resizeCount": 5,
            "focusCount": 6,
            "clickCount": 2,
            "blurCount": 0
        },
        "pageLoadTime": {
            "loadStart": 1729017000000,
            "loadEnd": 1729017000852
        },
        "productId": "TRK-Ob2CJVFgaau7",
        "pathCounts": {
            "/home/create": 10,
            "/home": 6
        }
    },
    {
        "start": 1729017000,
        "end": 1729019040,
        "bounce": {
            "isBounced": false,
            "pathname": "/frontend/index.html"
        },
        "device": "Tablet",
        "browser": "Chrome",
        "location": {
            "latitude": -56.619159,
            "longitude": -174.843357
        },
        "uniqueId": "aa76de66-83a4-4c21-92f5-cfe20525387a",
        "pathname": "/home",
        "language": "br",
        "referrer": "",
        "events": {
            "loadCount": 9,
            "visibilitychangeCount": 6,
            "resizeCount": 3,
            "focusCount": 4,
            "clickCount": 7,
            "blurCount": 2
        },
        "pageLoadTime": {
            "loadStart": 1729017000000,
            "loadEnd": 1729017000856
        },
        "productId": "TRK-Ob2CJVFgaau7",
        "pathCounts": {
            "/settings": 5,
            "/home": 5,
            "/checkout": 1,
            "/home/create": 3
        }
    },
    {
        "start": 1729017000,
        "end": 1729017240,
        "bounce": {
            "isBounced": false,
            "pathname": "/frontend/index.html"
        },
        "device": "Desktop",
        "browser": "Safari",
        "location": {
            "latitude": 15.232167,
            "longitude": -105.725423
        },
        "uniqueId": "14ec54a1-24e9-462b-9378-3e9d812cba5a",
        "pathname": "/settings",
        "language": "nds",
        "referrer": "",
        "events": {
            "loadCount": 1,
            "visibilitychangeCount": 1,
            "resizeCount": 10,
            "focusCount": 4,
            "clickCount": 1,
            "blurCount": 8
        },
        "pageLoadTime": {
            "loadStart": 1729017000000,
            "loadEnd": 1729017000809
        },
        "productId": "TRK-89olAsKyNOG7",
        "pathCounts": {
            "/cart": 2,
            "/settings": 3,
            "/home": 5,
            "/checkout": 8,
            "/login": 7
        }
    },
    {
        "start": 1729017000,
        "end": 1729020420,
        "bounce": {
            "isBounced": true,
            "pathname": "/frontend/index.html"
        },
        "device": "Laptop",
        "browser": "Safari",
        "location": {
            "latitude": -48.5773165,
            "longitude": -66.640921
        },
        "uniqueId": "31b1cad6-43b6-4fa7-95e5-7d79676b01e7",
        "pathname": "/home",
        "language": "doi",
        "referrer": "https://jordan.com/",
        "events": {
            "loadCount": 4,
            "visibilitychangeCount": 6,
            "resizeCount": 3,
            "focusCount": 10,
            "clickCount": 3,
            "blurCount": 7
        },
        "pageLoadTime": {
            "loadStart": 1729017000000,
            "loadEnd": 1729017000213
        },
        "productId": "TRK-TlxlcwGkl19t",
        "pathCounts": {
            "/cart": 8,
            "/profile": 5,
            "/settings": 8
        }
    },
    {
        "start": 1729017000,
        "end": 1729018800,
        "bounce": {
            "isBounced": true,
            "pathname": "/frontend/index.html"
        },
        "device": "Desktop",
        "browser": "Edge",
        "location": {
            "latitude": -41.6703175,
            "longitude": 77.107095
        },
        "uniqueId": "ca9d1f5f-925b-4a59-b362-4703a75ad77c",
        "pathname": "/profile",
        "language": "tt",
        "referrer": "",
        "events": {
            "loadCount": 4,
            "visibilitychangeCount": 9,
            "resizeCount": 7,
            "focusCount": 2,
            "clickCount": 5,
            "blurCount": 4
        },
        "pageLoadTime": {
            "loadStart": 1729017000000,
            "loadEnd": 1729017000729
        },
        "productId": "TRK-89olAsKyNOG7",
        "pathCounts": {
            "/home/create": 7,
            "/login": 8,
            "/checkout": 1,
            "/home/dashboard": 5
        }
    },
    {
        "start": 1729017000,
        "end": 1729017960,
        "bounce": {
            "isBounced": true,
            "pathname": "/frontend/index.html"
        },
        "device": "Desktop",
        "browser": "Chrome",
        "location": {
            "latitude": 7.8821435,
            "longitude": 97.793356
        },
        "uniqueId": "31b1cad6-43b6-4fa7-95e5-7d79676b01e7",
        "pathname": "/home",
        "language": "am",
        "referrer": "",
        "events": {
            "loadCount": 0,
            "visibilitychangeCount": 4,
            "resizeCount": 8,
            "focusCount": 5,
            "clickCount": 9,
            "blurCount": 2
        },
        "pageLoadTime": {
            "loadStart": 1729017000000,
            "loadEnd": 1729017000141
        },
        "productId": "TRK-TlxlcwGkl19t",
        "pathCounts": {
            "/login": 1,
            "/checkout": 10,
            "/home/create": 3
        }
    },
    {
        "start": 1729017000,
        "end": 1729018080,
        "bounce": {
            "isBounced": true,
            "pathname": "/frontend/index.html"
        },
        "device": "Laptop",
        "browser": "Safari",
        "location": {
            "latitude": -4.7092295,
            "longitude": -62.445286
        },
        "uniqueId": "80d8a76b-4c97-4a12-9ac3-02a6d37e11a9",
        "pathname": "/frontend/index.html",
        "language": "yi",
        "referrer": "",
        "events": {
            "loadCount": 5,
            "visibilitychangeCount": 6,
            "resizeCount": 0,
            "focusCount": 1,
            "clickCount": 2,
            "blurCount": 0
        },
        "pageLoadTime": {
            "loadStart": 1729017000000,
            "loadEnd": 1729017000509
        },
        "productId": "TRK-89olAsKyNOG7",
        "pathCounts": {
            "/home/dashboard": 7,
            "/profile": 3,
            "/login": 8,
            "/cart": 7
        }
    }
]