[
    {
        "start": 1730399400,
        "end": 1730401020,
        "bounce": {
            "isBounced": false,
            "pathname": "/frontend/index.html"
        },
        "device": "Mobile",
        "browser": "Safari",
        "location": {
            "latitude": -35.26515,
            "longitude": -83.113406
        },
        "uniqueId": "ca9d1f5f-925b-4a59-b362-4703a75ad77c",
        "pathname": "/frontend/index.html",
        "language": "id",
        "referrer": "http://clark-miller.com/",
        "events": {
            "loadCount": 2,
            "visibilitychangeCount": 7,
            "resizeCount": 9,
            "focusCount": 10,
            "clickCount": 9,
            "blurCount": 8
        },
        "pageLoadTime": {
            "loadStart": 1730399400000,
            "loadEnd": 1730399400935
        },
        "productId": "TRK-TlxlcwGkl19t",
        "pathCounts": {
            "/login": 3,
            "/checkout": 9,
            "/profile": 4
        }
    },
    {
        "start": 1730399400,
        "end": 1730399880,
        "bounce": {
            "isBounced": false,
            "pathname": "/frontend/index.html"
        },
        "device": "Mobile",
        "browser": "Edge",
        "location": {
            "latitude": -50.9948205,
            "longitude": -168.451357
        },
        "uniqueId": "37f86d6c-c234-4339-9c0f-ec3bdaab8536",
        "pathname": "/profile",
        "language": "ha",
        "referrer": "http://www.rodriguez.com/",
        "events": {
            "loadCount": 1,
            "visibilitychangeCount": 10,
            "resizeCount": 3,
            "focusCount": 4,
            "clickCount": 8,
            "blurCount": 4
        },
        "pageLoadTime": {
            "loadStart": 1730399400000,
            "loadEnd": 1730399400649
        },
        "productId": "TRK-TlxlcwGkl19t",
        "pathCounts": {
            "/checkout": 10,
            "/login": 1
        }
    },
    {
        "start": 1730399400,
        "end": 1730400420,
        "bounce": {
            "isBounced": true,
            "pathname": "/frontend/index.html"
        },
        "device": "Laptop",
        "browser": "Mozilla",
        "location": {
            "latitude": -86.281734,
            "longitude": -116.458351
        },
        "uniqueId": "80d8a76b-4c97-4a12-9ac3-02a6d37e11a9",
        "pathname": "/frontend/index.html",
        "language": "mi",
        "referrer": "",
        "events": {
            "loadCount": 1,
            "visibilitychangeCount": 5,
            "resizeCount": 0,
            "focusCount": 1,
            "clickCount": 9,
            "blurCount": 3
        },
        "pageLoadTime": {
            "loadStart": 1730399400000,
            "loadEnd": 1730399400027
        },
        "productId": "TRK-89olAsKyNOG7",
        "pathCounts": {
            "/settings": 1,
            "/checkout": 8,
            "/home/dashboard": 1,
            "/cart": 4,
            "/home": 7
        }
    },
    {
        "start": 1730399400,
        "end": 1730399460,
        "bounce": {
            "isBounced": true,
            "pathname": "/frontend/index.html"
        },
        "device": "Laptop",
        "browser": "Chrome",
        "location": {
            "latitude": -36.81413,
            "longitude": 36.385221
        },
        "uniqueId": "31b1cad6-43b6-4fa7-95e5-7d79676b01e7",
        "pathname": "/profile",
        "language": "ayc",
        "referrer": "https://www.richardson.com/",
        "events": {
            "loadCount": 7,
            "visibilitychangeCount": 4,
            "resizeCount": 4,
            "focusCount": 7,
            "clickCount": 5,
            "blurCount": 9
        },
        "pageLoadTime": {
            "loadStart": 1730399400000,
            "loadEnd": 1730399400257
        },
        "productId": "TRK-Ob2CJVFgaau7",
        "pathCounts": {
            "/login": 4,
            "/home/dashboard": 4,
            "/profile": 5
        }
    },
    {
        "start": 1730399400,
        "end": 1730399580,
        "bounce": {
            "isBounced": true,
            "pathname": "/frontend/index.html"
        },
        "device": "Desktop",
        "browser": "Chrome",
        "location": {
            "latitude": -82.729993,
            "longitude": 23.955858
        },
        "uniqueId": "111907fd-95b7-4729-a2af-e51ad656e288",
        "pathname": "/frontend/index.html",
        "language": "gd",
        "referrer": "https://www.scott-rowe.com/",
        "events": {
            "loadCount": 0,
            "visibilitychangeCount": 7,
            "resizeCount": 9,
            "focusCount": 6,
            "clickCount": 3,
            "blurCount": 10
        },
        "pageLoadTime": {
            "loadStart": 1730399400000,
            "loadEnd": 1730399400289
        },
        "productId": "TRK-89olAsKyNOG7",
        "pathCounts": {
            "/login": 1,
            "/home/create": 4,
            "/profile": 4
        }
    },
    {
        "start": 1730399400,
        "end": 1730402040,
        "bounce": {
            "isBounced": true,
            "pathname": "/frontend/index.html"
        },
        "device": "Tablet",
        "browser": "Chrome",
        "location": {
            "latitude": -89.818377,
            "longitude": 86.489724
        },
        "uniqueId": "31b1cad6-43b6-4fa7-95e5-7d79676b01e7",
        "pathname": "/dashboard",
        "language": "tig",
        "referrer": "https://park-cummings.com/",
        "events": {
            "loadCount": 10,
            "visibilitychangeCount": 0,
            "resizeCount": 6,
            "focusCount": 6,
            "clickCount": 1,
            "blurCount": 2
        },
        "pageLoadTime": {
            "loadStart": 1730399400000,
            "loadEnd": 1730399400406
        },
        "productId": "TRK-Ob2CJVFgaau7",
        "pathCounts": {
            "/cart": 9,
            "/checkout": 4,
            "/login": 1
        }
    },
    {
        "start": 1730399400,
        "end": 1730399520,
        "bounce": {
            "isBounced": true,
            "pathname": "/frontend/index.html"
        },
        "device": "Tablet",
        "browser": "Mozilla",
        "location": {
            "latitude": -57.29638,
            "longitude": -48.962545
        },
        "uniqueId": "31b1cad6-43b6-4fa7-95e5-7d79676b01e7",
        "pathname": "/dashboard",
        "language": "ga",
        "referrer": "http://smith-alvarez.org/",
        "events": {
            "loadCount": 9,
            "visibilitychangeCount": 10,
            "resizeCount": 6,
            "focusCount": 6,
            "clickCount": 2,
            "blurCount": 10
        },
        "pageLoadTime": {
            "loadStart": 1730399400000,
            "loadEnd": 1730399400411
        },
        "productId": "TRK-TlxlcwGkl19t",
        "pathCounts": {
            "/login": 5,
            "/settings": 2,
            "/profile": 3,
            "/cart": 4
        }
    }
]