[
    {
        "start": 1735237800,
        "end": 1735239600,
        "bounce": {
            "isBounced": false,
            "pathname": "/frontend/index.html"
        },
        "device": "Desktop",
        "browser": "Mozilla",
        "location": {
            "latitude": 30.3930625,
            "longitude": 138.126423
        },
        "uniqueId": "f9c7e851-4d89-46ce-8678-25b88916a574",
        "pathname": "/profile",
        "language": "oc",
        "referrer": "https://beltran-zimmerman.org/",
        "events": {
            "loadCount": 5,
            "visibilitychangeCount": 3,
            "resizeCount": 3,
            "focusCount": 4,
            "clickCount": 3,
            "blurCount": 5
        },
        "pageLoadTime": {
            "loadStart": 1735237800000,
            "loadEnd": 1735237800767
        },
        "productId": "TRK-Ob2CJVFgaau7",
        "pathCounts": {
            "/login": 9,
            "/settings": 6,
            "/cart": 2,
            "/home/dashboard": 1,
            "/home": 4
        }
    },
    {
        "start": 1735237800,
        "end": 1735239780,
        "bounce": {
            "isBounced": false,
            "pathname": "/frontend/index.html"
        },
        "device": "Tablet",
        "browser": "Edge",
        "location": {
            "latitude": -13.8284845,
            "longitude": -48.112997
        },
        "uniqueId": "aca50ebd-2a70-41b2-a3f9-1a2deecc8322",
        "pathname": "/dashboard",
        "language": "pa",
        "referrer": "",
        "events": {
            "loadCount": 7,
            "visibilitychangeCount": 9,
            "resizeCount": 5,
            "focusCount": 2,
            "clickCount": 5,
            "blurCount": 2
        },
        "pageLoadTime": {
            "loadStart": 1735237800000,
            "loadEnd": 1735237800216
        },
        "productId": "TRK-89olAsKyNOG7",
        "pathCounts": {
            "/checkout": 5,
            "/home/dashboard": 5
        }
    },
    {
        "start": 1735237800,
        "end": 1735240140,
        "bounce": {
            "isBounced": true,
            "pathname": "/frontend/index.html"
        },
        "device": "Mobile",
        "browser": "Mozilla",
        "location": {
            "latitude": 59.7653365,
            "longitude": 57.913983
        },
        "uniqueId": "4f113d91-1e3e-46f7-a9ca-95f02de96297",
        "pathname": "/profile",
        "language": "sa",
        "referrer": "http://www.jimenez-davis.org/",
        "events": {
            "loadCount": 2,
            "visibilitychangeCount": 4,
            "resizeCount": 9,
            "focusCount": 10,
            "clickCount": 7,
            "blurCount": 5
        },
        "pageLoadTime": {
            "loadStart": 1735237800000,
            "loadEnd": 1735237800378
        },
        "productId": "TRK-Ob2CJVFgaau7",
        "pathCounts": {
            "/profile": 10,
            "/home": 10,
            "/home/dashboard": 2,
            "/home/create": 5,
            "/login": 2
        }
    },
    {
        "start": 1735237800,
        "end": 1735239900,
        "bounce": {
            "isBounced": false,
            "pathname": "/frontend/index.html"
        },
        "device": "Tablet",
        "browser": "Chrome",
        "location": {
            "latitude": 19.134123,
            "longitude": 85.59594
        },
        "uniqueId": "31b1cad6-43b6-4fa7-95e5-7d79676b01e7",
        "pathname": "/dashboard",
        "language": "da",
        "referrer": "https://www.hill.com/",
        "events": {
            "loadCount": 1,
            "visibilitychangeCount": 3,
            "resizeCount": 4,
            "focusCount": 6,
            "clickCount": 10,
            "blurCount": 4
        },
        "pageLoadTime": {
            "loadStart": 1735237800000,
            "loadEnd": 1735237800776
        },
        "productId": "TRK-Ob2CJVFgaau7",
        "pathCounts": {
            "/login": 8,
            "/checkout": 1,
            "/home/dashboard": 1,
            "/settings": 10
        }
    },
    {
        "start": 1735237800,
        "end": 1735240440,
        "bounce": {
            "isBounced": true,
            "pathname": "/frontend/index.html"
        },
        "device": "Desktop",
        "browser": "Chrome",
        "location": {
            "latitude": -19.254745,
            "longitude": -17.89139
        },
        "uniqueId": "d86a654c-f156-4873-9fec-b758bd53146a",
        "pathname": "/settings",
        "language": "bo",
        "referrer": "",
        "events": {
            "loadCount": 8,
            "visibilitychangeCount": 8,
            "resizeCount": 4,
            "focusCount": 10,
            "clickCount": 8,
            "blurCount": 5
        },
        "pageLoadTime": {
            "loadStart": 1735237800000,
            "loadEnd": 1735237800114
        },
        "productId": "TRK-TlxlcwGkl19t",
        "pathCounts": {
            "/checkout": 9,
            "/cart": 4,
            "/home/create": 3
        }
    },
    {
        "start": 1735237800,
        "end": 1735239660,
        "bounce": {
            "isBounced": false,
            "pathname": "/frontend/index.html"
        },
        "device": "Laptop",
        "browser": "Mozilla",
        "location": {
            "latitude": -84.0129765,
            "longitude": 39.139146
        },
        "uniqueId": "d86a654c-f156-4873-9fec-b758bd53146a",
        "pathname": "/settings",
        "language": "ckb",
        "referrer": "http://knight.info/",
        "events": {
            "loadCount": 7,
            "visibilitychangeCount": 10,
            "resizeCount": 9,
            "focusCount": 9,
            "clickCount": 3,
            "blurCount": 0
        },
        "pageLoadTime": {
            "loadStart": 1735237800000,
            "loadEnd": 1735237800237
        },
        "productId": "TRK-TlxlcwGkl19t",
        "pathCounts": {
            "/home/create": 1,
            "/home/dashboard": 6,
            "/settings": 4
        }
    },
    {
        "start": 1735237800,
        "end": 1735238940,
        "bounce": {
            "isBounced": false,
            "pathname": "/frontend/index.html"
        },
        "device": "Desktop",
        "browser": "Chrome",
        "location": {
            "latitude": -52.5432495,
            "longitude": 101.088416
        },
        "uniqueId": "3da55713-36de-4077-9d4d-626d934aafe0",
        "pathname": "/dashboard",
        "language": "pap",
        "referrer": "",
        "events": {
            "loadCount": 3,
            "visibilitychangeCount": 4,
            "resizeCount": 10,
            "focusCount": 7,
            "clickCount": 1,
            "blurCount": 1
        },
        "pageLoadTime": {
            "loadStart": 1735237800000,
            "loadEnd": 1735237800865
        },
        "productId": "TRK-89olAsKyNOG7",
        "pathCounts": {
            "/profile": 7,
            "/home/create": 1,
            "/cart": 4,
            "/login": 9,
            "/checkout": 5
        }
    },
    {
        "start": 1735237800,
        "end": 1735241400,
        "bounce": {
            "isBounced": false,
            "pathname": "/frontend/index.html"
        },
        "device": "Laptop",
        "browser": "Edge",
        "location": {
            "latitude": 71.309088,
            "longitude": -145.136015
        },
        "uniqueId": "f9c7e851-4d89-46ce-8678-25b88916a574",
        "pathname": "/settings",
        "language": "fo",
        "referrer": "",
        "events": {
            "loadCount": 8,
            "visibilitychangeCount": 8,
            "resizeCount": 3,
            "focusCount": 8,
            "clickCount": 5,
            "blurCount": 10
        },
        "pageLoadTime": {
            "loadStart": 1735237800000,
            "loadEnd": 1735237800367
        },
        "productId": "TRK-TlxlcwGkl19t",
        "pathCounts": {
            "/home/create": 3,
            "/home/dashboard": 7,
            "/checkout": 7,
            "/profile": 9,
            "/cart": 6
        }
    },
    {
        "start": 1735237800,
        "end": 1735239780,
        "bounce": {
            "isBounced": false,
            "pathname": "/frontend/index.html"
        },
        "device": "Laptop",
        "browser": "Edge",
        "location": {
            "latitude": 61.26422,
            "longitude": -106.494264
        },
        "uniqueId": "80d8a76b-4c97-4a12-9ac3-02a6d37e11a9",
        "pathname": "/profile",
        "language": "hsb",
        "referrer": "",
        "events": {
            "loadCount": 6,
            "visibilitychangeCount": 9,
            "resizeCount": 10,
            "focusCount": 0,
            "clickCount": 2,
            "blurCount": 7
        },
        "pageLoadTime": {
            "loadStart": 1735237800000,
            "loadEnd": 1735237800150
        },
        "productId": "TRK-Ob2CJVFgaau7",
        "pathCounts": {
            "/settings": 9,
            "/cart": 10,
            "/profile": 1,
            "/home/dashboard": 3
        }
    },
    {
        "start": 1735237800,
        "end": 1735238700,
        "bounce": {
            "isBounced": true,
            "pathname": "/frontend/index.html"
        },
        "device": "Tablet",
        "browser": "Safari",
        "location": {
            "latitude": -30.7327865,
            "longitude": -126.563691
        },
        "uniqueId": "aca50ebd-2a70-41b2-a3f9-1a2deecc8322",
        "pathname": "/profile",
        "language": "sid",
        "referrer": "http://www.martin.info/",
        "events": {
            "loadCount": 6,
            "visibilitychangeCount": 6,
            "resizeCount": 4,
            "focusCount": 1,
            "clickCount": 9,
            "blurCount": 0
        },
        "pageLoadTime": {
            "loadStart": 1735237800000,
            "loadEnd": 1735237800032
        },
        "productId": "TRK-89olAsKyNOG7",
        "pathCounts": {
            "/cart": 10,
            "/home/dashboard": 1,
            "/home": 9
        }
    },
    {
        "start": 1735237800,
        "end": 1735240260,
        "bounce": {
            "isBounced": false,
            "pathname": "/frontend/index.html"
        },
        "device": "Laptop",
        "browser": "Chrome",
        "location": {
            "latitude": 84.078892,
            "longitude": -136.544582
        },
        "uniqueId": "111907fd-95b7-4729-a2af-e51ad656e288",
        "pathname": "/profile",
        "language": "os",
        "referrer": "http://patrick-bass.com/",
        "events": {
            "loadCount": 10,
            "visibilitychangeCount": 10,
            "resizeCount": 4,
            "focusCount": 6,
            "clickCount": 5,
            "blurCount": 8
        },
        "pageLoadTime": {
            "loadStart": 1735237800000,
            "loadEnd": 1735237800273
        },
        "productId": "TRK-TlxlcwGkl19t",
        "pathCounts": {
            "/login": 7,
            "/checkout": 1
        }
    },
    {
        "start": 1735237800,
        "end": 1735239780,
        "bounce": {
            "isBounced": true,
            "pathname": "/frontend/index.html"
        },
        "device": "Tablet",
        "browser": "Safari",
        "location": {
            "latitude": 15.7120415,
            "longitude": -74.512753
        },
        "uniqueId": "f9c7e851-4d89-46ce-8678-25b88916a574",
        "pathname": "/home",
        "language": "quz",
        "referrer": "",
        "events": {
            "loadCount": 8,
            "visibilitychangeCount": 3,
            "resizeCount": 8,
            "focusCount": 7,
            "clickCount": 6,
            "blurCount": 5
        },
        "pageLoadTime": {
            "loadStart": 1735237800000,
            "loadEnd": 1735237800880
        },
        "productId": "TRK-TlxlcwGkl19t",
        "pathCounts": {
            "/home/create": 4,
            "/settings": 9,
            "/profile": 8
        }
    },
    {
        "start": 1735237800,
        "end": 1735238940,
        "bounce": {
            "isBounced": false,
            "pathname": "/frontend/index.html"
        },
        "device": "Desktop",
        "browser": "Edge",
        "location": {
            "latitude": -83.600928,
            "longitude": 30.484458
        },
        "uniqueId": "f9c7e851-4d89-46ce-8678-25b88916a574",
        "pathname": "/dashboard",
        "language": "pl",
        "referrer": "",
        "events": {
            "loadCount": 7,
            "visibilitychangeCount": 7,
            "resizeCount": 1,
            "focusCount": 2,
            "clickCount": 5,
            "blurCount": 5
        },
        "pageLoadTime": {
            "loadStart": 1735237800000,
            "loadEnd": 1735237800689
        },
        "productId": "TRK-TlxlcwGkl19t",
        "pathCounts": {
            "/home": 1,
            "/checkout": 9,
            "/profile": 10
        }
    },
    {
        "start": 1735237800,
        "end": 1735238940,
        "bounce": {
            "isBounced": false,
            "pathname": "/frontend/index.html"
        },
        "device": "Tablet",
        "browser": "Mozilla",
        "location": {
            "latitude": -85.3217585,
            "longitude": -2.057311
        },
        "uniqueId": "3da55713-36de-4077-9d4d-626d934aafe0",
        "pathname": "/profile",
        "language": "my",
        "referrer": "http://fisher-sanchez.net/",
        "events": {
            "loadCount": 2,
            "visibilitychangeCount": 3,
            "resizeCount": 7,
            "focusCount": 10,
            "clickCount": 7,
            "blurCount": 9
        },
        "pageLoadTime": {
            "loadStart": 1735237800000,
            "loadEnd": 1735237800799
        },
        "productId": "TRK-89olAsKyNOG7",
        "pathCounts": {
            "/home": 4,
            "/home/dashboard": 2,
            "/login": 1,
            "/settings": 3
        }
    },
    {
        "start": 1735237800,
        "end": 1735241220,
        "bounce": {
            "isBounced": true,
            "pathname": "/frontend/index.html"
        },
        "device": "Desktop",
        "browser": "Safari",
        "location": {
            "latitude": 79.696109,
            "longitude": 164.530201
        },
        "uniqueId": "80d8a76b-4c97-4a12-9ac3-02a6d37e11a9",
        "pathname": "/dashboard",
        "language": "mr",
        "referrer": "",
        "events": {
            "loadCount": 1,
            "visibilitychangeCount": 5,
            "resizeCount": 8,
            "focusCount": 0,
            "clickCount": 1,
            "blurCount": 4
        },
        "pageLoadTime": {
            "loadStart": 1735237800000,
            "loadEnd": 1735237800920
        },
        "productId": "TRK-89olAsKyNOG7",
        "pathCounts": {
            "/home/dashboard": 7,
            "/home/create": 5,
            "/cart": 3,
            "/checkout": 8
        }
    },
    {
        "start": 1735237800,
        "end": 1735241160,
        "bounce": {
            "isBounced": false,
            "pathname": "/frontend/index.html"
        },
        "device": "Desktop",
        "browser": "Mozilla",
        "location": {
            "latitude": -85.6595245,
            "longitude": 26.315804
        },
        "uniqueId": "14ec54a1-24e9-462b-9378-3e9d812cba5a",
        "pathname": "/settings",
        "language": "ky",
        "referrer": "http://ford.com/",
        "events": {
            "loadCount": 2,
            "visibilitychangeCount": 7,
            "resizeCount": 10,
            "focusCount": 4,
            "clickCount": 9,
            "blurCount": 9
        },
        "pageLoadTime": {
            "loadStart": 1735237800000,
            "loadEnd": 1735237800982
        },
        "productId": "TRK-Ob2CJVFgaau7",
        "pathCounts": {
            "/home/create": 3,
            "/checkout": 9,
            "/profile": 10
        }
    }
]