[
    {
        "start": 1729881000,
        "end": 1729882080,
        "bounce": {
            "isBounced": true,
            "pathname": "/frontend/index.html"
        },
        "device": "Mobile",
        "browser": "Chrome",
        "location": {
            "latitude": 29.615319,
            "longitude": 60.503253
        },
        "uniqueId": "37f86d6c-c234-4339-9c0f-ec3bdaab8536",
        "pathname": "/frontend/index.html",
        "language": "ko",
        "referrer": "http://mcguire-lamb.biz/",
        "events": {
            "loadCount": 7,
            "visibilitychangeCount": 3,
            "resizeCount": 5,
            "focusCount": 0,
            "clickCount": 8,
            "blurCount": 3
        },
        "pageLoadTime": {
            "loadStart": 1729881000000,
            "loadEnd": 1729881000634
        },
        "productId": "TRK-TlxlcwGkl19t",
        "pathCounts": {
            "/home/dashboard": 1,
            "/home": 8,
            "/profile": 8
        }
    },
    {
        "start": 1729881000,
        "end": 1729882800,
        "bounce": {
            "isBounced": true,
            "pathname": "/frontend/index.html"
        },
        "device": "Mobile",
        "browser": "Safari",
        "location": {
            "latitude": -53.4243785,
            "longitude": -156.229853
        },
        "uniqueId": "5bde6480-0ab0-43b2-8529-ae22b458f836",
        "pathname": "/frontend/index.html",
        "language": "gu",
        "referrer": "",
        "events": {
            "loadCount": 3,
            "visibilitychangeCount": 6,
            "resizeCount": 2,
            "focusCount": 2,
            "clickCount": 5,
            "blurCount": 10
        },
        "pageLoadTime": {
            "loadStart": 1729881000000,
            "loadEnd": 1729881000302
        },
        "productId": "TRK-Ob2CJVFgaau7",
        "pathCounts": {
            "/checkout": 4,
            "/login": 10,
            "/home/create": 8,
            "/home/dashboard": 7,
            "/profile": 4
        }
    },
    {
        "start": 1729881000,
        "end": 1729883820,
        "bounce": {
            "isBounced": false,
            "pathname": "/frontend/index.html"
        },
        "device": "Laptop",
        "browser": "Mozilla",
        "location": {
            "latitude": 15.8181465,
            "longitude": 74.961856
        },
        "uniqueId": "4f113d91-1e3e-46f7-a9ca-95f02de96297",
        "pathname": "/dashboard",
        "language": "lzh",
        "referrer": "",
        "events": {
            "loadCount": 7,
            "visibilitychangeCount": 9,
            "resizeCount": 4,
            "focusCount": 6,
            "clickCount": 6,
            "blurCount": 5
        },
        "pageLoadTime": {
            "loadStart": 1729881000000,
            "loadEnd": 1729881000457
        },
        "productId": "TRK-TlxlcwGkl19t",
        "pathCounts": {
            "/home/create": 7,
            "/checkout": 2,
            "/home/dashboard": 7,
            "/login": 2,
            "/settings": 5
        }
    },
    {
        "start": 1729881000,
        "end": 1729882320,
        "bounce": {
            "isBounced": false,
            "pathname": "/frontend/index.html"
        },
        "device": "Laptop",
        "browser": "Safari",
        "location": {
            "latitude": -46.906918,
            "longitude": -148.301608
        },
        "uniqueId": "3ba5c0ca-2d1c-4d75-82b7-a2c821f2ea43",
        "pathname": "/profile",
        "language": "ms",
        "referrer": "",
        "events": {
            "loadCount": 8,
            "visibilitychangeCount": 5,
            "resizeCount": 1,
            "focusCount": 6,
            "clickCount": 10,
            "blurCount": 1
        },
        "pageLoadTime": {
            "loadStart": 1729881000000,
            "loadEnd": 1729881000179
        },
        "productId": "TRK-89olAsKyNOG7",
        "pathCounts": {
            "/login": 4,
            "/cart": 2,
            "/checkout": 9,
            "/home/create": 2,
            "/profile": 1,
            "/settings": 6
        }
    },
    {
        "start": 1729881000,
        "end": 1729884540,
        "bounce": {
            "isBounced": true,
            "pathname": "/frontend/index.html"
        },
        "device": "Mobile",
        "browser": "Edge",
        "location": {
            "latitude": 26.915804,
            "longitude": 108.623115
        },
        "uniqueId": "f25d6d08-ed4a-4680-b7e3-94d4b30207df",
        "pathname": "/home",
        "language": "hne",
        "referrer": "http://mccormick.com/",
        "events": {
            "loadCount": 4,
            "visibilitychangeCount": 8,
            "resizeCount": 10,
            "focusCount": 1,
            "clickCount": 10,
            "blurCount": 8
        },
        "pageLoadTime": {
            "loadStart": 1729881000000,
            "loadEnd": 1729881000555
        },
        "productId": "TRK-Ob2CJVFgaau7",
        "pathCounts": {
            "/checkout": 8,
            "/home/create": 4,
            "/home/dashboard": 6,
            "/home": 1,
            "/settings": 7
        }
    },
    {
        "start": 1729881000,
        "end": 1729882980,
        "bounce": {
            "isBounced": false,
            "pathname": "/frontend/index.html"
        },
        "device": "Desktop",
        "browser": "Safari",
        "location": {
            "latitude": 45.263406,
            "longitude": 147.62258
        },
        "uniqueId": "5bde6480-0ab0-43b2-8529-ae22b458f836",
        "pathname": "/settings",
        "language": "wal",
        "referrer": "https://www.cooper.info/",
        "events": {
            "loadCount": 7,
            "visibilitychangeCount": 2,
            "resizeCount": 5,
            "focusCount": 2,
            "clickCount": 2,
            "blurCount": 3
        },
        "pageLoadTime": {
            "loadStart": 1729881000000,
            "loadEnd": 1729881000504
        },
        "productId": "TRK-Ob2CJVFgaau7",
        "pathCounts": {
            "/home": 7,
            "/home/create": 2,
            "/checkout": 5,
            "/settings": 8,
            "/login": 7
        }
    },
    {
        "start": 1729881000,
        "end": 1729883220,
        "bounce": {
            "isBounced": true,
            "pathname": "/frontend/index.html"
        },
        "device": "Tablet",
        "browser": "Mozilla",
        "location": {
            "latitude": -77.598921,
            "longitude": 86.396692
        },
        "uniqueId": "14ec54a1-24e9-462b-9378-3e9d812cba5a",
        "pathname": "/dashboard",
        "language": "kok",
        "referrer": "https://www.pope.com/",
        "events": {
            "loadCount": 2,
            "visibilitychangeCount": 9,
            "resizeCount": 8,
            "focusCount": 6,
            "clickCount": 5,
            "blurCount": 3
        },
        "pageLoadTime": {
            "loadStart": 1729881000000,
            "loadEnd": 1729881000136
        },
        "productId": "TRK-TlxlcwGkl19t",
        "pathCounts": {
            "/profile": 3,
            "/checkout": 1,
            "/home": 7,
            "/home/create": 2
        }
    },
    {
        "start": 1729881000,
        "end": 1729881240,
        "bounce": {
            "isBounced": true,
            "pathname": "/frontend/index.html"
        },
        "device": "Tablet",
        "browser": "Mozilla",
        "location": {
            "latitude": -52.195881,
            "longitude": -58.059275
        },
        "uniqueId": "f25d6d08-ed4a-4680-b7e3-94d4b30207df",
        "pathname": "/frontend/index.html",
        "language": "li",
        "referrer": "",
        "events": {
            "loadCount": 3,
            "visibilitychangeCount": 1,
            "resizeCount": 8,
            "focusCount": 2,
            "clickCount": 7,
            "blurCount": 5
        },
        "pageLoadTime": {
            "loadStart": 1729881000000,
            "loadEnd": 1729881000790
        },
        "productId": "TRK-TlxlcwGkl19t",
        "pathCounts": {
            "/home": 10,
            "/checkout": 10,
            "/settings": 6
        }
    },
    {
        "start": 1729881000,
        "end": 1729882980,
        "bounce": {
            "isBounced": true,
            "pathname": "/frontend/index.html"
        },
        "device": "Laptop",
        "browser": "Chrome",
        "location": {
            "latitude": 53.6281025,
            "longitude": -154.149835
        },
        "uniqueId": "14ec54a1-24e9-462b-9378-3e9d812cba5a",
        "pathname": "/home",
        "language": "pap",
        "referrer": "http://www.vasquez-salazar.com/",
        "events": {
            "loadCount": 2,
            "visibilitychangeCount": 3,
            "resizeCount": 3,
            "focusCount": 8,
            "clickCount": 10,
            "blurCount": 6
        },
        "pageLoadTime": {
            "loadStart": 1729881000000,
            "loadEnd": 1729881000908
        },
        "productId": "TRK-Ob2CJVFgaau7",
        "pathCounts": {
            "/home": 3,
            "/home/dashboard": 9,
            "/home/create": 10,
            "/checkout": 5
        }
    },
    {
        "start": 1729881000,
        "end": 1729882740,
        "bounce": {
            "isBounced": false,
            "pathname": "/frontend/index.html"
        },
        "device": "Mobile",
        "browser": "Safari",
        "location": {
            "latitude": -13.35007,
            "longitude": 69.406849
        },
        "uniqueId": "f9c7e851-4d89-46ce-8678-25b88916a574",
        "pathname": "/home",
        "language": "hsb",
        "referrer": "",
        "events": {
            "loadCount": 7,
            "visibilitychangeCount": 3,
            "resizeCount": 5,
            "focusCount": 4,
            "clickCount": 0,
            "blurCount": 2
        },
        "pageLoadTime": {
            "loadStart": 1729881000000,
            "loadEnd": 1729881000384
        },
        "productId": "TRK-TlxlcwGkl19t",
        "pathCounts": {
            "/login": 10,
            "/checkout": 9,
            "/home/create": 3,
            "/home": 8,
            "/profile": 4
        }
    }
]