[
    {
        "start": 1731954600,
        "end": 1731956340,
        "bounce": {
            "isBounced": false,
            "pathname": "/frontend/index.html"
        },
        "device": "Tablet",
        "browser": "Chrome",
        "location": {
            "latitude": 13.781709,
            "longitude": -142.032339
        },
        "uniqueId": "14ec54a1-24e9-462b-9378-3e9d812cba5a",
        "pathname": "/frontend/index.html",
        "language": "ca",
        "referrer": "",
        "events": {
            "loadCount": 1,
            "visibilitychangeCount": 1,
            "resizeCount": 3,
            "focusCount": 1,
            "clickCount": 4,
            "blurCount": 6
        },
        "pageLoadTime": {
            "loadStart": 1731954600000,
            "loadEnd": 1731954600009
        },
        "productId": "TRK-TlxlcwGkl19t",
        "pathCounts": {
            "/login": 8,
            "/settings": 10
        }
    },
    {
        "start": 1731954600,
        "end": 1731956280,
        "bounce": {
            "isBounced": false,
            "pathname": "/frontend/index.html"
        },
        "device": "Mobile",
        "browser": "Safari",
        "location": {
            "latitude": -55.1896425,
            "longitude": 88.886423
        },
        "uniqueId": "9ce1bf0b-8366-40e1-b77c-9493a981c91b",
        "pathname": "/frontend/index.html",
        "language": "ml",
        "referrer": "https://vasquez-holmes.com/",
        "events": {
            "loadCount": 9,
            "visibilitychangeCount": 5,
            "resizeCount": 3,
            "focusCount": 2,
            "clickCount": 0,
            "blurCount": 2
        },
        "pageLoadTime": {
            "loadStart": 1731954600000,
            "loadEnd": 1731954600208
        },
        "productId": "TRK-89olAsKyNOG7",
        "pathCounts": {
            "/home/dashboard": 10,
            "/settings": 10
        }
    },
    {
        "start": 1731954600,
        "end": 1731957540,
        "bounce": {
            "isBounced": false,
            "pathname": "/frontend/index.html"
        },
        "device": "Mobile",
        "browser": "Chrome",
        "location": {
            "latitude": 10.7078,
            "longitude": -26.281504
        },
        "uniqueId": "f25d6d08-ed4a-4680-b7e3-94d4b30207df",
        "pathname": "/dashboard",
        "language": "am",
        "referrer": "",
        "events": {
            "loadCount": 7,
            "visibilitychangeCount": 9,
            "resizeCount": 7,
            "focusCount": 6,
            "clickCount": 10,
            "blurCount": 2
        },
        "pageLoadTime": {
            "loadStart": 1731954600000,
            "loadEnd": 1731954600807
        },
        "productId": "TRK-Ob2CJVFgaau7",
        "pathCounts": {
            "/settings": 10,
            "/home/dashboard": 2,
            "/home": 7
        }
    },
    {
        "start": 1731954600,
        "end": 1731955200,
        "bounce": {
            "isBounced": false,
            "pathname": "/frontend/index.html"
        },
        "device": "Laptop",
        "browser": "Safari",
        "location": {
            "latitude": 19.064275,
            "longitude": -109.697163
        },
        "uniqueId": "111907fd-95b7-4729-a2af-e51ad656e288",
        "pathname": "/settings",
        "language": "sl",
        "referrer": "http://rhodes-fisher.com/",
        "events": {
            "loadCount": 7,
            "visibilitychangeCount": 2,
            "resizeCount": 7,
            "focusCount": 0,
            "clickCount": 0,
            "blurCount": 5
        },
        "pageLoadTime": {
            "loadStart": 1731954600000,
            "loadEnd": 1731954600622
        },
        "productId": "TRK-Ob2CJVFgaau7",
        "pathCounts": {
            "/home/create": 7,
            "/home/dashboard": 8,
            "/checkout": 6,
            "/settings": 5
        }
    },
    {
        "start": 1731954600,
        "end": 1731955020,
        "bounce": {
            "isBounced": false,
            "pathname": "/frontend/index.html"
        },
        "device": "Tablet",
        "browser": "Chrome",
        "location": {
            "latitude": 32.315096,
            "longitude": 82.924318
        },
        "uniqueId": "80d8a76b-4c97-4a12-9ac3-02a6d37e11a9",
        "pathname": "/frontend/index.html",
        "language": "sw",
        "referrer": "",
        "events": {
            "loadCount": 9,
            "visibilitychangeCount": 2,
            "resizeCount": 2,
            "focusCount": 1,
            "clickCount": 6,
            "blurCount": 3
        },
        "pageLoadTime": {
            "loadStart": 1731954600000,
            "loadEnd": 1731954600507
        },
        "productId": "TRK-Ob2CJVFgaau7",
        "pathCounts": {
            "/cart": 7,
            "/checkout": 1,
            "/home/dashboard": 7
        }
    },
    {
        "start": 1731954600,
        "end": 1731956940,
        "bounce": {
            "isBounced": true,
            "pathname": "/frontend/index.html"
        },
        "device": "Tablet",
        "browser": "Safari",
        "location": {
            "latitude": 79.497845,
            "longitude": 31.601255
        },
        "uniqueId": "37f86d6c-c234-4339-9c0f-ec3bdaab8536",
        "pathname": "/profile",
        "language": "bo",
        "referrer": "http://simon.net/",
        "events": {
            "loadCount": 0,
            "visibilitychangeCount": 5,
            "resizeCount": 9,
            "focusCount": 9,
            "clickCount": 1,
            "blurCount": 2
        },
        "pageLoadTime": {
            "loadStart": 1731954600000,
            "loadEnd": 1731954600016
        },
        "productId": "TRK-89olAsKyNOG7",
        "pathCounts": {
            "/home/create": 8,
            "/settings": 1,
            "/checkout": 6,
            "/home": 5
        }
    },
    {
        "start": 1731954600,
        "end": 1731957960,
        "bounce": {
            "isBounced": true,
            "pathname": "/frontend/index.html"
        },
        "device": "Tablet",
        "browser": "Chrome",
        "location": {
            "latitude": -0.5721375,
            "longitude": -2.231159
        },
        "uniqueId": "f25d6d08-ed4a-4680-b7e3-94d4b30207df",
        "pathname": "/profile",
        "language": "az",
        "referrer": "https://www.calhoun-maldonado.com/",
        "events": {
            "loadCount": 3,
            "visibilitychangeCount": 10,
            "resizeCount": 9,
            "focusCount": 2,
            "clickCount": 2,
            "blurCount": 7
        },
        "pageLoadTime": {
            "loadStart": 1731954600000,
            "loadEnd": 1731954600274
        },
        "productId": "TRK-Ob2CJVFgaau7",
        "pathCounts": {
            "/checkout": 6,
            "/cart": 10,
            "/login": 8,
            "/home": 5,
            "/home/dashboard": 9
        }
    },
    {
        "start": 1731954600,
        "end": 1731957120,
        "bounce": {
            "isBounced": true,
            "pathname": "/frontend/index.html"
        },
        "device": "Tablet",
        "browser": "Mozilla",
        "location": {
            "latitude": 44.4235,
            "longitude": -1.648697
        },
        "uniqueId": "f9c7e851-4d89-46ce-8678-25b88916a574",
        "pathname": "/frontend/index.html",
        "language": "an",
        "referrer": "",
        "events": {
            "loadCount": 10,
            "visibilitychangeCount": 9,
            "resizeCount": 7,
            "focusCount": 7,
            "clickCount": 9,
            "blurCount": 10
        },
        "pageLoadTime": {
            "loadStart": 1731954600000,
            "loadEnd": 1731954600127
        },
        "productId": "TRK-89olAsKyNOG7",
        "pathCounts": {
            "/login": 4,
            "/home/create": 9,
            "/home/dashboard": 1,
            "/cart": 3
        }
    },
    {
        "start": 1731954600,
        "end": 1731956580,
        "bounce": {
            "isBounced": false,
            "pathname": "/frontend/index.html"
        },
        "device": "Tablet",
        "browser": "Chrome",
        "location": {
            "latitude": -28.6029075,
            "longitude": 108.529078
        },
        "uniqueId": "4f113d91-1e3e-46f7-a9ca-95f02de96297",
        "pathname": "/frontend/index.html",
        "language": "nl",
        "referrer": "",
        "events": {
            "loadCount": 5,
            "visibilitychangeCount": 9,
            "resizeCount": 10,
            "focusCount": 8,
            "clickCount": 7,
            "blurCount": 9
        },
        "pageLoadTime": {
            "loadStart": 1731954600000,
            "loadEnd": 1731954600130
        },
        "productId": "TRK-TlxlcwGkl19t",
        "pathCounts": {
            "/login": 6,
            "/home/create": 10,
            "/settings": 5,
            "/home": 4
        }
    },
    {
        "start": 1731954600,
        "end": 1731957300,
        "bounce": {
            "isBounced": false,
            "pathname": "/frontend/index.html"
        },
        "device": "Desktop",
        "browser": "Safari",
        "location": {
            "latitude": -60.7431805,
            "longitude": -14.283471
        },
        "uniqueId": "9ce1bf0b-8366-40e1-b77c-9493a981c91b",
        "pathname": "/profile",
        "language": "nb",
        "referrer": "",
        "events": {
            "loadCount": 7,
            "visibilitychangeCount": 4,
            "resizeCount": 0,
            "focusCount": 0,
            "clickCount": 5,
            "blurCount": 6
        },
        "pageLoadTime": {
            "loadStart": 1731954600000,
            "loadEnd": 1731954600894
        },
        "productId": "TRK-Ob2CJVFgaau7",
        "pathCounts": {
            "/profile": 4,
            "/checkout": 3
        }
    },
    {
        "start": 1731954600,
        "end": 1731956280,
        "bounce": {
            "isBounced": false,
            "pathname": "/frontend/index.html"
        },
        "device": "Laptop",
        "browser": "Chrome",
        "location": {
            "latitude": 59.3850285,
            "longitude": 174.629204
        },
        "uniqueId": "4f113d91-1e3e-46f7-a9ca-95f02de96297",
        "pathname": "/home",
        "language": "bg",
        "referrer": "https://evans-thomas.com/",
        "events": {
            "loadCount": 6,
            "visibilitychangeCount": 1,
            "resizeCount": 2,
            "focusCount": 9,
            "clickCount": 2,
            "blurCount": 6
        },
        "pageLoadTime": {
            "loadStart": 1731954600000,
            "loadEnd": 1731954600972
        },
        "productId": "TRK-89olAsKyNOG7",
        "pathCounts": {
            "/cart": 3,
            "/settings": 2,
            "/home/dashboard": 10,
            "/home": 6
        }
    },
    {
        "start": 1731954600,
        "end": 1731957540,
        "bounce": {
            "isBounced": false,
            "pathname": "/frontend/index.html"
        },
        "device": "Mobile",
        "browser": "Safari",
        "location": {
            "latitude": -50.689298,
            "longitude": -49.460352
        },
        "uniqueId": "5bde6480-0ab0-43b2-8529-ae22b458f836",
        "pathname": "/home",
        "language": "om",
        "referrer": "http://gomez.info/",
        "events": {
            "loadCount": 0,
            "visibilitychangeCount": 6,
            "resizeCount": 7,
            "focusCount": 4,
            "clickCount": 6,
            "blurCount": 9
        },
        "pageLoadTime": {
            "loadStart": 1731954600000,
            "loadEnd": 1731954600949
        },
        "productId": "TRK-89olAsKyNOG7",
        "pathCounts": {
            "/home": 2,
            "/login": 5,
            "/profile": 8,
            "/home/dashboard": 10
        }
    },
    {
        "start": 1731954600,
        "end": 1731956460,
        "bounce": {
            "isBounced": false,
            "pathname": "/frontend/index.html"
        },
        "device": "Laptop",
        "browser": "Edge",
        "location": {
            "latitude": -39.5743495,
            "longitude": -77.388007
        },
        "uniqueId": "d86a654c-f156-4873-9fec-b758bd53146a",
        "pathname": "/home",
        "language": "nb",
        "referrer": "",
        "events": {
            "loadCount": 8,
            "visibilitychangeCount": 1,
            "resizeCount": 0,
            "focusCount": 10,
            "clickCount": 7,
            "blurCount": 4
        },
        "pageLoadTime": {
            "loadStart": 1731954600000,
            "loadEnd": 1731954600517
        },
        "productId": "TRK-89olAsKyNOG7",
        "pathCounts": {
            "/settings": 8,
            "/checkout": 7,
            "/profile": 6,
            "/home": 5
        }
    },
    {
        "start": 1731954600,
        "end": 1731957060,
        "bounce": {
            "isBounced": true,
            "pathname": "/frontend/index.html"
        },
        "device": "Tablet",
        "browser": "Chrome",
        "location": {
            "latitude": -80.0852655,
            "longitude": 131.35912
        },
        "uniqueId": "ffef8945-c190-4f95-930f-4e35c2e3a868",
        "pathname": "/dashboard",
        "language": "sk",
        "referrer": "http://www.guerra.org/",
        "events": {
            "loadCount": 3,
            "visibilitychangeCount": 5,
            "resizeCount": 4,
            "focusCount": 7,
            "clickCount": 10,
            "blurCount": 9
        },
        "pageLoadTime": {
            "loadStart": 1731954600000,
            "loadEnd": 1731954600084
        },
        "productId": "TRK-TlxlcwGkl19t",
        "pathCounts": {
            "/cart": 8,
            "/home/dashboard": 7
        }
    },
    {
        "start": 1731954600,
        "end": 1731955560,
        "bounce": {
            "isBounced": false,
            "pathname": "/frontend/index.html"
        },
        "device": "Tablet",
        "browser": "Chrome",
        "location": {
            "latitude": 18.702809,
            "longitude": 155.852819
        },
        "uniqueId": "9ce1bf0b-8366-40e1-b77c-9493a981c91b",
        "pathname": "/profile",
        "language": "se",
        "referrer": "http://www.cruz-torres.com/",
        "events": {
            "loadCount": 6,
            "visibilitychangeCount": 0,
            "resizeCount": 7,
            "focusCount": 1,
            "clickCount": 4,
            "blurCount": 1
        },
        "pageLoadTime": {
            "loadStart": 1731954600000,
            "loadEnd": 1731954600623
        },
        "productId": "TRK-Ob2CJVFgaau7",
        "pathCounts": {
            "/cart": 5,
            "/home": 3
        }
    },
    {
        "start": 1731954600,
        "end": 1731956520,
        "bounce": {
            "isBounced": false,
            "pathname": "/frontend/index.html"
        },
        "device": "Tablet",
        "browser": "Mozilla",
        "location": {
            "latitude": -27.043952,
            "longitude": 120.716877
        },
        "uniqueId": "d86a654c-f156-4873-9fec-b758bd53146a",
        "pathname": "/home",
        "language": "nhn",
        "referrer": "",
        "events": {
            "loadCount": 1,
            "visibilitychangeCount": 4,
            "resizeCount": 5,
            "focusCount": 5,
            "clickCount": 9,
            "blurCount": 9
        },
        "pageLoadTime": {
            "loadStart": 1731954600000,
            "loadEnd": 1731954600306
        },
        "productId": "TRK-TlxlcwGkl19t",
        "pathCounts": {
            "/profile": 6,
            "/checkout": 10,
            "/home/dashboard": 3
        }
    },
    {
        "start": 1731954600,
        "end": 1731955560,
        "bounce": {
            "isBounced": false,
            "pathname": "/frontend/index.html"
        },
        "device": "Mobile",
        "browser": "Safari",
        "location": {
            "latitude": -43.389844,
            "longitude": -40.77439
        },
        "uniqueId": "f25d6d08-ed4a-4680-b7e3-94d4b30207df",
        "pathname": "/profile",
        "language": "ce",
        "referrer": "",
        "events": {
            "loadCount": 3,
            "visibilitychangeCount": 4,
            "resizeCount": 2,
            "focusCount": 9,
            "clickCount": 3,
            "blurCount": 6
        },
        "pageLoadTime": {
            "loadStart": 1731954600000,
            "loadEnd": 1731954600574
        },
        "productId": "TRK-Ob2CJVFgaau7",
        "pathCounts": {
            "/home/create": 8,
            "/settings": 10,
            "/profile": 1
        }
    },
    {
        "start": 1731954600,
        "end": 1731958200,
        "bounce": {
            "isBounced": true,
            "pathname": "/frontend/index.html"
        },
        "device": "Tablet",
        "browser": "Safari",
        "location": {
            "latitude": -88.858401,
            "longitude": 93.437092
        },
        "uniqueId": "77f0712b-554f-4c5c-9898-14e7c77b26a0",
        "pathname": "/frontend/index.html",
        "language": "be",
        "referrer": "http://www.hebert-ward.com/",
        "events": {
            "loadCount": 6,
            "visibilitychangeCount": 1,
            "resizeCount": 0,
            "focusCount": 0,
            "clickCount": 10,
            "blurCount": 0
        },
        "pageLoadTime": {
            "loadStart": 1731954600000,
            "loadEnd": 1731954600434
        },
        "productId": "TRK-TlxlcwGkl19t",
        "pathCounts": {
            "/home/dashboard": 8,
            "/home/create": 8,
            "/settings": 7
        }
    },
    {
        "start": 1731954600,
        "end": 1731957540,
        "bounce": {
            "isBounced": true,
            "pathname": "/frontend/index.html"
        },
        "device": "Mobile",
        "browser": "Safari",
        "location": {
            "latitude": 72.599828,
            "longitude": -146.208015
        },
        "uniqueId": "9b47b488-09f3-4d00-a56c-8c970bdfab8e",
        "pathname": "/home",
        "language": "lzh",
        "referrer": "http://www.torres.com/",
        "events": {
            "loadCount": 6,
            "visibilitychangeCount": 6,
            "resizeCount": 2,
            "focusCount": 7,
            "clickCount": 5,
            "blurCount": 2
        },
        "pageLoadTime": {
            "loadStart": 1731954600000,
            "loadEnd": 1731954600995
        },
        "productId": "TRK-TlxlcwGkl19t",
        "pathCounts": {
            "/cart": 6,
            "/settings": 7
        }
    },
    {
        "start": 1731954600,
        "end": 1731957420,
        "bounce": {
            "isBounced": true,
            "pathname": "/frontend/index.html"
        },
        "device": "Laptop",
        "browser": "Edge",
        "location": {
            "latitude": 47.717276,
            "longitude": -107.206424
        },
        "uniqueId": "aca50ebd-2a70-41b2-a3f9-1a2deecc8322",
        "pathname": "/frontend/index.html",
        "language": "sa",
        "referrer": "",
        "events": {
            "loadCount": 9,
            "visibilitychangeCount": 3,
            "resizeCount": 5,
            "focusCount": 10,
            "clickCount": 2,
            "blurCount": 6
        },
        "pageLoadTime": {
            "loadStart": 1731954600000,
            "loadEnd": 1731954600504
        },
        "productId": "TRK-Ob2CJVFgaau7",
        "pathCounts": {
            "/cart": 5,
            "/login": 5,
            "/home/dashboard": 7,
            "/profile": 6,
            "/home/create": 7
        }
    }
]