[
    {
        "start": 1733682600,
        "end": 1733683920,
        "bounce": {
            "isBounced": false,
            "pathname": "/frontend/index.html"
        },
        "device": "Laptop",
        "browser": "Safari",
        "location": {
            "latitude": 36.291753,
            "longitude": -125.158786
        },
        "uniqueId": "14ec54a1-24e9-462b-9378-3e9d812cba5a",
        "pathname": "/frontend/index.html",
        "language": "nds",
        "referrer": "http://www.sharp-rivera.com/",
        "events": {
            "loadCount": 6,
            "visibilitychangeCount": 9,
            "resizeCount": 2,
            "focusCount": 4,
            "clickCount": 8,
            "blurCount": 9
        },
        "pageLoadTime": {
            "loadStart": 1733682600000,
            "loadEnd": 1733682600690
        },
        "productId": "TRK-89olAsKyNOG7",
        "pathCounts": {
            "/home": 10,
            "/profile": 9,
            "/home/dashboard": 7,
            "/checkout": 9
        }
    },
    {
        "start": 1733682600,
        "end": 1733685840,
        "bounce": {
            "isBounced": true,
            "pathname": "/frontend/index.html"
        },
        "device": "Mobile",
        "browser": "Safari",
        "location": {
            "latitude": -78.4092645,
            "longitude": -14.906768
        },
        "uniqueId": "f9c7e851-4d89-46ce-8678-25b88916a574",
        "pathname": "/dashboard",
        "language": "se",
        "referrer": "",
        "events": {
            "loadCount": 10,
            "visibilitychangeCount": 1,
            "resizeCount": 6,
            "focusCount": 6,
            "clickCount": 9,
            "blurCount": 5
        },
        "pageLoadTime": {
            "loadStart": 1733682600000,
            "loadEnd": 1733682600887
        },
        "productId": "TRK-TlxlcwGkl19t",
        "pathCounts": {
            "/cart": 4,
            "/settings": 7
        }
    },
    {
        "start": 1733682600,
        "end": 1733685960,
        "bounce": {
            "isBounced": true,
            "pathname": "/frontend/index.html"
        },
        "device": "Desktop",
        "browser": "Safari",
        "location": {
            "latitude": -21.791522,
            "longitude": 54.260866
        },
        "uniqueId": "77f0712b-554f-4c5c-9898-14e7c77b26a0",
        "pathname": "/settings",
        "language": "oc",
        "referrer": "http://orr.org/",
        "events": {
            "loadCount": 2,
            "visibilitychangeCount": 3,
            "resizeCount": 1,
            "focusCount": 8,
            "clickCount": 3,
            "blurCount": 1
        },
        "pageLoadTime": {
            "loadStart": 1733682600000,
            "loadEnd": 1733682600345
        },
        "productId": "TRK-89olAsKyNOG7",
        "pathCounts": {
            "/home": 5,
            "/login": 3,
            "/home/create": 10,
            "/profile": 7
        }
    },
    {
        "start": 1733682600,
        "end": 1733683260,
        "bounce": {
            "isBounced": true,
            "pathname": "/frontend/index.html"
        },
        "device": "Tablet",
        "browser": "Edge",
        "location": {
            "latitude": 63.1050775,
            "longitude": 10.354931
        },
        "uniqueId": "f9c7e851-4d89-46ce-8678-25b88916a574",
        "pathname": "/frontend/index.html",
        "language": "eu",
        "referrer": "",
        "events": {
            "loadCount": 6,
            "visibilitychangeCount": 2,
            "resizeCount": 4,
            "focusCount": 3,
            "clickCount": 4,
            "blurCount": 3
        },
        "pageLoadTime": {
            "loadStart": 1733682600000,
            "loadEnd": 1733682600317
        },
        "productId": "TRK-TlxlcwGkl19t",
        "pathCounts": {
            "/checkout": 2,
            "/home": 8
        }
    },
    {
        "start": 1733682600,
        "end": 1733684520,
        "bounce": {
            "isBounced": true,
            "pathname": "/frontend/index.html"
        },
        "device": "Tablet",
        "browser": "Edge",
        "location": {
            "latitude": 82.5665075,
            "longitude": -25.501223
        },
        "uniqueId": "3da55713-36de-4077-9d4d-626d934aafe0",
        "pathname": "/profile",
        "language": "nb",
        "referrer": "",
        "events": {
            "loadCount": 0,
            "visibilitychangeCount": 9,
            "resizeCount": 3,
            "focusCount": 8,
            "clickCount": 4,
            "blurCount": 0
        },
        "pageLoadTime": {
            "loadStart": 1733682600000,
            "loadEnd": 1733682600358
        },
        "productId": "TRK-TlxlcwGkl19t",
        "pathCounts": {
            "/profile": 3,
            "/cart": 10,
            "/home/create": 5,
            "/settings": 8,
            "/checkout": 3,
            "/login": 5
        }
    },
    {
        "start": 1733682600,
        "end": 1733683620,
        "bounce": {
            "isBounced": false,
            "pathname": "/frontend/index.html"
        },
        "device": "Mobile",
        "browser": "Chrome",
        "location": {
            "latitude": 9.487109,
            "longitude": 151.504967
        },
        "uniqueId": "ffef8945-c190-4f95-930f-4e35c2e3a868",
        "pathname": "/profile",
        "language": "csb",
        "referrer": "",
        "events": {
            "loadCount": 2,
            "visibilitychangeCount": 6,
            "resizeCount": 3,
            "focusCount": 7,
            "clickCount": 1,
            "blurCount": 3
        },
        "pageLoadTime": {
            "loadStart": 1733682600000,
            "loadEnd": 1733682600045
        },
        "productId": "TRK-TlxlcwGkl19t",
        "pathCounts": {
            "/profile": 9,
            "/settings": 1,
            "/cart": 6,
            "/checkout": 2,
            "/home/dashboard": 1,
            "/home/create": 8
        }
    },
    {
        "start": 1733682600,
        "end": 1733685240,
        "bounce": {
            "isBounced": false,
            "pathname": "/frontend/index.html"
        },
        "device": "Tablet",
        "browser": "Mozilla",
        "location": {
            "latitude": 33.06246,
            "longitude": -25.476661
        },
        "uniqueId": "aa76de66-83a4-4c21-92f5-cfe20525387a",
        "pathname": "/dashboard",
        "language": "mi",
        "referrer": "https://www.williams.com/",
        "events": {
            "loadCount": 5,
            "visibilitychangeCount": 5,
            "resizeCount": 2,
            "focusCount": 6,
            "clickCount": 5,
            "blurCount": 3
        },
        "pageLoadTime": {
            "loadStart": 1733682600000,
            "loadEnd": 1733682600338
        },
        "productId": "TRK-89olAsKyNOG7",
        "pathCounts": {
            "/home": 5,
            "/cart": 7,
            "/home/dashboard": 6
        }
    },
    {
        "start": 1733682600,
        "end": 1733685300,
        "bounce": {
            "isBounced": true,
            "pathname": "/frontend/index.html"
        },
        "device": "Desktop",
        "browser": "Edge",
        "location": {
            "latitude": 18.4500895,
            "longitude": 48.671014
        },
        "uniqueId": "80d8a76b-4c97-4a12-9ac3-02a6d37e11a9",
        "pathname": "/settings",
        "language": "fi",
        "referrer": "",
        "events": {
            "loadCount": 10,
            "visibilitychangeCount": 9,
            "resizeCount": 7,
            "focusCount": 7,
            "clickCount": 4,
            "blurCount": 3
        },
        "pageLoadTime": {
            "loadStart": 1733682600000,
            "loadEnd": 1733682600979
        },
        "productId": "TRK-89olAsKyNOG7",
        "pathCounts": {
            "/login": 2,
            "/cart": 3
        }
    },
    {
        "start": 1733682600,
        "end": 1733685840,
        "bounce": {
            "isBounced": true,
            "pathname": "/frontend/index.html"
        },
        "device": "Laptop",
        "browser": "Chrome",
        "location": {
            "latitude": -35.63396,
            "longitude": -131.336653
        },
        "uniqueId": "80d8a76b-4c97-4a12-9ac3-02a6d37e11a9",
        "pathname": "/frontend/index.html",
        "language": "ff",
        "referrer": "",
        "events": {
            "loadCount": 8,
            "visibilitychangeCount": 2,
            "resizeCount": 7,
            "focusCount": 4,
            "clickCount": 7,
            "blurCount": 1
        },
        "pageLoadTime": {
            "loadStart": 1733682600000,
            "loadEnd": 1733682600511
        },
        "productId": "TRK-TlxlcwGkl19t",
        "pathCounts": {
            "/profile": 6,
            "/cart": 2,
            "/settings": 9
        }
    },
    {
        "start": 1733682600,
        "end": 1733685780,
        "bounce": {
            "isBounced": false,
            "pathname": "/frontend/index.html"
        },
        "device": "Mobile",
        "browser": "Safari",
        "location": {
            "latitude": 50.4098915,
            "longitude": -175.264053
        },
        "uniqueId": "31b1cad6-43b6-4fa7-95e5-7d79676b01e7",
        "pathname": "/settings",
        "language": "sd",
        "referrer": "http://www.summers.com/",
        "events": {
            "loadCount": 7,
            "visibilitychangeCount": 4,
            "resizeCount": 3,
            "focusCount": 9,
            "clickCount": 8,
            "blurCount": 2
        },
        "pageLoadTime": {
            "loadStart": 1733682600000,
            "loadEnd": 1733682600035
        },
        "productId": "TRK-Ob2CJVFgaau7",
        "pathCounts": {
            "/checkout": 6,
            "/login": 10,
            "/profile": 9,
            "/home/dashboard": 1
        }
    },
    {
        "start": 1733682600,
        "end": 1733684640,
        "bounce": {
            "isBounced": true,
            "pathname": "/frontend/index.html"
        },
        "device": "Desktop",
        "browser": "Mozilla",
        "location": {
            "latitude": 67.7667845,
            "longitude": -74.825191
        },
        "uniqueId": "aca50ebd-2a70-41b2-a3f9-1a2deecc8322",
        "pathname": "/profile",
        "language": "bhb",
        "referrer": "",
        "events": {
            "loadCount": 8,
            "visibilitychangeCount": 2,
            "resizeCount": 10,
            "focusCount": 4,
            "clickCount": 9,
            "blurCount": 7
        },
        "pageLoadTime": {
            "loadStart": 1733682600000,
            "loadEnd": 1733682600379
        },
        "productId": "TRK-89olAsKyNOG7",
        "pathCounts": {
            "/home/dashboard": 4,
            "/checkout": 6,
            "/profile": 10
        }
    },
    {
        "start": 1733682600,
        "end": 1733685600,
        "bounce": {
            "isBounced": false,
            "pathname": "/frontend/index.html"
        },
        "device": "Mobile",
        "browser": "Mozilla",
        "location": {
            "latitude": 7.775426,
            "longitude": -26.411822
        },
        "uniqueId": "4f113d91-1e3e-46f7-a9ca-95f02de96297",
        "pathname": "/settings",
        "language": "nso",
        "referrer": "https://johnson.com/",
        "events": {
            "loadCount": 2,
            "visibilitychangeCount": 2,
            "resizeCount": 2,
            "focusCount": 4,
            "clickCount": 3,
            "blurCount": 4
        },
        "pageLoadTime": {
            "loadStart": 1733682600000,
            "loadEnd": 1733682600841
        },
        "productId": "TRK-Ob2CJVFgaau7",
        "pathCounts": {
            "/profile": 3,
            "/cart": 7,
            "/home/dashboard": 4,
            "/home": 8
        }
    },
    {
        "start": 1733682600,
        "end": 1733683320,
        "bounce": {
            "isBounced": true,
            "pathname": "/frontend/index.html"
        },
        "device": "Laptop",
        "browser": "Safari",
        "location": {
            "latitude": 53.8247475,
            "longitude": -93.463771
        },
        "uniqueId": "37f86d6c-c234-4339-9c0f-ec3bdaab8536",
        "pathname": "/settings",
        "language": "nl",
        "referrer": "",
        "events": {
            "loadCount": 4,
            "visibilitychangeCount": 0,
            "resizeCount": 0,
            "focusCount": 4,
            "clickCount": 9,
            "blurCount": 9
        },
        "pageLoadTime": {
            "loadStart": 1733682600000,
            "loadEnd": 1733682600166
        },
        "productId": "TRK-TlxlcwGkl19t",
        "pathCounts": {
            "/login": 5,
            "/home/dashboard": 8,
            "/home/create": 10,
            "/profile": 3
        }
    },
    {
        "start": 1733682600,
        "end": 1733685000,
        "bounce": {
            "isBounced": false,
            "pathname": "/frontend/index.html"
        },
        "device": "Tablet",
        "browser": "Safari",
        "location": {
            "latitude": -12.0507725,
            "longitude": -140.253953
        },
        "uniqueId": "80d8a76b-4c97-4a12-9ac3-02a6d37e11a9",
        "pathname": "/home",
        "language": "an",
        "referrer": "",
        "events": {
            "loadCount": 3,
            "visibilitychangeCount": 4,
            "resizeCount": 3,
            "focusCount": 2,
            "clickCount": 5,
            "blurCount": 2
        },
        "pageLoadTime": {
            "loadStart": 1733682600000,
            "loadEnd": 1733682600150
        },
        "productId": "TRK-89olAsKyNOG7",
        "pathCounts": {
            "/settings": 9,
            "/profile": 10,
            "/home/create": 7,
            "/checkout": 7,
            "/home/dashboard": 10
        }
    },
    {
        "start": 1733682600,
        "end": 1733685540,
        "bounce": {
            "isBounced": true,
            "pathname": "/frontend/index.html"
        },
        "device": "Tablet",
        "browser": "Safari",
        "location": {
            "latitude": 32.8711275,
            "longitude": 92.777631
        },
        "uniqueId": "ffef8945-c190-4f95-930f-4e35c2e3a868",
        "pathname": "/dashboard",
        "language": "tr",
        "referrer": "https://smith.com/",
        "events": {
            "loadCount": 4,
            "visibilitychangeCount": 3,
            "resizeCount": 9,
            "focusCount": 3,
            "clickCount": 5,
            "blurCount": 6
        },
        "pageLoadTime": {
            "loadStart": 1733682600000,
            "loadEnd": 1733682600984
        },
        "productId": "TRK-TlxlcwGkl19t",
        "pathCounts": {
            "/home": 2,
            "/login": 7,
            "/home/create": 2
        }
    },
    {
        "start": 1733682600,
        "end": 1733685420,
        "bounce": {
            "isBounced": false,
            "pathname": "/frontend/index.html"
        },
        "device": "Mobile",
        "browser": "Mozilla",
        "location": {
            "latitude": 8.7986915,
            "longitude": 92.484096
        },
        "uniqueId": "ffef8945-c190-4f95-930f-4e35c2e3a868",
        "pathname": "/frontend/index.html",
        "language": "bhb",
        "referrer": "",
        "events": {
            "loadCount": 8,
            "visibilitychangeCount": 5,
            "resizeCount": 8,
            "focusCount": 9,
            "clickCount": 10,
            "blurCount": 10
        },
        "pageLoadTime": {
            "loadStart": 1733682600000,
            "loadEnd": 1733682600693
        },
        "productId": "TRK-Ob2CJVFgaau7",
        "pathCounts": {
            "/home/dashboard": 4,
            "/home": 9,
            "/checkout": 9,
            "/login": 1
        }
    },
    {
        "start": 1733682600,
        "end": 1733684040,
        "bounce": {
            "isBounced": false,
            "pathname": "/frontend/index.html"
        },
        "device": "Mobile",
        "browser": "Safari",
        "location": {
            "latitude": -4.7498105,
            "longitude": 111.328792
        },
        "uniqueId": "9b47b488-09f3-4d00-a56c-8c970bdfab8e",
        "pathname": "/profile",
        "language": "eo",
        "referrer": "",
        "events": {
            "loadCount": 7,
            "visibilitychangeCount": 8,
            "resizeCount": 10,
            "focusCount": 6,
            "clickCount": 3,
            "blurCount": 10
        },
        "pageLoadTime": {
            "loadStart": 1733682600000,
            "loadEnd": 1733682600526
        },
        "productId": "TRK-Ob2CJVFgaau7",
        "pathCounts": {
            "/cart": 5,
            "/settings": 10,
            "/home/create": 10
        }
    },
    {
        "start": 1733682600,
        "end": 1733683980,
        "bounce": {
            "isBounced": false,
            "pathname": "/frontend/index.html"
        },
        "device": "Desktop",
        "browser": "Safari",
        "location": {
            "latitude": 32.8864825,
            "longitude": -137.613876
        },
        "uniqueId": "ca9d1f5f-925b-4a59-b362-4703a75ad77c",
        "pathname": "/home",
        "language": "lij",
        "referrer": "http://www.rios.com/",
        "events": {
            "loadCount": 5,
            "visibilitychangeCount": 2,
            "resizeCount": 4,
            "focusCount": 3,
            "clickCount": 10,
            "blurCount": 5
        },
        "pageLoadTime": {
            "loadStart": 1733682600000,
            "loadEnd": 1733682600291
        },
        "productId": "TRK-TlxlcwGkl19t",
        "pathCounts": {
            "/settings": 9,
            "/checkout": 6,
            "/login": 9
        }
    },
    {
        "start": 1733682600,
        "end": 1733683380,
        "bounce": {
            "isBounced": true,
            "pathname": "/frontend/index.html"
        },
        "device": "Desktop",
        "browser": "Edge",
        "location": {
            "latitude": 50.3544205,
            "longitude": 14.397468
        },
        "uniqueId": "3da55713-36de-4077-9d4d-626d934aafe0",
        "pathname": "/home",
        "language": "yi",
        "referrer": "",
        "events": {
            "loadCount": 4,
            "visibilitychangeCount": 10,
            "resizeCount": 10,
            "focusCount": 3,
            "clickCount": 3,
            "blurCount": 0
        },
        "pageLoadTime": {
            "loadStart": 1733682600000,
            "loadEnd": 1733682600658
        },
        "productId": "TRK-Ob2CJVFgaau7",
        "pathCounts": {
            "/login": 6,
            "/checkout": 1
        }
    },
    {
        "start": 1733682600,
        "end": 1733683980,
        "bounce": {
            "isBounced": true,
            "pathname": "/frontend/index.html"
        },
        "device": "Desktop",
        "browser": "Safari",
        "location": {
            "latitude": 35.692323,
            "longitude": -25.382304
        },
        "uniqueId": "5bde6480-0ab0-43b2-8529-ae22b458f836",
        "pathname": "/settings",
        "language": "ur",
        "referrer": "https://beltran.com/",
        "events": {
            "loadCount": 1,
            "visibilitychangeCount": 8,
            "resizeCount": 5,
            "focusCount": 8,
            "clickCount": 7,
            "blurCount": 9
        },
        "pageLoadTime": {
            "loadStart": 1733682600000,
            "loadEnd": 1733682600571
        },
        "productId": "TRK-89olAsKyNOG7",
        "pathCounts": {
            "/home/dashboard": 5,
            "/home/create": 7
        }
    }
]