[
    {
        "start": 1732732200,
        "end": 1732733580,
        "bounce": {
            "isBounced": true,
            "pathname": "/frontend/index.html"
        },
        "device": "Laptop",
        "browser": "Chrome",
        "location": {
            "latitude": -51.688877,
            "longitude": -20.178109
        },
        "uniqueId": "80d8a76b-4c97-4a12-9ac3-02a6d37e11a9",
        "pathname": "/settings",
        "language": "wae",
        "referrer": "",
        "events": {
            "loadCount": 4,
            "visibilitychangeCount": 7,
            "resizeCount": 2,
            "focusCount": 8,
            "clickCount": 7,
            "blurCount": 0
        },
        "pageLoadTime": {
            "loadStart": 1732732200000,
            "loadEnd": 1732732200483
        },
        "productId": "TRK-TlxlcwGkl19t",
        "pathCounts": {
            "/login": 5,
            "/home": 8,
            "/settings": 7
        }
    },
    {
        "start": 1732732200,
        "end": 1732732260,
        "bounce": {
            "isBounced": true,
            "pathname": "/frontend/index.html"
        },
        "device": "Mobile",
        "browser": "Chrome",
        "location": {
            "latitude": 24.189108,
            "longitude": -84.674214
        },
        "uniqueId": "f9c7e851-4d89-46ce-8678-25b88916a574",
        "pathname": "/settings",
        "language": "bhb",
        "referrer": "http://morton-hayes.net/",
        "events": {
            "loadCount": 0,
            "visibilitychangeCount": 1,
            "resizeCount": 8,
            "focusCount": 0,
            "clickCount": 1,
            "blurCount": 7
        },
        "pageLoadTime": {
            "loadStart": 1732732200000,
            "loadEnd": 1732732200731
        },
        "productId": "TRK-Ob2CJVFgaau7",
        "pathCounts": {
            "/home/create": 3,
            "/settings": 8,
            "/login": 10
        }
    },
    {
        "start": 1732732200,
        "end": 1732735140,
        "bounce": {
            "isBounced": false,
            "pathname": "/frontend/index.html"
        },
        "device": "Laptop",
        "browser": "Edge",
        "location": {
            "latitude": 17.1326995,
            "longitude": 134.711672
        },
        "uniqueId": "31b1cad6-43b6-4fa7-95e5-7d79676b01e7",
        "pathname": "/settings",
        "language": "ckb",
        "referrer": "http://www.martin.com/",
        "events": {
            "loadCount": 1,
            "visibilitychangeCount": 8,
            "resizeCount": 2,
            "focusCount": 6,
            "clickCount": 7,
            "blurCount": 3
        },
        "pageLoadTime": {
            "loadStart": 1732732200000,
            "loadEnd": 1732732200012
        },
        "productId": "TRK-89olAsKyNOG7",
        "pathCounts": {
            "/home": 10,
            "/profile": 2,
            "/home/dashboard": 9,
            "/home/create": 8
        }
    },
    {
        "start": 1732732200,
        "end": 1732734420,
        "bounce": {
            "isBounced": false,
            "pathname": "/frontend/index.html"
        },
        "device": "Mobile",
        "browser": "Safari",
        "location": {
            "latitude": 3.4301,
            "longitude": -179.32908
        },
        "uniqueId": "31b1cad6-43b6-4fa7-95e5-7d79676b01e7",
        "pathname": "/dashboard",
        "language": "li",
        "referrer": "https://miller.com/",
        "events": {
            "loadCount": 2,
            "visibilitychangeCount": 3,
            "resizeCount": 10,
            "focusCount": 7,
            "clickCount": 10,
            "blurCount": 2
        },
        "pageLoadTime": {
            "loadStart": 1732732200000,
            "loadEnd": 1732732200585
        },
        "productId": "TRK-TlxlcwGkl19t",
        "pathCounts": {
            "/home": 4,
            "/login": 7,
            "/home/create": 3
        }
    },
    {
        "start": 1732732200,
        "end": 1732735500,
        "bounce": {
            "isBounced": true,
            "pathname": "/frontend/index.html"
        },
        "device": "Desktop",
        "browser": "Chrome",
        "location": {
            "latitude": -34.6287585,
            "longitude": -72.321098
        },
        "uniqueId": "80d8a76b-4c97-4a12-9ac3-02a6d37e11a9",
        "pathname": "/home",
        "language": "se",
        "referrer": "",
        "events": {
            "loadCount": 8,
            "visibilitychangeCount": 1,
            "resizeCount": 9,
            "focusCount": 2,
            "clickCount": 4,
            "blurCount": 0
        },
        "pageLoadTime": {
            "loadStart": 1732732200000,
            "loadEnd": 1732732200934
        },
        "productId": "TRK-TlxlcwGkl19t",
        "pathCounts": {
            "/profile": 6,
            "/checkout": 6,
            "/login": 2,
            "/cart": 2
        }
    },
    {
        "start": 1732732200,
        "end": 1732734480,
        "bounce": {
            "isBounced": true,
            "pathname": "/frontend/index.html"
        },
        "device": "Desktop",
        "browser": "Safari",
        "location": {
            "latitude": 87.810121,
            "longitude": 170.799282
        },
        "uniqueId": "aca50ebd-2a70-41b2-a3f9-1a2deecc8322",
        "pathname": "/profile",
        "language": "sw",
        "referrer": "http://www.russell.com/",
        "events": {
            "loadCount": 8,
            "visibilitychangeCount": 8,
            "resizeCount": 6,
            "focusCount": 9,
            "clickCount": 1,
            "blurCount": 3
        },
        "pageLoadTime": {
            "loadStart": 1732732200000,
            "loadEnd": 1732732200514
        },
        "productId": "TRK-TlxlcwGkl19t",
        "pathCounts": {
            "/login": 8,
            "/home": 5,
            "/profile": 3,
            "/home/dashboard": 9,
            "/cart": 2
        }
    },
    {
        "start": 1732732200,
        "end": 1732733040,
        "bounce": {
            "isBounced": true,
            "pathname": "/frontend/index.html"
        },
        "device": "Desktop",
        "browser": "Mozilla",
        "location": {
            "latitude": -45.809479,
            "longitude": -121.91012
        },
        "uniqueId": "80d8a76b-4c97-4a12-9ac3-02a6d37e11a9",
        "pathname": "/profile",
        "language": "ku",
        "referrer": "",
        "events": {
            "loadCount": 6,
            "visibilitychangeCount": 0,
            "resizeCount": 5,
            "focusCount": 3,
            "clickCount": 3,
            "blurCount": 9
        },
        "pageLoadTime": {
            "loadStart": 1732732200000,
            "loadEnd": 1732732200226
        },
        "productId": "TRK-Ob2CJVFgaau7",
        "pathCounts": {
            "/profile": 10,
            "/home": 10,
            "/home/dashboard": 3,
            "/login": 10
        }
    },
    {
        "start": 1732732200,
        "end": 1732735680,
        "bounce": {
            "isBounced": false,
            "pathname": "/frontend/index.html"
        },
        "device": "Tablet",
        "browser": "Mozilla",
        "location": {
            "latitude": -63.664285,
            "longitude": 99.184475
        },
        "uniqueId": "f25d6d08-ed4a-4680-b7e3-94d4b30207df",
        "pathname": "/frontend/index.html",
        "language": "gl",
        "referrer": "",
        "events": {
            "loadCount": 0,
            "visibilitychangeCount": 7,
            "resizeCount": 10,
            "focusCount": 0,
            "clickCount": 4,
            "blurCount": 8
        },
        "pageLoadTime": {
            "loadStart": 1732732200000,
            "loadEnd": 1732732200888
        },
        "productId": "TRK-89olAsKyNOG7",
        "pathCounts": {
            "/home/create": 6,
            "/profile": 4,
            "/home": 8
        }
    },
    {
        "start": 1732732200,
        "end": 1732735140,
        "bounce": {
            "isBounced": false,
            "pathname": "/frontend/index.html"
        },
        "device": "Tablet",
        "browser": "Mozilla",
        "location": {
            "latitude": -17.378539,
            "longitude": 3.604242
        },
        "uniqueId": "625ea2f3-d6f3-47f0-abd3-a204ea4eb491",
        "pathname": "/home",
        "language": "ml",
        "referrer": "",
        "events": {
            "loadCount": 1,
            "visibilitychangeCount": 1,
            "resizeCount": 10,
            "focusCount": 1,
            "clickCount": 3,
            "blurCount": 0
        },
        "pageLoadTime": {
            "loadStart": 1732732200000,
            "loadEnd": 1732732200938
        },
        "productId": "TRK-Ob2CJVFgaau7",
        "pathCounts": {
            "/login": 10,
            "/cart": 5,
            "/settings": 7
        }
    },
    {
        "start": 1732732200,
        "end": 1732732500,
        "bounce": {
            "isBounced": false,
            "pathname": "/frontend/index.html"
        },
        "device": "Desktop",
        "browser": "Mozilla",
        "location": {
            "latitude": 50.1127125,
            "longitude": -1.04843
        },
        "uniqueId": "ca9d1f5f-925b-4a59-b362-4703a75ad77c",
        "pathname": "/dashboard",
        "language": "hr",
        "referrer": "",
        "events": {
            "loadCount": 8,
            "visibilitychangeCount": 3,
            "resizeCount": 9,
            "focusCount": 3,
            "clickCount": 0,
            "blurCount": 8
        },
        "pageLoadTime": {
            "loadStart": 1732732200000,
            "loadEnd": 1732732200681
        },
        "productId": "TRK-TlxlcwGkl19t",
        "pathCounts": {
            "/home": 9,
            "/login": 6,
            "/home/dashboard": 8
        }
    },
    {
        "start": 1732732200,
        "end": 1732735620,
        "bounce": {
            "isBounced": true,
            "pathname": "/frontend/index.html"
        },
        "device": "Desktop",
        "browser": "Mozilla",
        "location": {
            "latitude": -82.9455795,
            "longitude": -115.49762
        },
        "uniqueId": "3da55713-36de-4077-9d4d-626d934aafe0",
        "pathname": "/profile",
        "language": "crh",
        "referrer": "",
        "events": {
            "loadCount": 1,
            "visibilitychangeCount": 4,
            "resizeCount": 3,
            "focusCount": 7,
            "clickCount": 5,
            "blurCount": 3
        },
        "pageLoadTime": {
            "loadStart": 1732732200000,
            "loadEnd": 1732732200453
        },
        "productId": "TRK-Ob2CJVFgaau7",
        "pathCounts": {
            "/home": 9,
            "/checkout": 7,
            "/profile": 9,
            "/home/dashboard": 4,
            "/login": 6
        }
    }
]