[
    {
        "start": 1728671400,
        "end": 1728674940,
        "bounce": {
            "isBounced": false,
            "pathname": "/frontend/index.html"
        },
        "device": "Mobile",
        "browser": "Mozilla",
        "location": {
            "latitude": -28.0887625,
            "longitude": -6.898367
        },
        "uniqueId": "3ba5c0ca-2d1c-4d75-82b7-a2c821f2ea43",
        "pathname": "/frontend/index.html",
        "language": "hsb",
        "referrer": "",
        "events": {
            "loadCount": 5,
            "visibilitychangeCount": 8,
            "resizeCount": 1,
            "focusCount": 0,
            "clickCount": 10,
            "blurCount": 5
        },
        "pageLoadTime": {
            "loadStart": 1728671400000,
            "loadEnd": 1728671400692
        },
        "productId": "TRK-TlxlcwGkl19t",
        "pathCounts": {
            "/home/create": 8,
            "/settings": 3,
            "/login": 10
        }
    },
    {
        "start": 1728671400,
        "end": 1728673680,
        "bounce": {
            "isBounced": false,
            "pathname": "/frontend/index.html"
        },
        "device": "Laptop",
        "browser": "Mozilla",
        "location": {
            "latitude": 34.871576,
            "longitude": -74.181257
        },
        "uniqueId": "5bde6480-0ab0-43b2-8529-ae22b458f836",
        "pathname": "/profile",
        "language": "gd",
        "referrer": "",
        "events": {
            "loadCount": 4,
            "visibilitychangeCount": 0,
            "resizeCount": 3,
            "focusCount": 3,
            "clickCount": 10,
            "blurCount": 4
        },
        "pageLoadTime": {
            "loadStart": 1728671400000,
            "loadEnd": 1728671400047
        },
        "productId": "TRK-89olAsKyNOG7",
        "pathCounts": {
            "/home": 3,
            "/settings": 7,
            "/home/create": 5,
            "/profile": 6
        }
    },
    {
        "start": 1728671400,
        "end": 1728672480,
        "bounce": {
            "isBounced": false,
            "pathname": "/frontend/index.html"
        },
        "device": "Desktop",
        "browser": "Edge",
        "location": {
            "latitude": 58.2016385,
            "longitude": -2.018088
        },
        "uniqueId": "111907fd-95b7-4729-a2af-e51ad656e288",
        "pathname": "/settings",
        "language": "ks",
        "referrer": "",
        "events": {
            "loadCount": 2,
            "visibilitychangeCount": 10,
            "resizeCount": 10,
            "focusCount": 7,
            "clickCount": 2,
            "blurCount": 7
        },
        "pageLoadTime": {
            "loadStart": 1728671400000,
            "loadEnd": 1728671400804
        },
        "productId": "TRK-Ob2CJVFgaau7",
        "pathCounts": {
            "/home": 10,
            "/profile": 6,
            "/settings": 6
        }
    },
    {
        "start": 1728671400,
        "end": 1728673260,
        "bounce": {
            "isBounced": false,
            "pathname": "/frontend/index.html"
        },
        "device": "Tablet",
        "browser": "Mozilla",
        "location": {
            "latitude": 10.7480155,
            "longitude": 161.66146
        },
        "uniqueId": "ca9d1f5f-925b-4a59-b362-4703a75ad77c",
        "pathname": "/frontend/index.html",
        "language": "zh",
        "referrer": "",
        "events": {
            "loadCount": 3,
            "visibilitychangeCount": 2,
            "resizeCount": 1,
            "focusCount": 6,
            "clickCount": 0,
            "blurCount": 8
        },
        "pageLoadTime": {
            "loadStart": 1728671400000,
            "loadEnd": 1728671400872
        },
        "productId": "TRK-Ob2CJVFgaau7",
        "pathCounts": {
            "/home/create": 1,
            "/cart": 9,
            "/home/dashboard": 9,
            "/settings": 3,
            "/login": 5
        }
    },
    {
        "start": 1728671400,
        "end": 1728671520,
        "bounce": {
            "isBounced": true,
            "pathname": "/frontend/index.html"
        },
        "device": "Desktop",
        "browser": "Mozilla",
        "location": {
            "latitude": -5.695865,
            "longitude": -106.582296
        },
        "uniqueId": "aca50ebd-2a70-41b2-a3f9-1a2deecc8322",
        "pathname": "/profile",
        "language": "apn",
        "referrer": "http://ellis-mccarthy.com/",
        "events": {
            "loadCount": 9,
            "visibilitychangeCount": 1,
            "resizeCount": 2,
            "focusCount": 1,
            "clickCount": 7,
            "blurCount": 3
        },
        "pageLoadTime": {
            "loadStart": 1728671400000,
            "loadEnd": 1728671400486
        },
        "productId": "TRK-89olAsKyNOG7",
        "pathCounts": {
            "/settings": 8,
            "/profile": 1,
            "/cart": 3
        }
    },
    {
        "start": 1728671400,
        "end": 1728674640,
        "bounce": {
            "isBounced": false,
            "pathname": "/frontend/index.html"
        },
        "device": "Tablet",
        "browser": "Safari",
        "location": {
            "latitude": -26.2282775,
            "longitude": -23.219463
        },
        "uniqueId": "14ec54a1-24e9-462b-9378-3e9d812cba5a",
        "pathname": "/frontend/index.html",
        "language": "en",
        "referrer": "https://anderson.com/",
        "events": {
            "loadCount": 5,
            "visibilitychangeCount": 2,
            "resizeCount": 1,
            "focusCount": 5,
            "clickCount": 5,
            "blurCount": 3
        },
        "pageLoadTime": {
            "loadStart": 1728671400000,
            "loadEnd": 1728671400808
        },
        "productId": "TRK-89olAsKyNOG7",
        "pathCounts": {
            "/profile": 2,
            "/home/create": 2,
            "/login": 7,
            "/home/dashboard": 5
        }
    },
    {
        "start": 1728671400,
        "end": 1728673980,
        "bounce": {
            "isBounced": true,
            "pathname": "/frontend/index.html"
        },
        "device": "Desktop",
        "browser": "Mozilla",
        "location": {
            "latitude": -18.2428405,
            "longitude": 130.479528
        },
        "uniqueId": "77f0712b-554f-4c5c-9898-14e7c77b26a0",
        "pathname": "/frontend/index.html",
        "language": "en",
        "referrer": "",
        "events": {
            "loadCount": 2,
            "visibilitychangeCount": 6,
            "resizeCount": 4,
            "focusCount": 5,
            "clickCount": 4,
            "blurCount": 9
        },
        "pageLoadTime": {
            "loadStart": 1728671400000,
            "loadEnd": 1728671400643
        },
        "productId": "TRK-Ob2CJVFgaau7",
        "pathCounts": {
            "/checkout": 8,
            "/settings": 9,
            "/login": 9
        }
    }
]