[
    {
        "start": 1731090600,
        "end": 1731091560,
        "bounce": {
            "isBounced": true,
            "pathname": "/frontend/index.html"
        },
        "device": "Tablet",
        "browser": "Safari",
        "location": {
            "latitude": -18.7620085,
            "longitude": -129.875944
        },
        "uniqueId": "aca50ebd-2a70-41b2-a3f9-1a2deecc8322",
        "pathname": "/settings",
        "language": "the",
        "referrer": "",
        "events": {
            "loadCount": 3,
            "visibilitychangeCount": 6,
            "resizeCount": 3,
            "focusCount": 3,
            "clickCount": 9,
            "blurCount": 3
        },
        "pageLoadTime": {
            "loadStart": 1731090600000,
            "loadEnd": 1731090600731
        },
        "productId": "TRK-Ob2CJVFgaau7",
        "pathCounts": {
            "/cart": 1,
            "/settings": 6,
            "/checkout": 5
        }
    },
    {
        "start": 1731090600,
        "end": 1731091020,
        "bounce": {
            "isBounced": false,
            "pathname": "/frontend/index.html"
        },
        "device": "Desktop",
        "browser": "Edge",
        "location": {
            "latitude": -18.444366,
            "longitude": -130.574385
        },
        "uniqueId": "f25d6d08-ed4a-4680-b7e3-94d4b30207df",
        "pathname": "/settings",
        "language": "fr",
        "referrer": "",
        "events": {
            "loadCount": 10,
            "visibilitychangeCount": 10,
            "resizeCount": 7,
            "focusCount": 7,
            "clickCount": 5,
            "blurCount": 6
        },
        "pageLoadTime": {
            "loadStart": 1731090600000,
            "loadEnd": 1731090600556
        },
        "productId": "TRK-TlxlcwGkl19t",
        "pathCounts": {
            "/home": 6,
            "/profile": 2,
            "/settings": 4,
            "/cart": 3
        }
    },
    {
        "start": 1731090600,
        "end": 1731092640,
        "bounce": {
            "isBounced": false,
            "pathname": "/frontend/index.html"
        },
        "device": "Mobile",
        "browser": "Safari",
        "location": {
            "latitude": 56.8167195,
            "longitude": -163.472406
        },
        "uniqueId": "5bde6480-0ab0-43b2-8529-ae22b458f836",
        "pathname": "/dashboard",
        "language": "gez",
        "referrer": "https://www.anderson.biz/",
        "events": {
            "loadCount": 9,
            "visibilitychangeCount": 2,
            "resizeCount": 6,
            "focusCount": 3,
            "clickCount": 1,
            "blurCount": 2
        },
        "pageLoadTime": {
            "loadStart": 1731090600000,
            "loadEnd": 1731090600705
        },
        "productId": "TRK-TlxlcwGkl19t",
        "pathCounts": {
            "/home/dashboard": 5,
            "/settings": 8,
            "/checkout": 4,
            "/login": 10,
            "/cart": 3
        }
    },
    {
        "start": 1731090600,
        "end": 1731094140,
        "bounce": {
            "isBounced": true,
            "pathname": "/frontend/index.html"
        },
        "device": "Desktop",
        "browser": "Safari",
        "location": {
            "latitude": 48.3029405,
            "longitude": 96.943073
        },
        "uniqueId": "80d8a76b-4c97-4a12-9ac3-02a6d37e11a9",
        "pathname": "/settings",
        "language": "ks",
        "referrer": "",
        "events": {
            "loadCount": 1,
            "visibilitychangeCount": 1,
            "resizeCount": 5,
            "focusCount": 9,
            "clickCount": 2,
            "blurCount": 2
        },
        "pageLoadTime": {
            "loadStart": 1731090600000,
            "loadEnd": 1731090600144
        },
        "productId": "TRK-TlxlcwGkl19t",
        "pathCounts": {
            "/home/dashboard": 5,
            "/home": 3,
            "/settings": 1,
            "/profile": 6,
            "/checkout": 7
        }
    },
    {
        "start": 1731090600,
        "end": 1731091980,
        "bounce": {
            "isBounced": false,
            "pathname": "/frontend/index.html"
        },
        "device": "Laptop",
        "browser": "Edge",
        "location": {
            "latitude": -50.9397915,
            "longitude": -40.817104
        },
        "uniqueId": "4f113d91-1e3e-46f7-a9ca-95f02de96297",
        "pathname": "/dashboard",
        "language": "ms",
        "referrer": "",
        "events": {
            "loadCount": 1,
            "visibilitychangeCount": 0,
            "resizeCount": 3,
            "focusCount": 9,
            "clickCount": 0,
            "blurCount": 6
        },
        "pageLoadTime": {
            "loadStart": 1731090600000,
            "loadEnd": 1731090600107
        },
        "productId": "TRK-Ob2CJVFgaau7",
        "pathCounts": {
            "/profile": 2,
            "/home": 2,
            "/home/dashboard": 6,
            "/login": 10
        }
    },
    {
        "start": 1731090600,
        "end": 1731091500,
        "bounce": {
            "isBounced": true,
            "pathname": "/frontend/index.html"
        },
        "device": "Tablet",
        "browser": "Safari",
        "location": {
            "latitude": 65.496304,
            "longitude": -100.162985
        },
        "uniqueId": "9ce1bf0b-8366-40e1-b77c-9493a981c91b",
        "pathname": "/home",
        "language": "bem",
        "referrer": "https://rogers.net/",
        "events": {
            "loadCount": 6,
            "visibilitychangeCount": 7,
            "resizeCount": 4,
            "focusCount": 9,
            "clickCount": 1,
            "blurCount": 5
        },
        "pageLoadTime": {
            "loadStart": 1731090600000,
            "loadEnd": 1731090600926
        },
        "productId": "TRK-Ob2CJVFgaau7",
        "pathCounts": {
            "/profile": 10,
            "/cart": 1,
            "/settings": 5,
            "/home": 9
        }
    },
    {
        "start": 1731090600,
        "end": 1731092220,
        "bounce": {
            "isBounced": false,
            "pathname": "/frontend/index.html"
        },
        "device": "Desktop",
        "browser": "Mozilla",
        "location": {
            "latitude": -30.080613,
            "longitude": 135.751107
        },
        "uniqueId": "aca50ebd-2a70-41b2-a3f9-1a2deecc8322",
        "pathname": "/home",
        "language": "kk",
        "referrer": "",
        "events": {
            "loadCount": 4,
            "visibilitychangeCount": 7,
            "resizeCount": 3,
            "focusCount": 10,
            "clickCount": 6,
            "blurCount": 4
        },
        "pageLoadTime": {
            "loadStart": 1731090600000,
            "loadEnd": 1731090600884
        },
        "productId": "TRK-Ob2CJVFgaau7",
        "pathCounts": {
            "/home/create": 8,
            "/checkout": 3,
            "/cart": 10
        }
    },
    {
        "start": 1731090600,
        "end": 1731091560,
        "bounce": {
            "isBounced": true,
            "pathname": "/frontend/index.html"
        },
        "device": "Mobile",
        "browser": "Mozilla",
        "location": {
            "latitude": -29.45832,
            "longitude": 41.942764
        },
        "uniqueId": "ca9d1f5f-925b-4a59-b362-4703a75ad77c",
        "pathname": "/frontend/index.html",
        "language": "nds",
        "referrer": "http://walter.com/",
        "events": {
            "loadCount": 1,
            "visibilitychangeCount": 5,
            "resizeCount": 2,
            "focusCount": 8,
            "clickCount": 4,
            "blurCount": 3
        },
        "pageLoadTime": {
            "loadStart": 1731090600000,
            "loadEnd": 1731090600824
        },
        "productId": "TRK-TlxlcwGkl19t",
        "pathCounts": {
            "/home": 2,
            "/cart": 3,
            "/login": 10,
            "/profile": 3
        }
    },
    {
        "start": 1731090600,
        "end": 1731093420,
        "bounce": {
            "isBounced": false,
            "pathname": "/frontend/index.html"
        },
        "device": "Laptop",
        "browser": "Chrome",
        "location": {
            "latitude": -87.31926,
            "longitude": 177.971755
        },
        "uniqueId": "111907fd-95b7-4729-a2af-e51ad656e288",
        "pathname": "/home",
        "language": "sat",
        "referrer": "https://miles-johnson.biz/",
        "events": {
            "loadCount": 2,
            "visibilitychangeCount": 10,
            "resizeCount": 2,
            "focusCount": 6,
            "clickCount": 7,
            "blurCount": 1
        },
        "pageLoadTime": {
            "loadStart": 1731090600000,
            "loadEnd": 1731090600685
        },
        "productId": "TRK-89olAsKyNOG7",
        "pathCounts": {
            "/home/dashboard": 10,
            "/cart": 6
        }
    },
    {
        "start": 1731090600,
        "end": 1731090780,
        "bounce": {
            "isBounced": true,
            "pathname": "/frontend/index.html"
        },
        "device": "Desktop",
        "browser": "Chrome",
        "location": {
            "latitude": -39.7660325,
            "longitude": 49.577147
        },
        "uniqueId": "31b1cad6-43b6-4fa7-95e5-7d79676b01e7",
        "pathname": "/frontend/index.html",
        "language": "hsb",
        "referrer": "http://vargas-kane.net/",
        "events": {
            "loadCount": 1,
            "visibilitychangeCount": 8,
            "resizeCount": 4,
            "focusCount": 9,
            "clickCount": 7,
            "blurCount": 1
        },
        "pageLoadTime": {
            "loadStart": 1731090600000,
            "loadEnd": 1731090600320
        },
        "productId": "TRK-Ob2CJVFgaau7",
        "pathCounts": {
            "/home": 4,
            "/profile": 7,
            "/home/dashboard": 8,
            "/settings": 2
        }
    },
    {
        "start": 1731090600,
        "end": 1731090660,
        "bounce": {
            "isBounced": true,
            "pathname": "/frontend/index.html"
        },
        "device": "Tablet",
        "browser": "Safari",
        "location": {
            "latitude": 80.8581695,
            "longitude": -158.787024
        },
        "uniqueId": "31b1cad6-43b6-4fa7-95e5-7d79676b01e7",
        "pathname": "/dashboard",
        "language": "nso",
        "referrer": "",
        "events": {
            "loadCount": 4,
            "visibilitychangeCount": 7,
            "resizeCount": 10,
            "focusCount": 6,
            "clickCount": 0,
            "blurCount": 1
        },
        "pageLoadTime": {
            "loadStart": 1731090600000,
            "loadEnd": 1731090600343
        },
        "productId": "TRK-TlxlcwGkl19t",
        "pathCounts": {
            "/home/dashboard": 5,
            "/settings": 8,
            "/home/create": 5,
            "/profile": 10,
            "/home": 5
        }
    },
    {
        "start": 1731090600,
        "end": 1731093780,
        "bounce": {
            "isBounced": true,
            "pathname": "/frontend/index.html"
        },
        "device": "Mobile",
        "browser": "Mozilla",
        "location": {
            "latitude": 33.586903,
            "longitude": 89.980027
        },
        "uniqueId": "f9c7e851-4d89-46ce-8678-25b88916a574",
        "pathname": "/frontend/index.html",
        "language": "shs",
        "referrer": "http://jennings.com/",
        "events": {
            "loadCount": 4,
            "visibilitychangeCount": 3,
            "resizeCount": 7,
            "focusCount": 7,
            "clickCount": 10,
            "blurCount": 5
        },
        "pageLoadTime": {
            "loadStart": 1731090600000,
            "loadEnd": 1731090600695
        },
        "productId": "TRK-Ob2CJVFgaau7",
        "pathCounts": {
            "/login": 3,
            "/settings": 7,
            "/profile": 6,
            "/home/dashboard": 4
        }
    }
]