[
    {
        "start": 1732127400,
        "end": 1732128960,
        "bounce": {
            "isBounced": false,
            "pathname": "/frontend/index.html"
        },
        "device": "Laptop",
        "browser": "Safari",
        "location": {
            "latitude": 22.247414,
            "longitude": 93.897887
        },
        "uniqueId": "aa76de66-83a4-4c21-92f5-cfe20525387a",
        "pathname": "/profile",
        "language": "th",
        "referrer": "",
        "events": {
            "loadCount": 0,
            "visibilitychangeCount": 6,
            "resizeCount": 4,
            "focusCount": 7,
            "clickCount": 1,
            "blurCount": 5
        },
        "pageLoadTime": {
            "loadStart": 1732127400000,
            "loadEnd": 1732127400242
        },
        "productId": "TRK-89olAsKyNOG7",
        "pathCounts": {
            "/home/dashboard": 1,
            "/settings": 9,
            "/cart": 4
        }
    },
    {
        "start": 1732127400,
        "end": 1732128840,
        "bounce": {
            "isBounced": true,
            "pathname": "/frontend/index.html"
        },
        "device": "Tablet",
        "browser": "Chrome",
        "location": {
            "latitude": -79.680836,
            "longitude": 16.019618
        },
        "uniqueId": "625ea2f3-d6f3-47f0-abd3-a204ea4eb491",
        "pathname": "/home",
        "language": "th",
        "referrer": "",
        "events": {
            "loadCount": 10,
            "visibilitychangeCount": 3,
            "resizeCount": 0,
            "focusCount": 10,
            "clickCount": 7,
            "blurCount": 5
        },
        "pageLoadTime": {
            "loadStart": 1732127400000,
            "loadEnd": 1732127400884
        },
        "productId": "TRK-89olAsKyNOG7",
        "pathCounts": {
            "/checkout": 10,
            "/home/dashboard": 7,
            "/profile": 7,
            "/settings": 5
        }
    },
    {
        "start": 1732127400,
        "end": 1732127940,
        "bounce": {
            "isBounced": true,
            "pathname": "/frontend/index.html"
        },
        "device": "Mobile",
        "browser": "Mozilla",
        "location": {
            "latitude": -43.9875655,
            "longitude": -99.541706
        },
        "uniqueId": "9ce1bf0b-8366-40e1-b77c-9493a981c91b",
        "pathname": "/profile",
        "language": "so",
        "referrer": "http://jones-edwards.com/",
        "events": {
            "loadCount": 5,
            "visibilitychangeCount": 5,
            "resizeCount": 6,
            "focusCount": 4,
            "clickCount": 2,
            "blurCount": 6
        },
        "pageLoadTime": {
            "loadStart": 1732127400000,
            "loadEnd": 1732127400201
        },
        "productId": "TRK-89olAsKyNOG7",
        "pathCounts": {
            "/home/dashboard": 5,
            "/cart": 7,
            "/home": 10
        }
    },
    {
        "start": 1732127400,
        "end": 1732129980,
        "bounce": {
            "isBounced": false,
            "pathname": "/frontend/index.html"
        },
        "device": "Mobile",
        "browser": "Safari",
        "location": {
            "latitude": -8.6744105,
            "longitude": -167.763317
        },
        "uniqueId": "f25d6d08-ed4a-4680-b7e3-94d4b30207df",
        "pathname": "/dashboard",
        "language": "ts",
        "referrer": "http://williams.com/",
        "events": {
            "loadCount": 6,
            "visibilitychangeCount": 6,
            "resizeCount": 8,
            "focusCount": 9,
            "clickCount": 2,
            "blurCount": 7
        },
        "pageLoadTime": {
            "loadStart": 1732127400000,
            "loadEnd": 1732127400359
        },
        "productId": "TRK-TlxlcwGkl19t",
        "pathCounts": {
            "/home/dashboard": 4,
            "/cart": 10,
            "/home/create": 1,
            "/checkout": 5
        }
    },
    {
        "start": 1732127400,
        "end": 1732130100,
        "bounce": {
            "isBounced": true,
            "pathname": "/frontend/index.html"
        },
        "device": "Mobile",
        "browser": "Chrome",
        "location": {
            "latitude": -80.1080635,
            "longitude": -177.876754
        },
        "uniqueId": "3da55713-36de-4077-9d4d-626d934aafe0",
        "pathname": "/dashboard",
        "language": "sa",
        "referrer": "http://johnson.info/",
        "events": {
            "loadCount": 2,
            "visibilitychangeCount": 9,
            "resizeCount": 5,
            "focusCount": 8,
            "clickCount": 2,
            "blurCount": 0
        },
        "pageLoadTime": {
            "loadStart": 1732127400000,
            "loadEnd": 1732127400473
        },
        "productId": "TRK-Ob2CJVFgaau7",
        "pathCounts": {
            "/home/dashboard": 4,
            "/checkout": 2,
            "/cart": 1
        }
    },
    {
        "start": 1732127400,
        "end": 1732127940,
        "bounce": {
            "isBounced": true,
            "pathname": "/frontend/index.html"
        },
        "device": "Laptop",
        "browser": "Chrome",
        "location": {
            "latitude": -4.9608765,
            "longitude": 166.476316
        },
        "uniqueId": "f9c7e851-4d89-46ce-8678-25b88916a574",
        "pathname": "/settings",
        "language": "zu",
        "referrer": "http://wise.org/",
        "events": {
            "loadCount": 4,
            "visibilitychangeCount": 2,
            "resizeCount": 4,
            "focusCount": 6,
            "clickCount": 6,
            "blurCount": 7
        },
        "pageLoadTime": {
            "loadStart": 1732127400000,
            "loadEnd": 1732127400475
        },
        "productId": "TRK-89olAsKyNOG7",
        "pathCounts": {
            "/checkout": 10,
            "/login": 5,
            "/home/create": 6
        }
    },
    {
        "start": 1732127400,
        "end": 1732130160,
        "bounce": {
            "isBounced": true,
            "pathname": "/frontend/index.html"
        },
        "device": "Laptop",
        "browser": "Safari",
        "location": {
            "latitude": 42.920048,
            "longitude": 160.723355
        },
        "uniqueId": "ca9d1f5f-925b-4a59-b362-4703a75ad77c",
        "pathname": "/settings",
        "language": "nds",
        "referrer": "",
        "events": {
            "loadCount": 3,
            "visibilitychangeCount": 3,
            "resizeCount": 6,
            "focusCount": 9,
            "clickCount": 3,
            "blurCount": 3
        },
        "pageLoadTime": {
            "loadStart": 1732127400000,
            "loadEnd": 1732127400193
        },
        "productId": "TRK-89olAsKyNOG7",
        "pathCounts": {
            "/settings": 4,
            "/profile": 2,
            "/home/create": 3,
            "/login": 1
        }
    },
    {
        "start": 1732127400,
        "end": 1732128120,
        "bounce": {
            "isBounced": false,
            "pathname": "/frontend/index.html"
        },
        "device": "Desktop",
        "browser": "Edge",
        "location": {
            "latitude": -75.180438,
            "longitude": 175.500811
        },
        "uniqueId": "f9c7e851-4d89-46ce-8678-25b88916a574",
        "pathname": "/home",
        "language": "nan",
        "referrer": "",
        "events": {
            "loadCount": 1,
            "visibilitychangeCount": 10,
            "resizeCount": 1,
            "focusCount": 10,
            "clickCount": 6,
            "blurCount": 1
        },
        "pageLoadTime": {
            "loadStart": 1732127400000,
            "loadEnd": 1732127400164
        },
        "productId": "TRK-89olAsKyNOG7",
        "pathCounts": {
            "/login": 10,
            "/cart": 7,
            "/home": 7,
            "/home/create": 7
        }
    },
    {
        "start": 1732127400,
        "end": 1732128420,
        "bounce": {
            "isBounced": true,
            "pathname": "/frontend/index.html"
        },
        "device": "Desktop",
        "browser": "Edge",
        "location": {
            "latitude": -55.376193,
            "longitude": 132.642616
        },
        "uniqueId": "625ea2f3-d6f3-47f0-abd3-a204ea4eb491",
        "pathname": "/dashboard",
        "language": "et",
        "referrer": "",
        "events": {
            "loadCount": 7,
            "visibilitychangeCount": 5,
            "resizeCount": 3,
            "focusCount": 0,
            "clickCount": 8,
            "blurCount": 8
        },
        "pageLoadTime": {
            "loadStart": 1732127400000,
            "loadEnd": 1732127400085
        },
        "productId": "TRK-Ob2CJVFgaau7",
        "pathCounts": {
            "/login": 10,
            "/settings": 8,
            "/checkout": 1,
            "/cart": 7
        }
    },
    {
        "start": 1732127400,
        "end": 1732127640,
        "bounce": {
            "isBounced": false,
            "pathname": "/frontend/index.html"
        },
        "device": "Mobile",
        "browser": "Mozilla",
        "location": {
            "latitude": 17.9574525,
            "longitude": 21.00477
        },
        "uniqueId": "ca9d1f5f-925b-4a59-b362-4703a75ad77c",
        "pathname": "/frontend/index.html",
        "language": "ve",
        "referrer": "https://evans-roth.org/",
        "events": {
            "loadCount": 9,
            "visibilitychangeCount": 4,
            "resizeCount": 2,
            "focusCount": 4,
            "clickCount": 8,
            "blurCount": 10
        },
        "pageLoadTime": {
            "loadStart": 1732127400000,
            "loadEnd": 1732127400171
        },
        "productId": "TRK-TlxlcwGkl19t",
        "pathCounts": {
            "/profile": 6,
            "/home": 4,
            "/login": 6,
            "/home/create": 6,
            "/cart": 3,
            "/settings": 7
        }
    },
    {
        "start": 1732127400,
        "end": 1732127880,
        "bounce": {
            "isBounced": false,
            "pathname": "/frontend/index.html"
        },
        "device": "Mobile",
        "browser": "Mozilla",
        "location": {
            "latitude": 80.0603755,
            "longitude": 79.317371
        },
        "uniqueId": "f9c7e851-4d89-46ce-8678-25b88916a574",
        "pathname": "/frontend/index.html",
        "language": "hr",
        "referrer": "",
        "events": {
            "loadCount": 8,
            "visibilitychangeCount": 6,
            "resizeCount": 7,
            "focusCount": 8,
            "clickCount": 7,
            "blurCount": 0
        },
        "pageLoadTime": {
            "loadStart": 1732127400000,
            "loadEnd": 1732127400330
        },
        "productId": "TRK-Ob2CJVFgaau7",
        "pathCounts": {
            "/profile": 3,
            "/login": 10,
            "/cart": 4
        }
    },
    {
        "start": 1732127400,
        "end": 1732129440,
        "bounce": {
            "isBounced": true,
            "pathname": "/frontend/index.html"
        },
        "device": "Mobile",
        "browser": "Edge",
        "location": {
            "latitude": 68.25275,
            "longitude": 99.447709
        },
        "uniqueId": "5bde6480-0ab0-43b2-8529-ae22b458f836",
        "pathname": "/settings",
        "language": "ro",
        "referrer": "http://www.ward.com/",
        "events": {
            "loadCount": 3,
            "visibilitychangeCount": 8,
            "resizeCount": 3,
            "focusCount": 4,
            "clickCount": 8,
            "blurCount": 9
        },
        "pageLoadTime": {
            "loadStart": 1732127400000,
            "loadEnd": 1732127400545
        },
        "productId": "TRK-Ob2CJVFgaau7",
        "pathCounts": {
            "/home": 4,
            "/login": 6,
            "/checkout": 5
        }
    },
    {
        "start": 1732127400,
        "end": 1732127640,
        "bounce": {
            "isBounced": true,
            "pathname": "/frontend/index.html"
        },
        "device": "Tablet",
        "browser": "Edge",
        "location": {
            "latitude": 62.4763425,
            "longitude": -26.66561
        },
        "uniqueId": "5bde6480-0ab0-43b2-8529-ae22b458f836",
        "pathname": "/profile",
        "language": "th",
        "referrer": "https://www.lara-sherman.info/",
        "events": {
            "loadCount": 1,
            "visibilitychangeCount": 9,
            "resizeCount": 8,
            "focusCount": 3,
            "clickCount": 8,
            "blurCount": 5
        },
        "pageLoadTime": {
            "loadStart": 1732127400000,
            "loadEnd": 1732127400701
        },
        "productId": "TRK-TlxlcwGkl19t",
        "pathCounts": {
            "/profile": 1,
            "/checkout": 2,
            "/home": 9
        }
    },
    {
        "start": 1732127400,
        "end": 1732130520,
        "bounce": {
            "isBounced": false,
            "pathname": "/frontend/index.html"
        },
        "device": "Mobile",
        "browser": "Mozilla",
        "location": {
            "latitude": -5.4281745,
            "longitude": 112.139492
        },
        "uniqueId": "31b1cad6-43b6-4fa7-95e5-7d79676b01e7",
        "pathname": "/profile",
        "language": "tk",
        "referrer": "https://nguyen.com/",
        "events": {
            "loadCount": 8,
            "visibilitychangeCount": 0,
            "resizeCount": 4,
            "focusCount": 8,
            "clickCount": 0,
            "blurCount": 9
        },
        "pageLoadTime": {
            "loadStart": 1732127400000,
            "loadEnd": 1732127400510
        },
        "productId": "TRK-TlxlcwGkl19t",
        "pathCounts": {
            "/home": 1,
            "/home/dashboard": 2,
            "/checkout": 8,
            "/home/create": 8
        }
    },
    {
        "start": 1732127400,
        "end": 1732127940,
        "bounce": {
            "isBounced": true,
            "pathname": "/frontend/index.html"
        },
        "device": "Desktop",
        "browser": "Mozilla",
        "location": {
            "latitude": 40.866947,
            "longitude": -42.588421
        },
        "uniqueId": "9b47b488-09f3-4d00-a56c-8c970bdfab8e",
        "pathname": "/home",
        "language": "ky",
        "referrer": "",
        "events": {
            "loadCount": 9,
            "visibilitychangeCount": 1,
            "resizeCount": 10,
            "focusCount": 4,
            "clickCount": 4,
            "blurCount": 0
        },
        "pageLoadTime": {
            "loadStart": 1732127400000,
            "loadEnd": 1732127400650
        },
        "productId": "TRK-Ob2CJVFgaau7",
        "pathCounts": {
            "/home/dashboard": 10,
            "/home": 6,
            "/home/create": 2
        }
    },
    {
        "start": 1732127400,
        "end": 1732129560,
        "bounce": {
            "isBounced": true,
            "pathname": "/frontend/index.html"
        },
        "device": "Mobile",
        "browser": "Chrome",
        "location": {
            "latitude": 7.0185375,
            "longitude": 89.648359
        },
        "uniqueId": "3da55713-36de-4077-9d4d-626d934aafe0",
        "pathname": "/profile",
        "language": "lzh",
        "referrer": "",
        "events": {
            "loadCount": 4,
            "visibilitychangeCount": 10,
            "resizeCount": 9,
            "focusCount": 9,
            "clickCount": 2,
            "blurCount": 0
        },
        "pageLoadTime": {
            "loadStart": 1732127400000,
            "loadEnd": 1732127400622
        },
        "productId": "TRK-TlxlcwGkl19t",
        "pathCounts": {
            "/login": 7,
            "/cart": 8,
            "/home": 5,
            "/home/dashboard": 2
        }
    },
    {
        "start": 1732127400,
        "end": 1732129620,
        "bounce": {
            "isBounced": true,
            "pathname": "/frontend/index.html"
        },
        "device": "Laptop",
        "browser": "Safari",
        "location": {
            "latitude": 36.4607625,
            "longitude": 50.426632
        },
        "uniqueId": "aca50ebd-2a70-41b2-a3f9-1a2deecc8322",
        "pathname": "/home",
        "language": "kn",
        "referrer": "https://www.nguyen.info/",
        "events": {
            "loadCount": 10,
            "visibilitychangeCount": 1,
            "resizeCount": 3,
            "focusCount": 8,
            "clickCount": 4,
            "blurCount": 4
        },
        "pageLoadTime": {
            "loadStart": 1732127400000,
            "loadEnd": 1732127400782
        },
        "productId": "TRK-89olAsKyNOG7",
        "pathCounts": {
            "/checkout": 8,
            "/login": 4
        }
    },
    {
        "start": 1732127400,
        "end": 1732129920,
        "bounce": {
            "isBounced": true,
            "pathname": "/frontend/index.html"
        },
        "device": "Laptop",
        "browser": "Edge",
        "location": {
            "latitude": -13.315767,
            "longitude": 101.589753
        },
        "uniqueId": "9ce1bf0b-8366-40e1-b77c-9493a981c91b",
        "pathname": "/settings",
        "language": "kl",
        "referrer": "http://www.wade.com/",
        "events": {
            "loadCount": 8,
            "visibilitychangeCount": 6,
            "resizeCount": 9,
            "focusCount": 0,
            "clickCount": 1,
            "blurCount": 3
        },
        "pageLoadTime": {
            "loadStart": 1732127400000,
            "loadEnd": 1732127400891
        },
        "productId": "TRK-Ob2CJVFgaau7",
        "pathCounts": {
            "/profile": 10,
            "/login": 1,
            "/settings": 4,
            "/home": 5
        }
    }
]