[
    {
        "start": 1731177000,
        "end": 1731177420,
        "bounce": {
            "isBounced": true,
            "pathname": "/frontend/index.html"
        },
        "device": "Desktop",
        "browser": "Safari",
        "location": {
            "latitude": 88.1667225,
            "longitude": -25.723802
        },
        "uniqueId": "f25d6d08-ed4a-4680-b7e3-94d4b30207df",
        "pathname": "/profile",
        "language": "nr",
        "referrer": "http://www.brown.com/",
        "events": {
            "loadCount": 4,
            "visibilitychangeCount": 5,
            "resizeCount": 0,
            "focusCount": 6,
            "clickCount": 4,
            "blurCount": 1
        },
        "pageLoadTime": {
            "loadStart": 1731177000000,
            "loadEnd": 1731177000410
        },
        "productId": "TRK-89olAsKyNOG7",
        "pathCounts": {
            "/home/create": 2,
            "/cart": 10,
            "/checkout": 9,
            "/home/dashboard": 1
        }
    },
    {
        "start": 1731177000,
        "end": 1731178260,
        "bounce": {
            "isBounced": true,
            "pathname": "/frontend/index.html"
        },
        "device": "Mobile",
        "browser": "Mozilla",
        "location": {
            "latitude": 38.3497415,
            "longitude": 47.760935
        },
        "uniqueId": "ca9d1f5f-925b-4a59-b362-4703a75ad77c",
        "pathname": "/dashboard",
        "language": "ig",
        "referrer": "",
        "events": {
            "loadCount": 4,
            "visibilitychangeCount": 10,
            "resizeCount": 9,
            "focusCount": 2,
            "clickCount": 9,
            "blurCount": 1
        },
        "pageLoadTime": {
            "loadStart": 1731177000000,
            "loadEnd": 1731177000762
        },
        "productId": "TRK-Ob2CJVFgaau7",
        "pathCounts": {
            "/login": 2,
            "/checkout": 3
        }
    },
    {
        "start": 1731177000,
        "end": 1731178200,
        "bounce": {
            "isBounced": true,
            "pathname": "/frontend/index.html"
        },
        "device": "Desktop",
        "browser": "Edge",
        "location": {
            "latitude": 5.2664245,
            "longitude": -22.423216
        },
        "uniqueId": "9ce1bf0b-8366-40e1-b77c-9493a981c91b",
        "pathname": "/profile",
        "language": "sa",
        "referrer": "https://www.phillips.com/",
        "events": {
            "loadCount": 10,
            "visibilitychangeCount": 5,
            "resizeCount": 8,
            "focusCount": 6,
            "clickCount": 8,
            "blurCount": 1
        },
        "pageLoadTime": {
            "loadStart": 1731177000000,
            "loadEnd": 1731177000902
        },
        "productId": "TRK-TlxlcwGkl19t",
        "pathCounts": {
            "/home/create": 9,
            "/settings": 6
        }
    },
    {
        "start": 1731177000,
        "end": 1731179040,
        "bounce": {
            "isBounced": false,
            "pathname": "/frontend/index.html"
        },
        "device": "Mobile",
        "browser": "Mozilla",
        "location": {
            "latitude": -58.1744515,
            "longitude": 12.68436
        },
        "uniqueId": "ca9d1f5f-925b-4a59-b362-4703a75ad77c",
        "pathname": "/frontend/index.html",
        "language": "sd",
        "referrer": "",
        "events": {
            "loadCount": 6,
            "visibilitychangeCount": 9,
            "resizeCount": 10,
            "focusCount": 8,
            "clickCount": 5,
            "blurCount": 9
        },
        "pageLoadTime": {
            "loadStart": 1731177000000,
            "loadEnd": 1731177000641
        },
        "productId": "TRK-TlxlcwGkl19t",
        "pathCounts": {
            "/home/dashboard": 6,
            "/profile": 7,
            "/home": 6
        }
    },
    {
        "start": 1731177000,
        "end": 1731179160,
        "bounce": {
            "isBounced": true,
            "pathname": "/frontend/index.html"
        },
        "device": "Laptop",
        "browser": "Mozilla",
        "location": {
            "latitude": -67.6059345,
            "longitude": -12.682632
        },
        "uniqueId": "aa76de66-83a4-4c21-92f5-cfe20525387a",
        "pathname": "/frontend/index.html",
        "language": "am",
        "referrer": "https://www.king.net/",
        "events": {
            "loadCount": 10,
            "visibilitychangeCount": 10,
            "resizeCount": 6,
            "focusCount": 3,
            "clickCount": 9,
            "blurCount": 1
        },
        "pageLoadTime": {
            "loadStart": 1731177000000,
            "loadEnd": 1731177000875
        },
        "productId": "TRK-89olAsKyNOG7",
        "pathCounts": {
            "/settings": 3,
            "/checkout": 6,
            "/home/dashboard": 2
        }
    }
]