[
    {
        "start": 1732386600,
        "end": 1732390080,
        "bounce": {
            "isBounced": true,
            "pathname": "/frontend/index.html"
        },
        "device": "Tablet",
        "browser": "Mozilla",
        "location": {
            "latitude": 65.74181,
            "longitude": -152.876953
        },
        "uniqueId": "9ce1bf0b-8366-40e1-b77c-9493a981c91b",
        "pathname": "/settings",
        "language": "ar",
        "referrer": "",
        "events": {
            "loadCount": 5,
            "visibilitychangeCount": 10,
            "resizeCount": 5,
            "focusCount": 9,
            "clickCount": 10,
            "blurCount": 6
        },
        "pageLoadTime": {
            "loadStart": 1732386600000,
            "loadEnd": 1732386600994
        },
        "productId": "TRK-89olAsKyNOG7",
        "pathCounts": {
            "/home/create": 6,
            "/home": 1,
            "/checkout": 2
        }
    },
    {
        "start": 1732386600,
        "end": 1732388580,
        "bounce": {
            "isBounced": false,
            "pathname": "/frontend/index.html"
        },
        "device": "Laptop",
        "browser": "Chrome",
        "location": {
            "latitude": 26.4634535,
            "longitude": -4.496535
        },
        "uniqueId": "aa76de66-83a4-4c21-92f5-cfe20525387a",
        "pathname": "/home",
        "language": "it",
        "referrer": "https://wolfe.com/",
        "events": {
            "loadCount": 10,
            "visibilitychangeCount": 5,
            "resizeCount": 2,
            "focusCount": 4,
            "clickCount": 4,
            "blurCount": 7
        },
        "pageLoadTime": {
            "loadStart": 1732386600000,
            "loadEnd": 1732386600737
        },
        "productId": "TRK-89olAsKyNOG7",
        "pathCounts": {
            "/login": 8,
            "/cart": 5
        }
    },
    {
        "start": 1732386600,
        "end": 1732388160,
        "bounce": {
            "isBounced": false,
            "pathname": "/frontend/index.html"
        },
        "device": "Desktop",
        "browser": "Edge",
        "location": {
            "latitude": -43.5171085,
            "longitude": -95.176636
        },
        "uniqueId": "37f86d6c-c234-4339-9c0f-ec3bdaab8536",
        "pathname": "/settings",
        "language": "gd",
        "referrer": "http://miller.com/",
        "events": {
            "loadCount": 7,
            "visibilitychangeCount": 10,
            "resizeCount": 7,
            "focusCount": 6,
            "clickCount": 8,
            "blurCount": 10
        },
        "pageLoadTime": {
            "loadStart": 1732386600000,
            "loadEnd": 1732386600268
        },
        "productId": "TRK-Ob2CJVFgaau7",
        "pathCounts": {
            "/home": 1,
            "/checkout": 7
        }
    },
    {
        "start": 1732386600,
        "end": 1732387680,
        "bounce": {
            "isBounced": false,
            "pathname": "/frontend/index.html"
        },
        "device": "Laptop",
        "browser": "Chrome",
        "location": {
            "latitude": -7.8321625,
            "longitude": 170.4096
        },
        "uniqueId": "625ea2f3-d6f3-47f0-abd3-a204ea4eb491",
        "pathname": "/profile",
        "language": "sat",
        "referrer": "",
        "events": {
            "loadCount": 8,
            "visibilitychangeCount": 5,
            "resizeCount": 8,
            "focusCount": 0,
            "clickCount": 4,
            "blurCount": 8
        },
        "pageLoadTime": {
            "loadStart": 1732386600000,
            "loadEnd": 1732386600994
        },
        "productId": "TRK-89olAsKyNOG7",
        "pathCounts": {
            "/home/dashboard": 5,
            "/login": 4,
            "/checkout": 6,
            "/profile": 1
        }
    },
    {
        "start": 1732386600,
        "end": 1732388760,
        "bounce": {
            "isBounced": true,
            "pathname": "/frontend/index.html"
        },
        "device": "Desktop",
        "browser": "Safari",
        "location": {
            "latitude": -58.4536865,
            "longitude": 57.398155
        },
        "uniqueId": "5bde6480-0ab0-43b2-8529-ae22b458f836",
        "pathname": "/profile",
        "language": "as",
        "referrer": "",
        "events": {
            "loadCount": 0,
            "visibilitychangeCount": 8,
            "resizeCount": 0,
            "focusCount": 1,
            "clickCount": 2,
            "blurCount": 10
        },
        "pageLoadTime": {
            "loadStart": 1732386600000,
            "loadEnd": 1732386600730
        },
        "productId": "TRK-Ob2CJVFgaau7",
        "pathCounts": {
            "/login": 10,
            "/cart": 7,
            "/profile": 3,
            "/checkout": 6
        }
    },
    {
        "start": 1732386600,
        "end": 1732389300,
        "bounce": {
            "isBounced": true,
            "pathname": "/frontend/index.html"
        },
        "device": "Tablet",
        "browser": "Safari",
        "location": {
            "latitude": -3.9947485,
            "longitude": -25.389744
        },
        "uniqueId": "14ec54a1-24e9-462b-9378-3e9d812cba5a",
        "pathname": "/frontend/index.html",
        "language": "hu",
        "referrer": "http://davis.com/",
        "events": {
            "loadCount": 0,
            "visibilitychangeCount": 4,
            "resizeCount": 1,
            "focusCount": 4,
            "clickCount": 6,
            "blurCount": 7
        },
        "pageLoadTime": {
            "loadStart": 1732386600000,
            "loadEnd": 1732386600882
        },
        "productId": "TRK-89olAsKyNOG7",
        "pathCounts": {
            "/checkout": 8,
            "/cart": 7,
            "/login": 4,
            "/profile": 9
        }
    },
    {
        "start": 1732386600,
        "end": 1732389300,
        "bounce": {
            "isBounced": false,
            "pathname": "/frontend/index.html"
        },
        "device": "Laptop",
        "browser": "Safari",
        "location": {
            "latitude": 34.021196,
            "longitude": -3.460273
        },
        "uniqueId": "f9c7e851-4d89-46ce-8678-25b88916a574",
        "pathname": "/settings",
        "language": "be",
        "referrer": "",
        "events": {
            "loadCount": 7,
            "visibilitychangeCount": 8,
            "resizeCount": 7,
            "focusCount": 3,
            "clickCount": 9,
            "blurCount": 2
        },
        "pageLoadTime": {
            "loadStart": 1732386600000,
            "loadEnd": 1732386600198
        },
        "productId": "TRK-TlxlcwGkl19t",
        "pathCounts": {
            "/profile": 6,
            "/home/create": 3,
            "/login": 8,
            "/checkout": 3
        }
    },
    {
        "start": 1732386600,
        "end": 1732386840,
        "bounce": {
            "isBounced": true,
            "pathname": "/frontend/index.html"
        },
        "device": "Laptop",
        "browser": "Safari",
        "location": {
            "latitude": -33.708685,
            "longitude": -38.068599
        },
        "uniqueId": "9ce1bf0b-8366-40e1-b77c-9493a981c91b",
        "pathname": "/home",
        "language": "gu",
        "referrer": "https://www.lozano.com/",
        "events": {
            "loadCount": 8,
            "visibilitychangeCount": 5,
            "resizeCount": 7,
            "focusCount": 9,
            "clickCount": 0,
            "blurCount": 5
        },
        "pageLoadTime": {
            "loadStart": 1732386600000,
            "loadEnd": 1732386600649
        },
        "productId": "TRK-Ob2CJVFgaau7",
        "pathCounts": {
            "/home/dashboard": 6,
            "/checkout": 7,
            "/login": 7,
            "/profile": 8,
            "/cart": 2
        }
    },
    {
        "start": 1732386600,
        "end": 1732389000,
        "bounce": {
            "isBounced": true,
            "pathname": "/frontend/index.html"
        },
        "device": "Tablet",
        "browser": "Chrome",
        "location": {
            "latitude": 4.776601,
            "longitude": 173.359902
        },
        "uniqueId": "111907fd-95b7-4729-a2af-e51ad656e288",
        "pathname": "/dashboard",
        "language": "eo",
        "referrer": "",
        "events": {
            "loadCount": 10,
            "visibilitychangeCount": 0,
            "resizeCount": 5,
            "focusCount": 4,
            "clickCount": 2,
            "blurCount": 0
        },
        "pageLoadTime": {
            "loadStart": 1732386600000,
            "loadEnd": 1732386600108
        },
        "productId": "TRK-TlxlcwGkl19t",
        "pathCounts": {
            "/settings": 9,
            "/home/create": 6,
            "/checkout": 8
        }
    },
    {
        "start": 1732386600,
        "end": 1732386900,
        "bounce": {
            "isBounced": false,
            "pathname": "/frontend/index.html"
        },
        "device": "Tablet",
        "browser": "Edge",
        "location": {
            "latitude": -81.560101,
            "longitude": -172.749372
        },
        "uniqueId": "d86a654c-f156-4873-9fec-b758bd53146a",
        "pathname": "/dashboard",
        "language": "oc",
        "referrer": "http://www.coleman.biz/",
        "events": {
            "loadCount": 2,
            "visibilitychangeCount": 3,
            "resizeCount": 6,
            "focusCount": 4,
            "clickCount": 1,
            "blurCount": 0
        },
        "pageLoadTime": {
            "loadStart": 1732386600000,
            "loadEnd": 1732386600809
        },
        "productId": "TRK-TlxlcwGkl19t",
        "pathCounts": {
            "/login": 6,
            "/profile": 3,
            "/home/create": 9
        }
    }
]