[
    {
        "start": 1733769000,
        "end": 1733769780,
        "bounce": {
            "isBounced": true,
            "pathname": "/frontend/index.html"
        },
        "device": "Tablet",
        "browser": "Chrome",
        "location": {
            "latitude": 59.500514,
            "longitude": 2.177669
        },
        "uniqueId": "625ea2f3-d6f3-47f0-abd3-a204ea4eb491",
        "pathname": "/settings",
        "language": "tn",
        "referrer": "",
        "events": {
            "loadCount": 9,
            "visibilitychangeCount": 6,
            "resizeCount": 3,
            "focusCount": 8,
            "clickCount": 7,
            "blurCount": 2
        },
        "pageLoadTime": {
            "loadStart": 1733769000000,
            "loadEnd": 1733769000996
        },
        "productId": "TRK-89olAsKyNOG7",
        "pathCounts": {
            "/profile": 5,
            "/home/create": 1
        }
    },
    {
        "start": 1733769000,
        "end": 1733771640,
        "bounce": {
            "isBounced": true,
            "pathname": "/frontend/index.html"
        },
        "device": "Mobile",
        "browser": "Chrome",
        "location": {
            "latitude": -34.616971,
            "longitude": 159.318179
        },
        "uniqueId": "aca50ebd-2a70-41b2-a3f9-1a2deecc8322",
        "pathname": "/settings",
        "language": "my",
        "referrer": "https://www.perry-luna.com/",
        "events": {
            "loadCount": 10,
            "visibilitychangeCount": 1,
            "resizeCount": 10,
            "focusCount": 10,
            "clickCount": 5,
            "blurCount": 1
        },
        "pageLoadTime": {
            "loadStart": 1733769000000,
            "loadEnd": 1733769000776
        },
        "productId": "TRK-89olAsKyNOG7",
        "pathCounts": {
            "/checkout": 1,
            "/profile": 4,
            "/cart": 6
        }
    },
    {
        "start": 1733769000,
        "end": 1733770320,
        "bounce": {
            "isBounced": true,
            "pathname": "/frontend/index.html"
        },
        "device": "Mobile",
        "browser": "Safari",
        "location": {
            "latitude": -32.7273685,
            "longitude": 157.347423
        },
        "uniqueId": "aa76de66-83a4-4c21-92f5-cfe20525387a",
        "pathname": "/frontend/index.html",
        "language": "ja",
        "referrer": "https://brown-sanders.com/",
        "events": {
            "loadCount": 10,
            "visibilitychangeCount": 0,
            "resizeCount": 9,
            "focusCount": 0,
            "clickCount": 8,
            "blurCount": 3
        },
        "pageLoadTime": {
            "loadStart": 1733769000000,
            "loadEnd": 1733769000103
        },
        "productId": "TRK-89olAsKyNOG7",
        "pathCounts": {
            "/checkout": 3,
            "/home": 1,
            "/home/create": 6,
            "/profile": 5
        }
    },
    {
        "start": 1733769000,
        "end": 1733770260,
        "bounce": {
            "isBounced": false,
            "pathname": "/frontend/index.html"
        },
        "device": "Laptop",
        "browser": "Edge",
        "location": {
            "latitude": 37.0529675,
            "longitude": 68.225324
        },
        "uniqueId": "f9c7e851-4d89-46ce-8678-25b88916a574",
        "pathname": "/home",
        "language": "bho",
        "referrer": "",
        "events": {
            "loadCount": 2,
            "visibilitychangeCount": 7,
            "resizeCount": 7,
            "focusCount": 2,
            "clickCount": 8,
            "blurCount": 10
        },
        "pageLoadTime": {
            "loadStart": 1733769000000,
            "loadEnd": 1733769000554
        },
        "productId": "TRK-89olAsKyNOG7",
        "pathCounts": {
            "/home": 6,
            "/home/dashboard": 7,
            "/home/create": 1,
            "/cart": 2
        }
    },
    {
        "start": 1733769000,
        "end": 1733769660,
        "bounce": {
            "isBounced": true,
            "pathname": "/frontend/index.html"
        },
        "device": "Mobile",
        "browser": "Safari",
        "location": {
            "latitude": -68.533476,
            "longitude": -153.278909
        },
        "uniqueId": "80d8a76b-4c97-4a12-9ac3-02a6d37e11a9",
        "pathname": "/dashboard",
        "language": "nl",
        "referrer": "http://ford.com/",
        "events": {
            "loadCount": 8,
            "visibilitychangeCount": 1,
            "resizeCount": 7,
            "focusCount": 5,
            "clickCount": 4,
            "blurCount": 2
        },
        "pageLoadTime": {
            "loadStart": 1733769000000,
            "loadEnd": 1733769000078
        },
        "productId": "TRK-Ob2CJVFgaau7",
        "pathCounts": {
            "/checkout": 6,
            "/cart": 1,
            "/home/dashboard": 2
        }
    },
    {
        "start": 1733769000,
        "end": 1733769240,
        "bounce": {
            "isBounced": false,
            "pathname": "/frontend/index.html"
        },
        "device": "Laptop",
        "browser": "Safari",
        "location": {
            "latitude": -80.916976,
            "longitude": -176.568551
        },
        "uniqueId": "ca9d1f5f-925b-4a59-b362-4703a75ad77c",
        "pathname": "/home",
        "language": "mag",
        "referrer": "http://davis.org/",
        "events": {
            "loadCount": 3,
            "visibilitychangeCount": 3,
            "resizeCount": 7,
            "focusCount": 6,
            "clickCount": 4,
            "blurCount": 8
        },
        "pageLoadTime": {
            "loadStart": 1733769000000,
            "loadEnd": 1733769000079
        },
        "productId": "TRK-Ob2CJVFgaau7",
        "pathCounts": {
            "/settings": 7,
            "/profile": 2,
            "/home/create": 2,
            "/home/dashboard": 3,
            "/cart": 7
        }
    },
    {
        "start": 1733769000,
        "end": 1733769060,
        "bounce": {
            "isBounced": false,
            "pathname": "/frontend/index.html"
        },
        "device": "Desktop",
        "browser": "Edge",
        "location": {
            "latitude": -38.7823135,
            "longitude": -154.623788
        },
        "uniqueId": "5bde6480-0ab0-43b2-8529-ae22b458f836",
        "pathname": "/home",
        "language": "ga",
        "referrer": "https://www.hines-martin.com/",
        "events": {
            "loadCount": 9,
            "visibilitychangeCount": 1,
            "resizeCount": 0,
            "focusCount": 7,
            "clickCount": 6,
            "blurCount": 2
        },
        "pageLoadTime": {
            "loadStart": 1733769000000,
            "loadEnd": 1733769000777
        },
        "productId": "TRK-TlxlcwGkl19t",
        "pathCounts": {
            "/home/create": 3,
            "/cart": 4,
            "/login": 10,
            "/home": 5
        }
    },
    {
        "start": 1733769000,
        "end": 1733772000,
        "bounce": {
            "isBounced": false,
            "pathname": "/frontend/index.html"
        },
        "device": "Mobile",
        "browser": "Chrome",
        "location": {
            "latitude": 1.168672,
            "longitude": -178.890128
        },
        "uniqueId": "3ba5c0ca-2d1c-4d75-82b7-a2c821f2ea43",
        "pathname": "/dashboard",
        "language": "sr",
        "referrer": "https://williams-wolfe.com/",
        "events": {
            "loadCount": 8,
            "visibilitychangeCount": 9,
            "resizeCount": 0,
            "focusCount": 3,
            "clickCount": 1,
            "blurCount": 7
        },
        "pageLoadTime": {
            "loadStart": 1733769000000,
            "loadEnd": 1733769000521
        },
        "productId": "TRK-Ob2CJVFgaau7",
        "pathCounts": {
            "/profile": 3,
            "/home/dashboard": 2,
            "/login": 1
        }
    },
    {
        "start": 1733769000,
        "end": 1733769540,
        "bounce": {
            "isBounced": true,
            "pathname": "/frontend/index.html"
        },
        "device": "Tablet",
        "browser": "Chrome",
        "location": {
            "latitude": 61.291568,
            "longitude": 132.194961
        },
        "uniqueId": "31b1cad6-43b6-4fa7-95e5-7d79676b01e7",
        "pathname": "/home",
        "language": "hu",
        "referrer": "",
        "events": {
            "loadCount": 7,
            "visibilitychangeCount": 4,
            "resizeCount": 3,
            "focusCount": 9,
            "clickCount": 2,
            "blurCount": 4
        },
        "pageLoadTime": {
            "loadStart": 1733769000000,
            "loadEnd": 1733769000202
        },
        "productId": "TRK-Ob2CJVFgaau7",
        "pathCounts": {
            "/home/create": 4,
            "/cart": 7,
            "/checkout": 10,
            "/settings": 1
        }
    },
    {
        "start": 1733769000,
        "end": 1733769300,
        "bounce": {
            "isBounced": false,
            "pathname": "/frontend/index.html"
        },
        "device": "Tablet",
        "browser": "Edge",
        "location": {
            "latitude": -37.2687485,
            "longitude": -160.308013
        },
        "uniqueId": "37f86d6c-c234-4339-9c0f-ec3bdaab8536",
        "pathname": "/settings",
        "language": "fi",
        "referrer": "http://www.vazquez-lewis.info/",
        "events": {
            "loadCount": 8,
            "visibilitychangeCount": 1,
            "resizeCount": 10,
            "focusCount": 2,
            "clickCount": 0,
            "blurCount": 10
        },
        "pageLoadTime": {
            "loadStart": 1733769000000,
            "loadEnd": 1733769000149
        },
        "productId": "TRK-Ob2CJVFgaau7",
        "pathCounts": {
            "/cart": 8,
            "/profile": 5,
            "/home": 7
        }
    },
    {
        "start": 1733769000,
        "end": 1733769720,
        "bounce": {
            "isBounced": false,
            "pathname": "/frontend/index.html"
        },
        "device": "Desktop",
        "browser": "Mozilla",
        "location": {
            "latitude": -34.759519,
            "longitude": 1.035659
        },
        "uniqueId": "ca9d1f5f-925b-4a59-b362-4703a75ad77c",
        "pathname": "/profile",
        "language": "bo",
        "referrer": "http://james.com/",
        "events": {
            "loadCount": 6,
            "visibilitychangeCount": 6,
            "resizeCount": 5,
            "focusCount": 3,
            "clickCount": 3,
            "blurCount": 7
        },
        "pageLoadTime": {
            "loadStart": 1733769000000,
            "loadEnd": 1733769000709
        },
        "productId": "TRK-Ob2CJVFgaau7",
        "pathCounts": {
            "/cart": 10,
            "/home/create": 4,
            "/settings": 2
        }
    },
    {
        "start": 1733769000,
        "end": 1733769840,
        "bounce": {
            "isBounced": false,
            "pathname": "/frontend/index.html"
        },
        "device": "Tablet",
        "browser": "Safari",
        "location": {
            "latitude": -50.2894295,
            "longitude": -165.095769
        },
        "uniqueId": "37f86d6c-c234-4339-9c0f-ec3bdaab8536",
        "pathname": "/frontend/index.html",
        "language": "he",
        "referrer": "",
        "events": {
            "loadCount": 10,
            "visibilitychangeCount": 1,
            "resizeCount": 2,
            "focusCount": 6,
            "clickCount": 10,
            "blurCount": 4
        },
        "pageLoadTime": {
            "loadStart": 1733769000000,
            "loadEnd": 1733769000324
        },
        "productId": "TRK-89olAsKyNOG7",
        "pathCounts": {
            "/home/dashboard": 6,
            "/login": 10,
            "/settings": 6
        }
    }
]