[
    {
        "start": 1730658600,
        "end": 1730659680,
        "bounce": {
            "isBounced": false,
            "pathname": "/frontend/index.html"
        },
        "device": "Laptop",
        "browser": "Chrome",
        "location": {
            "latitude": 78.462532,
            "longitude": 96.467393
        },
        "uniqueId": "f25d6d08-ed4a-4680-b7e3-94d4b30207df",
        "pathname": "/settings",
        "language": "lb",
        "referrer": "",
        "events": {
            "loadCount": 1,
            "visibilitychangeCount": 1,
            "resizeCount": 9,
            "focusCount": 4,
            "clickCount": 2,
            "blurCount": 5
        },
        "pageLoadTime": {
            "loadStart": 1730658600000,
            "loadEnd": 1730658600677
        },
        "productId": "TRK-Ob2CJVFgaau7",
        "pathCounts": {
            "/login": 7,
            "/home/create": 9,
            "/profile": 10,
            "/settings": 8
        }
    },
    {
        "start": 1730658600,
        "end": 1730658900,
        "bounce": {
            "isBounced": false,
            "pathname": "/frontend/index.html"
        },
        "device": "Desktop",
        "browser": "Edge",
        "location": {
            "latitude": 22.4463945,
            "longitude": -93.04739
        },
        "uniqueId": "3ba5c0ca-2d1c-4d75-82b7-a2c821f2ea43",
        "pathname": "/profile",
        "language": "ff",
        "referrer": "http://www.garcia.com/",
        "events": {
            "loadCount": 2,
            "visibilitychangeCount": 4,
            "resizeCount": 10,
            "focusCount": 10,
            "clickCount": 5,
            "blurCount": 7
        },
        "pageLoadTime": {
            "loadStart": 1730658600000,
            "loadEnd": 1730658600005
        },
        "productId": "TRK-89olAsKyNOG7",
        "pathCounts": {
            "/cart": 9,
            "/home/dashboard": 5,
            "/home": 9,
            "/login": 10
        }
    },
    {
        "start": 1730658600,
        "end": 1730660100,
        "bounce": {
            "isBounced": false,
            "pathname": "/frontend/index.html"
        },
        "device": "Desktop",
        "browser": "Safari",
        "location": {
            "latitude": 75.6112285,
            "longitude": -170.499961
        },
        "uniqueId": "9ce1bf0b-8366-40e1-b77c-9493a981c91b",
        "pathname": "/settings",
        "language": "ff",
        "referrer": "",
        "events": {
            "loadCount": 2,
            "visibilitychangeCount": 1,
            "resizeCount": 6,
            "focusCount": 9,
            "clickCount": 0,
            "blurCount": 1
        },
        "pageLoadTime": {
            "loadStart": 1730658600000,
            "loadEnd": 1730658600807
        },
        "productId": "TRK-TlxlcwGkl19t",
        "pathCounts": {
            "/home/dashboard": 2,
            "/login": 1,
            "/profile": 9,
            "/home": 10,
            "/home/create": 1
        }
    },
    {
        "start": 1730658600,
        "end": 1730660940,
        "bounce": {
            "isBounced": false,
            "pathname": "/frontend/index.html"
        },
        "device": "Desktop",
        "browser": "Edge",
        "location": {
            "latitude": -61.6363,
            "longitude": 38.375192
        },
        "uniqueId": "aa76de66-83a4-4c21-92f5-cfe20525387a",
        "pathname": "/settings",
        "language": "mai",
        "referrer": "",
        "events": {
            "loadCount": 10,
            "visibilitychangeCount": 9,
            "resizeCount": 10,
            "focusCount": 10,
            "clickCount": 1,
            "blurCount": 3
        },
        "pageLoadTime": {
            "loadStart": 1730658600000,
            "loadEnd": 1730658600666
        },
        "productId": "TRK-TlxlcwGkl19t",
        "pathCounts": {
            "/home": 8,
            "/home/dashboard": 1,
            "/home/create": 1
        }
    },
    {
        "start": 1730658600,
        "end": 1730661480,
        "bounce": {
            "isBounced": false,
            "pathname": "/frontend/index.html"
        },
        "device": "Laptop",
        "browser": "Edge",
        "location": {
            "latitude": -62.023908,
            "longitude": 150.821618
        },
        "uniqueId": "3ba5c0ca-2d1c-4d75-82b7-a2c821f2ea43",
        "pathname": "/settings",
        "language": "ce",
        "referrer": "http://baker.com/",
        "events": {
            "loadCount": 5,
            "visibilitychangeCount": 7,
            "resizeCount": 4,
            "focusCount": 8,
            "clickCount": 7,
            "blurCount": 6
        },
        "pageLoadTime": {
            "loadStart": 1730658600000,
            "loadEnd": 1730658600369
        },
        "productId": "TRK-Ob2CJVFgaau7",
        "pathCounts": {
            "/home/dashboard": 4,
            "/cart": 2,
            "/login": 2,
            "/checkout": 3,
            "/home": 10
        }
    },
    {
        "start": 1730658600,
        "end": 1730658660,
        "bounce": {
            "isBounced": false,
            "pathname": "/frontend/index.html"
        },
        "device": "Mobile",
        "browser": "Mozilla",
        "location": {
            "latitude": 12.9669705,
            "longitude": 105.234598
        },
        "uniqueId": "f25d6d08-ed4a-4680-b7e3-94d4b30207df",
        "pathname": "/home",
        "language": "the",
        "referrer": "http://day.com/",
        "events": {
            "loadCount": 4,
            "visibilitychangeCount": 7,
            "resizeCount": 2,
            "focusCount": 7,
            "clickCount": 9,
            "blurCount": 2
        },
        "pageLoadTime": {
            "loadStart": 1730658600000,
            "loadEnd": 1730658600930
        },
        "productId": "TRK-89olAsKyNOG7",
        "pathCounts": {
            "/home/dashboard": 3,
            "/home": 4,
            "/profile": 7
        }
    },
    {
        "start": 1730658600,
        "end": 1730661060,
        "bounce": {
            "isBounced": false,
            "pathname": "/frontend/index.html"
        },
        "device": "Tablet",
        "browser": "Safari",
        "location": {
            "latitude": 10.521695,
            "longitude": -90.811687
        },
        "uniqueId": "5bde6480-0ab0-43b2-8529-ae22b458f836",
        "pathname": "/home",
        "language": "ve",
        "referrer": "https://smith.com/",
        "events": {
            "loadCount": 6,
            "visibilitychangeCount": 8,
            "resizeCount": 1,
            "focusCount": 3,
            "clickCount": 9,
            "blurCount": 10
        },
        "pageLoadTime": {
            "loadStart": 1730658600000,
            "loadEnd": 1730658600054
        },
        "productId": "TRK-TlxlcwGkl19t",
        "pathCounts": {
            "/cart": 9,
            "/settings": 5,
            "/home/create": 1,
            "/home/dashboard": 4
        }
    }
]