[
    {
        "start": 1733250600,
        "end": 1733253060,
        "bounce": {
            "isBounced": true,
            "pathname": "/frontend/index.html"
        },
        "device": "Laptop",
        "browser": "Safari",
        "location": {
            "latitude": -79.4902075,
            "longitude": -158.44769
        },
        "uniqueId": "aa76de66-83a4-4c21-92f5-cfe20525387a",
        "pathname": "/dashboard",
        "language": "sv",
        "referrer": "",
        "events": {
            "loadCount": 6,
            "visibilitychangeCount": 5,
            "resizeCount": 0,
            "focusCount": 5,
            "clickCount": 3,
            "blurCount": 10
        },
        "pageLoadTime": {
            "loadStart": 1733250600000,
            "loadEnd": 1733250600750
        },
        "productId": "TRK-Ob2CJVFgaau7",
        "pathCounts": {
            "/cart": 6,
            "/home/create": 2,
            "/profile": 4,
            "/checkout": 6
        }
    },
    {
        "start": 1733250600,
        "end": 1733251800,
        "bounce": {
            "isBounced": false,
            "pathname": "/frontend/index.html"
        },
        "device": "Laptop",
        "browser": "Edge",
        "location": {
            "latitude": 26.276727,
            "longitude": 6.329289
        },
        "uniqueId": "9b47b488-09f3-4d00-a56c-8c970bdfab8e",
        "pathname": "/dashboard",
        "language": "bem",
        "referrer": "",
        "events": {
            "loadCount": 8,
            "visibilitychangeCount": 2,
            "resizeCount": 10,
            "focusCount": 3,
            "clickCount": 8,
            "blurCount": 3
        },
        "pageLoadTime": {
            "loadStart": 1733250600000,
            "loadEnd": 1733250600397
        },
        "productId": "TRK-TlxlcwGkl19t",
        "pathCounts": {
            "/checkout": 5,
            "/settings": 9,
            "/home/create": 5
        }
    },
    {
        "start": 1733250600,
        "end": 1733253720,
        "bounce": {
            "isBounced": false,
            "pathname": "/frontend/index.html"
        },
        "device": "Tablet",
        "browser": "Safari",
        "location": {
            "latitude": -75.1869515,
            "longitude": 35.077606
        },
        "uniqueId": "625ea2f3-d6f3-47f0-abd3-a204ea4eb491",
        "pathname": "/frontend/index.html",
        "language": "cv",
        "referrer": "",
        "events": {
            "loadCount": 4,
            "visibilitychangeCount": 5,
            "resizeCount": 8,
            "focusCount": 5,
            "clickCount": 6,
            "blurCount": 10
        },
        "pageLoadTime": {
            "loadStart": 1733250600000,
            "loadEnd": 1733250600181
        },
        "productId": "TRK-89olAsKyNOG7",
        "pathCounts": {
            "/settings": 1,
            "/login": 9,
            "/home/dashboard": 7
        }
    },
    {
        "start": 1733250600,
        "end": 1733253900,
        "bounce": {
            "isBounced": false,
            "pathname": "/frontend/index.html"
        },
        "device": "Mobile",
        "browser": "Chrome",
        "location": {
            "latitude": -46.213072,
            "longitude": -101.892604
        },
        "uniqueId": "aa76de66-83a4-4c21-92f5-cfe20525387a",
        "pathname": "/profile",
        "language": "ks",
        "referrer": "https://www.hensley-lucas.com/",
        "events": {
            "loadCount": 1,
            "visibilitychangeCount": 10,
            "resizeCount": 4,
            "focusCount": 5,
            "clickCount": 10,
            "blurCount": 7
        },
        "pageLoadTime": {
            "loadStart": 1733250600000,
            "loadEnd": 1733250600839
        },
        "productId": "TRK-TlxlcwGkl19t",
        "pathCounts": {
            "/settings": 3,
            "/profile": 1,
            "/checkout": 7
        }
    },
    {
        "start": 1733250600,
        "end": 1733253660,
        "bounce": {
            "isBounced": true,
            "pathname": "/frontend/index.html"
        },
        "device": "Mobile",
        "browser": "Safari",
        "location": {
            "latitude": 81.0182835,
            "longitude": -113.18887
        },
        "uniqueId": "625ea2f3-d6f3-47f0-abd3-a204ea4eb491",
        "pathname": "/profile",
        "language": "byn",
        "referrer": "https://johnson-lucero.com/",
        "events": {
            "loadCount": 10,
            "visibilitychangeCount": 4,
            "resizeCount": 4,
            "focusCount": 2,
            "clickCount": 10,
            "blurCount": 10
        },
        "pageLoadTime": {
            "loadStart": 1733250600000,
            "loadEnd": 1733250600765
        },
        "productId": "TRK-Ob2CJVFgaau7",
        "pathCounts": {
            "/cart": 2,
            "/profile": 5,
            "/home": 10,
            "/login": 1
        }
    },
    {
        "start": 1733250600,
        "end": 1733251680,
        "bounce": {
            "isBounced": false,
            "pathname": "/frontend/index.html"
        },
        "device": "Desktop",
        "browser": "Mozilla",
        "location": {
            "latitude": -73.6040545,
            "longitude": -97.819398
        },
        "uniqueId": "d86a654c-f156-4873-9fec-b758bd53146a",
        "pathname": "/frontend/index.html",
        "language": "ber",
        "referrer": "http://sanchez.com/",
        "events": {
            "loadCount": 2,
            "visibilitychangeCount": 8,
            "resizeCount": 10,
            "focusCount": 6,
            "clickCount": 2,
            "blurCount": 0
        },
        "pageLoadTime": {
            "loadStart": 1733250600000,
            "loadEnd": 1733250600093
        },
        "productId": "TRK-Ob2CJVFgaau7",
        "pathCounts": {
            "/profile": 7,
            "/home/create": 5,
            "/login": 7,
            "/checkout": 1,
            "/home/dashboard": 6
        }
    },
    {
        "start": 1733250600,
        "end": 1733251680,
        "bounce": {
            "isBounced": true,
            "pathname": "/frontend/index.html"
        },
        "device": "Desktop",
        "browser": "Edge",
        "location": {
            "latitude": 23.733989,
            "longitude": -32.594514
        },
        "uniqueId": "5bde6480-0ab0-43b2-8529-ae22b458f836",
        "pathname": "/settings",
        "language": "bg",
        "referrer": "",
        "events": {
            "loadCount": 4,
            "visibilitychangeCount": 9,
            "resizeCount": 1,
            "focusCount": 8,
            "clickCount": 2,
            "blurCount": 4
        },
        "pageLoadTime": {
            "loadStart": 1733250600000,
            "loadEnd": 1733250600871
        },
        "productId": "TRK-Ob2CJVFgaau7",
        "pathCounts": {
            "/settings": 6,
            "/home/create": 3,
            "/home": 7,
            "/cart": 4
        }
    },
    {
        "start": 1733250600,
        "end": 1733253900,
        "bounce": {
            "isBounced": false,
            "pathname": "/frontend/index.html"
        },
        "device": "Mobile",
        "browser": "Edge",
        "location": {
            "latitude": -9.1663265,
            "longitude": 158.995566
        },
        "uniqueId": "aa76de66-83a4-4c21-92f5-cfe20525387a",
        "pathname": "/home",
        "language": "as",
        "referrer": "",
        "events": {
            "loadCount": 10,
            "visibilitychangeCount": 6,
            "resizeCount": 6,
            "focusCount": 0,
            "clickCount": 5,
            "blurCount": 0
        },
        "pageLoadTime": {
            "loadStart": 1733250600000,
            "loadEnd": 1733250600025
        },
        "productId": "TRK-TlxlcwGkl19t",
        "pathCounts": {
            "/cart": 1,
            "/checkout": 4,
            "/home/dashboard": 9,
            "/profile": 10
        }
    },
    {
        "start": 1733250600,
        "end": 1733253720,
        "bounce": {
            "isBounced": true,
            "pathname": "/frontend/index.html"
        },
        "device": "Desktop",
        "browser": "Mozilla",
        "location": {
            "latitude": -83.1546735,
            "longitude": 107.809713
        },
        "uniqueId": "aca50ebd-2a70-41b2-a3f9-1a2deecc8322",
        "pathname": "/home",
        "language": "ha",
        "referrer": "http://www.ferguson.com/",
        "events": {
            "loadCount": 8,
            "visibilitychangeCount": 9,
            "resizeCount": 10,
            "focusCount": 9,
            "clickCount": 4,
            "blurCount": 4
        },
        "pageLoadTime": {
            "loadStart": 1733250600000,
            "loadEnd": 1733250600658
        },
        "productId": "TRK-TlxlcwGkl19t",
        "pathCounts": {
            "/home/create": 8,
            "/cart": 9
        }
    },
    {
        "start": 1733250600,
        "end": 1733251200,
        "bounce": {
            "isBounced": true,
            "pathname": "/frontend/index.html"
        },
        "device": "Mobile",
        "browser": "Chrome",
        "location": {
            "latitude": 74.4861875,
            "longitude": -102.531537
        },
        "uniqueId": "aca50ebd-2a70-41b2-a3f9-1a2deecc8322",
        "pathname": "/settings",
        "language": "dz",
        "referrer": "",
        "events": {
            "loadCount": 7,
            "visibilitychangeCount": 0,
            "resizeCount": 9,
            "focusCount": 2,
            "clickCount": 4,
            "blurCount": 10
        },
        "pageLoadTime": {
            "loadStart": 1733250600000,
            "loadEnd": 1733250600888
        },
        "productId": "TRK-TlxlcwGkl19t",
        "pathCounts": {
            "/checkout": 10,
            "/settings": 3,
            "/cart": 2,
            "/home/create": 8
        }
    },
    {
        "start": 1733250600,
        "end": 1733252520,
        "bounce": {
            "isBounced": true,
            "pathname": "/frontend/index.html"
        },
        "device": "Tablet",
        "browser": "Edge",
        "location": {
            "latitude": -56.4414875,
            "longitude": -155.045224
        },
        "uniqueId": "3da55713-36de-4077-9d4d-626d934aafe0",
        "pathname": "/home",
        "language": "doi",
        "referrer": "https://www.waller.com/",
        "events": {
            "loadCount": 1,
            "visibilitychangeCount": 6,
            "resizeCount": 9,
            "focusCount": 1,
            "clickCount": 1,
            "blurCount": 0
        },
        "pageLoadTime": {
            "loadStart": 1733250600000,
            "loadEnd": 1733250600879
        },
        "productId": "TRK-89olAsKyNOG7",
        "pathCounts": {
            "/settings": 2,
            "/checkout": 5,
            "/login": 5,
            "/home/create": 2
        }
    },
    {
        "start": 1733250600,
        "end": 1733252700,
        "bounce": {
            "isBounced": true,
            "pathname": "/frontend/index.html"
        },
        "device": "Tablet",
        "browser": "Chrome",
        "location": {
            "latitude": 34.3408765,
            "longitude": 55.091686
        },
        "uniqueId": "14ec54a1-24e9-462b-9378-3e9d812cba5a",
        "pathname": "/home",
        "language": "iu",
        "referrer": "https://www.watkins.com/",
        "events": {
            "loadCount": 1,
            "visibilitychangeCount": 3,
            "resizeCount": 4,
            "focusCount": 1,
            "clickCount": 8,
            "blurCount": 3
        },
        "pageLoadTime": {
            "loadStart": 1733250600000,
            "loadEnd": 1733250600965
        },
        "productId": "TRK-89olAsKyNOG7",
        "pathCounts": {
            "/home": 5,
            "/checkout": 8,
            "/home/dashboard": 9
        }
    },
    {
        "start": 1733250600,
        "end": 1733252880,
        "bounce": {
            "isBounced": false,
            "pathname": "/frontend/index.html"
        },
        "device": "Desktop",
        "browser": "Safari",
        "location": {
            "latitude": -83.5983495,
            "longitude": 128.135007
        },
        "uniqueId": "f9c7e851-4d89-46ce-8678-25b88916a574",
        "pathname": "/home",
        "language": "om",
        "referrer": "",
        "events": {
            "loadCount": 6,
            "visibilitychangeCount": 3,
            "resizeCount": 1,
            "focusCount": 6,
            "clickCount": 4,
            "blurCount": 10
        },
        "pageLoadTime": {
            "loadStart": 1733250600000,
            "loadEnd": 1733250600879
        },
        "productId": "TRK-Ob2CJVFgaau7",
        "pathCounts": {
            "/profile": 4,
            "/home": 10,
            "/home/create": 5
        }
    },
    {
        "start": 1733250600,
        "end": 1733251680,
        "bounce": {
            "isBounced": false,
            "pathname": "/frontend/index.html"
        },
        "device": "Tablet",
        "browser": "Safari",
        "location": {
            "latitude": -0.075069,
            "longitude": 106.905581
        },
        "uniqueId": "111907fd-95b7-4729-a2af-e51ad656e288",
        "pathname": "/settings",
        "language": "ss",
        "referrer": "http://www.bright.com/",
        "events": {
            "loadCount": 8,
            "visibilitychangeCount": 5,
            "resizeCount": 0,
            "focusCount": 0,
            "clickCount": 10,
            "blurCount": 7
        },
        "pageLoadTime": {
            "loadStart": 1733250600000,
            "loadEnd": 1733250600821
        },
        "productId": "TRK-89olAsKyNOG7",
        "pathCounts": {
            "/home/create": 7,
            "/checkout": 8
        }
    },
    {
        "start": 1733250600,
        "end": 1733252160,
        "bounce": {
            "isBounced": false,
            "pathname": "/frontend/index.html"
        },
        "device": "Mobile",
        "browser": "Mozilla",
        "location": {
            "latitude": -35.448742,
            "longitude": 66.419102
        },
        "uniqueId": "ca9d1f5f-925b-4a59-b362-4703a75ad77c",
        "pathname": "/settings",
        "language": "hy",
        "referrer": "",
        "events": {
            "loadCount": 4,
            "visibilitychangeCount": 8,
            "resizeCount": 0,
            "focusCount": 9,
            "clickCount": 8,
            "blurCount": 3
        },
        "pageLoadTime": {
            "loadStart": 1733250600000,
            "loadEnd": 1733250601000
        },
        "productId": "TRK-TlxlcwGkl19t",
        "pathCounts": {
            "/profile": 1,
            "/checkout": 6,
            "/home/create": 8
        }
    }
]