[
    {
        "start": 1737916200,
        "end": 1737916680,
        "bounce": {
            "isBounced": true,
            "pathname": "/frontend/index.html"
        },
        "device": "Tablet",
        "browser": "Chrome",
        "location": {
            "latitude": -56.6376905,
            "longitude": -29.05438
        },
        "uniqueId": "4f113d91-1e3e-46f7-a9ca-95f02de96297",
        "pathname": "/profile",
        "language": "bn",
        "referrer": "https://www.clayton-evans.com/",
        "events": {
            "loadCount": 6,
            "visibilitychangeCount": 1,
            "resizeCount": 9,
            "focusCount": 4,
            "clickCount": 8,
            "blurCount": 10
        },
        "pageLoadTime": {
            "loadStart": 1737916200000,
            "loadEnd": 1737916200059
        },
        "productId": "TRK-TlxlcwGkl19t",
        "pathCounts": {
            "/cart": 8
        }
    },
    {
        "start": 1737916200,
        "end": 1737919680,
        "bounce": {
            "isBounced": true,
            "pathname": "/frontend/index.html"
        },
        "device": "Desktop",
        "browser": "Mozilla",
        "location": {
            "latitude": 44.0928275,
            "longitude": -123.8211
        },
        "uniqueId": "ca9d1f5f-925b-4a59-b362-4703a75ad77c",
        "pathname": "/settings",
        "language": "tig",
        "referrer": "https://www.holden-ortiz.com/",
        "events": {
            "loadCount": 4,
            "visibilitychangeCount": 7,
            "resizeCount": 1,
            "focusCount": 2,
            "clickCount": 0,
            "blurCount": 0
        },
        "pageLoadTime": {
            "loadStart": 1737916200000,
            "loadEnd": 1737916200653
        },
        "productId": "TRK-TlxlcwGkl19t",
        "pathCounts": {
            "/home": 2,
            "/login": 1,
            "/cart": 8,
            "/profile": 2,
            "/home/create": 7
        }
    },
    {
        "start": 1737916200,
        "end": 1737918900,
        "bounce": {
            "isBounced": true,
            "pathname": "/frontend/index.html"
        },
        "device": "Desktop",
        "browser": "Safari",
        "location": {
            "latitude": 40.4714435,
            "longitude": 120.903129
        },
        "uniqueId": "14ec54a1-24e9-462b-9378-3e9d812cba5a",
        "pathname": "/profile",
        "language": "xh",
        "referrer": "",
        "events": {
            "loadCount": 4,
            "visibilitychangeCount": 6,
            "resizeCount": 3,
            "focusCount": 4,
            "clickCount": 9,
            "blurCount": 7
        },
        "pageLoadTime": {
            "loadStart": 1737916200000,
            "loadEnd": 1737916200541
        },
        "productId": "TRK-TlxlcwGkl19t",
        "pathCounts": {
            "/home/dashboard": 1,
            "/home/create": 4,
            "/login": 1,
            "/home": 7
        }
    },
    {
        "start": 1737916200,
        "end": 1737918780,
        "bounce": {
            "isBounced": true,
            "pathname": "/frontend/index.html"
        },
        "device": "Laptop",
        "browser": "Safari",
        "location": {
            "latitude": -4.577119,
            "longitude": 23.672393
        },
        "uniqueId": "4f113d91-1e3e-46f7-a9ca-95f02de96297",
        "pathname": "/profile",
        "language": "cmn",
        "referrer": "",
        "events": {
            "loadCount": 2,
            "visibilitychangeCount": 6,
            "resizeCount": 7,
            "focusCount": 0,
            "clickCount": 1,
            "blurCount": 6
        },
        "pageLoadTime": {
            "loadStart": 1737916200000,
            "loadEnd": 1737916200786
        },
        "productId": "TRK-Ob2CJVFgaau7",
        "pathCounts": {
            "/home/dashboard": 8,
            "/checkout": 2
        }
    },
    {
        "start": 1737916200,
        "end": 1737916800,
        "bounce": {
            "isBounced": true,
            "pathname": "/frontend/index.html"
        },
        "device": "Mobile",
        "browser": "Mozilla",
        "location": {
            "latitude": -47.096635,
            "longitude": -69.649177
        },
        "uniqueId": "3ba5c0ca-2d1c-4d75-82b7-a2c821f2ea43",
        "pathname": "/dashboard",
        "language": "ff",
        "referrer": "",
        "events": {
            "loadCount": 6,
            "visibilitychangeCount": 3,
            "resizeCount": 9,
            "focusCount": 5,
            "clickCount": 3,
            "blurCount": 8
        },
        "pageLoadTime": {
            "loadStart": 1737916200000,
            "loadEnd": 1737916200729
        },
        "productId": "TRK-TlxlcwGkl19t",
        "pathCounts": {
            "/login": 7,
            "/home": 6,
            "/profile": 2
        }
    },
    {
        "start": 1737916200,
        "end": 1737919320,
        "bounce": {
            "isBounced": false,
            "pathname": "/frontend/index.html"
        },
        "device": "Mobile",
        "browser": "Edge",
        "location": {
            "latitude": 20.205962,
            "longitude": 94.697109
        },
        "uniqueId": "111907fd-95b7-4729-a2af-e51ad656e288",
        "pathname": "/home",
        "language": "ug",
        "referrer": "",
        "events": {
            "loadCount": 5,
            "visibilitychangeCount": 7,
            "resizeCount": 8,
            "focusCount": 10,
            "clickCount": 8,
            "blurCount": 10
        },
        "pageLoadTime": {
            "loadStart": 1737916200000,
            "loadEnd": 1737916200202
        },
        "productId": "TRK-89olAsKyNOG7",
        "pathCounts": {
            "/login": 9,
            "/home": 7
        }
    },
    {
        "start": 1737916200,
        "end": 1737918780,
        "bounce": {
            "isBounced": false,
            "pathname": "/frontend/index.html"
        },
        "device": "Laptop",
        "browser": "Edge",
        "location": {
            "latitude": 7.057932,
            "longitude": 3.481281
        },
        "uniqueId": "31b1cad6-43b6-4fa7-95e5-7d79676b01e7",
        "pathname": "/frontend/index.html",
        "language": "aa",
        "referrer": "https://townsend.com/",
        "events": {
            "loadCount": 5,
            "visibilitychangeCount": 9,
            "resizeCount": 7,
            "focusCount": 4,
            "clickCount": 9,
            "blurCount": 10
        },
        "pageLoadTime": {
            "loadStart": 1737916200000,
            "loadEnd": 1737916200272
        },
        "productId": "TRK-Ob2CJVFgaau7",
        "pathCounts": {
            "/settings": 8,
            "/checkout": 8,
            "/home/create": 5,
            "/cart": 5
        }
    },
    {
        "start": 1737916200,
        "end": 1737916380,
        "bounce": {
            "isBounced": false,
            "pathname": "/frontend/index.html"
        },
        "device": "Mobile",
        "browser": "Mozilla",
        "location": {
            "latitude": -40.999829,
            "longitude": 176.882262
        },
        "uniqueId": "111907fd-95b7-4729-a2af-e51ad656e288",
        "pathname": "/profile",
        "language": "sc",
        "referrer": "https://wright-mccall.com/",
        "events": {
            "loadCount": 0,
            "visibilitychangeCount": 7,
            "resizeCount": 5,
            "focusCount": 10,
            "clickCount": 5,
            "blurCount": 2
        },
        "pageLoadTime": {
            "loadStart": 1737916200000,
            "loadEnd": 1737916200906
        },
        "productId": "TRK-Ob2CJVFgaau7",
        "pathCounts": {
            "/checkout": 8,
            "/login": 5,
            "/cart": 2,
            "/home/dashboard": 4
        }
    },
    {
        "start": 1737916200,
        "end": 1737919500,
        "bounce": {
            "isBounced": true,
            "pathname": "/frontend/index.html"
        },
        "device": "Desktop",
        "browser": "Chrome",
        "location": {
            "latitude": -33.0137365,
            "longitude": 64.272156
        },
        "uniqueId": "3da55713-36de-4077-9d4d-626d934aafe0",
        "pathname": "/profile",
        "language": "da",
        "referrer": "http://williams-sanchez.biz/",
        "events": {
            "loadCount": 7,
            "visibilitychangeCount": 2,
            "resizeCount": 9,
            "focusCount": 3,
            "clickCount": 8,
            "blurCount": 7
        },
        "pageLoadTime": {
            "loadStart": 1737916200000,
            "loadEnd": 1737916200621
        },
        "productId": "TRK-89olAsKyNOG7",
        "pathCounts": {
            "/home": 7,
            "/home/create": 6,
            "/profile": 8,
            "/checkout": 5
        }
    },
    {
        "start": 1737916200,
        "end": 1737918060,
        "bounce": {
            "isBounced": false,
            "pathname": "/frontend/index.html"
        },
        "device": "Mobile",
        "browser": "Safari",
        "location": {
            "latitude": -84.540819,
            "longitude": 48.780268
        },
        "uniqueId": "4f113d91-1e3e-46f7-a9ca-95f02de96297",
        "pathname": "/home",
        "language": "lv",
        "referrer": "",
        "events": {
            "loadCount": 0,
            "visibilitychangeCount": 9,
            "resizeCount": 4,
            "focusCount": 5,
            "clickCount": 2,
            "blurCount": 7
        },
        "pageLoadTime": {
            "loadStart": 1737916200000,
            "loadEnd": 1737916200188
        },
        "productId": "TRK-Ob2CJVFgaau7",
        "pathCounts": {
            "/profile": 4,
            "/home/create": 9,
            "/login": 7
        }
    },
    {
        "start": 1737916200,
        "end": 1737918780,
        "bounce": {
            "isBounced": true,
            "pathname": "/frontend/index.html"
        },
        "device": "Laptop",
        "browser": "Mozilla",
        "location": {
            "latitude": 53.770615,
            "longitude": -171.969346
        },
        "uniqueId": "ffef8945-c190-4f95-930f-4e35c2e3a868",
        "pathname": "/profile",
        "language": "tn",
        "referrer": "http://www.franklin.com/",
        "events": {
            "loadCount": 10,
            "visibilitychangeCount": 1,
            "resizeCount": 6,
            "focusCount": 8,
            "clickCount": 6,
            "blurCount": 3
        },
        "pageLoadTime": {
            "loadStart": 1737916200000,
            "loadEnd": 1737916200607
        },
        "productId": "TRK-Ob2CJVFgaau7",
        "pathCounts": {
            "/home/create": 10,
            "/checkout": 9,
            "/login": 6
        }
    },
    {
        "start": 1737916200,
        "end": 1737918120,
        "bounce": {
            "isBounced": true,
            "pathname": "/frontend/index.html"
        },
        "device": "Tablet",
        "browser": "Edge",
        "location": {
            "latitude": 47.3981675,
            "longitude": -17.554143
        },
        "uniqueId": "625ea2f3-d6f3-47f0-abd3-a204ea4eb491",
        "pathname": "/dashboard",
        "language": "pap",
        "referrer": "",
        "events": {
            "loadCount": 7,
            "visibilitychangeCount": 0,
            "resizeCount": 0,
            "focusCount": 5,
            "clickCount": 2,
            "blurCount": 4
        },
        "pageLoadTime": {
            "loadStart": 1737916200000,
            "loadEnd": 1737916200342
        },
        "productId": "TRK-Ob2CJVFgaau7",
        "pathCounts": {
            "/home/create": 5,
            "/home": 4,
            "/home/dashboard": 4,
            "/profile": 6,
            "/cart": 4,
            "/checkout": 10
        }
    },
    {
        "start": 1737916200,
        "end": 1737916440,
        "bounce": {
            "isBounced": true,
            "pathname": "/frontend/index.html"
        },
        "device": "Laptop",
        "browser": "Edge",
        "location": {
            "latitude": -59.3601395,
            "longitude": -57.035298
        },
        "uniqueId": "80d8a76b-4c97-4a12-9ac3-02a6d37e11a9",
        "pathname": "/frontend/index.html",
        "language": "ta",
        "referrer": "",
        "events": {
            "loadCount": 3,
            "visibilitychangeCount": 6,
            "resizeCount": 2,
            "focusCount": 2,
            "clickCount": 2,
            "blurCount": 10
        },
        "pageLoadTime": {
            "loadStart": 1737916200000,
            "loadEnd": 1737916200255
        },
        "productId": "TRK-89olAsKyNOG7",
        "pathCounts": {
            "/settings": 5,
            "/home/create": 10,
            "/checkout": 7
        }
    },
    {
        "start": 1737916200,
        "end": 1737919440,
        "bounce": {
            "isBounced": false,
            "pathname": "/frontend/index.html"
        },
        "device": "Desktop",
        "browser": "Chrome",
        "location": {
            "latitude": -56.761839,
            "longitude": -112.10545
        },
        "uniqueId": "37f86d6c-c234-4339-9c0f-ec3bdaab8536",
        "pathname": "/home",
        "language": "af",
        "referrer": "https://www.carson.biz/",
        "events": {
            "loadCount": 4,
            "visibilitychangeCount": 10,
            "resizeCount": 1,
            "focusCount": 9,
            "clickCount": 3,
            "blurCount": 3
        },
        "pageLoadTime": {
            "loadStart": 1737916200000,
            "loadEnd": 1737916200057
        },
        "productId": "TRK-Ob2CJVFgaau7",
        "pathCounts": {
            "/checkout": 5,
            "/profile": 8
        }
    },
    {
        "start": 1737916200,
        "end": 1737917400,
        "bounce": {
            "isBounced": false,
            "pathname": "/frontend/index.html"
        },
        "device": "Tablet",
        "browser": "Edge",
        "location": {
            "latitude": 65.276909,
            "longitude": 172.994618
        },
        "uniqueId": "111907fd-95b7-4729-a2af-e51ad656e288",
        "pathname": "/frontend/index.html",
        "language": "am",
        "referrer": "http://www.daniels.com/",
        "events": {
            "loadCount": 2,
            "visibilitychangeCount": 10,
            "resizeCount": 6,
            "focusCount": 8,
            "clickCount": 7,
            "blurCount": 9
        },
        "pageLoadTime": {
            "loadStart": 1737916200000,
            "loadEnd": 1737916200008
        },
        "productId": "TRK-Ob2CJVFgaau7",
        "pathCounts": {
            "/home": 3,
            "/home/dashboard": 1,
            "/profile": 1,
            "/settings": 10
        }
    },
    {
        "start": 1737916200,
        "end": 1737919140,
        "bounce": {
            "isBounced": true,
            "pathname": "/frontend/index.html"
        },
        "device": "Laptop",
        "browser": "Safari",
        "location": {
            "latitude": -17.715237,
            "longitude": 96.287377
        },
        "uniqueId": "31b1cad6-43b6-4fa7-95e5-7d79676b01e7",
        "pathname": "/profile",
        "language": "gv",
        "referrer": "https://www.sexton.biz/",
        "events": {
            "loadCount": 0,
            "visibilitychangeCount": 0,
            "resizeCount": 6,
            "focusCount": 10,
            "clickCount": 10,
            "blurCount": 9
        },
        "pageLoadTime": {
            "loadStart": 1737916200000,
            "loadEnd": 1737916200245
        },
        "productId": "TRK-TlxlcwGkl19t",
        "pathCounts": {
            "/login": 6,
            "/profile": 2,
            "/cart": 5
        }
    },
    {
        "start": 1737916200,
        "end": 1737917580,
        "bounce": {
            "isBounced": false,
            "pathname": "/frontend/index.html"
        },
        "device": "Tablet",
        "browser": "Safari",
        "location": {
            "latitude": 9.9623695,
            "longitude": -109.131049
        },
        "uniqueId": "f9c7e851-4d89-46ce-8678-25b88916a574",
        "pathname": "/dashboard",
        "language": "lg",
        "referrer": "http://www.brown.com/",
        "events": {
            "loadCount": 6,
            "visibilitychangeCount": 6,
            "resizeCount": 2,
            "focusCount": 1,
            "clickCount": 9,
            "blurCount": 3
        },
        "pageLoadTime": {
            "loadStart": 1737916200000,
            "loadEnd": 1737916200698
        },
        "productId": "TRK-Ob2CJVFgaau7",
        "pathCounts": {
            "/settings": 7,
            "/cart": 1
        }
    },
    {
        "start": 1737916200,
        "end": 1737919260,
        "bounce": {
            "isBounced": true,
            "pathname": "/frontend/index.html"
        },
        "device": "Laptop",
        "browser": "Edge",
        "location": {
            "latitude": -16.7534685,
            "longitude": -131.036441
        },
        "uniqueId": "3da55713-36de-4077-9d4d-626d934aafe0",
        "pathname": "/settings",
        "language": "tcy",
        "referrer": "",
        "events": {
            "loadCount": 6,
            "visibilitychangeCount": 1,
            "resizeCount": 2,
            "focusCount": 2,
            "clickCount": 8,
            "blurCount": 7
        },
        "pageLoadTime": {
            "loadStart": 1737916200000,
            "loadEnd": 1737916200143
        },
        "productId": "TRK-89olAsKyNOG7",
        "pathCounts": {
            "/cart": 2,
            "/login": 9,
            "/checkout": 1,
            "/home": 10,
            "/home/dashboard": 2
        }
    },
    {
        "start": 1737916200,
        "end": 1737917280,
        "bounce": {
            "isBounced": true,
            "pathname": "/frontend/index.html"
        },
        "device": "Desktop",
        "browser": "Safari",
        "location": {
            "latitude": -38.2520595,
            "longitude": 171.948799
        },
        "uniqueId": "ca9d1f5f-925b-4a59-b362-4703a75ad77c",
        "pathname": "/home",
        "language": "mi",
        "referrer": "",
        "events": {
            "loadCount": 10,
            "visibilitychangeCount": 0,
            "resizeCount": 3,
            "focusCount": 5,
            "clickCount": 10,
            "blurCount": 3
        },
        "pageLoadTime": {
            "loadStart": 1737916200000,
            "loadEnd": 1737916200410
        },
        "productId": "TRK-Ob2CJVFgaau7",
        "pathCounts": {
            "/settings": 3,
            "/home/dashboard": 1,
            "/cart": 6
        }
    }
]