[
    {
        "start": 1737138600,
        "end": 1737140580,
        "bounce": {
            "isBounced": false,
            "pathname": "/frontend/index.html"
        },
        "device": "Tablet",
        "browser": "Safari",
        "location": {
            "latitude": 46.4841745,
            "longitude": 21.222181
        },
        "uniqueId": "aca50ebd-2a70-41b2-a3f9-1a2deecc8322",
        "pathname": "/settings",
        "language": "gv",
        "referrer": "",
        "events": {
            "loadCount": 8,
            "visibilitychangeCount": 6,
            "resizeCount": 10,
            "focusCount": 8,
            "clickCount": 5,
            "blurCount": 7
        },
        "pageLoadTime": {
            "loadStart": 1737138600000,
            "loadEnd": 1737138600170
        },
        "productId": "TRK-Ob2CJVFgaau7",
        "pathCounts": {
            "/home/create": 8,
            "/home/dashboard": 6,
            "/settings": 5
        }
    },
    {
        "start": 1737138600,
        "end": 1737141720,
        "bounce": {
            "isBounced": false,
            "pathname": "/frontend/index.html"
        },
        "device": "Tablet",
        "browser": "Edge",
        "location": {
            "latitude": -16.0047655,
            "longitude": 115.979474
        },
        "uniqueId": "d86a654c-f156-4873-9fec-b758bd53146a",
        "pathname": "/home",
        "language": "hak",
        "referrer": "https://www.ford-robinson.com/",
        "events": {
            "loadCount": 2,
            "visibilitychangeCount": 10,
            "resizeCount": 6,
            "focusCount": 6,
            "clickCount": 6,
            "blurCount": 9
        },
        "pageLoadTime": {
            "loadStart": 1737138600000,
            "loadEnd": 1737138600791
        },
        "productId": "TRK-Ob2CJVFgaau7",
        "pathCounts": {
            "/checkout": 3,
            "/home/dashboard": 1,
            "/cart": 4,
            "/home": 8
        }
    },
    {
        "start": 1737138600,
        "end": 1737141960,
        "bounce": {
            "isBounced": false,
            "pathname": "/frontend/index.html"
        },
        "device": "Mobile",
        "browser": "Safari",
        "location": {
            "latitude": 24.5262635,
            "longitude": -146.825998
        },
        "uniqueId": "ffef8945-c190-4f95-930f-4e35c2e3a868",
        "pathname": "/profile",
        "language": "lt",
        "referrer": "https://waller-ruiz.net/",
        "events": {
            "loadCount": 5,
            "visibilitychangeCount": 1,
            "resizeCount": 7,
            "focusCount": 9,
            "clickCount": 5,
            "blurCount": 8
        },
        "pageLoadTime": {
            "loadStart": 1737138600000,
            "loadEnd": 1737138600705
        },
        "productId": "TRK-89olAsKyNOG7",
        "pathCounts": {
            "/home": 8,
            "/home/dashboard": 10,
            "/checkout": 9,
            "/settings": 6
        }
    },
    {
        "start": 1737138600,
        "end": 1737142080,
        "bounce": {
            "isBounced": true,
            "pathname": "/frontend/index.html"
        },
        "device": "Laptop",
        "browser": "Chrome",
        "location": {
            "latitude": 18.1773345,
            "longitude": 155.115674
        },
        "uniqueId": "9b47b488-09f3-4d00-a56c-8c970bdfab8e",
        "pathname": "/frontend/index.html",
        "language": "vi",
        "referrer": "http://dennis.com/",
        "events": {
            "loadCount": 2,
            "visibilitychangeCount": 6,
            "resizeCount": 6,
            "focusCount": 2,
            "clickCount": 5,
            "blurCount": 9
        },
        "pageLoadTime": {
            "loadStart": 1737138600000,
            "loadEnd": 1737138600092
        },
        "productId": "TRK-89olAsKyNOG7",
        "pathCounts": {
            "/home/dashboard": 10,
            "/profile": 9,
            "/home/create": 3,
            "/home": 4,
            "/checkout": 3
        }
    },
    {
        "start": 1737138600,
        "end": 1737139020,
        "bounce": {
            "isBounced": false,
            "pathname": "/frontend/index.html"
        },
        "device": "Laptop",
        "browser": "Chrome",
        "location": {
            "latitude": 83.1187105,
            "longitude": -90.20192
        },
        "uniqueId": "37f86d6c-c234-4339-9c0f-ec3bdaab8536",
        "pathname": "/frontend/index.html",
        "language": "ak",
        "referrer": "http://www.henderson.biz/",
        "events": {
            "loadCount": 2,
            "visibilitychangeCount": 7,
            "resizeCount": 1,
            "focusCount": 8,
            "clickCount": 4,
            "blurCount": 9
        },
        "pageLoadTime": {
            "loadStart": 1737138600000,
            "loadEnd": 1737138600485
        },
        "productId": "TRK-TlxlcwGkl19t",
        "pathCounts": {
            "/home/create": 1,
            "/home": 10,
            "/cart": 8,
            "/home/dashboard": 7,
            "/checkout": 8
        }
    },
    {
        "start": 1737138600,
        "end": 1737141240,
        "bounce": {
            "isBounced": false,
            "pathname": "/frontend/index.html"
        },
        "device": "Laptop",
        "browser": "Edge",
        "location": {
            "latitude": 62.690227,
            "longitude": -99.05439
        },
        "uniqueId": "625ea2f3-d6f3-47f0-abd3-a204ea4eb491",
        "pathname": "/settings",
        "language": "kw",
        "referrer": "",
        "events": {
            "loadCount": 3,
            "visibilitychangeCount": 5,
            "resizeCount": 8,
            "focusCount": 2,
            "clickCount": 0,
            "blurCount": 5
        },
        "pageLoadTime": {
            "loadStart": 1737138600000,
            "loadEnd": 1737138600980
        },
        "productId": "TRK-Ob2CJVFgaau7",
        "pathCounts": {
            "/home/dashboard": 8,
            "/settings": 3,
            "/checkout": 10,
            "/profile": 4,
            "/cart": 3
        }
    },
    {
        "start": 1737138600,
        "end": 1737140880,
        "bounce": {
            "isBounced": true,
            "pathname": "/frontend/index.html"
        },
        "device": "Laptop",
        "browser": "Chrome",
        "location": {
            "latitude": -48.6470075,
            "longitude": -66.97758
        },
        "uniqueId": "5bde6480-0ab0-43b2-8529-ae22b458f836",
        "pathname": "/frontend/index.html",
        "language": "ss",
        "referrer": "https://www.johnson.info/",
        "events": {
            "loadCount": 2,
            "visibilitychangeCount": 8,
            "resizeCount": 8,
            "focusCount": 8,
            "clickCount": 9,
            "blurCount": 1
        },
        "pageLoadTime": {
            "loadStart": 1737138600000,
            "loadEnd": 1737138600415
        },
        "productId": "TRK-Ob2CJVFgaau7",
        "pathCounts": {
            "/profile": 6,
            "/settings": 2,
            "/home/create": 1
        }
    },
    {
        "start": 1737138600,
        "end": 1737141900,
        "bounce": {
            "isBounced": true,
            "pathname": "/frontend/index.html"
        },
        "device": "Laptop",
        "browser": "Edge",
        "location": {
            "latitude": -52.6791295,
            "longitude": 1.895327
        },
        "uniqueId": "f9c7e851-4d89-46ce-8678-25b88916a574",
        "pathname": "/profile",
        "language": "ht",
        "referrer": "",
        "events": {
            "loadCount": 7,
            "visibilitychangeCount": 2,
            "resizeCount": 3,
            "focusCount": 3,
            "clickCount": 3,
            "blurCount": 9
        },
        "pageLoadTime": {
            "loadStart": 1737138600000,
            "loadEnd": 1737138600218
        },
        "productId": "TRK-89olAsKyNOG7",
        "pathCounts": {
            "/home/dashboard": 7,
            "/settings": 10,
            "/home/create": 1,
            "/checkout": 3,
            "/cart": 2
        }
    },
    {
        "start": 1737138600,
        "end": 1737140220,
        "bounce": {
            "isBounced": false,
            "pathname": "/frontend/index.html"
        },
        "device": "Laptop",
        "browser": "Edge",
        "location": {
            "latitude": -76.279877,
            "longitude": 102.522585
        },
        "uniqueId": "d86a654c-f156-4873-9fec-b758bd53146a",
        "pathname": "/profile",
        "language": "sat",
        "referrer": "https://www.cross.com/",
        "events": {
            "loadCount": 6,
            "visibilitychangeCount": 0,
            "resizeCount": 8,
            "focusCount": 6,
            "clickCount": 4,
            "blurCount": 9
        },
        "pageLoadTime": {
            "loadStart": 1737138600000,
            "loadEnd": 1737138600233
        },
        "productId": "TRK-Ob2CJVFgaau7",
        "pathCounts": {
            "/home/create": 2,
            "/checkout": 9,
            "/settings": 3
        }
    },
    {
        "start": 1737138600,
        "end": 1737138660,
        "bounce": {
            "isBounced": false,
            "pathname": "/frontend/index.html"
        },
        "device": "Desktop",
        "browser": "Chrome",
        "location": {
            "latitude": -36.919134,
            "longitude": 58.524443
        },
        "uniqueId": "aa76de66-83a4-4c21-92f5-cfe20525387a",
        "pathname": "/dashboard",
        "language": "szl",
        "referrer": "https://www.harris.com/",
        "events": {
            "loadCount": 3,
            "visibilitychangeCount": 8,
            "resizeCount": 3,
            "focusCount": 5,
            "clickCount": 3,
            "blurCount": 0
        },
        "pageLoadTime": {
            "loadStart": 1737138600000,
            "loadEnd": 1737138600849
        },
        "productId": "TRK-89olAsKyNOG7",
        "pathCounts": {
            "/home/dashboard": 2,
            "/login": 8,
            "/home/create": 7
        }
    },
    {
        "start": 1737138600,
        "end": 1737139500,
        "bounce": {
            "isBounced": false,
            "pathname": "/frontend/index.html"
        },
        "device": "Tablet",
        "browser": "Chrome",
        "location": {
            "latitude": -12.2037905,
            "longitude": 19.710851
        },
        "uniqueId": "aca50ebd-2a70-41b2-a3f9-1a2deecc8322",
        "pathname": "/dashboard",
        "language": "yue",
        "referrer": "http://gallegos.com/",
        "events": {
            "loadCount": 4,
            "visibilitychangeCount": 0,
            "resizeCount": 4,
            "focusCount": 5,
            "clickCount": 8,
            "blurCount": 5
        },
        "pageLoadTime": {
            "loadStart": 1737138600000,
            "loadEnd": 1737138600278
        },
        "productId": "TRK-TlxlcwGkl19t",
        "pathCounts": {
            "/settings": 8,
            "/home": 5
        }
    },
    {
        "start": 1737138600,
        "end": 1737139440,
        "bounce": {
            "isBounced": true,
            "pathname": "/frontend/index.html"
        },
        "device": "Mobile",
        "browser": "Mozilla",
        "location": {
            "latitude": 68.2345125,
            "longitude": -94.021268
        },
        "uniqueId": "31b1cad6-43b6-4fa7-95e5-7d79676b01e7",
        "pathname": "/settings",
        "language": "kk",
        "referrer": "http://lawson-palmer.com/",
        "events": {
            "loadCount": 5,
            "visibilitychangeCount": 10,
            "resizeCount": 5,
            "focusCount": 3,
            "clickCount": 10,
            "blurCount": 3
        },
        "pageLoadTime": {
            "loadStart": 1737138600000,
            "loadEnd": 1737138600491
        },
        "productId": "TRK-Ob2CJVFgaau7",
        "pathCounts": {
            "/home": 1,
            "/checkout": 10,
            "/cart": 1
        }
    },
    {
        "start": 1737138600,
        "end": 1737140640,
        "bounce": {
            "isBounced": false,
            "pathname": "/frontend/index.html"
        },
        "device": "Desktop",
        "browser": "Edge",
        "location": {
            "latitude": 21.7770075,
            "longitude": -27.446731
        },
        "uniqueId": "3ba5c0ca-2d1c-4d75-82b7-a2c821f2ea43",
        "pathname": "/frontend/index.html",
        "language": "sc",
        "referrer": "",
        "events": {
            "loadCount": 9,
            "visibilitychangeCount": 4,
            "resizeCount": 6,
            "focusCount": 6,
            "clickCount": 8,
            "blurCount": 7
        },
        "pageLoadTime": {
            "loadStart": 1737138600000,
            "loadEnd": 1737138600799
        },
        "productId": "TRK-Ob2CJVFgaau7",
        "pathCounts": {
            "/cart": 2,
            "/login": 5
        }
    },
    {
        "start": 1737138600,
        "end": 1737138840,
        "bounce": {
            "isBounced": false,
            "pathname": "/frontend/index.html"
        },
        "device": "Tablet",
        "browser": "Edge",
        "location": {
            "latitude": 87.4431545,
            "longitude": 172.558257
        },
        "uniqueId": "111907fd-95b7-4729-a2af-e51ad656e288",
        "pathname": "/dashboard",
        "language": "niu",
        "referrer": "",
        "events": {
            "loadCount": 8,
            "visibilitychangeCount": 4,
            "resizeCount": 2,
            "focusCount": 7,
            "clickCount": 2,
            "blurCount": 3
        },
        "pageLoadTime": {
            "loadStart": 1737138600000,
            "loadEnd": 1737138600519
        },
        "productId": "TRK-Ob2CJVFgaau7",
        "pathCounts": {
            "/cart": 1,
            "/checkout": 2,
            "/login": 2,
            "/home/dashboard": 6
        }
    },
    {
        "start": 1737138600,
        "end": 1737139080,
        "bounce": {
            "isBounced": true,
            "pathname": "/frontend/index.html"
        },
        "device": "Tablet",
        "browser": "Chrome",
        "location": {
            "latitude": 22.605012,
            "longitude": -134.735582
        },
        "uniqueId": "37f86d6c-c234-4339-9c0f-ec3bdaab8536",
        "pathname": "/dashboard",
        "language": "az",
        "referrer": "",
        "events": {
            "loadCount": 7,
            "visibilitychangeCount": 8,
            "resizeCount": 0,
            "focusCount": 4,
            "clickCount": 1,
            "blurCount": 6
        },
        "pageLoadTime": {
            "loadStart": 1737138600000,
            "loadEnd": 1737138600057
        },
        "productId": "TRK-Ob2CJVFgaau7",
        "pathCounts": {
            "/settings": 8,
            "/home/dashboard": 2,
            "/checkout": 7,
            "/home/create": 4
        }
    },
    {
        "start": 1737138600,
        "end": 1737139500,
        "bounce": {
            "isBounced": false,
            "pathname": "/frontend/index.html"
        },
        "device": "Mobile",
        "browser": "Mozilla",
        "location": {
            "latitude": -55.703477,
            "longitude": -168.395238
        },
        "uniqueId": "f25d6d08-ed4a-4680-b7e3-94d4b30207df",
        "pathname": "/dashboard",
        "language": "th",
        "referrer": "",
        "events": {
            "loadCount": 7,
            "visibilitychangeCount": 9,
            "resizeCount": 3,
            "focusCount": 9,
            "clickCount": 4,
            "blurCount": 3
        },
        "pageLoadTime": {
            "loadStart": 1737138600000,
            "loadEnd": 1737138600215
        },
        "productId": "TRK-89olAsKyNOG7",
        "pathCounts": {
            "/home/dashboard": 2,
            "/settings": 2,
            "/login": 6,
            "/cart": 10
        }
    },
    {
        "start": 1737138600,
        "end": 1737138960,
        "bounce": {
            "isBounced": true,
            "pathname": "/frontend/index.html"
        },
        "device": "Desktop",
        "browser": "Chrome",
        "location": {
            "latitude": 66.641731,
            "longitude": 110.562522
        },
        "uniqueId": "3da55713-36de-4077-9d4d-626d934aafe0",
        "pathname": "/home",
        "language": "apn",
        "referrer": "http://www.brooks-le.com/",
        "events": {
            "loadCount": 8,
            "visibilitychangeCount": 7,
            "resizeCount": 10,
            "focusCount": 4,
            "clickCount": 6,
            "blurCount": 5
        },
        "pageLoadTime": {
            "loadStart": 1737138600000,
            "loadEnd": 1737138600782
        },
        "productId": "TRK-TlxlcwGkl19t",
        "pathCounts": {
            "/home": 4,
            "/home/create": 5,
            "/settings": 2,
            "/checkout": 1,
            "/profile": 3
        }
    },
    {
        "start": 1737138600,
        "end": 1737139620,
        "bounce": {
            "isBounced": false,
            "pathname": "/frontend/index.html"
        },
        "device": "Desktop",
        "browser": "Edge",
        "location": {
            "latitude": 51.7295655,
            "longitude": 145.413962
        },
        "uniqueId": "77f0712b-554f-4c5c-9898-14e7c77b26a0",
        "pathname": "/settings",
        "language": "gu",
        "referrer": "https://www.lopez.com/",
        "events": {
            "loadCount": 10,
            "visibilitychangeCount": 0,
            "resizeCount": 0,
            "focusCount": 5,
            "clickCount": 6,
            "blurCount": 9
        },
        "pageLoadTime": {
            "loadStart": 1737138600000,
            "loadEnd": 1737138600429
        },
        "productId": "TRK-Ob2CJVFgaau7",
        "pathCounts": {
            "/home/dashboard": 1,
            "/home/create": 4
        }
    }
]