[
    {
        "start": 1740335400,
        "end": 1740337620,
        "bounce": {
            "isBounced": false,
            "pathname": "/frontend/index.html"
        },
        "device": "Mobile",
        "browser": "Edge",
        "location": {
            "latitude": 63.353424,
            "longitude": -2.29411
        },
        "uniqueId": "37f86d6c-c234-4339-9c0f-ec3bdaab8536",
        "pathname": "/frontend/index.html",
        "language": "ts",
        "referrer": "http://www.sanders.com/",
        "events": {
            "loadCount": 4,
            "visibilitychangeCount": 10,
            "resizeCount": 2,
            "focusCount": 6,
            "clickCount": 4,
            "blurCount": 10
        },
        "pageLoadTime": {
            "loadStart": 1740335400000,
            "loadEnd": 1740335400110
        },
        "productId": "TRK-TlxlcwGkl19t",
        "pathCounts": {
            "/settings": 7,
            "/home/create": 7,
            "/home/dashboard": 6,
            "/checkout": 2
        }
    },
    {
        "start": 1740335400,
        "end": 1740337020,
        "bounce": {
            "isBounced": true,
            "pathname": "/frontend/index.html"
        },
        "device": "Laptop",
        "browser": "Chrome",
        "location": {
            "latitude": -33.048312,
            "longitude": -102.973502
        },
        "uniqueId": "ffef8945-c190-4f95-930f-4e35c2e3a868",
        "pathname": "/settings",
        "language": "sid",
        "referrer": "",
        "events": {
            "loadCount": 10,
            "visibilitychangeCount": 10,
            "resizeCount": 8,
            "focusCount": 6,
            "clickCount": 2,
            "blurCount": 4
        },
        "pageLoadTime": {
            "loadStart": 1740335400000,
            "loadEnd": 1740335400651
        },
        "productId": "TRK-Ob2CJVFgaau7",
        "pathCounts": {
            "/login": 3,
            "/home": 1,
            "/checkout": 7,
            "/home/create": 3,
            "/profile": 9
        }
    },
    {
        "start": 1740335400,
        "end": 1740335760,
        "bounce": {
            "isBounced": false,
            "pathname": "/frontend/index.html"
        },
        "device": "Mobile",
        "browser": "Edge",
        "location": {
            "latitude": -23.2439975,
            "longitude": -38.933878
        },
        "uniqueId": "f25d6d08-ed4a-4680-b7e3-94d4b30207df",
        "pathname": "/profile",
        "language": "ps",
        "referrer": "http://castro.biz/",
        "events": {
            "loadCount": 7,
            "visibilitychangeCount": 9,
            "resizeCount": 9,
            "focusCount": 0,
            "clickCount": 1,
            "blurCount": 9
        },
        "pageLoadTime": {
            "loadStart": 1740335400000,
            "loadEnd": 1740335400978
        },
        "productId": "TRK-89olAsKyNOG7",
        "pathCounts": {
            "/home/dashboard": 8,
            "/login": 6,
            "/home/create": 8
        }
    },
    {
        "start": 1740335400,
        "end": 1740337260,
        "bounce": {
            "isBounced": false,
            "pathname": "/frontend/index.html"
        },
        "device": "Tablet",
        "browser": "Mozilla",
        "location": {
            "latitude": -68.427357,
            "longitude": 94.427453
        },
        "uniqueId": "9ce1bf0b-8366-40e1-b77c-9493a981c91b",
        "pathname": "/settings",
        "language": "gu",
        "referrer": "",
        "events": {
            "loadCount": 10,
            "visibilitychangeCount": 3,
            "resizeCount": 10,
            "focusCount": 3,
            "clickCount": 10,
            "blurCount": 6
        },
        "pageLoadTime": {
            "loadStart": 1740335400000,
            "loadEnd": 1740335400283
        },
        "productId": "TRK-TlxlcwGkl19t",
        "pathCounts": {
            "/settings": 8,
            "/home/create": 4,
            "/home/dashboard": 8,
            "/checkout": 2
        }
    },
    {
        "start": 1740335400,
        "end": 1740338700,
        "bounce": {
            "isBounced": true,
            "pathname": "/frontend/index.html"
        },
        "device": "Tablet",
        "browser": "Edge",
        "location": {
            "latitude": 41.475942,
            "longitude": 155.531309
        },
        "uniqueId": "111907fd-95b7-4729-a2af-e51ad656e288",
        "pathname": "/frontend/index.html",
        "language": "ja",
        "referrer": "",
        "events": {
            "loadCount": 6,
            "visibilitychangeCount": 0,
            "resizeCount": 10,
            "focusCount": 8,
            "clickCount": 9,
            "blurCount": 4
        },
        "pageLoadTime": {
            "loadStart": 1740335400000,
            "loadEnd": 1740335400501
        },
        "productId": "TRK-Ob2CJVFgaau7",
        "pathCounts": {
            "/home/dashboard": 8,
            "/home/create": 9,
            "/cart": 6
        }
    },
    {
        "start": 1740335400,
        "end": 1740338460,
        "bounce": {
            "isBounced": true,
            "pathname": "/frontend/index.html"
        },
        "device": "Tablet",
        "browser": "Chrome",
        "location": {
            "latitude": -80.77312,
            "longitude": -58.205332
        },
        "uniqueId": "4f113d91-1e3e-46f7-a9ca-95f02de96297",
        "pathname": "/profile",
        "language": "raj",
        "referrer": "https://fleming.biz/",
        "events": {
            "loadCount": 0,
            "visibilitychangeCount": 9,
            "resizeCount": 10,
            "focusCount": 0,
            "clickCount": 6,
            "blurCount": 9
        },
        "pageLoadTime": {
            "loadStart": 1740335400000,
            "loadEnd": 1740335400312
        },
        "productId": "TRK-TlxlcwGkl19t",
        "pathCounts": {
            "/cart": 7,
            "/home/create": 8,
            "/login": 10,
            "/profile": 9
        }
    },
    {
        "start": 1740335400,
        "end": 1740337080,
        "bounce": {
            "isBounced": true,
            "pathname": "/frontend/index.html"
        },
        "device": "Mobile",
        "browser": "Chrome",
        "location": {
            "latitude": 25.8165065,
            "longitude": 64.705736
        },
        "uniqueId": "3da55713-36de-4077-9d4d-626d934aafe0",
        "pathname": "/profile",
        "language": "the",
        "referrer": "http://gray.biz/",
        "events": {
            "loadCount": 4,
            "visibilitychangeCount": 5,
            "resizeCount": 10,
            "focusCount": 9,
            "clickCount": 2,
            "blurCount": 10
        },
        "pageLoadTime": {
            "loadStart": 1740335400000,
            "loadEnd": 1740335400897
        },
        "productId": "TRK-TlxlcwGkl19t",
        "pathCounts": {
            "/home/create": 1,
            "/settings": 7,
            "/login": 5
        }
    },
    {
        "start": 1740335400,
        "end": 1740338040,
        "bounce": {
            "isBounced": true,
            "pathname": "/frontend/index.html"
        },
        "device": "Tablet",
        "browser": "Edge",
        "location": {
            "latitude": -57.317493,
            "longitude": 125.857699
        },
        "uniqueId": "f9c7e851-4d89-46ce-8678-25b88916a574",
        "pathname": "/dashboard",
        "language": "szl",
        "referrer": "http://www.harris.com/",
        "events": {
            "loadCount": 1,
            "visibilitychangeCount": 2,
            "resizeCount": 4,
            "focusCount": 2,
            "clickCount": 7,
            "blurCount": 4
        },
        "pageLoadTime": {
            "loadStart": 1740335400000,
            "loadEnd": 1740335400591
        },
        "productId": "TRK-Ob2CJVFgaau7",
        "pathCounts": {
            "/home": 5,
            "/checkout": 3,
            "/settings": 4,
            "/cart": 8
        }
    },
    {
        "start": 1740335400,
        "end": 1740335460,
        "bounce": {
            "isBounced": true,
            "pathname": "/frontend/index.html"
        },
        "device": "Mobile",
        "browser": "Chrome",
        "location": {
            "latitude": 62.87785,
            "longitude": 36.64408
        },
        "uniqueId": "5bde6480-0ab0-43b2-8529-ae22b458f836",
        "pathname": "/frontend/index.html",
        "language": "apn",
        "referrer": "",
        "events": {
            "loadCount": 1,
            "visibilitychangeCount": 3,
            "resizeCount": 10,
            "focusCount": 8,
            "clickCount": 9,
            "blurCount": 1
        },
        "pageLoadTime": {
            "loadStart": 1740335400000,
            "loadEnd": 1740335400454
        },
        "productId": "TRK-Ob2CJVFgaau7",
        "pathCounts": {
            "/settings": 6,
            "/cart": 3,
            "/home/dashboard": 1
        }
    },
    {
        "start": 1740335400,
        "end": 1740338280,
        "bounce": {
            "isBounced": false,
            "pathname": "/frontend/index.html"
        },
        "device": "Tablet",
        "browser": "Edge",
        "location": {
            "latitude": 80.573834,
            "longitude": 112.659747
        },
        "uniqueId": "625ea2f3-d6f3-47f0-abd3-a204ea4eb491",
        "pathname": "/home",
        "language": "ca",
        "referrer": "",
        "events": {
            "loadCount": 9,
            "visibilitychangeCount": 8,
            "resizeCount": 8,
            "focusCount": 9,
            "clickCount": 7,
            "blurCount": 1
        },
        "pageLoadTime": {
            "loadStart": 1740335400000,
            "loadEnd": 1740335400496
        },
        "productId": "TRK-TlxlcwGkl19t",
        "pathCounts": {
            "/home": 5,
            "/checkout": 6,
            "/login": 5
        }
    },
    {
        "start": 1740335400,
        "end": 1740336240,
        "bounce": {
            "isBounced": false,
            "pathname": "/frontend/index.html"
        },
        "device": "Desktop",
        "browser": "Mozilla",
        "location": {
            "latitude": -31.130813,
            "longitude": 98.296718
        },
        "uniqueId": "aca50ebd-2a70-41b2-a3f9-1a2deecc8322",
        "pathname": "/settings",
        "language": "wal",
        "referrer": "",
        "events": {
            "loadCount": 3,
            "visibilitychangeCount": 7,
            "resizeCount": 6,
            "focusCount": 4,
            "clickCount": 1,
            "blurCount": 0
        },
        "pageLoadTime": {
            "loadStart": 1740335400000,
            "loadEnd": 1740335400328
        },
        "productId": "TRK-89olAsKyNOG7",
        "pathCounts": {
            "/checkout": 2,
            "/home": 7,
            "/home/create": 3
        }
    },
    {
        "start": 1740335400,
        "end": 1740339000,
        "bounce": {
            "isBounced": true,
            "pathname": "/frontend/index.html"
        },
        "device": "Mobile",
        "browser": "Mozilla",
        "location": {
            "latitude": 39.75405,
            "longitude": -16.817357
        },
        "uniqueId": "80d8a76b-4c97-4a12-9ac3-02a6d37e11a9",
        "pathname": "/dashboard",
        "language": "hy",
        "referrer": "",
        "events": {
            "loadCount": 6,
            "visibilitychangeCount": 2,
            "resizeCount": 7,
            "focusCount": 2,
            "clickCount": 4,
            "blurCount": 2
        },
        "pageLoadTime": {
            "loadStart": 1740335400000,
            "loadEnd": 1740335400689
        },
        "productId": "TRK-TlxlcwGkl19t",
        "pathCounts": {
            "/cart": 8,
            "/settings": 4,
            "/home/dashboard": 8
        }
    },
    {
        "start": 1740335400,
        "end": 1740336600,
        "bounce": {
            "isBounced": false,
            "pathname": "/frontend/index.html"
        },
        "device": "Laptop",
        "browser": "Edge",
        "location": {
            "latitude": -36.081027,
            "longitude": 46.413102
        },
        "uniqueId": "625ea2f3-d6f3-47f0-abd3-a204ea4eb491",
        "pathname": "/profile",
        "language": "lij",
        "referrer": "http://www.maxwell.com/",
        "events": {
            "loadCount": 3,
            "visibilitychangeCount": 8,
            "resizeCount": 2,
            "focusCount": 6,
            "clickCount": 1,
            "blurCount": 10
        },
        "pageLoadTime": {
            "loadStart": 1740335400000,
            "loadEnd": 1740335400743
        },
        "productId": "TRK-Ob2CJVFgaau7",
        "pathCounts": {
            "/login": 10,
            "/home/dashboard": 10,
            "/cart": 1
        }
    },
    {
        "start": 1740335400,
        "end": 1740336360,
        "bounce": {
            "isBounced": true,
            "pathname": "/frontend/index.html"
        },
        "device": "Tablet",
        "browser": "Chrome",
        "location": {
            "latitude": -65.2051165,
            "longitude": -144.226318
        },
        "uniqueId": "5bde6480-0ab0-43b2-8529-ae22b458f836",
        "pathname": "/profile",
        "language": "sd",
        "referrer": "https://www.andrade.com/",
        "events": {
            "loadCount": 4,
            "visibilitychangeCount": 10,
            "resizeCount": 1,
            "focusCount": 2,
            "clickCount": 10,
            "blurCount": 1
        },
        "pageLoadTime": {
            "loadStart": 1740335400000,
            "loadEnd": 1740335400746
        },
        "productId": "TRK-TlxlcwGkl19t",
        "pathCounts": {
            "/login": 8,
            "/checkout": 8,
            "/profile": 5
        }
    },
    {
        "start": 1740335400,
        "end": 1740338760,
        "bounce": {
            "isBounced": true,
            "pathname": "/frontend/index.html"
        },
        "device": "Tablet",
        "browser": "Mozilla",
        "location": {
            "latitude": -12.8829405,
            "longitude": 18.052106
        },
        "uniqueId": "14ec54a1-24e9-462b-9378-3e9d812cba5a",
        "pathname": "/settings",
        "language": "ckb",
        "referrer": "https://edwards.net/",
        "events": {
            "loadCount": 3,
            "visibilitychangeCount": 4,
            "resizeCount": 8,
            "focusCount": 10,
            "clickCount": 4,
            "blurCount": 9
        },
        "pageLoadTime": {
            "loadStart": 1740335400000,
            "loadEnd": 1740335400817
        },
        "productId": "TRK-89olAsKyNOG7",
        "pathCounts": {
            "/home/create": 7,
            "/checkout": 7,
            "/home/dashboard": 2
        }
    },
    {
        "start": 1740335400,
        "end": 1740336960,
        "bounce": {
            "isBounced": true,
            "pathname": "/frontend/index.html"
        },
        "device": "Tablet",
        "browser": "Chrome",
        "location": {
            "latitude": -21.158972,
            "longitude": 60.955301
        },
        "uniqueId": "625ea2f3-d6f3-47f0-abd3-a204ea4eb491",
        "pathname": "/profile",
        "language": "my",
        "referrer": "",
        "events": {
            "loadCount": 6,
            "visibilitychangeCount": 5,
            "resizeCount": 0,
            "focusCount": 1,
            "clickCount": 2,
            "blurCount": 7
        },
        "pageLoadTime": {
            "loadStart": 1740335400000,
            "loadEnd": 1740335400172
        },
        "productId": "TRK-Ob2CJVFgaau7",
        "pathCounts": {
            "/settings": 6,
            "/checkout": 3,
            "/cart": 4,
            "/home": 10,
            "/profile": 8
        }
    },
    {
        "start": 1740335400,
        "end": 1740336540,
        "bounce": {
            "isBounced": false,
            "pathname": "/frontend/index.html"
        },
        "device": "Desktop",
        "browser": "Edge",
        "location": {
            "latitude": 36.650818,
            "longitude": -158.247236
        },
        "uniqueId": "aca50ebd-2a70-41b2-a3f9-1a2deecc8322",
        "pathname": "/frontend/index.html",
        "language": "nso",
        "referrer": "",
        "events": {
            "loadCount": 9,
            "visibilitychangeCount": 4,
            "resizeCount": 7,
            "focusCount": 0,
            "clickCount": 0,
            "blurCount": 0
        },
        "pageLoadTime": {
            "loadStart": 1740335400000,
            "loadEnd": 1740335400189
        },
        "productId": "TRK-89olAsKyNOG7",
        "pathCounts": {
            "/profile": 9,
            "/checkout": 7,
            "/home": 6
        }
    }
]