[
    {
        "start": 1736793000,
        "end": 1736793120,
        "bounce": {
            "isBounced": true,
            "pathname": "/frontend/index.html"
        },
        "device": "Laptop",
        "browser": "Mozilla",
        "location": {
            "latitude": -82.5554445,
            "longitude": -122.767344
        },
        "uniqueId": "3ba5c0ca-2d1c-4d75-82b7-a2c821f2ea43",
        "pathname": "/dashboard",
        "language": "ml",
        "referrer": "",
        "events": {
            "loadCount": 7,
            "visibilitychangeCount": 3,
            "resizeCount": 2,
            "focusCount": 9,
            "clickCount": 4,
            "blurCount": 8
        },
        "pageLoadTime": {
            "loadStart": 1736793000000,
            "loadEnd": 1736793000663
        },
        "productId": "TRK-89olAsKyNOG7",
        "pathCounts": {
            "/home/dashboard": 6,
            "/home/create": 2
        }
    },
    {
        "start": 1736793000,
        "end": 1736795100,
        "bounce": {
            "isBounced": false,
            "pathname": "/frontend/index.html"
        },
        "device": "Mobile",
        "browser": "Safari",
        "location": {
            "latitude": -0.858009,
            "longitude": -106.877372
        },
        "uniqueId": "9b47b488-09f3-4d00-a56c-8c970bdfab8e",
        "pathname": "/settings",
        "language": "uk",
        "referrer": "",
        "events": {
            "loadCount": 7,
            "visibilitychangeCount": 0,
            "resizeCount": 6,
            "focusCount": 0,
            "clickCount": 2,
            "blurCount": 2
        },
        "pageLoadTime": {
            "loadStart": 1736793000000,
            "loadEnd": 1736793000540
        },
        "productId": "TRK-Ob2CJVFgaau7",
        "pathCounts": {
            "/home/dashboard": 4,
            "/home": 6,
            "/home/create": 10
        }
    },
    {
        "start": 1736793000,
        "end": 1736794020,
        "bounce": {
            "isBounced": false,
            "pathname": "/frontend/index.html"
        },
        "device": "Desktop",
        "browser": "Edge",
        "location": {
            "latitude": -14.782782,
            "longitude": 77.693384
        },
        "uniqueId": "14ec54a1-24e9-462b-9378-3e9d812cba5a",
        "pathname": "/settings",
        "language": "id",
        "referrer": "http://edwards-hicks.biz/",
        "events": {
            "loadCount": 0,
            "visibilitychangeCount": 4,
            "resizeCount": 6,
            "focusCount": 10,
            "clickCount": 1,
            "blurCount": 1
        },
        "pageLoadTime": {
            "loadStart": 1736793000000,
            "loadEnd": 1736793000517
        },
        "productId": "TRK-Ob2CJVFgaau7",
        "pathCounts": {
            "/home": 7,
            "/home/dashboard": 10,
            "/cart": 9,
            "/home/create": 6,
            "/profile": 3
        }
    },
    {
        "start": 1736793000,
        "end": 1736795400,
        "bounce": {
            "isBounced": true,
            "pathname": "/frontend/index.html"
        },
        "device": "Mobile",
        "browser": "Edge",
        "location": {
            "latitude": 78.198586,
            "longitude": -103.915841
        },
        "uniqueId": "ffef8945-c190-4f95-930f-4e35c2e3a868",
        "pathname": "/frontend/index.html",
        "language": "fr",
        "referrer": "https://novak.net/",
        "events": {
            "loadCount": 0,
            "visibilitychangeCount": 2,
            "resizeCount": 5,
            "focusCount": 10,
            "clickCount": 8,
            "blurCount": 7
        },
        "pageLoadTime": {
            "loadStart": 1736793000000,
            "loadEnd": 1736793000152
        },
        "productId": "TRK-TlxlcwGkl19t",
        "pathCounts": {
            "/checkout": 5,
            "/home/dashboard": 8,
            "/home/create": 9,
            "/cart": 7,
            "/login": 1
        }
    },
    {
        "start": 1736793000,
        "end": 1736795640,
        "bounce": {
            "isBounced": true,
            "pathname": "/frontend/index.html"
        },
        "device": "Tablet",
        "browser": "Mozilla",
        "location": {
            "latitude": -72.35935,
            "longitude": 149.735074
        },
        "uniqueId": "14ec54a1-24e9-462b-9378-3e9d812cba5a",
        "pathname": "/frontend/index.html",
        "language": "lb",
        "referrer": "http://rivera.info/",
        "events": {
            "loadCount": 8,
            "visibilitychangeCount": 1,
            "resizeCount": 9,
            "focusCount": 4,
            "clickCount": 2,
            "blurCount": 0
        },
        "pageLoadTime": {
            "loadStart": 1736793000000,
            "loadEnd": 1736793000143
        },
        "productId": "TRK-Ob2CJVFgaau7",
        "pathCounts": {
            "/home/create": 5,
            "/profile": 1,
            "/settings": 6,
            "/home": 7
        }
    },
    {
        "start": 1736793000,
        "end": 1736794680,
        "bounce": {
            "isBounced": true,
            "pathname": "/frontend/index.html"
        },
        "device": "Desktop",
        "browser": "Mozilla",
        "location": {
            "latitude": 81.841283,
            "longitude": 163.211343
        },
        "uniqueId": "aa76de66-83a4-4c21-92f5-cfe20525387a",
        "pathname": "/home",
        "language": "pt",
        "referrer": "",
        "events": {
            "loadCount": 8,
            "visibilitychangeCount": 0,
            "resizeCount": 7,
            "focusCount": 7,
            "clickCount": 1,
            "blurCount": 10
        },
        "pageLoadTime": {
            "loadStart": 1736793000000,
            "loadEnd": 1736793000089
        },
        "productId": "TRK-TlxlcwGkl19t",
        "pathCounts": {
            "/home/create": 4,
            "/login": 10,
            "/profile": 3,
            "/checkout": 4
        }
    },
    {
        "start": 1736793000,
        "end": 1736794200,
        "bounce": {
            "isBounced": true,
            "pathname": "/frontend/index.html"
        },
        "device": "Desktop",
        "browser": "Safari",
        "location": {
            "latitude": -41.090046,
            "longitude": -74.797768
        },
        "uniqueId": "37f86d6c-c234-4339-9c0f-ec3bdaab8536",
        "pathname": "/home",
        "language": "om",
        "referrer": "http://www.barker.info/",
        "events": {
            "loadCount": 5,
            "visibilitychangeCount": 0,
            "resizeCount": 5,
            "focusCount": 9,
            "clickCount": 7,
            "blurCount": 8
        },
        "pageLoadTime": {
            "loadStart": 1736793000000,
            "loadEnd": 1736793000886
        },
        "productId": "TRK-89olAsKyNOG7",
        "pathCounts": {
            "/checkout": 4,
            "/settings": 3,
            "/home/dashboard": 6,
            "/home/create": 5
        }
    },
    {
        "start": 1736793000,
        "end": 1736796540,
        "bounce": {
            "isBounced": true,
            "pathname": "/frontend/index.html"
        },
        "device": "Laptop",
        "browser": "Chrome",
        "location": {
            "latitude": 1.761681,
            "longitude": -39.935067
        },
        "uniqueId": "37f86d6c-c234-4339-9c0f-ec3bdaab8536",
        "pathname": "/settings",
        "language": "am",
        "referrer": "https://bradley-mckinney.com/",
        "events": {
            "loadCount": 4,
            "visibilitychangeCount": 8,
            "resizeCount": 2,
            "focusCount": 3,
            "clickCount": 0,
            "blurCount": 2
        },
        "pageLoadTime": {
            "loadStart": 1736793000000,
            "loadEnd": 1736793000760
        },
        "productId": "TRK-Ob2CJVFgaau7",
        "pathCounts": {
            "/settings": 5,
            "/home": 7,
            "/checkout": 10
        }
    },
    {
        "start": 1736793000,
        "end": 1736793180,
        "bounce": {
            "isBounced": false,
            "pathname": "/frontend/index.html"
        },
        "device": "Mobile",
        "browser": "Mozilla",
        "location": {
            "latitude": 75.2836575,
            "longitude": -80.280559
        },
        "uniqueId": "37f86d6c-c234-4339-9c0f-ec3bdaab8536",
        "pathname": "/home",
        "language": "mni",
        "referrer": "",
        "events": {
            "loadCount": 4,
            "visibilitychangeCount": 3,
            "resizeCount": 0,
            "focusCount": 0,
            "clickCount": 2,
            "blurCount": 2
        },
        "pageLoadTime": {
            "loadStart": 1736793000000,
            "loadEnd": 1736793000061
        },
        "productId": "TRK-Ob2CJVFgaau7",
        "pathCounts": {
            "/home/create": 3,
            "/checkout": 1
        }
    },
    {
        "start": 1736793000,
        "end": 1736796540,
        "bounce": {
            "isBounced": false,
            "pathname": "/frontend/index.html"
        },
        "device": "Desktop",
        "browser": "Mozilla",
        "location": {
            "latitude": -56.1292365,
            "longitude": -152.602238
        },
        "uniqueId": "5bde6480-0ab0-43b2-8529-ae22b458f836",
        "pathname": "/settings",
        "language": "ca",
        "referrer": "https://rodriguez-ochoa.com/",
        "events": {
            "loadCount": 10,
            "visibilitychangeCount": 10,
            "resizeCount": 7,
            "focusCount": 6,
            "clickCount": 7,
            "blurCount": 7
        },
        "pageLoadTime": {
            "loadStart": 1736793000000,
            "loadEnd": 1736793000395
        },
        "productId": "TRK-89olAsKyNOG7",
        "pathCounts": {
            "/login": 8,
            "/home/create": 8,
            "/profile": 6,
            "/home": 2
        }
    }
]