[
    {
        "start": 1738089000,
        "end": 1738089060,
        "bounce": {
            "isBounced": false,
            "pathname": "/frontend/index.html"
        },
        "device": "Desktop",
        "browser": "Chrome",
        "location": {
            "latitude": 18.327037,
            "longitude": 137.453645
        },
        "uniqueId": "14ec54a1-24e9-462b-9378-3e9d812cba5a",
        "pathname": "/home",
        "language": "om",
        "referrer": "http://www.gonzalez.com/",
        "events": {
            "loadCount": 0,
            "visibilitychangeCount": 2,
            "resizeCount": 6,
            "focusCount": 0,
            "clickCount": 2,
            "blurCount": 7
        },
        "pageLoadTime": {
            "loadStart": 1738089000000,
            "loadEnd": 1738089000184
        },
        "productId": "TRK-TlxlcwGkl19t",
        "pathCounts": {
            "/settings": 8,
            "/home": 2,
            "/home/dashboard": 1
        }
    },
    {
        "start": 1738089000,
        "end": 1738089360,
        "bounce": {
            "isBounced": false,
            "pathname": "/frontend/index.html"
        },
        "device": "Mobile",
        "browser": "Mozilla",
        "location": {
            "latitude": 44.164464,
            "longitude": -128.061784
        },
        "uniqueId": "31b1cad6-43b6-4fa7-95e5-7d79676b01e7",
        "pathname": "/dashboard",
        "language": "kw",
        "referrer": "",
        "events": {
            "loadCount": 2,
            "visibilitychangeCount": 0,
            "resizeCount": 10,
            "focusCount": 9,
            "clickCount": 8,
            "blurCount": 10
        },
        "pageLoadTime": {
            "loadStart": 1738089000000,
            "loadEnd": 1738089000393
        },
        "productId": "TRK-Ob2CJVFgaau7",
        "pathCounts": {
            "/login": 4,
            "/home": 2,
            "/checkout": 3,
            "/home/dashboard": 1
        }
    },
    {
        "start": 1738089000,
        "end": 1738092480,
        "bounce": {
            "isBounced": true,
            "pathname": "/frontend/index.html"
        },
        "device": "Laptop",
        "browser": "Mozilla",
        "location": {
            "latitude": 19.352822,
            "longitude": -85.784429
        },
        "uniqueId": "aca50ebd-2a70-41b2-a3f9-1a2deecc8322",
        "pathname": "/frontend/index.html",
        "language": "ik",
        "referrer": "",
        "events": {
            "loadCount": 3,
            "visibilitychangeCount": 3,
            "resizeCount": 0,
            "focusCount": 6,
            "clickCount": 7,
            "blurCount": 5
        },
        "pageLoadTime": {
            "loadStart": 1738089000000,
            "loadEnd": 1738089000738
        },
        "productId": "TRK-Ob2CJVFgaau7",
        "pathCounts": {
            "/home/create": 3,
            "/cart": 7,
            "/checkout": 2,
            "/profile": 2,
            "/settings": 3
        }
    },
    {
        "start": 1738089000,
        "end": 1738092480,
        "bounce": {
            "isBounced": true,
            "pathname": "/frontend/index.html"
        },
        "device": "Laptop",
        "browser": "Safari",
        "location": {
            "latitude": 4.5397155,
            "longitude": -144.341043
        },
        "uniqueId": "5bde6480-0ab0-43b2-8529-ae22b458f836",
        "pathname": "/profile",
        "language": "ml",
        "referrer": "",
        "events": {
            "loadCount": 8,
            "visibilitychangeCount": 3,
            "resizeCount": 1,
            "focusCount": 4,
            "clickCount": 6,
            "blurCount": 8
        },
        "pageLoadTime": {
            "loadStart": 1738089000000,
            "loadEnd": 1738089000156
        },
        "productId": "TRK-TlxlcwGkl19t",
        "pathCounts": {
            "/home": 1,
            "/login": 3,
            "/home/create": 3
        }
    },
    {
        "start": 1738089000,
        "end": 1738091700,
        "bounce": {
            "isBounced": false,
            "pathname": "/frontend/index.html"
        },
        "device": "Tablet",
        "browser": "Mozilla",
        "location": {
            "latitude": 55.9227785,
            "longitude": 165.215543
        },
        "uniqueId": "111907fd-95b7-4729-a2af-e51ad656e288",
        "pathname": "/dashboard",
        "language": "lt",
        "referrer": "http://www.hunter.org/",
        "events": {
            "loadCount": 1,
            "visibilitychangeCount": 4,
            "resizeCount": 1,
            "focusCount": 6,
            "clickCount": 3,
            "blurCount": 6
        },
        "pageLoadTime": {
            "loadStart": 1738089000000,
            "loadEnd": 1738089000934
        },
        "productId": "TRK-TlxlcwGkl19t",
        "pathCounts": {
            "/checkout": 3,
            "/home": 10,
            "/profile": 9,
            "/cart": 9
        }
    },
    {
        "start": 1738089000,
        "end": 1738090620,
        "bounce": {
            "isBounced": true,
            "pathname": "/frontend/index.html"
        },
        "device": "Mobile",
        "browser": "Chrome",
        "location": {
            "latitude": 84.351523,
            "longitude": 35.536165
        },
        "uniqueId": "aca50ebd-2a70-41b2-a3f9-1a2deecc8322",
        "pathname": "/profile",
        "language": "ca",
        "referrer": "",
        "events": {
            "loadCount": 4,
            "visibilitychangeCount": 1,
            "resizeCount": 10,
            "focusCount": 4,
            "clickCount": 3,
            "blurCount": 5
        },
        "pageLoadTime": {
            "loadStart": 1738089000000,
            "loadEnd": 1738089000922
        },
        "productId": "TRK-TlxlcwGkl19t",
        "pathCounts": {
            "/login": 4,
            "/home/dashboard": 4,
            "/checkout": 7
        }
    },
    {
        "start": 1738089000,
        "end": 1738091400,
        "bounce": {
            "isBounced": false,
            "pathname": "/frontend/index.html"
        },
        "device": "Tablet",
        "browser": "Safari",
        "location": {
            "latitude": -31.5272045,
            "longitude": 87.645475
        },
        "uniqueId": "3da55713-36de-4077-9d4d-626d934aafe0",
        "pathname": "/frontend/index.html",
        "language": "ru",
        "referrer": "http://www.lambert.com/",
        "events": {
            "loadCount": 5,
            "visibilitychangeCount": 7,
            "resizeCount": 3,
            "focusCount": 0,
            "clickCount": 3,
            "blurCount": 0
        },
        "pageLoadTime": {
            "loadStart": 1738089000000,
            "loadEnd": 1738089000370
        },
        "productId": "TRK-89olAsKyNOG7",
        "pathCounts": {
            "/settings": 6,
            "/login": 6,
            "/home": 10
        }
    },
    {
        "start": 1738089000,
        "end": 1738089300,
        "bounce": {
            "isBounced": true,
            "pathname": "/frontend/index.html"
        },
        "device": "Mobile",
        "browser": "Chrome",
        "location": {
            "latitude": 52.8135955,
            "longitude": 5.229285
        },
        "uniqueId": "f9c7e851-4d89-46ce-8678-25b88916a574",
        "pathname": "/dashboard",
        "language": "tl",
        "referrer": "",
        "events": {
            "loadCount": 8,
            "visibilitychangeCount": 8,
            "resizeCount": 10,
            "focusCount": 3,
            "clickCount": 6,
            "blurCount": 0
        },
        "pageLoadTime": {
            "loadStart": 1738089000000,
            "loadEnd": 1738089000286
        },
        "productId": "TRK-89olAsKyNOG7",
        "pathCounts": {
            "/login": 5,
            "/profile": 3,
            "/settings": 7,
            "/checkout": 8,
            "/home": 4
        }
    },
    {
        "start": 1738089000,
        "end": 1738091100,
        "bounce": {
            "isBounced": false,
            "pathname": "/frontend/index.html"
        },
        "device": "Desktop",
        "browser": "Edge",
        "location": {
            "latitude": 40.254259,
            "longitude": -36.793161
        },
        "uniqueId": "4f113d91-1e3e-46f7-a9ca-95f02de96297",
        "pathname": "/settings",
        "language": "af",
        "referrer": "http://www.brewer.com/",
        "events": {
            "loadCount": 2,
            "visibilitychangeCount": 8,
            "resizeCount": 6,
            "focusCount": 9,
            "clickCount": 4,
            "blurCount": 2
        },
        "pageLoadTime": {
            "loadStart": 1738089000000,
            "loadEnd": 1738089000865
        },
        "productId": "TRK-TlxlcwGkl19t",
        "pathCounts": {
            "/cart": 2,
            "/checkout": 1,
            "/home": 7
        }
    },
    {
        "start": 1738089000,
        "end": 1738091640,
        "bounce": {
            "isBounced": false,
            "pathname": "/frontend/index.html"
        },
        "device": "Laptop",
        "browser": "Edge",
        "location": {
            "latitude": 30.1117705,
            "longitude": 0.054623
        },
        "uniqueId": "9b47b488-09f3-4d00-a56c-8c970bdfab8e",
        "pathname": "/profile",
        "language": "ro",
        "referrer": "https://johnson.com/",
        "events": {
            "loadCount": 1,
            "visibilitychangeCount": 7,
            "resizeCount": 10,
            "focusCount": 2,
            "clickCount": 6,
            "blurCount": 10
        },
        "pageLoadTime": {
            "loadStart": 1738089000000,
            "loadEnd": 1738089000838
        },
        "productId": "TRK-TlxlcwGkl19t",
        "pathCounts": {
            "/cart": 10,
            "/profile": 1,
            "/login": 10
        }
    },
    {
        "start": 1738089000,
        "end": 1738091340,
        "bounce": {
            "isBounced": false,
            "pathname": "/frontend/index.html"
        },
        "device": "Tablet",
        "browser": "Mozilla",
        "location": {
            "latitude": -76.72646,
            "longitude": -20.735579
        },
        "uniqueId": "ca9d1f5f-925b-4a59-b362-4703a75ad77c",
        "pathname": "/profile",
        "language": "gu",
        "referrer": "https://carey-peterson.com/",
        "events": {
            "loadCount": 8,
            "visibilitychangeCount": 3,
            "resizeCount": 0,
            "focusCount": 4,
            "clickCount": 9,
            "blurCount": 0
        },
        "pageLoadTime": {
            "loadStart": 1738089000000,
            "loadEnd": 1738089000672
        },
        "productId": "TRK-89olAsKyNOG7",
        "pathCounts": {
            "/profile": 8,
            "/home/dashboard": 6,
            "/settings": 10
        }
    },
    {
        "start": 1738089000,
        "end": 1738091640,
        "bounce": {
            "isBounced": false,
            "pathname": "/frontend/index.html"
        },
        "device": "Laptop",
        "browser": "Safari",
        "location": {
            "latitude": -73.386003,
            "longitude": 109.824671
        },
        "uniqueId": "3ba5c0ca-2d1c-4d75-82b7-a2c821f2ea43",
        "pathname": "/profile",
        "language": "lg",
        "referrer": "",
        "events": {
            "loadCount": 4,
            "visibilitychangeCount": 2,
            "resizeCount": 1,
            "focusCount": 3,
            "clickCount": 7,
            "blurCount": 9
        },
        "pageLoadTime": {
            "loadStart": 1738089000000,
            "loadEnd": 1738089000684
        },
        "productId": "TRK-TlxlcwGkl19t",
        "pathCounts": {
            "/profile": 4,
            "/home/dashboard": 3,
            "/cart": 8
        }
    },
    {
        "start": 1738089000,
        "end": 1738089120,
        "bounce": {
            "isBounced": true,
            "pathname": "/frontend/index.html"
        },
        "device": "Desktop",
        "browser": "Chrome",
        "location": {
            "latitude": -13.6441825,
            "longitude": -142.764725
        },
        "uniqueId": "ffef8945-c190-4f95-930f-4e35c2e3a868",
        "pathname": "/settings",
        "language": "niu",
        "referrer": "http://brooks.com/",
        "events": {
            "loadCount": 2,
            "visibilitychangeCount": 8,
            "resizeCount": 6,
            "focusCount": 0,
            "clickCount": 8,
            "blurCount": 9
        },
        "pageLoadTime": {
            "loadStart": 1738089000000,
            "loadEnd": 1738089000040
        },
        "productId": "TRK-Ob2CJVFgaau7",
        "pathCounts": {
            "/cart": 8,
            "/profile": 3,
            "/home": 3,
            "/settings": 3
        }
    },
    {
        "start": 1738089000,
        "end": 1738091280,
        "bounce": {
            "isBounced": true,
            "pathname": "/frontend/index.html"
        },
        "device": "Mobile",
        "browser": "Edge",
        "location": {
            "latitude": -21.862052,
            "longitude": 119.619218
        },
        "uniqueId": "aa76de66-83a4-4c21-92f5-cfe20525387a",
        "pathname": "/home",
        "language": "fy",
        "referrer": "",
        "events": {
            "loadCount": 7,
            "visibilitychangeCount": 9,
            "resizeCount": 10,
            "focusCount": 10,
            "clickCount": 7,
            "blurCount": 1
        },
        "pageLoadTime": {
            "loadStart": 1738089000000,
            "loadEnd": 1738089000384
        },
        "productId": "TRK-89olAsKyNOG7",
        "pathCounts": {
            "/checkout": 2,
            "/home": 5,
            "/settings": 5,
            "/cart": 3,
            "/home/create": 7
        }
    }
]