[
    {
        "start": 1738002600,
        "end": 1738004220,
        "bounce": {
            "isBounced": false,
            "pathname": "/frontend/index.html"
        },
        "device": "Mobile",
        "browser": "Mozilla",
        "location": {
            "latitude": -86.2029765,
            "longitude": 133.269247
        },
        "uniqueId": "37f86d6c-c234-4339-9c0f-ec3bdaab8536",
        "pathname": "/settings",
        "language": "bho",
        "referrer": "https://adams.org/",
        "events": {
            "loadCount": 8,
            "visibilitychangeCount": 5,
            "resizeCount": 3,
            "focusCount": 5,
            "clickCount": 3,
            "blurCount": 7
        },
        "pageLoadTime": {
            "loadStart": 1738002600000,
            "loadEnd": 1738002600291
        },
        "productId": "TRK-Ob2CJVFgaau7",
        "pathCounts": {
            "/login": 9,
            "/settings": 2,
            "/home/dashboard": 2,
            "/checkout": 6
        }
    },
    {
        "start": 1738002600,
        "end": 1738005600,
        "bounce": {
            "isBounced": true,
            "pathname": "/frontend/index.html"
        },
        "device": "Laptop",
        "browser": "Mozilla",
        "location": {
            "latitude": 24.4229055,
            "longitude": -44.426532
        },
        "uniqueId": "4f113d91-1e3e-46f7-a9ca-95f02de96297",
        "pathname": "/dashboard",
        "language": "tg",
        "referrer": "",
        "events": {
            "loadCount": 0,
            "visibilitychangeCount": 10,
            "resizeCount": 1,
            "focusCount": 10,
            "clickCount": 4,
            "blurCount": 5
        },
        "pageLoadTime": {
            "loadStart": 1738002600000,
            "loadEnd": 1738002600924
        },
        "productId": "TRK-89olAsKyNOG7",
        "pathCounts": {
            "/checkout": 4,
            "/login": 8,
            "/home": 9,
            "/home/create": 6
        }
    },
    {
        "start": 1738002600,
        "end": 1738006020,
        "bounce": {
            "isBounced": true,
            "pathname": "/frontend/index.html"
        },
        "device": "Mobile",
        "browser": "Chrome",
        "location": {
            "latitude": 36.1171775,
            "longitude": 114.175387
        },
        "uniqueId": "9b47b488-09f3-4d00-a56c-8c970bdfab8e",
        "pathname": "/home",
        "language": "hu",
        "referrer": "",
        "events": {
            "loadCount": 2,
            "visibilitychangeCount": 4,
            "resizeCount": 1,
            "focusCount": 8,
            "clickCount": 3,
            "blurCount": 8
        },
        "pageLoadTime": {
            "loadStart": 1738002600000,
            "loadEnd": 1738002600671
        },
        "productId": "TRK-89olAsKyNOG7",
        "pathCounts": {
            "/checkout": 2,
            "/cart": 3
        }
    },
    {
        "start": 1738002600,
        "end": 1738004580,
        "bounce": {
            "isBounced": true,
            "pathname": "/frontend/index.html"
        },
        "device": "Desktop",
        "browser": "Chrome",
        "location": {
            "latitude": 32.1838295,
            "longitude": 137.816266
        },
        "uniqueId": "77f0712b-554f-4c5c-9898-14e7c77b26a0",
        "pathname": "/home",
        "language": "lzh",
        "referrer": "",
        "events": {
            "loadCount": 0,
            "visibilitychangeCount": 0,
            "resizeCount": 7,
            "focusCount": 2,
            "clickCount": 9,
            "blurCount": 6
        },
        "pageLoadTime": {
            "loadStart": 1738002600000,
            "loadEnd": 1738002600685
        },
        "productId": "TRK-89olAsKyNOG7",
        "pathCounts": {
            "/home": 7,
            "/home/dashboard": 2,
            "/cart": 9,
            "/profile": 3,
            "/settings": 4,
            "/login": 8
        }
    },
    {
        "start": 1738002600,
        "end": 1738005000,
        "bounce": {
            "isBounced": true,
            "pathname": "/frontend/index.html"
        },
        "device": "Desktop",
        "browser": "Mozilla",
        "location": {
            "latitude": -86.2440525,
            "longitude": 120.388043
        },
        "uniqueId": "111907fd-95b7-4729-a2af-e51ad656e288",
        "pathname": "/settings",
        "language": "ve",
        "referrer": "https://www.jackson.com/",
        "events": {
            "loadCount": 3,
            "visibilitychangeCount": 0,
            "resizeCount": 10,
            "focusCount": 7,
            "clickCount": 4,
            "blurCount": 3
        },
        "pageLoadTime": {
            "loadStart": 1738002600000,
            "loadEnd": 1738002600051
        },
        "productId": "TRK-89olAsKyNOG7",
        "pathCounts": {
            "/home": 5,
            "/checkout": 2,
            "/login": 1,
            "/home/dashboard": 9
        }
    },
    {
        "start": 1738002600,
        "end": 1738004820,
        "bounce": {
            "isBounced": false,
            "pathname": "/frontend/index.html"
        },
        "device": "Laptop",
        "browser": "Edge",
        "location": {
            "latitude": -14.1984695,
            "longitude": -34.388315
        },
        "uniqueId": "37f86d6c-c234-4339-9c0f-ec3bdaab8536",
        "pathname": "/home",
        "language": "ia",
        "referrer": "https://montgomery-carney.com/",
        "events": {
            "loadCount": 9,
            "visibilitychangeCount": 0,
            "resizeCount": 2,
            "focusCount": 10,
            "clickCount": 10,
            "blurCount": 1
        },
        "pageLoadTime": {
            "loadStart": 1738002600000,
            "loadEnd": 1738002600948
        },
        "productId": "TRK-Ob2CJVFgaau7",
        "pathCounts": {
            "/home/create": 5,
            "/home": 5,
            "/home/dashboard": 6
        }
    },
    {
        "start": 1738002600,
        "end": 1738003260,
        "bounce": {
            "isBounced": false,
            "pathname": "/frontend/index.html"
        },
        "device": "Mobile",
        "browser": "Chrome",
        "location": {
            "latitude": -53.856948,
            "longitude": -126.639992
        },
        "uniqueId": "f25d6d08-ed4a-4680-b7e3-94d4b30207df",
        "pathname": "/settings",
        "language": "li",
        "referrer": "",
        "events": {
            "loadCount": 5,
            "visibilitychangeCount": 9,
            "resizeCount": 10,
            "focusCount": 6,
            "clickCount": 0,
            "blurCount": 10
        },
        "pageLoadTime": {
            "loadStart": 1738002600000,
            "loadEnd": 1738002600910
        },
        "productId": "TRK-TlxlcwGkl19t",
        "pathCounts": {
            "/home/dashboard": 10,
            "/cart": 9,
            "/login": 4,
            "/home/create": 9
        }
    },
    {
        "start": 1738002600,
        "end": 1738003320,
        "bounce": {
            "isBounced": false,
            "pathname": "/frontend/index.html"
        },
        "device": "Tablet",
        "browser": "Edge",
        "location": {
            "latitude": 72.0575095,
            "longitude": 34.347043
        },
        "uniqueId": "37f86d6c-c234-4339-9c0f-ec3bdaab8536",
        "pathname": "/dashboard",
        "language": "hne",
        "referrer": "http://www.kelly.org/",
        "events": {
            "loadCount": 5,
            "visibilitychangeCount": 0,
            "resizeCount": 9,
            "focusCount": 10,
            "clickCount": 8,
            "blurCount": 5
        },
        "pageLoadTime": {
            "loadStart": 1738002600000,
            "loadEnd": 1738002600004
        },
        "productId": "TRK-89olAsKyNOG7",
        "pathCounts": {
            "/home/create": 1,
            "/login": 10,
            "/checkout": 7,
            "/home/dashboard": 4,
            "/cart": 7
        }
    },
    {
        "start": 1738002600,
        "end": 1738005600,
        "bounce": {
            "isBounced": true,
            "pathname": "/frontend/index.html"
        },
        "device": "Mobile",
        "browser": "Mozilla",
        "location": {
            "latitude": -61.3068925,
            "longitude": 164.809264
        },
        "uniqueId": "9b47b488-09f3-4d00-a56c-8c970bdfab8e",
        "pathname": "/settings",
        "language": "tl",
        "referrer": "",
        "events": {
            "loadCount": 2,
            "visibilitychangeCount": 3,
            "resizeCount": 9,
            "focusCount": 9,
            "clickCount": 6,
            "blurCount": 10
        },
        "pageLoadTime": {
            "loadStart": 1738002600000,
            "loadEnd": 1738002600218
        },
        "productId": "TRK-TlxlcwGkl19t",
        "pathCounts": {
            "/login": 4,
            "/cart": 3
        }
    },
    {
        "start": 1738002600,
        "end": 1738003200,
        "bounce": {
            "isBounced": false,
            "pathname": "/frontend/index.html"
        },
        "device": "Desktop",
        "browser": "Edge",
        "location": {
            "latitude": -70.079862,
            "longitude": -117.786087
        },
        "uniqueId": "111907fd-95b7-4729-a2af-e51ad656e288",
        "pathname": "/settings",
        "language": "cv",
        "referrer": "",
        "events": {
            "loadCount": 3,
            "visibilitychangeCount": 8,
            "resizeCount": 5,
            "focusCount": 9,
            "clickCount": 10,
            "blurCount": 3
        },
        "pageLoadTime": {
            "loadStart": 1738002600000,
            "loadEnd": 1738002600053
        },
        "productId": "TRK-89olAsKyNOG7",
        "pathCounts": {
            "/settings": 9,
            "/cart": 8,
            "/checkout": 1
        }
    },
    {
        "start": 1738002600,
        "end": 1738003020,
        "bounce": {
            "isBounced": false,
            "pathname": "/frontend/index.html"
        },
        "device": "Desktop",
        "browser": "Chrome",
        "location": {
            "latitude": -72.5935535,
            "longitude": 120.000617
        },
        "uniqueId": "f9c7e851-4d89-46ce-8678-25b88916a574",
        "pathname": "/profile",
        "language": "ku",
        "referrer": "",
        "events": {
            "loadCount": 8,
            "visibilitychangeCount": 1,
            "resizeCount": 10,
            "focusCount": 7,
            "clickCount": 4,
            "blurCount": 0
        },
        "pageLoadTime": {
            "loadStart": 1738002600000,
            "loadEnd": 1738002600523
        },
        "productId": "TRK-89olAsKyNOG7",
        "pathCounts": {
            "/checkout": 2,
            "/home/dashboard": 3
        }
    },
    {
        "start": 1738002600,
        "end": 1738004520,
        "bounce": {
            "isBounced": true,
            "pathname": "/frontend/index.html"
        },
        "device": "Laptop",
        "browser": "Chrome",
        "location": {
            "latitude": 15.9657855,
            "longitude": -16.430661
        },
        "uniqueId": "ca9d1f5f-925b-4a59-b362-4703a75ad77c",
        "pathname": "/dashboard",
        "language": "wa",
        "referrer": "",
        "events": {
            "loadCount": 1,
            "visibilitychangeCount": 3,
            "resizeCount": 1,
            "focusCount": 4,
            "clickCount": 3,
            "blurCount": 7
        },
        "pageLoadTime": {
            "loadStart": 1738002600000,
            "loadEnd": 1738002600551
        },
        "productId": "TRK-TlxlcwGkl19t",
        "pathCounts": {
            "/login": 2,
            "/checkout": 7,
            "/cart": 10,
            "/settings": 6
        }
    },
    {
        "start": 1738002600,
        "end": 1738005660,
        "bounce": {
            "isBounced": true,
            "pathname": "/frontend/index.html"
        },
        "device": "Laptop",
        "browser": "Chrome",
        "location": {
            "latitude": 44.129391,
            "longitude": 50.986323
        },
        "uniqueId": "77f0712b-554f-4c5c-9898-14e7c77b26a0",
        "pathname": "/dashboard",
        "language": "mhr",
        "referrer": "http://www.reese.com/",
        "events": {
            "loadCount": 10,
            "visibilitychangeCount": 5,
            "resizeCount": 6,
            "focusCount": 9,
            "clickCount": 8,
            "blurCount": 8
        },
        "pageLoadTime": {
            "loadStart": 1738002600000,
            "loadEnd": 1738002600868
        },
        "productId": "TRK-89olAsKyNOG7",
        "pathCounts": {
            "/login": 5,
            "/cart": 5,
            "/settings": 2,
            "/home/dashboard": 1
        }
    },
    {
        "start": 1738002600,
        "end": 1738004040,
        "bounce": {
            "isBounced": true,
            "pathname": "/frontend/index.html"
        },
        "device": "Desktop",
        "browser": "Mozilla",
        "location": {
            "latitude": -52.6816645,
            "longitude": -158.270648
        },
        "uniqueId": "3ba5c0ca-2d1c-4d75-82b7-a2c821f2ea43",
        "pathname": "/settings",
        "language": "mag",
        "referrer": "http://www.sanford.com/",
        "events": {
            "loadCount": 10,
            "visibilitychangeCount": 6,
            "resizeCount": 8,
            "focusCount": 2,
            "clickCount": 2,
            "blurCount": 0
        },
        "pageLoadTime": {
            "loadStart": 1738002600000,
            "loadEnd": 1738002600625
        },
        "productId": "TRK-89olAsKyNOG7",
        "pathCounts": {
            "/home/dashboard": 10,
            "/checkout": 6,
            "/home": 6
        }
    },
    {
        "start": 1738002600,
        "end": 1738003500,
        "bounce": {
            "isBounced": true,
            "pathname": "/frontend/index.html"
        },
        "device": "Tablet",
        "browser": "Safari",
        "location": {
            "latitude": 11.450184,
            "longitude": 139.065947
        },
        "uniqueId": "aca50ebd-2a70-41b2-a3f9-1a2deecc8322",
        "pathname": "/frontend/index.html",
        "language": "vi",
        "referrer": "",
        "events": {
            "loadCount": 8,
            "visibilitychangeCount": 0,
            "resizeCount": 4,
            "focusCount": 6,
            "clickCount": 4,
            "blurCount": 2
        },
        "pageLoadTime": {
            "loadStart": 1738002600000,
            "loadEnd": 1738002600133
        },
        "productId": "TRK-89olAsKyNOG7",
        "pathCounts": {
            "/checkout": 5,
            "/profile": 7,
            "/login": 2
        }
    },
    {
        "start": 1738002600,
        "end": 1738004340,
        "bounce": {
            "isBounced": true,
            "pathname": "/frontend/index.html"
        },
        "device": "Tablet",
        "browser": "Safari",
        "location": {
            "latitude": -44.7670995,
            "longitude": 23.954257
        },
        "uniqueId": "d86a654c-f156-4873-9fec-b758bd53146a",
        "pathname": "/profile",
        "language": "bn",
        "referrer": "",
        "events": {
            "loadCount": 10,
            "visibilitychangeCount": 4,
            "resizeCount": 9,
            "focusCount": 1,
            "clickCount": 6,
            "blurCount": 4
        },
        "pageLoadTime": {
            "loadStart": 1738002600000,
            "loadEnd": 1738002600416
        },
        "productId": "TRK-TlxlcwGkl19t",
        "pathCounts": {
            "/home": 3,
            "/settings": 5,
            "/home/create": 8
        }
    },
    {
        "start": 1738002600,
        "end": 1738004280,
        "bounce": {
            "isBounced": false,
            "pathname": "/frontend/index.html"
        },
        "device": "Mobile",
        "browser": "Chrome",
        "location": {
            "latitude": -15.7419755,
            "longitude": 92.39018
        },
        "uniqueId": "37f86d6c-c234-4339-9c0f-ec3bdaab8536",
        "pathname": "/frontend/index.html",
        "language": "ti",
        "referrer": "",
        "events": {
            "loadCount": 7,
            "visibilitychangeCount": 2,
            "resizeCount": 0,
            "focusCount": 1,
            "clickCount": 7,
            "blurCount": 10
        },
        "pageLoadTime": {
            "loadStart": 1738002600000,
            "loadEnd": 1738002600394
        },
        "productId": "TRK-89olAsKyNOG7",
        "pathCounts": {
            "/checkout": 5,
            "/home/create": 7,
            "/profile": 1
        }
    },
    {
        "start": 1738002600,
        "end": 1738003200,
        "bounce": {
            "isBounced": false,
            "pathname": "/frontend/index.html"
        },
        "device": "Mobile",
        "browser": "Chrome",
        "location": {
            "latitude": -32.8101265,
            "longitude": 43.34708
        },
        "uniqueId": "d86a654c-f156-4873-9fec-b758bd53146a",
        "pathname": "/profile",
        "language": "ku",
        "referrer": "",
        "events": {
            "loadCount": 3,
            "visibilitychangeCount": 1,
            "resizeCount": 4,
            "focusCount": 5,
            "clickCount": 9,
            "blurCount": 1
        },
        "pageLoadTime": {
            "loadStart": 1738002600000,
            "loadEnd": 1738002600952
        },
        "productId": "TRK-89olAsKyNOG7",
        "pathCounts": {
            "/login": 9,
            "/cart": 3,
            "/home/create": 4
        }
    }
]