[
    {
        "start": 1738607400,
        "end": 1738610700,
        "bounce": {
            "isBounced": false,
            "pathname": "/frontend/index.html"
        },
        "device": "Laptop",
        "browser": "Safari",
        "location": {
            "latitude": -53.200224,
            "longitude": -101.417578
        },
        "uniqueId": "5bde6480-0ab0-43b2-8529-ae22b458f836",
        "pathname": "/home",
        "language": "th",
        "referrer": "https://gillespie.com/",
        "events": {
            "loadCount": 7,
            "visibilitychangeCount": 1,
            "resizeCount": 7,
            "focusCount": 9,
            "clickCount": 0,
            "blurCount": 7
        },
        "pageLoadTime": {
            "loadStart": 1738607400000,
            "loadEnd": 1738607400297
        },
        "productId": "TRK-TlxlcwGkl19t",
        "pathCounts": {
            "/cart": 8,
            "/login": 5,
            "/home/dashboard": 3
        }
    },
    {
        "start": 1738607400,
        "end": 1738609440,
        "bounce": {
            "isBounced": false,
            "pathname": "/frontend/index.html"
        },
        "device": "Desktop",
        "browser": "Mozilla",
        "location": {
            "latitude": 20.782102,
            "longitude": -131.896497
        },
        "uniqueId": "31b1cad6-43b6-4fa7-95e5-7d79676b01e7",
        "pathname": "/home",
        "language": "fi",
        "referrer": "",
        "events": {
            "loadCount": 9,
            "visibilitychangeCount": 4,
            "resizeCount": 2,
            "focusCount": 3,
            "clickCount": 8,
            "blurCount": 6
        },
        "pageLoadTime": {
            "loadStart": 1738607400000,
            "loadEnd": 1738607400076
        },
        "productId": "TRK-89olAsKyNOG7",
        "pathCounts": {
            "/login": 10,
            "/cart": 10,
            "/profile": 5
        }
    },
    {
        "start": 1738607400,
        "end": 1738607700,
        "bounce": {
            "isBounced": false,
            "pathname": "/frontend/index.html"
        },
        "device": "Laptop",
        "browser": "Edge",
        "location": {
            "latitude": 88.9462435,
            "longitude": -110.087187
        },
        "uniqueId": "f25d6d08-ed4a-4680-b7e3-94d4b30207df",
        "pathname": "/settings",
        "language": "lv",
        "referrer": "",
        "events": {
            "loadCount": 6,
            "visibilitychangeCount": 10,
            "resizeCount": 9,
            "focusCount": 0,
            "clickCount": 6,
            "blurCount": 1
        },
        "pageLoadTime": {
            "loadStart": 1738607400000,
            "loadEnd": 1738607400427
        },
        "productId": "TRK-TlxlcwGkl19t",
        "pathCounts": {
            "/checkout": 4,
            "/cart": 3,
            "/home/create": 3,
            "/settings": 10
        }
    },
    {
        "start": 1738607400,
        "end": 1738610100,
        "bounce": {
            "isBounced": false,
            "pathname": "/frontend/index.html"
        },
        "device": "Mobile",
        "browser": "Chrome",
        "location": {
            "latitude": 15.9140945,
            "longitude": -13.181124
        },
        "uniqueId": "111907fd-95b7-4729-a2af-e51ad656e288",
        "pathname": "/dashboard",
        "language": "ne",
        "referrer": "http://www.dixon.com/",
        "events": {
            "loadCount": 10,
            "visibilitychangeCount": 10,
            "resizeCount": 9,
            "focusCount": 9,
            "clickCount": 8,
            "blurCount": 6
        },
        "pageLoadTime": {
            "loadStart": 1738607400000,
            "loadEnd": 1738607400204
        },
        "productId": "TRK-TlxlcwGkl19t",
        "pathCounts": {
            "/profile": 3,
            "/settings": 9
        }
    },
    {
        "start": 1738607400,
        "end": 1738608240,
        "bounce": {
            "isBounced": false,
            "pathname": "/frontend/index.html"
        },
        "device": "Mobile",
        "browser": "Chrome",
        "location": {
            "latitude": -13.817634,
            "longitude": 71.112296
        },
        "uniqueId": "625ea2f3-d6f3-47f0-abd3-a204ea4eb491",
        "pathname": "/dashboard",
        "language": "sat",
        "referrer": "",
        "events": {
            "loadCount": 10,
            "visibilitychangeCount": 6,
            "resizeCount": 4,
            "focusCount": 8,
            "clickCount": 5,
            "blurCount": 4
        },
        "pageLoadTime": {
            "loadStart": 1738607400000,
            "loadEnd": 1738607400826
        },
        "productId": "TRK-TlxlcwGkl19t",
        "pathCounts": {
            "/cart": 3,
            "/login": 1,
            "/profile": 3,
            "/home": 3
        }
    },
    {
        "start": 1738607400,
        "end": 1738610760,
        "bounce": {
            "isBounced": true,
            "pathname": "/frontend/index.html"
        },
        "device": "Desktop",
        "browser": "Edge",
        "location": {
            "latitude": -41.3369265,
            "longitude": 90.52809
        },
        "uniqueId": "37f86d6c-c234-4339-9c0f-ec3bdaab8536",
        "pathname": "/frontend/index.html",
        "language": "ja",
        "referrer": "http://www.raymond-schmitt.org/",
        "events": {
            "loadCount": 3,
            "visibilitychangeCount": 0,
            "resizeCount": 1,
            "focusCount": 9,
            "clickCount": 2,
            "blurCount": 5
        },
        "pageLoadTime": {
            "loadStart": 1738607400000,
            "loadEnd": 1738607400949
        },
        "productId": "TRK-89olAsKyNOG7",
        "pathCounts": {
            "/login": 3,
            "/checkout": 4
        }
    },
    {
        "start": 1738607400,
        "end": 1738609620,
        "bounce": {
            "isBounced": true,
            "pathname": "/frontend/index.html"
        },
        "device": "Desktop",
        "browser": "Chrome",
        "location": {
            "latitude": -62.123388,
            "longitude": -76.187517
        },
        "uniqueId": "4f113d91-1e3e-46f7-a9ca-95f02de96297",
        "pathname": "/home",
        "language": "ln",
        "referrer": "",
        "events": {
            "loadCount": 1,
            "visibilitychangeCount": 3,
            "resizeCount": 9,
            "focusCount": 8,
            "clickCount": 8,
            "blurCount": 0
        },
        "pageLoadTime": {
            "loadStart": 1738607400000,
            "loadEnd": 1738607400723
        },
        "productId": "TRK-TlxlcwGkl19t",
        "pathCounts": {
            "/cart": 5,
            "/home/create": 9
        }
    },
    {
        "start": 1738607400,
        "end": 1738608720,
        "bounce": {
            "isBounced": true,
            "pathname": "/frontend/index.html"
        },
        "device": "Mobile",
        "browser": "Edge",
        "location": {
            "latitude": -89.121526,
            "longitude": 41.914692
        },
        "uniqueId": "3ba5c0ca-2d1c-4d75-82b7-a2c821f2ea43",
        "pathname": "/profile",
        "language": "bem",
        "referrer": "",
        "events": {
            "loadCount": 9,
            "visibilitychangeCount": 8,
            "resizeCount": 10,
            "focusCount": 7,
            "clickCount": 2,
            "blurCount": 10
        },
        "pageLoadTime": {
            "loadStart": 1738607400000,
            "loadEnd": 1738607400010
        },
        "productId": "TRK-89olAsKyNOG7",
        "pathCounts": {
            "/profile": 2,
            "/home/dashboard": 1,
            "/settings": 10,
            "/login": 5
        }
    },
    {
        "start": 1738607400,
        "end": 1738610520,
        "bounce": {
            "isBounced": true,
            "pathname": "/frontend/index.html"
        },
        "device": "Mobile",
        "browser": "Edge",
        "location": {
            "latitude": 84.167133,
            "longitude": 171.698334
        },
        "uniqueId": "ffef8945-c190-4f95-930f-4e35c2e3a868",
        "pathname": "/home",
        "language": "lv",
        "referrer": "",
        "events": {
            "loadCount": 0,
            "visibilitychangeCount": 5,
            "resizeCount": 1,
            "focusCount": 6,
            "clickCount": 3,
            "blurCount": 7
        },
        "pageLoadTime": {
            "loadStart": 1738607400000,
            "loadEnd": 1738607400104
        },
        "productId": "TRK-Ob2CJVFgaau7",
        "pathCounts": {
            "/home/dashboard": 1,
            "/checkout": 5
        }
    },
    {
        "start": 1738607400,
        "end": 1738607820,
        "bounce": {
            "isBounced": false,
            "pathname": "/frontend/index.html"
        },
        "device": "Laptop",
        "browser": "Chrome",
        "location": {
            "latitude": -6.3086765,
            "longitude": 132.427735
        },
        "uniqueId": "d86a654c-f156-4873-9fec-b758bd53146a",
        "pathname": "/profile",
        "language": "st",
        "referrer": "",
        "events": {
            "loadCount": 10,
            "visibilitychangeCount": 2,
            "resizeCount": 4,
            "focusCount": 5,
            "clickCount": 1,
            "blurCount": 2
        },
        "pageLoadTime": {
            "loadStart": 1738607400000,
            "loadEnd": 1738607400184
        },
        "productId": "TRK-Ob2CJVFgaau7",
        "pathCounts": {
            "/profile": 6,
            "/checkout": 8,
            "/home/dashboard": 7,
            "/settings": 3
        }
    },
    {
        "start": 1738607400,
        "end": 1738610520,
        "bounce": {
            "isBounced": true,
            "pathname": "/frontend/index.html"
        },
        "device": "Desktop",
        "browser": "Safari",
        "location": {
            "latitude": -5.336037,
            "longitude": -147.415513
        },
        "uniqueId": "ffef8945-c190-4f95-930f-4e35c2e3a868",
        "pathname": "/frontend/index.html",
        "language": "ks",
        "referrer": "",
        "events": {
            "loadCount": 10,
            "visibilitychangeCount": 0,
            "resizeCount": 0,
            "focusCount": 1,
            "clickCount": 3,
            "blurCount": 6
        },
        "pageLoadTime": {
            "loadStart": 1738607400000,
            "loadEnd": 1738607400511
        },
        "productId": "TRK-89olAsKyNOG7",
        "pathCounts": {
            "/profile": 6,
            "/settings": 7,
            "/cart": 5,
            "/home/dashboard": 5
        }
    },
    {
        "start": 1738607400,
        "end": 1738610400,
        "bounce": {
            "isBounced": false,
            "pathname": "/frontend/index.html"
        },
        "device": "Laptop",
        "browser": "Edge",
        "location": {
            "latitude": -83.262557,
            "longitude": 46.64324
        },
        "uniqueId": "77f0712b-554f-4c5c-9898-14e7c77b26a0",
        "pathname": "/home",
        "language": "hr",
        "referrer": "",
        "events": {
            "loadCount": 6,
            "visibilitychangeCount": 8,
            "resizeCount": 9,
            "focusCount": 6,
            "clickCount": 3,
            "blurCount": 2
        },
        "pageLoadTime": {
            "loadStart": 1738607400000,
            "loadEnd": 1738607400169
        },
        "productId": "TRK-TlxlcwGkl19t",
        "pathCounts": {
            "/home/dashboard": 4,
            "/home": 5,
            "/home/create": 4,
            "/cart": 5
        }
    },
    {
        "start": 1738607400,
        "end": 1738607520,
        "bounce": {
            "isBounced": false,
            "pathname": "/frontend/index.html"
        },
        "device": "Desktop",
        "browser": "Safari",
        "location": {
            "latitude": -64.980682,
            "longitude": -178.727356
        },
        "uniqueId": "3ba5c0ca-2d1c-4d75-82b7-a2c821f2ea43",
        "pathname": "/dashboard",
        "language": "ks",
        "referrer": "",
        "events": {
            "loadCount": 0,
            "visibilitychangeCount": 7,
            "resizeCount": 2,
            "focusCount": 0,
            "clickCount": 10,
            "blurCount": 4
        },
        "pageLoadTime": {
            "loadStart": 1738607400000,
            "loadEnd": 1738607400567
        },
        "productId": "TRK-TlxlcwGkl19t",
        "pathCounts": {
            "/profile": 6,
            "/home": 3
        }
    }
]