[
    {
        "start": 1740249000,
        "end": 1740249540,
        "bounce": {
            "isBounced": false,
            "pathname": "/frontend/index.html"
        },
        "device": "Mobile",
        "browser": "Mozilla",
        "location": {
            "latitude": -20.0771085,
            "longitude": 35.322401
        },
        "uniqueId": "aa76de66-83a4-4c21-92f5-cfe20525387a",
        "pathname": "/settings",
        "language": "yi",
        "referrer": "",
        "events": {
            "loadCount": 6,
            "visibilitychangeCount": 5,
            "resizeCount": 9,
            "focusCount": 5,
            "clickCount": 5,
            "blurCount": 1
        },
        "pageLoadTime": {
            "loadStart": 1740249000000,
            "loadEnd": 1740249000714
        },
        "productId": "TRK-89olAsKyNOG7",
        "pathCounts": {
            "/cart": 9,
            "/profile": 10,
            "/home/create": 5,
            "/home": 10
        }
    },
    {
        "start": 1740249000,
        "end": 1740252240,
        "bounce": {
            "isBounced": true,
            "pathname": "/frontend/index.html"
        },
        "device": "Laptop",
        "browser": "Chrome",
        "location": {
            "latitude": 52.4729025,
            "longitude": 112.43643
        },
        "uniqueId": "ffef8945-c190-4f95-930f-4e35c2e3a868",
        "pathname": "/frontend/index.html",
        "language": "id",
        "referrer": "https://www.hughes-miller.org/",
        "events": {
            "loadCount": 8,
            "visibilitychangeCount": 10,
            "resizeCount": 7,
            "focusCount": 0,
            "clickCount": 8,
            "blurCount": 0
        },
        "pageLoadTime": {
            "loadStart": 1740249000000,
            "loadEnd": 1740249000525
        },
        "productId": "TRK-Ob2CJVFgaau7",
        "pathCounts": {
            "/home/dashboard": 10,
            "/login": 10,
            "/home/create": 6
        }
    },
    {
        "start": 1740249000,
        "end": 1740251280,
        "bounce": {
            "isBounced": true,
            "pathname": "/frontend/index.html"
        },
        "device": "Mobile",
        "browser": "Chrome",
        "location": {
            "latitude": 15.6502365,
            "longitude": 133.948586
        },
        "uniqueId": "37f86d6c-c234-4339-9c0f-ec3bdaab8536",
        "pathname": "/dashboard",
        "language": "os",
        "referrer": "",
        "events": {
            "loadCount": 9,
            "visibilitychangeCount": 10,
            "resizeCount": 8,
            "focusCount": 9,
            "clickCount": 10,
            "blurCount": 0
        },
        "pageLoadTime": {
            "loadStart": 1740249000000,
            "loadEnd": 1740249000021
        },
        "productId": "TRK-89olAsKyNOG7",
        "pathCounts": {
            "/home/create": 7,
            "/login": 4,
            "/home/dashboard": 4,
            "/home": 8
        }
    },
    {
        "start": 1740249000,
        "end": 1740249180,
        "bounce": {
            "isBounced": true,
            "pathname": "/frontend/index.html"
        },
        "device": "Desktop",
        "browser": "Chrome",
        "location": {
            "latitude": 29.2998065,
            "longitude": -86.392199
        },
        "uniqueId": "14ec54a1-24e9-462b-9378-3e9d812cba5a",
        "pathname": "/frontend/index.html",
        "language": "ko",
        "referrer": "",
        "events": {
            "loadCount": 10,
            "visibilitychangeCount": 0,
            "resizeCount": 2,
            "focusCount": 5,
            "clickCount": 0,
            "blurCount": 5
        },
        "pageLoadTime": {
            "loadStart": 1740249000000,
            "loadEnd": 1740249000605
        },
        "productId": "TRK-89olAsKyNOG7",
        "pathCounts": {
            "/profile": 9,
            "/home/create": 3,
            "/checkout": 10
        }
    },
    {
        "start": 1740249000,
        "end": 1740249600,
        "bounce": {
            "isBounced": true,
            "pathname": "/frontend/index.html"
        },
        "device": "Desktop",
        "browser": "Safari",
        "location": {
            "latitude": -87.608073,
            "longitude": 37.780833
        },
        "uniqueId": "3da55713-36de-4077-9d4d-626d934aafe0",
        "pathname": "/dashboard",
        "language": "nan",
        "referrer": "",
        "events": {
            "loadCount": 6,
            "visibilitychangeCount": 5,
            "resizeCount": 9,
            "focusCount": 8,
            "clickCount": 5,
            "blurCount": 1
        },
        "pageLoadTime": {
            "loadStart": 1740249000000,
            "loadEnd": 1740249000714
        },
        "productId": "TRK-Ob2CJVFgaau7",
        "pathCounts": {
            "/cart": 7,
            "/checkout": 10,
            "/home/dashboard": 7
        }
    },
    {
        "start": 1740249000,
        "end": 1740250740,
        "bounce": {
            "isBounced": false,
            "pathname": "/frontend/index.html"
        },
        "device": "Mobile",
        "browser": "Mozilla",
        "location": {
            "latitude": -14.2962105,
            "longitude": 26.938557
        },
        "uniqueId": "37f86d6c-c234-4339-9c0f-ec3bdaab8536",
        "pathname": "/frontend/index.html",
        "language": "cy",
        "referrer": "",
        "events": {
            "loadCount": 6,
            "visibilitychangeCount": 8,
            "resizeCount": 5,
            "focusCount": 5,
            "clickCount": 3,
            "blurCount": 4
        },
        "pageLoadTime": {
            "loadStart": 1740249000000,
            "loadEnd": 1740249000993
        },
        "productId": "TRK-TlxlcwGkl19t",
        "pathCounts": {
            "/settings": 5,
            "/home": 8,
            "/checkout": 10
        }
    },
    {
        "start": 1740249000,
        "end": 1740249300,
        "bounce": {
            "isBounced": true,
            "pathname": "/frontend/index.html"
        },
        "device": "Mobile",
        "browser": "Chrome",
        "location": {
            "latitude": 23.209118,
            "longitude": -63.961273
        },
        "uniqueId": "3da55713-36de-4077-9d4d-626d934aafe0",
        "pathname": "/dashboard",
        "language": "shs",
        "referrer": "http://hopkins.org/",
        "events": {
            "loadCount": 2,
            "visibilitychangeCount": 8,
            "resizeCount": 3,
            "focusCount": 8,
            "clickCount": 4,
            "blurCount": 6
        },
        "pageLoadTime": {
            "loadStart": 1740249000000,
            "loadEnd": 1740249000732
        },
        "productId": "TRK-89olAsKyNOG7",
        "pathCounts": {
            "/home/create": 6,
            "/home/dashboard": 6,
            "/profile": 4
        }
    },
    {
        "start": 1740249000,
        "end": 1740251580,
        "bounce": {
            "isBounced": false,
            "pathname": "/frontend/index.html"
        },
        "device": "Laptop",
        "browser": "Chrome",
        "location": {
            "latitude": -24.2525765,
            "longitude": 161.941877
        },
        "uniqueId": "31b1cad6-43b6-4fa7-95e5-7d79676b01e7",
        "pathname": "/frontend/index.html",
        "language": "kok",
        "referrer": "https://www.ortega.net/",
        "events": {
            "loadCount": 0,
            "visibilitychangeCount": 8,
            "resizeCount": 1,
            "focusCount": 2,
            "clickCount": 9,
            "blurCount": 8
        },
        "pageLoadTime": {
            "loadStart": 1740249000000,
            "loadEnd": 1740249000136
        },
        "productId": "TRK-Ob2CJVFgaau7",
        "pathCounts": {
            "/profile": 5,
            "/login": 7,
            "/settings": 9
        }
    },
    {
        "start": 1740249000,
        "end": 1740250620,
        "bounce": {
            "isBounced": true,
            "pathname": "/frontend/index.html"
        },
        "device": "Desktop",
        "browser": "Mozilla",
        "location": {
            "latitude": 11.808233,
            "longitude": 112.260239
        },
        "uniqueId": "37f86d6c-c234-4339-9c0f-ec3bdaab8536",
        "pathname": "/home",
        "language": "ms",
        "referrer": "",
        "events": {
            "loadCount": 8,
            "visibilitychangeCount": 8,
            "resizeCount": 8,
            "focusCount": 8,
            "clickCount": 8,
            "blurCount": 4
        },
        "pageLoadTime": {
            "loadStart": 1740249000000,
            "loadEnd": 1740249000481
        },
        "productId": "TRK-Ob2CJVFgaau7",
        "pathCounts": {
            "/home/dashboard": 3,
            "/cart": 5,
            "/profile": 1
        }
    },
    {
        "start": 1740249000,
        "end": 1740250500,
        "bounce": {
            "isBounced": true,
            "pathname": "/frontend/index.html"
        },
        "device": "Tablet",
        "browser": "Edge",
        "location": {
            "latitude": -80.1753895,
            "longitude": -67.745389
        },
        "uniqueId": "111907fd-95b7-4729-a2af-e51ad656e288",
        "pathname": "/settings",
        "language": "kk",
        "referrer": "https://simpson.com/",
        "events": {
            "loadCount": 0,
            "visibilitychangeCount": 6,
            "resizeCount": 2,
            "focusCount": 9,
            "clickCount": 1,
            "blurCount": 1
        },
        "pageLoadTime": {
            "loadStart": 1740249000000,
            "loadEnd": 1740249000240
        },
        "productId": "TRK-89olAsKyNOG7",
        "pathCounts": {
            "/profile": 10,
            "/checkout": 10,
            "/cart": 5,
            "/home": 5
        }
    },
    {
        "start": 1740249000,
        "end": 1740249900,
        "bounce": {
            "isBounced": true,
            "pathname": "/frontend/index.html"
        },
        "device": "Mobile",
        "browser": "Mozilla",
        "location": {
            "latitude": -58.7490225,
            "longitude": 88.907833
        },
        "uniqueId": "ffef8945-c190-4f95-930f-4e35c2e3a868",
        "pathname": "/frontend/index.html",
        "language": "kn",
        "referrer": "https://www.spears-singh.info/",
        "events": {
            "loadCount": 2,
            "visibilitychangeCount": 5,
            "resizeCount": 0,
            "focusCount": 4,
            "clickCount": 7,
            "blurCount": 7
        },
        "pageLoadTime": {
            "loadStart": 1740249000000,
            "loadEnd": 1740249000544
        },
        "productId": "TRK-TlxlcwGkl19t",
        "pathCounts": {
            "/checkout": 6,
            "/home": 10,
            "/profile": 7
        }
    },
    {
        "start": 1740249000,
        "end": 1740250560,
        "bounce": {
            "isBounced": true,
            "pathname": "/frontend/index.html"
        },
        "device": "Mobile",
        "browser": "Mozilla",
        "location": {
            "latitude": -33.315388,
            "longitude": -137.35898
        },
        "uniqueId": "5bde6480-0ab0-43b2-8529-ae22b458f836",
        "pathname": "/dashboard",
        "language": "zu",
        "referrer": "http://www.jimenez.info/",
        "events": {
            "loadCount": 1,
            "visibilitychangeCount": 1,
            "resizeCount": 2,
            "focusCount": 9,
            "clickCount": 1,
            "blurCount": 9
        },
        "pageLoadTime": {
            "loadStart": 1740249000000,
            "loadEnd": 1740249000482
        },
        "productId": "TRK-Ob2CJVFgaau7",
        "pathCounts": {
            "/checkout": 2,
            "/login": 1
        }
    }
]