[
    {
        "start": 1739644200,
        "end": 1739647560,
        "bounce": {
            "isBounced": true,
            "pathname": "/frontend/index.html"
        },
        "device": "Tablet",
        "browser": "Edge",
        "location": {
            "latitude": -24.2696185,
            "longitude": -31.573311
        },
        "uniqueId": "9b47b488-09f3-4d00-a56c-8c970bdfab8e",
        "pathname": "/home",
        "language": "ht",
        "referrer": "https://johnston.com/",
        "events": {
            "loadCount": 9,
            "visibilitychangeCount": 5,
            "resizeCount": 3,
            "focusCount": 4,
            "clickCount": 10,
            "blurCount": 6
        },
        "pageLoadTime": {
            "loadStart": 1739644200000,
            "loadEnd": 1739644200259
        },
        "productId": "TRK-89olAsKyNOG7",
        "pathCounts": {
            "/settings": 4,
            "/home/dashboard": 2,
            "/home/create": 7,
            "/login": 3
        }
    },
    {
        "start": 1739644200,
        "end": 1739644260,
        "bounce": {
            "isBounced": false,
            "pathname": "/frontend/index.html"
        },
        "device": "Mobile",
        "browser": "Mozilla",
        "location": {
            "latitude": 5.8012675,
            "longitude": 163.91211
        },
        "uniqueId": "14ec54a1-24e9-462b-9378-3e9d812cba5a",
        "pathname": "/settings",
        "language": "yi",
        "referrer": "",
        "events": {
            "loadCount": 2,
            "visibilitychangeCount": 0,
            "resizeCount": 5,
            "focusCount": 2,
            "clickCount": 9,
            "blurCount": 0
        },
        "pageLoadTime": {
            "loadStart": 1739644200000,
            "loadEnd": 1739644200150
        },
        "productId": "TRK-89olAsKyNOG7",
        "pathCounts": {
            "/cart": 1,
            "/settings": 4,
            "/login": 3
        }
    },
    {
        "start": 1739644200,
        "end": 1739647620,
        "bounce": {
            "isBounced": false,
            "pathname": "/frontend/index.html"
        },
        "device": "Tablet",
        "browser": "Mozilla",
        "location": {
            "latitude": -58.6891965,
            "longitude": -89.900627
        },
        "uniqueId": "80d8a76b-4c97-4a12-9ac3-02a6d37e11a9",
        "pathname": "/home",
        "language": "bhb",
        "referrer": "https://carter.org/",
        "events": {
            "loadCount": 7,
            "visibilitychangeCount": 3,
            "resizeCount": 4,
            "focusCount": 10,
            "clickCount": 5,
            "blurCount": 9
        },
        "pageLoadTime": {
            "loadStart": 1739644200000,
            "loadEnd": 1739644200548
        },
        "productId": "TRK-TlxlcwGkl19t",
        "pathCounts": {
            "/cart": 5,
            "/home/dashboard": 9,
            "/profile": 5
        }
    },
    {
        "start": 1739644200,
        "end": 1739644860,
        "bounce": {
            "isBounced": true,
            "pathname": "/frontend/index.html"
        },
        "device": "Desktop",
        "browser": "Safari",
        "location": {
            "latitude": 30.296966,
            "longitude": 13.859741
        },
        "uniqueId": "ca9d1f5f-925b-4a59-b362-4703a75ad77c",
        "pathname": "/profile",
        "language": "br",
        "referrer": "https://walker.info/",
        "events": {
            "loadCount": 6,
            "visibilitychangeCount": 6,
            "resizeCount": 5,
            "focusCount": 6,
            "clickCount": 3,
            "blurCount": 10
        },
        "pageLoadTime": {
            "loadStart": 1739644200000,
            "loadEnd": 1739644200669
        },
        "productId": "TRK-Ob2CJVFgaau7",
        "pathCounts": {
            "/settings": 4,
            "/login": 3,
            "/home": 4,
            "/profile": 9
        }
    },
    {
        "start": 1739644200,
        "end": 1739647740,
        "bounce": {
            "isBounced": false,
            "pathname": "/frontend/index.html"
        },
        "device": "Desktop",
        "browser": "Chrome",
        "location": {
            "latitude": 72.447623,
            "longitude": -55.199305
        },
        "uniqueId": "aa76de66-83a4-4c21-92f5-cfe20525387a",
        "pathname": "/profile",
        "language": "pl",
        "referrer": "https://www.adams-pittman.net/",
        "events": {
            "loadCount": 4,
            "visibilitychangeCount": 3,
            "resizeCount": 2,
            "focusCount": 1,
            "clickCount": 7,
            "blurCount": 2
        },
        "pageLoadTime": {
            "loadStart": 1739644200000,
            "loadEnd": 1739644200958
        },
        "productId": "TRK-Ob2CJVFgaau7",
        "pathCounts": {
            "/login": 8,
            "/cart": 2,
            "/home": 7
        }
    },
    {
        "start": 1739644200,
        "end": 1739645460,
        "bounce": {
            "isBounced": false,
            "pathname": "/frontend/index.html"
        },
        "device": "Mobile",
        "browser": "Safari",
        "location": {
            "latitude": -1.888555,
            "longitude": -7.484633
        },
        "uniqueId": "625ea2f3-d6f3-47f0-abd3-a204ea4eb491",
        "pathname": "/frontend/index.html",
        "language": "shs",
        "referrer": "http://banks.biz/",
        "events": {
            "loadCount": 4,
            "visibilitychangeCount": 2,
            "resizeCount": 6,
            "focusCount": 4,
            "clickCount": 3,
            "blurCount": 3
        },
        "pageLoadTime": {
            "loadStart": 1739644200000,
            "loadEnd": 1739644200986
        },
        "productId": "TRK-Ob2CJVFgaau7",
        "pathCounts": {
            "/settings": 9,
            "/cart": 5,
            "/home/create": 2,
            "/login": 4
        }
    },
    {
        "start": 1739644200,
        "end": 1739645280,
        "bounce": {
            "isBounced": false,
            "pathname": "/frontend/index.html"
        },
        "device": "Tablet",
        "browser": "Chrome",
        "location": {
            "latitude": -71.3660305,
            "longitude": 36.418107
        },
        "uniqueId": "625ea2f3-d6f3-47f0-abd3-a204ea4eb491",
        "pathname": "/settings",
        "language": "st",
        "referrer": "https://www.strickland.org/",
        "events": {
            "loadCount": 9,
            "visibilitychangeCount": 9,
            "resizeCount": 7,
            "focusCount": 2,
            "clickCount": 8,
            "blurCount": 4
        },
        "pageLoadTime": {
            "loadStart": 1739644200000,
            "loadEnd": 1739644200841
        },
        "productId": "TRK-Ob2CJVFgaau7",
        "pathCounts": {
            "/settings": 10,
            "/checkout": 5,
            "/cart": 6,
            "/profile": 2
        }
    },
    {
        "start": 1739644200,
        "end": 1739645640,
        "bounce": {
            "isBounced": false,
            "pathname": "/frontend/index.html"
        },
        "device": "Tablet",
        "browser": "Chrome",
        "location": {
            "latitude": 67.079701,
            "longitude": 136.001334
        },
        "uniqueId": "f9c7e851-4d89-46ce-8678-25b88916a574",
        "pathname": "/settings",
        "language": "hy",
        "referrer": "",
        "events": {
            "loadCount": 5,
            "visibilitychangeCount": 9,
            "resizeCount": 7,
            "focusCount": 0,
            "clickCount": 6,
            "blurCount": 8
        },
        "pageLoadTime": {
            "loadStart": 1739644200000,
            "loadEnd": 1739644200101
        },
        "productId": "TRK-TlxlcwGkl19t",
        "pathCounts": {
            "/cart": 5,
            "/home/create": 4,
            "/login": 5,
            "/settings": 3,
            "/home": 2
        }
    },
    {
        "start": 1739644200,
        "end": 1739645460,
        "bounce": {
            "isBounced": true,
            "pathname": "/frontend/index.html"
        },
        "device": "Mobile",
        "browser": "Chrome",
        "location": {
            "latitude": -17.0533755,
            "longitude": 62.300167
        },
        "uniqueId": "37f86d6c-c234-4339-9c0f-ec3bdaab8536",
        "pathname": "/home",
        "language": "gl",
        "referrer": "http://www.carpenter-watson.org/",
        "events": {
            "loadCount": 3,
            "visibilitychangeCount": 10,
            "resizeCount": 4,
            "focusCount": 7,
            "clickCount": 9,
            "blurCount": 10
        },
        "pageLoadTime": {
            "loadStart": 1739644200000,
            "loadEnd": 1739644200463
        },
        "productId": "TRK-Ob2CJVFgaau7",
        "pathCounts": {
            "/checkout": 7,
            "/login": 4,
            "/home/create": 6
        }
    },
    {
        "start": 1739644200,
        "end": 1739645700,
        "bounce": {
            "isBounced": false,
            "pathname": "/frontend/index.html"
        },
        "device": "Desktop",
        "browser": "Edge",
        "location": {
            "latitude": 74.3642445,
            "longitude": 29.889293
        },
        "uniqueId": "31b1cad6-43b6-4fa7-95e5-7d79676b01e7",
        "pathname": "/home",
        "language": "ha",
        "referrer": "https://taylor.com/",
        "events": {
            "loadCount": 3,
            "visibilitychangeCount": 9,
            "resizeCount": 1,
            "focusCount": 2,
            "clickCount": 5,
            "blurCount": 9
        },
        "pageLoadTime": {
            "loadStart": 1739644200000,
            "loadEnd": 1739644200505
        },
        "productId": "TRK-Ob2CJVFgaau7",
        "pathCounts": {
            "/checkout": 10,
            "/home/create": 9,
            "/profile": 3,
            "/cart": 2
        }
    },
    {
        "start": 1739644200,
        "end": 1739644620,
        "bounce": {
            "isBounced": false,
            "pathname": "/frontend/index.html"
        },
        "device": "Mobile",
        "browser": "Chrome",
        "location": {
            "latitude": 76.69274,
            "longitude": -154.612307
        },
        "uniqueId": "111907fd-95b7-4729-a2af-e51ad656e288",
        "pathname": "/dashboard",
        "language": "se",
        "referrer": "",
        "events": {
            "loadCount": 3,
            "visibilitychangeCount": 7,
            "resizeCount": 4,
            "focusCount": 6,
            "clickCount": 10,
            "blurCount": 7
        },
        "pageLoadTime": {
            "loadStart": 1739644200000,
            "loadEnd": 1739644200775
        },
        "productId": "TRK-Ob2CJVFgaau7",
        "pathCounts": {
            "/profile": 1,
            "/home": 1
        }
    }
]