[
    {
        "start": 1738434600,
        "end": 1738437480,
        "bounce": {
            "isBounced": true,
            "pathname": "/frontend/index.html"
        },
        "device": "Mobile",
        "browser": "Edge",
        "location": {
            "latitude": -29.3374365,
            "longitude": -15.932606
        },
        "uniqueId": "3ba5c0ca-2d1c-4d75-82b7-a2c821f2ea43",
        "pathname": "/settings",
        "language": "el",
        "referrer": "http://www.parsons-kramer.com/",
        "events": {
            "loadCount": 1,
            "visibilitychangeCount": 3,
            "resizeCount": 3,
            "focusCount": 4,
            "clickCount": 9,
            "blurCount": 9
        },
        "pageLoadTime": {
            "loadStart": 1738434600000,
            "loadEnd": 1738434600625
        },
        "productId": "TRK-89olAsKyNOG7",
        "pathCounts": {
            "/checkout": 2,
            "/home/create": 10
        }
    },
    {
        "start": 1738434600,
        "end": 1738435200,
        "bounce": {
            "isBounced": false,
            "pathname": "/frontend/index.html"
        },
        "device": "Mobile",
        "browser": "Edge",
        "location": {
            "latitude": -76.7334825,
            "longitude": -130.33462
        },
        "uniqueId": "9b47b488-09f3-4d00-a56c-8c970bdfab8e",
        "pathname": "/profile",
        "language": "sd",
        "referrer": "https://www.willis.com/",
        "events": {
            "loadCount": 4,
            "visibilitychangeCount": 8,
            "resizeCount": 3,
            "focusCount": 8,
            "clickCount": 9,
            "blurCount": 10
        },
        "pageLoadTime": {
            "loadStart": 1738434600000,
            "loadEnd": 1738434600118
        },
        "productId": "TRK-TlxlcwGkl19t",
        "pathCounts": {
            "/cart": 4,
            "/profile": 8,
            "/checkout": 1,
            "/settings": 6,
            "/login": 5,
            "/home/dashboard": 8
        }
    },
    {
        "start": 1738434600,
        "end": 1738437900,
        "bounce": {
            "isBounced": false,
            "pathname": "/frontend/index.html"
        },
        "device": "Desktop",
        "browser": "Edge",
        "location": {
            "latitude": 19.8587715,
            "longitude": 29.995995
        },
        "uniqueId": "31b1cad6-43b6-4fa7-95e5-7d79676b01e7",
        "pathname": "/dashboard",
        "language": "tig",
        "referrer": "https://gonzalez-gray.info/",
        "events": {
            "loadCount": 10,
            "visibilitychangeCount": 5,
            "resizeCount": 4,
            "focusCount": 5,
            "clickCount": 9,
            "blurCount": 10
        },
        "pageLoadTime": {
            "loadStart": 1738434600000,
            "loadEnd": 1738434600286
        },
        "productId": "TRK-Ob2CJVFgaau7",
        "pathCounts": {
            "/home/create": 9,
            "/profile": 2,
            "/checkout": 7
        }
    },
    {
        "start": 1738434600,
        "end": 1738437720,
        "bounce": {
            "isBounced": false,
            "pathname": "/frontend/index.html"
        },
        "device": "Tablet",
        "browser": "Mozilla",
        "location": {
            "latitude": -55.106085,
            "longitude": 10.675285
        },
        "uniqueId": "d86a654c-f156-4873-9fec-b758bd53146a",
        "pathname": "/profile",
        "language": "nl",
        "referrer": "",
        "events": {
            "loadCount": 9,
            "visibilitychangeCount": 2,
            "resizeCount": 2,
            "focusCount": 9,
            "clickCount": 8,
            "blurCount": 3
        },
        "pageLoadTime": {
            "loadStart": 1738434600000,
            "loadEnd": 1738434600402
        },
        "productId": "TRK-Ob2CJVFgaau7",
        "pathCounts": {
            "/checkout": 3,
            "/home": 9,
            "/home/create": 10
        }
    },
    {
        "start": 1738434600,
        "end": 1738437660,
        "bounce": {
            "isBounced": true,
            "pathname": "/frontend/index.html"
        },
        "device": "Mobile",
        "browser": "Chrome",
        "location": {
            "latitude": -58.560639,
            "longitude": 116.105554
        },
        "uniqueId": "4f113d91-1e3e-46f7-a9ca-95f02de96297",
        "pathname": "/frontend/index.html",
        "language": "gv",
        "referrer": "",
        "events": {
            "loadCount": 0,
            "visibilitychangeCount": 4,
            "resizeCount": 6,
            "focusCount": 9,
            "clickCount": 7,
            "blurCount": 8
        },
        "pageLoadTime": {
            "loadStart": 1738434600000,
            "loadEnd": 1738434600261
        },
        "productId": "TRK-TlxlcwGkl19t",
        "pathCounts": {
            "/profile": 10,
            "/checkout": 2,
            "/home/dashboard": 3,
            "/cart": 4
        }
    },
    {
        "start": 1738434600,
        "end": 1738436040,
        "bounce": {
            "isBounced": false,
            "pathname": "/frontend/index.html"
        },
        "device": "Laptop",
        "browser": "Chrome",
        "location": {
            "latitude": -68.816841,
            "longitude": 50.168137
        },
        "uniqueId": "77f0712b-554f-4c5c-9898-14e7c77b26a0",
        "pathname": "/frontend/index.html",
        "language": "as",
        "referrer": "",
        "events": {
            "loadCount": 4,
            "visibilitychangeCount": 6,
            "resizeCount": 7,
            "focusCount": 7,
            "clickCount": 4,
            "blurCount": 6
        },
        "pageLoadTime": {
            "loadStart": 1738434600000,
            "loadEnd": 1738434600377
        },
        "productId": "TRK-TlxlcwGkl19t",
        "pathCounts": {
            "/home": 10,
            "/cart": 6,
            "/home/create": 10
        }
    },
    {
        "start": 1738434600,
        "end": 1738437660,
        "bounce": {
            "isBounced": true,
            "pathname": "/frontend/index.html"
        },
        "device": "Mobile",
        "browser": "Edge",
        "location": {
            "latitude": 49.603004,
            "longitude": 66.281443
        },
        "uniqueId": "4f113d91-1e3e-46f7-a9ca-95f02de96297",
        "pathname": "/profile",
        "language": "se",
        "referrer": "https://smith-allen.com/",
        "events": {
            "loadCount": 4,
            "visibilitychangeCount": 10,
            "resizeCount": 7,
            "focusCount": 8,
            "clickCount": 5,
            "blurCount": 8
        },
        "pageLoadTime": {
            "loadStart": 1738434600000,
            "loadEnd": 1738434600432
        },
        "productId": "TRK-89olAsKyNOG7",
        "pathCounts": {
            "/profile": 2,
            "/cart": 6,
            "/settings": 4
        }
    },
    {
        "start": 1738434600,
        "end": 1738435020,
        "bounce": {
            "isBounced": false,
            "pathname": "/frontend/index.html"
        },
        "device": "Mobile",
        "browser": "Edge",
        "location": {
            "latitude": -57.2882295,
            "longitude": 24.760239
        },
        "uniqueId": "77f0712b-554f-4c5c-9898-14e7c77b26a0",
        "pathname": "/settings",
        "language": "nn",
        "referrer": "http://sloan-lewis.com/",
        "events": {
            "loadCount": 2,
            "visibilitychangeCount": 2,
            "resizeCount": 8,
            "focusCount": 6,
            "clickCount": 7,
            "blurCount": 6
        },
        "pageLoadTime": {
            "loadStart": 1738434600000,
            "loadEnd": 1738434600247
        },
        "productId": "TRK-TlxlcwGkl19t",
        "pathCounts": {
            "/home/dashboard": 4,
            "/home/create": 10,
            "/profile": 6,
            "/home": 2
        }
    },
    {
        "start": 1738434600,
        "end": 1738438140,
        "bounce": {
            "isBounced": false,
            "pathname": "/frontend/index.html"
        },
        "device": "Tablet",
        "browser": "Mozilla",
        "location": {
            "latitude": -24.3990165,
            "longitude": -60.108861
        },
        "uniqueId": "37f86d6c-c234-4339-9c0f-ec3bdaab8536",
        "pathname": "/profile",
        "language": "sl",
        "referrer": "",
        "events": {
            "loadCount": 2,
            "visibilitychangeCount": 7,
            "resizeCount": 5,
            "focusCount": 0,
            "clickCount": 6,
            "blurCount": 6
        },
        "pageLoadTime": {
            "loadStart": 1738434600000,
            "loadEnd": 1738434600692
        },
        "productId": "TRK-TlxlcwGkl19t",
        "pathCounts": {
            "/cart": 9,
            "/home/create": 9,
            "/settings": 2
        }
    },
    {
        "start": 1738434600,
        "end": 1738437540,
        "bounce": {
            "isBounced": false,
            "pathname": "/frontend/index.html"
        },
        "device": "Mobile",
        "browser": "Mozilla",
        "location": {
            "latitude": -53.115159,
            "longitude": -113.133673
        },
        "uniqueId": "77f0712b-554f-4c5c-9898-14e7c77b26a0",
        "pathname": "/home",
        "language": "ml",
        "referrer": "http://www.hansen.biz/",
        "events": {
            "loadCount": 3,
            "visibilitychangeCount": 5,
            "resizeCount": 3,
            "focusCount": 7,
            "clickCount": 8,
            "blurCount": 7
        },
        "pageLoadTime": {
            "loadStart": 1738434600000,
            "loadEnd": 1738434600450
        },
        "productId": "TRK-TlxlcwGkl19t",
        "pathCounts": {
            "/login": 5,
            "/home/dashboard": 3,
            "/home/create": 2,
            "/checkout": 9
        }
    },
    {
        "start": 1738434600,
        "end": 1738437780,
        "bounce": {
            "isBounced": true,
            "pathname": "/frontend/index.html"
        },
        "device": "Mobile",
        "browser": "Edge",
        "location": {
            "latitude": 70.569664,
            "longitude": -3.974762
        },
        "uniqueId": "80d8a76b-4c97-4a12-9ac3-02a6d37e11a9",
        "pathname": "/profile",
        "language": "ka",
        "referrer": "http://www.carter-dyer.org/",
        "events": {
            "loadCount": 6,
            "visibilitychangeCount": 6,
            "resizeCount": 3,
            "focusCount": 10,
            "clickCount": 4,
            "blurCount": 0
        },
        "pageLoadTime": {
            "loadStart": 1738434600000,
            "loadEnd": 1738434600715
        },
        "productId": "TRK-Ob2CJVFgaau7",
        "pathCounts": {
            "/cart": 9,
            "/home/create": 1,
            "/profile": 1,
            "/checkout": 6
        }
    },
    {
        "start": 1738434600,
        "end": 1738435980,
        "bounce": {
            "isBounced": true,
            "pathname": "/frontend/index.html"
        },
        "device": "Desktop",
        "browser": "Safari",
        "location": {
            "latitude": -34.6856325,
            "longitude": 2.428736
        },
        "uniqueId": "f9c7e851-4d89-46ce-8678-25b88916a574",
        "pathname": "/settings",
        "language": "an",
        "referrer": "https://gonzalez-christian.org/",
        "events": {
            "loadCount": 0,
            "visibilitychangeCount": 4,
            "resizeCount": 2,
            "focusCount": 9,
            "clickCount": 8,
            "blurCount": 10
        },
        "pageLoadTime": {
            "loadStart": 1738434600000,
            "loadEnd": 1738434600631
        },
        "productId": "TRK-89olAsKyNOG7",
        "pathCounts": {
            "/home": 9,
            "/home/create": 3
        }
    }
]