[
    {
        "start": 1738261800,
        "end": 1738264980,
        "bounce": {
            "isBounced": true,
            "pathname": "/frontend/index.html"
        },
        "device": "Laptop",
        "browser": "Mozilla",
        "location": {
            "latitude": -68.5636445,
            "longitude": -74.336272
        },
        "uniqueId": "3da55713-36de-4077-9d4d-626d934aafe0",
        "pathname": "/dashboard",
        "language": "gez",
        "referrer": "http://www.harris.org/",
        "events": {
            "loadCount": 6,
            "visibilitychangeCount": 1,
            "resizeCount": 4,
            "focusCount": 3,
            "clickCount": 7,
            "blurCount": 8
        },
        "pageLoadTime": {
            "loadStart": 1738261800000,
            "loadEnd": 1738261800530
        },
        "productId": "TRK-TlxlcwGkl19t",
        "pathCounts": {
            "/home": 10,
            "/checkout": 1,
            "/home/create": 6,
            "/profile": 8
        }
    },
    {
        "start": 1738261800,
        "end": 1738264380,
        "bounce": {
            "isBounced": false,
            "pathname": "/frontend/index.html"
        },
        "device": "Desktop",
        "browser": "Mozilla",
        "location": {
            "latitude": -56.8224365,
            "longitude": -16.714783
        },
        "uniqueId": "9ce1bf0b-8366-40e1-b77c-9493a981c91b",
        "pathname": "/dashboard",
        "language": "wal",
        "referrer": "",
        "events": {
            "loadCount": 2,
            "visibilitychangeCount": 5,
            "resizeCount": 0,
            "focusCount": 9,
            "clickCount": 10,
            "blurCount": 10
        },
        "pageLoadTime": {
            "loadStart": 1738261800000,
            "loadEnd": 1738261800965
        },
        "productId": "TRK-TlxlcwGkl19t",
        "pathCounts": {
            "/home/create": 8,
            "/cart": 6
        }
    },
    {
        "start": 1738261800,
        "end": 1738264860,
        "bounce": {
            "isBounced": false,
            "pathname": "/frontend/index.html"
        },
        "device": "Mobile",
        "browser": "Edge",
        "location": {
            "latitude": 23.5460265,
            "longitude": 149.455285
        },
        "uniqueId": "aa76de66-83a4-4c21-92f5-cfe20525387a",
        "pathname": "/frontend/index.html",
        "language": "et",
        "referrer": "http://www.matthews.net/",
        "events": {
            "loadCount": 2,
            "visibilitychangeCount": 6,
            "resizeCount": 4,
            "focusCount": 5,
            "clickCount": 1,
            "blurCount": 2
        },
        "pageLoadTime": {
            "loadStart": 1738261800000,
            "loadEnd": 1738261800532
        },
        "productId": "TRK-Ob2CJVFgaau7",
        "pathCounts": {
            "/home/dashboard": 6,
            "/checkout": 8,
            "/home/create": 5,
            "/profile": 2,
            "/cart": 9
        }
    },
    {
        "start": 1738261800,
        "end": 1738265400,
        "bounce": {
            "isBounced": false,
            "pathname": "/frontend/index.html"
        },
        "device": "Tablet",
        "browser": "Chrome",
        "location": {
            "latitude": -16.602436,
            "longitude": -168.985942
        },
        "uniqueId": "5bde6480-0ab0-43b2-8529-ae22b458f836",
        "pathname": "/dashboard",
        "language": "fy",
        "referrer": "",
        "events": {
            "loadCount": 8,
            "visibilitychangeCount": 1,
            "resizeCount": 7,
            "focusCount": 7,
            "clickCount": 3,
            "blurCount": 9
        },
        "pageLoadTime": {
            "loadStart": 1738261800000,
            "loadEnd": 1738261800738
        },
        "productId": "TRK-89olAsKyNOG7",
        "pathCounts": {
            "/checkout": 4,
            "/settings": 7,
            "/login": 8,
            "/profile": 9
        }
    },
    {
        "start": 1738261800,
        "end": 1738264020,
        "bounce": {
            "isBounced": true,
            "pathname": "/frontend/index.html"
        },
        "device": "Tablet",
        "browser": "Mozilla",
        "location": {
            "latitude": 49.329633,
            "longitude": 108.487327
        },
        "uniqueId": "d86a654c-f156-4873-9fec-b758bd53146a",
        "pathname": "/settings",
        "language": "pap",
        "referrer": "",
        "events": {
            "loadCount": 2,
            "visibilitychangeCount": 2,
            "resizeCount": 10,
            "focusCount": 2,
            "clickCount": 6,
            "blurCount": 1
        },
        "pageLoadTime": {
            "loadStart": 1738261800000,
            "loadEnd": 1738261800891
        },
        "productId": "TRK-Ob2CJVFgaau7",
        "pathCounts": {
            "/settings": 1,
            "/home/dashboard": 5,
            "/cart": 1,
            "/checkout": 6,
            "/home": 6
        }
    },
    {
        "start": 1738261800,
        "end": 1738265040,
        "bounce": {
            "isBounced": true,
            "pathname": "/frontend/index.html"
        },
        "device": "Mobile",
        "browser": "Chrome",
        "location": {
            "latitude": -84.050216,
            "longitude": 69.092109
        },
        "uniqueId": "f25d6d08-ed4a-4680-b7e3-94d4b30207df",
        "pathname": "/dashboard",
        "language": "mni",
        "referrer": "https://www.phillips.com/",
        "events": {
            "loadCount": 9,
            "visibilitychangeCount": 4,
            "resizeCount": 5,
            "focusCount": 1,
            "clickCount": 3,
            "blurCount": 5
        },
        "pageLoadTime": {
            "loadStart": 1738261800000,
            "loadEnd": 1738261800117
        },
        "productId": "TRK-TlxlcwGkl19t",
        "pathCounts": {
            "/cart": 10,
            "/home/dashboard": 8,
            "/settings": 6,
            "/profile": 4
        }
    },
    {
        "start": 1738261800,
        "end": 1738262880,
        "bounce": {
            "isBounced": false,
            "pathname": "/frontend/index.html"
        },
        "device": "Tablet",
        "browser": "Chrome",
        "location": {
            "latitude": -11.697709,
            "longitude": -135.575454
        },
        "uniqueId": "9ce1bf0b-8366-40e1-b77c-9493a981c91b",
        "pathname": "/dashboard",
        "language": "pl",
        "referrer": "https://chen-garcia.info/",
        "events": {
            "loadCount": 8,
            "visibilitychangeCount": 10,
            "resizeCount": 10,
            "focusCount": 4,
            "clickCount": 0,
            "blurCount": 4
        },
        "pageLoadTime": {
            "loadStart": 1738261800000,
            "loadEnd": 1738261800898
        },
        "productId": "TRK-TlxlcwGkl19t",
        "pathCounts": {
            "/settings": 2,
            "/login": 6,
            "/checkout": 8,
            "/home": 4
        }
    },
    {
        "start": 1738261800,
        "end": 1738264800,
        "bounce": {
            "isBounced": false,
            "pathname": "/frontend/index.html"
        },
        "device": "Mobile",
        "browser": "Chrome",
        "location": {
            "latitude": -75.032452,
            "longitude": -92.806678
        },
        "uniqueId": "9ce1bf0b-8366-40e1-b77c-9493a981c91b",
        "pathname": "/settings",
        "language": "eu",
        "referrer": "",
        "events": {
            "loadCount": 2,
            "visibilitychangeCount": 3,
            "resizeCount": 3,
            "focusCount": 9,
            "clickCount": 7,
            "blurCount": 1
        },
        "pageLoadTime": {
            "loadStart": 1738261800000,
            "loadEnd": 1738261800394
        },
        "productId": "TRK-Ob2CJVFgaau7",
        "pathCounts": {
            "/home/create": 2,
            "/settings": 1,
            "/profile": 1,
            "/home": 9
        }
    },
    {
        "start": 1738261800,
        "end": 1738262220,
        "bounce": {
            "isBounced": false,
            "pathname": "/frontend/index.html"
        },
        "device": "Tablet",
        "browser": "Safari",
        "location": {
            "latitude": 70.1765595,
            "longitude": 4.534401
        },
        "uniqueId": "80d8a76b-4c97-4a12-9ac3-02a6d37e11a9",
        "pathname": "/dashboard",
        "language": "dz",
        "referrer": "",
        "events": {
            "loadCount": 4,
            "visibilitychangeCount": 7,
            "resizeCount": 5,
            "focusCount": 3,
            "clickCount": 9,
            "blurCount": 4
        },
        "pageLoadTime": {
            "loadStart": 1738261800000,
            "loadEnd": 1738261800176
        },
        "productId": "TRK-TlxlcwGkl19t",
        "pathCounts": {
            "/cart": 4,
            "/home/create": 2,
            "/home/dashboard": 10,
            "/checkout": 2,
            "/login": 10
        }
    },
    {
        "start": 1738261800,
        "end": 1738263000,
        "bounce": {
            "isBounced": false,
            "pathname": "/frontend/index.html"
        },
        "device": "Laptop",
        "browser": "Edge",
        "location": {
            "latitude": 13.432081,
            "longitude": -83.696972
        },
        "uniqueId": "31b1cad6-43b6-4fa7-95e5-7d79676b01e7",
        "pathname": "/profile",
        "language": "tn",
        "referrer": "https://www.gregory.org/",
        "events": {
            "loadCount": 9,
            "visibilitychangeCount": 10,
            "resizeCount": 10,
            "focusCount": 8,
            "clickCount": 6,
            "blurCount": 4
        },
        "pageLoadTime": {
            "loadStart": 1738261800000,
            "loadEnd": 1738261800788
        },
        "productId": "TRK-Ob2CJVFgaau7",
        "pathCounts": {
            "/cart": 5,
            "/profile": 4,
            "/checkout": 2
        }
    },
    {
        "start": 1738261800,
        "end": 1738261980,
        "bounce": {
            "isBounced": false,
            "pathname": "/frontend/index.html"
        },
        "device": "Laptop",
        "browser": "Chrome",
        "location": {
            "latitude": 53.943788,
            "longitude": 141.853298
        },
        "uniqueId": "ca9d1f5f-925b-4a59-b362-4703a75ad77c",
        "pathname": "/profile",
        "language": "ro",
        "referrer": "https://www.solis-vasquez.com/",
        "events": {
            "loadCount": 9,
            "visibilitychangeCount": 2,
            "resizeCount": 5,
            "focusCount": 1,
            "clickCount": 5,
            "blurCount": 1
        },
        "pageLoadTime": {
            "loadStart": 1738261800000,
            "loadEnd": 1738261800228
        },
        "productId": "TRK-Ob2CJVFgaau7",
        "pathCounts": {
            "/home": 6,
            "/checkout": 3,
            "/login": 10
        }
    },
    {
        "start": 1738261800,
        "end": 1738263360,
        "bounce": {
            "isBounced": false,
            "pathname": "/frontend/index.html"
        },
        "device": "Laptop",
        "browser": "Edge",
        "location": {
            "latitude": 73.502813,
            "longitude": 151.947594
        },
        "uniqueId": "3ba5c0ca-2d1c-4d75-82b7-a2c821f2ea43",
        "pathname": "/frontend/index.html",
        "language": "ku",
        "referrer": "",
        "events": {
            "loadCount": 10,
            "visibilitychangeCount": 6,
            "resizeCount": 0,
            "focusCount": 4,
            "clickCount": 2,
            "blurCount": 0
        },
        "pageLoadTime": {
            "loadStart": 1738261800000,
            "loadEnd": 1738261800989
        },
        "productId": "TRK-Ob2CJVFgaau7",
        "pathCounts": {
            "/home/dashboard": 8,
            "/home/create": 9,
            "/profile": 9
        }
    },
    {
        "start": 1738261800,
        "end": 1738265400,
        "bounce": {
            "isBounced": true,
            "pathname": "/frontend/index.html"
        },
        "device": "Laptop",
        "browser": "Safari",
        "location": {
            "latitude": -62.5068425,
            "longitude": -109.751664
        },
        "uniqueId": "ca9d1f5f-925b-4a59-b362-4703a75ad77c",
        "pathname": "/dashboard",
        "language": "ps",
        "referrer": "",
        "events": {
            "loadCount": 0,
            "visibilitychangeCount": 1,
            "resizeCount": 7,
            "focusCount": 4,
            "clickCount": 7,
            "blurCount": 3
        },
        "pageLoadTime": {
            "loadStart": 1738261800000,
            "loadEnd": 1738261800609
        },
        "productId": "TRK-89olAsKyNOG7",
        "pathCounts": {
            "/profile": 4,
            "/home/create": 7,
            "/login": 10
        }
    },
    {
        "start": 1738261800,
        "end": 1738262460,
        "bounce": {
            "isBounced": true,
            "pathname": "/frontend/index.html"
        },
        "device": "Laptop",
        "browser": "Safari",
        "location": {
            "latitude": 71.689659,
            "longitude": 160.722326
        },
        "uniqueId": "3da55713-36de-4077-9d4d-626d934aafe0",
        "pathname": "/dashboard",
        "language": "hu",
        "referrer": "",
        "events": {
            "loadCount": 4,
            "visibilitychangeCount": 5,
            "resizeCount": 6,
            "focusCount": 10,
            "clickCount": 5,
            "blurCount": 9
        },
        "pageLoadTime": {
            "loadStart": 1738261800000,
            "loadEnd": 1738261800436
        },
        "productId": "TRK-Ob2CJVFgaau7",
        "pathCounts": {
            "/home/dashboard": 10,
            "/login": 1,
            "/profile": 4,
            "/home/create": 10,
            "/cart": 10
        }
    },
    {
        "start": 1738261800,
        "end": 1738264740,
        "bounce": {
            "isBounced": false,
            "pathname": "/frontend/index.html"
        },
        "device": "Tablet",
        "browser": "Edge",
        "location": {
            "latitude": 86.2913675,
            "longitude": 40.807724
        },
        "uniqueId": "31b1cad6-43b6-4fa7-95e5-7d79676b01e7",
        "pathname": "/profile",
        "language": "an",
        "referrer": "http://sanchez.com/",
        "events": {
            "loadCount": 4,
            "visibilitychangeCount": 8,
            "resizeCount": 10,
            "focusCount": 4,
            "clickCount": 6,
            "blurCount": 9
        },
        "pageLoadTime": {
            "loadStart": 1738261800000,
            "loadEnd": 1738261800353
        },
        "productId": "TRK-89olAsKyNOG7",
        "pathCounts": {
            "/checkout": 10,
            "/profile": 5,
            "/cart": 6
        }
    },
    {
        "start": 1738261800,
        "end": 1738264380,
        "bounce": {
            "isBounced": false,
            "pathname": "/frontend/index.html"
        },
        "device": "Desktop",
        "browser": "Chrome",
        "location": {
            "latitude": 89.7448735,
            "longitude": -45.949053
        },
        "uniqueId": "3ba5c0ca-2d1c-4d75-82b7-a2c821f2ea43",
        "pathname": "/profile",
        "language": "tr",
        "referrer": "http://waller.biz/",
        "events": {
            "loadCount": 10,
            "visibilitychangeCount": 2,
            "resizeCount": 0,
            "focusCount": 3,
            "clickCount": 1,
            "blurCount": 3
        },
        "pageLoadTime": {
            "loadStart": 1738261800000,
            "loadEnd": 1738261800840
        },
        "productId": "TRK-Ob2CJVFgaau7",
        "pathCounts": {
            "/login": 1,
            "/home/create": 7,
            "/home": 7,
            "/profile": 10,
            "/cart": 4
        }
    },
    {
        "start": 1738261800,
        "end": 1738262820,
        "bounce": {
            "isBounced": false,
            "pathname": "/frontend/index.html"
        },
        "device": "Desktop",
        "browser": "Edge",
        "location": {
            "latitude": -70.4443895,
            "longitude": 86.200848
        },
        "uniqueId": "f25d6d08-ed4a-4680-b7e3-94d4b30207df",
        "pathname": "/settings",
        "language": "vi",
        "referrer": "",
        "events": {
            "loadCount": 6,
            "visibilitychangeCount": 2,
            "resizeCount": 5,
            "focusCount": 6,
            "clickCount": 1,
            "blurCount": 8
        },
        "pageLoadTime": {
            "loadStart": 1738261800000,
            "loadEnd": 1738261800807
        },
        "productId": "TRK-TlxlcwGkl19t",
        "pathCounts": {
            "/home/dashboard": 9,
            "/home/create": 2
        }
    },
    {
        "start": 1738261800,
        "end": 1738264260,
        "bounce": {
            "isBounced": false,
            "pathname": "/frontend/index.html"
        },
        "device": "Desktop",
        "browser": "Chrome",
        "location": {
            "latitude": -72.535468,
            "longitude": 172.616041
        },
        "uniqueId": "625ea2f3-d6f3-47f0-abd3-a204ea4eb491",
        "pathname": "/home",
        "language": "lt",
        "referrer": "",
        "events": {
            "loadCount": 7,
            "visibilitychangeCount": 2,
            "resizeCount": 7,
            "focusCount": 0,
            "clickCount": 5,
            "blurCount": 10
        },
        "pageLoadTime": {
            "loadStart": 1738261800000,
            "loadEnd": 1738261800599
        },
        "productId": "TRK-TlxlcwGkl19t",
        "pathCounts": {
            "/home": 9,
            "/home/create": 2,
            "/home/dashboard": 10,
            "/cart": 5
        }
    },
    {
        "start": 1738261800,
        "end": 1738264140,
        "bounce": {
            "isBounced": false,
            "pathname": "/frontend/index.html"
        },
        "device": "Tablet",
        "browser": "Edge",
        "location": {
            "latitude": 0.1077315,
            "longitude": 161.127762
        },
        "uniqueId": "aca50ebd-2a70-41b2-a3f9-1a2deecc8322",
        "pathname": "/profile",
        "language": "hi",
        "referrer": "http://brown-mccarthy.com/",
        "events": {
            "loadCount": 7,
            "visibilitychangeCount": 1,
            "resizeCount": 4,
            "focusCount": 1,
            "clickCount": 8,
            "blurCount": 2
        },
        "pageLoadTime": {
            "loadStart": 1738261800000,
            "loadEnd": 1738261800755
        },
        "productId": "TRK-Ob2CJVFgaau7",
        "pathCounts": {
            "/profile": 9,
            "/settings": 1,
            "/checkout": 1,
            "/home/create": 4
        }
    }
]