[
    {
        "start": 1739989800,
        "end": 1739990580,
        "bounce": {
            "isBounced": false,
            "pathname": "/frontend/index.html"
        },
        "device": "Tablet",
        "browser": "Chrome",
        "location": {
            "latitude": -5.288412,
            "longitude": -73.805087
        },
        "uniqueId": "3da55713-36de-4077-9d4d-626d934aafe0",
        "pathname": "/settings",
        "language": "bs",
        "referrer": "",
        "events": {
            "loadCount": 2,
            "visibilitychangeCount": 0,
            "resizeCount": 8,
            "focusCount": 3,
            "clickCount": 10,
            "blurCount": 3
        },
        "pageLoadTime": {
            "loadStart": 1739989800000,
            "loadEnd": 1739989800056
        },
        "productId": "TRK-89olAsKyNOG7",
        "pathCounts": {
            "/home/dashboard": 7,
            "/checkout": 1,
            "/cart": 2,
            "/settings": 6
        }
    },
    {
        "start": 1739989800,
        "end": 1739991300,
        "bounce": {
            "isBounced": false,
            "pathname": "/frontend/index.html"
        },
        "device": "Tablet",
        "browser": "Chrome",
        "location": {
            "latitude": -48.748089,
            "longitude": -17.796999
        },
        "uniqueId": "9b47b488-09f3-4d00-a56c-8c970bdfab8e",
        "pathname": "/dashboard",
        "language": "bs",
        "referrer": "",
        "events": {
            "loadCount": 8,
            "visibilitychangeCount": 10,
            "resizeCount": 9,
            "focusCount": 8,
            "clickCount": 8,
            "blurCount": 0
        },
        "pageLoadTime": {
            "loadStart": 1739989800000,
            "loadEnd": 1739989800314
        },
        "productId": "TRK-89olAsKyNOG7",
        "pathCounts": {
            "/login": 5,
            "/settings": 9
        }
    },
    {
        "start": 1739989800,
        "end": 1739992800,
        "bounce": {
            "isBounced": false,
            "pathname": "/frontend/index.html"
        },
        "device": "Laptop",
        "browser": "Mozilla",
        "location": {
            "latitude": -55.806198,
            "longitude": 73.411261
        },
        "uniqueId": "3da55713-36de-4077-9d4d-626d934aafe0",
        "pathname": "/home",
        "language": "pl",
        "referrer": "https://petersen.com/",
        "events": {
            "loadCount": 2,
            "visibilitychangeCount": 10,
            "resizeCount": 0,
            "focusCount": 1,
            "clickCount": 5,
            "blurCount": 6
        },
        "pageLoadTime": {
            "loadStart": 1739989800000,
            "loadEnd": 1739989800648
        },
        "productId": "TRK-TlxlcwGkl19t",
        "pathCounts": {
            "/profile": 7,
            "/settings": 10,
            "/cart": 6,
            "/checkout": 7
        }
    },
    {
        "start": 1739989800,
        "end": 1739991120,
        "bounce": {
            "isBounced": true,
            "pathname": "/frontend/index.html"
        },
        "device": "Laptop",
        "browser": "Safari",
        "location": {
            "latitude": -41.0179155,
            "longitude": 83.121459
        },
        "uniqueId": "ffef8945-c190-4f95-930f-4e35c2e3a868",
        "pathname": "/settings",
        "language": "sr",
        "referrer": "",
        "events": {
            "loadCount": 5,
            "visibilitychangeCount": 0,
            "resizeCount": 4,
            "focusCount": 2,
            "clickCount": 9,
            "blurCount": 8
        },
        "pageLoadTime": {
            "loadStart": 1739989800000,
            "loadEnd": 1739989800262
        },
        "productId": "TRK-TlxlcwGkl19t",
        "pathCounts": {
            "/profile": 2,
            "/cart": 8,
            "/home/create": 5,
            "/login": 4
        }
    },
    {
        "start": 1739989800,
        "end": 1739990400,
        "bounce": {
            "isBounced": true,
            "pathname": "/frontend/index.html"
        },
        "device": "Laptop",
        "browser": "Chrome",
        "location": {
            "latitude": 43.835412,
            "longitude": 147.348825
        },
        "uniqueId": "4f113d91-1e3e-46f7-a9ca-95f02de96297",
        "pathname": "/settings",
        "language": "ca",
        "referrer": "https://taylor-mcclure.org/",
        "events": {
            "loadCount": 9,
            "visibilitychangeCount": 7,
            "resizeCount": 4,
            "focusCount": 6,
            "clickCount": 0,
            "blurCount": 10
        },
        "pageLoadTime": {
            "loadStart": 1739989800000,
            "loadEnd": 1739989800934
        },
        "productId": "TRK-Ob2CJVFgaau7",
        "pathCounts": {
            "/profile": 7,
            "/cart": 4,
            "/checkout": 8
        }
    },
    {
        "start": 1739989800,
        "end": 1739991900,
        "bounce": {
            "isBounced": false,
            "pathname": "/frontend/index.html"
        },
        "device": "Tablet",
        "browser": "Safari",
        "location": {
            "latitude": -17.637306,
            "longitude": 72.497539
        },
        "uniqueId": "aca50ebd-2a70-41b2-a3f9-1a2deecc8322",
        "pathname": "/home",
        "language": "gv",
        "referrer": "https://www.bryant.biz/",
        "events": {
            "loadCount": 4,
            "visibilitychangeCount": 6,
            "resizeCount": 9,
            "focusCount": 6,
            "clickCount": 6,
            "blurCount": 0
        },
        "pageLoadTime": {
            "loadStart": 1739989800000,
            "loadEnd": 1739989800360
        },
        "productId": "TRK-TlxlcwGkl19t",
        "pathCounts": {
            "/cart": 9,
            "/login": 4,
            "/profile": 2
        }
    },
    {
        "start": 1739989800,
        "end": 1739989860,
        "bounce": {
            "isBounced": true,
            "pathname": "/frontend/index.html"
        },
        "device": "Laptop",
        "browser": "Safari",
        "location": {
            "latitude": -21.79526,
            "longitude": 171.474721
        },
        "uniqueId": "4f113d91-1e3e-46f7-a9ca-95f02de96297",
        "pathname": "/settings",
        "language": "hsb",
        "referrer": "http://www.garcia.org/",
        "events": {
            "loadCount": 9,
            "visibilitychangeCount": 9,
            "resizeCount": 5,
            "focusCount": 4,
            "clickCount": 1,
            "blurCount": 8
        },
        "pageLoadTime": {
            "loadStart": 1739989800000,
            "loadEnd": 1739989800171
        },
        "productId": "TRK-TlxlcwGkl19t",
        "pathCounts": {
            "/login": 10,
            "/cart": 3,
            "/checkout": 9
        }
    },
    {
        "start": 1739989800,
        "end": 1739991000,
        "bounce": {
            "isBounced": false,
            "pathname": "/frontend/index.html"
        },
        "device": "Tablet",
        "browser": "Chrome",
        "location": {
            "latitude": -24.884262,
            "longitude": 46.898776
        },
        "uniqueId": "ffef8945-c190-4f95-930f-4e35c2e3a868",
        "pathname": "/profile",
        "language": "ga",
        "referrer": "",
        "events": {
            "loadCount": 10,
            "visibilitychangeCount": 8,
            "resizeCount": 1,
            "focusCount": 8,
            "clickCount": 4,
            "blurCount": 6
        },
        "pageLoadTime": {
            "loadStart": 1739989800000,
            "loadEnd": 1739989800165
        },
        "productId": "TRK-Ob2CJVFgaau7",
        "pathCounts": {
            "/login": 9,
            "/cart": 9,
            "/settings": 2,
            "/home": 2,
            "/checkout": 8
        }
    },
    {
        "start": 1739989800,
        "end": 1739992440,
        "bounce": {
            "isBounced": false,
            "pathname": "/frontend/index.html"
        },
        "device": "Desktop",
        "browser": "Chrome",
        "location": {
            "latitude": -59.826016,
            "longitude": 72.556404
        },
        "uniqueId": "31b1cad6-43b6-4fa7-95e5-7d79676b01e7",
        "pathname": "/dashboard",
        "language": "om",
        "referrer": "http://johnston-brooks.org/",
        "events": {
            "loadCount": 3,
            "visibilitychangeCount": 6,
            "resizeCount": 0,
            "focusCount": 10,
            "clickCount": 7,
            "blurCount": 7
        },
        "pageLoadTime": {
            "loadStart": 1739989800000,
            "loadEnd": 1739989800820
        },
        "productId": "TRK-Ob2CJVFgaau7",
        "pathCounts": {
            "/checkout": 1,
            "/home": 2,
            "/home/create": 2,
            "/settings": 9,
            "/home/dashboard": 7
        }
    },
    {
        "start": 1739989800,
        "end": 1739992380,
        "bounce": {
            "isBounced": true,
            "pathname": "/frontend/index.html"
        },
        "device": "Laptop",
        "browser": "Mozilla",
        "location": {
            "latitude": 49.8126905,
            "longitude": 21.96152
        },
        "uniqueId": "111907fd-95b7-4729-a2af-e51ad656e288",
        "pathname": "/frontend/index.html",
        "language": "so",
        "referrer": "http://www.cross.com/",
        "events": {
            "loadCount": 10,
            "visibilitychangeCount": 6,
            "resizeCount": 8,
            "focusCount": 4,
            "clickCount": 2,
            "blurCount": 2
        },
        "pageLoadTime": {
            "loadStart": 1739989800000,
            "loadEnd": 1739989800440
        },
        "productId": "TRK-89olAsKyNOG7",
        "pathCounts": {
            "/checkout": 1,
            "/home/dashboard": 1,
            "/home/create": 8
        }
    },
    {
        "start": 1739989800,
        "end": 1739993340,
        "bounce": {
            "isBounced": true,
            "pathname": "/frontend/index.html"
        },
        "device": "Desktop",
        "browser": "Mozilla",
        "location": {
            "latitude": 11.2677315,
            "longitude": -5.158793
        },
        "uniqueId": "77f0712b-554f-4c5c-9898-14e7c77b26a0",
        "pathname": "/home",
        "language": "ur",
        "referrer": "https://gill.com/",
        "events": {
            "loadCount": 6,
            "visibilitychangeCount": 3,
            "resizeCount": 1,
            "focusCount": 4,
            "clickCount": 8,
            "blurCount": 10
        },
        "pageLoadTime": {
            "loadStart": 1739989800000,
            "loadEnd": 1739989800316
        },
        "productId": "TRK-TlxlcwGkl19t",
        "pathCounts": {
            "/checkout": 1,
            "/settings": 6,
            "/home/dashboard": 4
        }
    },
    {
        "start": 1739989800,
        "end": 1739993160,
        "bounce": {
            "isBounced": false,
            "pathname": "/frontend/index.html"
        },
        "device": "Tablet",
        "browser": "Mozilla",
        "location": {
            "latitude": 72.5435545,
            "longitude": -8.619352
        },
        "uniqueId": "111907fd-95b7-4729-a2af-e51ad656e288",
        "pathname": "/frontend/index.html",
        "language": "lij",
        "referrer": "http://martin.net/",
        "events": {
            "loadCount": 4,
            "visibilitychangeCount": 5,
            "resizeCount": 7,
            "focusCount": 0,
            "clickCount": 4,
            "blurCount": 5
        },
        "pageLoadTime": {
            "loadStart": 1739989800000,
            "loadEnd": 1739989800598
        },
        "productId": "TRK-TlxlcwGkl19t",
        "pathCounts": {
            "/login": 2,
            "/cart": 8,
            "/profile": 3,
            "/settings": 6,
            "/home/dashboard": 5
        }
    },
    {
        "start": 1739989800,
        "end": 1739992860,
        "bounce": {
            "isBounced": true,
            "pathname": "/frontend/index.html"
        },
        "device": "Tablet",
        "browser": "Safari",
        "location": {
            "latitude": 54.406059,
            "longitude": -2.33241
        },
        "uniqueId": "3ba5c0ca-2d1c-4d75-82b7-a2c821f2ea43",
        "pathname": "/profile",
        "language": "cv",
        "referrer": "",
        "events": {
            "loadCount": 3,
            "visibilitychangeCount": 4,
            "resizeCount": 3,
            "focusCount": 0,
            "clickCount": 3,
            "blurCount": 5
        },
        "pageLoadTime": {
            "loadStart": 1739989800000,
            "loadEnd": 1739989800587
        },
        "productId": "TRK-89olAsKyNOG7",
        "pathCounts": {
            "/home/dashboard": 6,
            "/home": 2,
            "/settings": 7,
            "/profile": 1,
            "/login": 8
        }
    },
    {
        "start": 1739989800,
        "end": 1739991300,
        "bounce": {
            "isBounced": true,
            "pathname": "/frontend/index.html"
        },
        "device": "Laptop",
        "browser": "Mozilla",
        "location": {
            "latitude": -17.769413,
            "longitude": -27.921458
        },
        "uniqueId": "f9c7e851-4d89-46ce-8678-25b88916a574",
        "pathname": "/home",
        "language": "ga",
        "referrer": "https://www.huff.com/",
        "events": {
            "loadCount": 0,
            "visibilitychangeCount": 8,
            "resizeCount": 1,
            "focusCount": 9,
            "clickCount": 4,
            "blurCount": 0
        },
        "pageLoadTime": {
            "loadStart": 1739989800000,
            "loadEnd": 1739989800564
        },
        "productId": "TRK-89olAsKyNOG7",
        "pathCounts": {
            "/cart": 9,
            "/login": 7,
            "/home/create": 5,
            "/home/dashboard": 9
        }
    },
    {
        "start": 1739989800,
        "end": 1739991480,
        "bounce": {
            "isBounced": true,
            "pathname": "/frontend/index.html"
        },
        "device": "Mobile",
        "browser": "Chrome",
        "location": {
            "latitude": 0.5859125,
            "longitude": -43.791237
        },
        "uniqueId": "d86a654c-f156-4873-9fec-b758bd53146a",
        "pathname": "/home",
        "language": "ast",
        "referrer": "",
        "events": {
            "loadCount": 0,
            "visibilitychangeCount": 3,
            "resizeCount": 9,
            "focusCount": 5,
            "clickCount": 7,
            "blurCount": 2
        },
        "pageLoadTime": {
            "loadStart": 1739989800000,
            "loadEnd": 1739989800624
        },
        "productId": "TRK-TlxlcwGkl19t",
        "pathCounts": {
            "/home/create": 6,
            "/home/dashboard": 3,
            "/checkout": 4,
            "/settings": 4,
            "/login": 4
        }
    },
    {
        "start": 1739989800,
        "end": 1739992620,
        "bounce": {
            "isBounced": false,
            "pathname": "/frontend/index.html"
        },
        "device": "Mobile",
        "browser": "Mozilla",
        "location": {
            "latitude": 4.566597,
            "longitude": 140.92223
        },
        "uniqueId": "9b47b488-09f3-4d00-a56c-8c970bdfab8e",
        "pathname": "/frontend/index.html",
        "language": "brx",
        "referrer": "",
        "events": {
            "loadCount": 1,
            "visibilitychangeCount": 0,
            "resizeCount": 1,
            "focusCount": 10,
            "clickCount": 2,
            "blurCount": 9
        },
        "pageLoadTime": {
            "loadStart": 1739989800000,
            "loadEnd": 1739989800926
        },
        "productId": "TRK-TlxlcwGkl19t",
        "pathCounts": {
            "/profile": 6,
            "/login": 5,
            "/home/dashboard": 5
        }
    }
]