[
    {
        "start": 1737052200,
        "end": 1737053700,
        "bounce": {
            "isBounced": false,
            "pathname": "/frontend/index.html"
        },
        "device": "Mobile",
        "browser": "Chrome",
        "location": {
            "latitude": -56.9832205,
            "longitude": -168.154544
        },
        "uniqueId": "14ec54a1-24e9-462b-9378-3e9d812cba5a",
        "pathname": "/home",
        "language": "hak",
        "referrer": "",
        "events": {
            "loadCount": 0,
            "visibilitychangeCount": 5,
            "resizeCount": 9,
            "focusCount": 9,
            "clickCount": 1,
            "blurCount": 2
        },
        "pageLoadTime": {
            "loadStart": 1737052200000,
            "loadEnd": 1737052200751
        },
        "productId": "TRK-89olAsKyNOG7",
        "pathCounts": {
            "/home/create": 3,
            "/login": 8,
            "/checkout": 4
        }
    },
    {
        "start": 1737052200,
        "end": 1737052860,
        "bounce": {
            "isBounced": false,
            "pathname": "/frontend/index.html"
        },
        "device": "Laptop",
        "browser": "Safari",
        "location": {
            "latitude": 81.212508,
            "longitude": -96.900993
        },
        "uniqueId": "9b47b488-09f3-4d00-a56c-8c970bdfab8e",
        "pathname": "/home",
        "language": "cv",
        "referrer": "https://www.edwards.com/",
        "events": {
            "loadCount": 4,
            "visibilitychangeCount": 1,
            "resizeCount": 1,
            "focusCount": 4,
            "clickCount": 1,
            "blurCount": 0
        },
        "pageLoadTime": {
            "loadStart": 1737052200000,
            "loadEnd": 1737052200227
        },
        "productId": "TRK-89olAsKyNOG7",
        "pathCounts": {
            "/home/dashboard": 5,
            "/home/create": 1,
            "/checkout": 5,
            "/settings": 10,
            "/profile": 4
        }
    },
    {
        "start": 1737052200,
        "end": 1737052920,
        "bounce": {
            "isBounced": false,
            "pathname": "/frontend/index.html"
        },
        "device": "Mobile",
        "browser": "Mozilla",
        "location": {
            "latitude": -32.403769,
            "longitude": 111.10944
        },
        "uniqueId": "9ce1bf0b-8366-40e1-b77c-9493a981c91b",
        "pathname": "/home",
        "language": "fy",
        "referrer": "",
        "events": {
            "loadCount": 4,
            "visibilitychangeCount": 9,
            "resizeCount": 1,
            "focusCount": 6,
            "clickCount": 1,
            "blurCount": 6
        },
        "pageLoadTime": {
            "loadStart": 1737052200000,
            "loadEnd": 1737052200959
        },
        "productId": "TRK-Ob2CJVFgaau7",
        "pathCounts": {
            "/profile": 8,
            "/home/create": 5
        }
    },
    {
        "start": 1737052200,
        "end": 1737055440,
        "bounce": {
            "isBounced": false,
            "pathname": "/frontend/index.html"
        },
        "device": "Tablet",
        "browser": "Safari",
        "location": {
            "latitude": 82.642315,
            "longitude": -72.481742
        },
        "uniqueId": "ffef8945-c190-4f95-930f-4e35c2e3a868",
        "pathname": "/dashboard",
        "language": "nn",
        "referrer": "",
        "events": {
            "loadCount": 9,
            "visibilitychangeCount": 8,
            "resizeCount": 10,
            "focusCount": 1,
            "clickCount": 5,
            "blurCount": 1
        },
        "pageLoadTime": {
            "loadStart": 1737052200000,
            "loadEnd": 1737052200199
        },
        "productId": "TRK-89olAsKyNOG7",
        "pathCounts": {
            "/home/create": 6,
            "/checkout": 8,
            "/settings": 4
        }
    },
    {
        "start": 1737052200,
        "end": 1737054900,
        "bounce": {
            "isBounced": true,
            "pathname": "/frontend/index.html"
        },
        "device": "Desktop",
        "browser": "Mozilla",
        "location": {
            "latitude": -46.9457615,
            "longitude": 52.501576
        },
        "uniqueId": "f9c7e851-4d89-46ce-8678-25b88916a574",
        "pathname": "/frontend/index.html",
        "language": "hu",
        "referrer": "http://mendoza.org/",
        "events": {
            "loadCount": 0,
            "visibilitychangeCount": 10,
            "resizeCount": 3,
            "focusCount": 5,
            "clickCount": 2,
            "blurCount": 3
        },
        "pageLoadTime": {
            "loadStart": 1737052200000,
            "loadEnd": 1737052200426
        },
        "productId": "TRK-TlxlcwGkl19t",
        "pathCounts": {
            "/home/dashboard": 8,
            "/home/create": 3,
            "/profile": 3,
            "/cart": 2
        }
    },
    {
        "start": 1737052200,
        "end": 1737053520,
        "bounce": {
            "isBounced": false,
            "pathname": "/frontend/index.html"
        },
        "device": "Tablet",
        "browser": "Safari",
        "location": {
            "latitude": 55.389447,
            "longitude": -74.501962
        },
        "uniqueId": "625ea2f3-d6f3-47f0-abd3-a204ea4eb491",
        "pathname": "/dashboard",
        "language": "iu",
        "referrer": "",
        "events": {
            "loadCount": 4,
            "visibilitychangeCount": 5,
            "resizeCount": 10,
            "focusCount": 8,
            "clickCount": 6,
            "blurCount": 4
        },
        "pageLoadTime": {
            "loadStart": 1737052200000,
            "loadEnd": 1737052200482
        },
        "productId": "TRK-TlxlcwGkl19t",
        "pathCounts": {
            "/cart": 6,
            "/profile": 4,
            "/checkout": 5,
            "/home/dashboard": 8
        }
    },
    {
        "start": 1737052200,
        "end": 1737053460,
        "bounce": {
            "isBounced": true,
            "pathname": "/frontend/index.html"
        },
        "device": "Desktop",
        "browser": "Mozilla",
        "location": {
            "latitude": -39.1525655,
            "longitude": -150.284008
        },
        "uniqueId": "111907fd-95b7-4729-a2af-e51ad656e288",
        "pathname": "/profile",
        "language": "niu",
        "referrer": "http://www.donovan-page.com/",
        "events": {
            "loadCount": 2,
            "visibilitychangeCount": 3,
            "resizeCount": 0,
            "focusCount": 8,
            "clickCount": 2,
            "blurCount": 7
        },
        "pageLoadTime": {
            "loadStart": 1737052200000,
            "loadEnd": 1737052200803
        },
        "productId": "TRK-89olAsKyNOG7",
        "pathCounts": {
            "/cart": 9,
            "/login": 4,
            "/settings": 4
        }
    },
    {
        "start": 1737052200,
        "end": 1737055560,
        "bounce": {
            "isBounced": true,
            "pathname": "/frontend/index.html"
        },
        "device": "Tablet",
        "browser": "Edge",
        "location": {
            "latitude": -52.0780505,
            "longitude": -136.140269
        },
        "uniqueId": "3da55713-36de-4077-9d4d-626d934aafe0",
        "pathname": "/home",
        "language": "quz",
        "referrer": "http://frye-chan.com/",
        "events": {
            "loadCount": 6,
            "visibilitychangeCount": 6,
            "resizeCount": 9,
            "focusCount": 6,
            "clickCount": 8,
            "blurCount": 6
        },
        "pageLoadTime": {
            "loadStart": 1737052200000,
            "loadEnd": 1737052200371
        },
        "productId": "TRK-Ob2CJVFgaau7",
        "pathCounts": {
            "/home": 9,
            "/cart": 8,
            "/home/dashboard": 8
        }
    },
    {
        "start": 1737052200,
        "end": 1737054840,
        "bounce": {
            "isBounced": true,
            "pathname": "/frontend/index.html"
        },
        "device": "Mobile",
        "browser": "Chrome",
        "location": {
            "latitude": -2.8490575,
            "longitude": -65.793619
        },
        "uniqueId": "80d8a76b-4c97-4a12-9ac3-02a6d37e11a9",
        "pathname": "/settings",
        "language": "quz",
        "referrer": "",
        "events": {
            "loadCount": 9,
            "visibilitychangeCount": 1,
            "resizeCount": 10,
            "focusCount": 9,
            "clickCount": 0,
            "blurCount": 4
        },
        "pageLoadTime": {
            "loadStart": 1737052200000,
            "loadEnd": 1737052200932
        },
        "productId": "TRK-Ob2CJVFgaau7",
        "pathCounts": {
            "/login": 8,
            "/home/create": 2,
            "/profile": 9,
            "/cart": 2,
            "/home/dashboard": 1
        }
    },
    {
        "start": 1737052200,
        "end": 1737054780,
        "bounce": {
            "isBounced": false,
            "pathname": "/frontend/index.html"
        },
        "device": "Tablet",
        "browser": "Safari",
        "location": {
            "latitude": -38.8247195,
            "longitude": -101.026684
        },
        "uniqueId": "9ce1bf0b-8366-40e1-b77c-9493a981c91b",
        "pathname": "/profile",
        "language": "fur",
        "referrer": "",
        "events": {
            "loadCount": 8,
            "visibilitychangeCount": 0,
            "resizeCount": 5,
            "focusCount": 4,
            "clickCount": 10,
            "blurCount": 8
        },
        "pageLoadTime": {
            "loadStart": 1737052200000,
            "loadEnd": 1737052200948
        },
        "productId": "TRK-Ob2CJVFgaau7",
        "pathCounts": {
            "/checkout": 7,
            "/home": 10
        }
    },
    {
        "start": 1737052200,
        "end": 1737054240,
        "bounce": {
            "isBounced": true,
            "pathname": "/frontend/index.html"
        },
        "device": "Mobile",
        "browser": "Edge",
        "location": {
            "latitude": 46.9134315,
            "longitude": -25.508236
        },
        "uniqueId": "37f86d6c-c234-4339-9c0f-ec3bdaab8536",
        "pathname": "/settings",
        "language": "mai",
        "referrer": "https://smith-owens.com/",
        "events": {
            "loadCount": 5,
            "visibilitychangeCount": 9,
            "resizeCount": 0,
            "focusCount": 9,
            "clickCount": 8,
            "blurCount": 0
        },
        "pageLoadTime": {
            "loadStart": 1737052200000,
            "loadEnd": 1737052200060
        },
        "productId": "TRK-Ob2CJVFgaau7",
        "pathCounts": {
            "/home/create": 10,
            "/checkout": 9,
            "/home": 2
        }
    },
    {
        "start": 1737052200,
        "end": 1737053820,
        "bounce": {
            "isBounced": true,
            "pathname": "/frontend/index.html"
        },
        "device": "Desktop",
        "browser": "Mozilla",
        "location": {
            "latitude": 80.8267885,
            "longitude": -136.867528
        },
        "uniqueId": "ffef8945-c190-4f95-930f-4e35c2e3a868",
        "pathname": "/home",
        "language": "wo",
        "referrer": "",
        "events": {
            "loadCount": 6,
            "visibilitychangeCount": 8,
            "resizeCount": 3,
            "focusCount": 3,
            "clickCount": 1,
            "blurCount": 3
        },
        "pageLoadTime": {
            "loadStart": 1737052200000,
            "loadEnd": 1737052200101
        },
        "productId": "TRK-TlxlcwGkl19t",
        "pathCounts": {
            "/login": 9,
            "/home/dashboard": 3,
            "/checkout": 5
        }
    },
    {
        "start": 1737052200,
        "end": 1737052680,
        "bounce": {
            "isBounced": true,
            "pathname": "/frontend/index.html"
        },
        "device": "Tablet",
        "browser": "Mozilla",
        "location": {
            "latitude": 89.806595,
            "longitude": 9.076195
        },
        "uniqueId": "aa76de66-83a4-4c21-92f5-cfe20525387a",
        "pathname": "/dashboard",
        "language": "ko",
        "referrer": "",
        "events": {
            "loadCount": 8,
            "visibilitychangeCount": 2,
            "resizeCount": 9,
            "focusCount": 10,
            "clickCount": 7,
            "blurCount": 2
        },
        "pageLoadTime": {
            "loadStart": 1737052200000,
            "loadEnd": 1737052200001
        },
        "productId": "TRK-Ob2CJVFgaau7",
        "pathCounts": {
            "/home/create": 6,
            "/cart": 7,
            "/settings": 4,
            "/login": 2
        }
    },
    {
        "start": 1737052200,
        "end": 1737052620,
        "bounce": {
            "isBounced": true,
            "pathname": "/frontend/index.html"
        },
        "device": "Laptop",
        "browser": "Safari",
        "location": {
            "latitude": 84.8744895,
            "longitude": -86.895401
        },
        "uniqueId": "9ce1bf0b-8366-40e1-b77c-9493a981c91b",
        "pathname": "/settings",
        "language": "el",
        "referrer": "",
        "events": {
            "loadCount": 10,
            "visibilitychangeCount": 6,
            "resizeCount": 5,
            "focusCount": 5,
            "clickCount": 3,
            "blurCount": 3
        },
        "pageLoadTime": {
            "loadStart": 1737052200000,
            "loadEnd": 1737052200407
        },
        "productId": "TRK-89olAsKyNOG7",
        "pathCounts": {
            "/checkout": 8,
            "/settings": 1,
            "/home/create": 8
        }
    },
    {
        "start": 1737052200,
        "end": 1737054540,
        "bounce": {
            "isBounced": true,
            "pathname": "/frontend/index.html"
        },
        "device": "Laptop",
        "browser": "Edge",
        "location": {
            "latitude": -76.7560805,
            "longitude": -95.562759
        },
        "uniqueId": "9b47b488-09f3-4d00-a56c-8c970bdfab8e",
        "pathname": "/settings",
        "language": "hy",
        "referrer": "https://watson.net/",
        "events": {
            "loadCount": 8,
            "visibilitychangeCount": 2,
            "resizeCount": 7,
            "focusCount": 3,
            "clickCount": 4,
            "blurCount": 2
        },
        "pageLoadTime": {
            "loadStart": 1737052200000,
            "loadEnd": 1737052200320
        },
        "productId": "TRK-89olAsKyNOG7",
        "pathCounts": {
            "/settings": 3
        }
    },
    {
        "start": 1737052200,
        "end": 1737054300,
        "bounce": {
            "isBounced": true,
            "pathname": "/frontend/index.html"
        },
        "device": "Desktop",
        "browser": "Edge",
        "location": {
            "latitude": 64.8996585,
            "longitude": -140.277385
        },
        "uniqueId": "111907fd-95b7-4729-a2af-e51ad656e288",
        "pathname": "/dashboard",
        "language": "an",
        "referrer": "",
        "events": {
            "loadCount": 6,
            "visibilitychangeCount": 5,
            "resizeCount": 5,
            "focusCount": 0,
            "clickCount": 9,
            "blurCount": 2
        },
        "pageLoadTime": {
            "loadStart": 1737052200000,
            "loadEnd": 1737052200815
        },
        "productId": "TRK-TlxlcwGkl19t",
        "pathCounts": {
            "/checkout": 10,
            "/profile": 10,
            "/settings": 8
        }
    },
    {
        "start": 1737052200,
        "end": 1737053400,
        "bounce": {
            "isBounced": true,
            "pathname": "/frontend/index.html"
        },
        "device": "Mobile",
        "browser": "Mozilla",
        "location": {
            "latitude": 16.2376415,
            "longitude": 63.81389
        },
        "uniqueId": "4f113d91-1e3e-46f7-a9ca-95f02de96297",
        "pathname": "/profile",
        "language": "zu",
        "referrer": "http://morgan.com/",
        "events": {
            "loadCount": 4,
            "visibilitychangeCount": 1,
            "resizeCount": 2,
            "focusCount": 2,
            "clickCount": 6,
            "blurCount": 0
        },
        "pageLoadTime": {
            "loadStart": 1737052200000,
            "loadEnd": 1737052200092
        },
        "productId": "TRK-89olAsKyNOG7",
        "pathCounts": {
            "/home/dashboard": 1,
            "/cart": 5,
            "/login": 6,
            "/checkout": 9,
            "/home/create": 1
        }
    }
]