[
    {
        "start": 1740508200,
        "end": 1740509160,
        "bounce": {
            "isBounced": false,
            "pathname": "/frontend/index.html"
        },
        "device": "Mobile",
        "browser": "Chrome",
        "location": {
            "latitude": -74.7694,
            "longitude": 42.053498
        },
        "uniqueId": "f9c7e851-4d89-46ce-8678-25b88916a574",
        "pathname": "/settings",
        "language": "mai",
        "referrer": "http://ramsey.com/",
        "events": {
            "loadCount": 0,
            "visibilitychangeCount": 5,
            "resizeCount": 6,
            "focusCount": 10,
            "clickCount": 7,
            "blurCount": 1
        },
        "pageLoadTime": {
            "loadStart": 1740508200000,
            "loadEnd": 1740508200716
        },
        "productId": "TRK-TlxlcwGkl19t",
        "pathCounts": {
            "/cart": 1,
            "/profile": 3,
            "/home": 10,
            "/login": 8
        }
    },
    {
        "start": 1740508200,
        "end": 1740511800,
        "bounce": {
            "isBounced": false,
            "pathname": "/frontend/index.html"
        },
        "device": "Mobile",
        "browser": "Safari",
        "location": {
            "latitude": -87.2227385,
            "longitude": -151.30553
        },
        "uniqueId": "ffef8945-c190-4f95-930f-4e35c2e3a868",
        "pathname": "/frontend/index.html",
        "language": "ms",
        "referrer": "",
        "events": {
            "loadCount": 4,
            "visibilitychangeCount": 3,
            "resizeCount": 1,
            "focusCount": 8,
            "clickCount": 1,
            "blurCount": 10
        },
        "pageLoadTime": {
            "loadStart": 1740508200000,
            "loadEnd": 1740508200758
        },
        "productId": "TRK-89olAsKyNOG7",
        "pathCounts": {
            "/home/create": 2,
            "/home": 8,
            "/cart": 7
        }
    },
    {
        "start": 1740508200,
        "end": 1740511020,
        "bounce": {
            "isBounced": true,
            "pathname": "/frontend/index.html"
        },
        "device": "Mobile",
        "browser": "Edge",
        "location": {
            "latitude": 88.175929,
            "longitude": -119.236057
        },
        "uniqueId": "d86a654c-f156-4873-9fec-b758bd53146a",
        "pathname": "/dashboard",
        "language": "sd",
        "referrer": "",
        "events": {
            "loadCount": 7,
            "visibilitychangeCount": 3,
            "resizeCount": 1,
            "focusCount": 2,
            "clickCount": 6,
            "blurCount": 0
        },
        "pageLoadTime": {
            "loadStart": 1740508200000,
            "loadEnd": 1740508200395
        },
        "productId": "TRK-89olAsKyNOG7",
        "pathCounts": {
            "/home": 1,
            "/cart": 4,
            "/checkout": 10,
            "/home/dashboard": 1,
            "/home/create": 7
        }
    },
    {
        "start": 1740508200,
        "end": 1740510540,
        "bounce": {
            "isBounced": false,
            "pathname": "/frontend/index.html"
        },
        "device": "Mobile",
        "browser": "Safari",
        "location": {
            "latitude": -7.5216755,
            "longitude": 147.529397
        },
        "uniqueId": "5bde6480-0ab0-43b2-8529-ae22b458f836",
        "pathname": "/home",
        "language": "sv",
        "referrer": "",
        "events": {
            "loadCount": 1,
            "visibilitychangeCount": 7,
            "resizeCount": 3,
            "focusCount": 0,
            "clickCount": 4,
            "blurCount": 4
        },
        "pageLoadTime": {
            "loadStart": 1740508200000,
            "loadEnd": 1740508200033
        },
        "productId": "TRK-Ob2CJVFgaau7",
        "pathCounts": {
            "/home/dashboard": 9,
            "/checkout": 2
        }
    },
    {
        "start": 1740508200,
        "end": 1740509400,
        "bounce": {
            "isBounced": true,
            "pathname": "/frontend/index.html"
        },
        "device": "Desktop",
        "browser": "Safari",
        "location": {
            "latitude": -64.391498,
            "longitude": -114.68265
        },
        "uniqueId": "9ce1bf0b-8366-40e1-b77c-9493a981c91b",
        "pathname": "/home",
        "language": "ti",
        "referrer": "",
        "events": {
            "loadCount": 2,
            "visibilitychangeCount": 3,
            "resizeCount": 2,
            "focusCount": 5,
            "clickCount": 6,
            "blurCount": 7
        },
        "pageLoadTime": {
            "loadStart": 1740508200000,
            "loadEnd": 1740508200743
        },
        "productId": "TRK-89olAsKyNOG7",
        "pathCounts": {
            "/home/create": 9,
            "/settings": 7,
            "/cart": 5
        }
    },
    {
        "start": 1740508200,
        "end": 1740511800,
        "bounce": {
            "isBounced": true,
            "pathname": "/frontend/index.html"
        },
        "device": "Mobile",
        "browser": "Mozilla",
        "location": {
            "latitude": 5.4785595,
            "longitude": -71.583336
        },
        "uniqueId": "aca50ebd-2a70-41b2-a3f9-1a2deecc8322",
        "pathname": "/dashboard",
        "language": "byn",
        "referrer": "https://luna-bender.org/",
        "events": {
            "loadCount": 7,
            "visibilitychangeCount": 6,
            "resizeCount": 0,
            "focusCount": 5,
            "clickCount": 7,
            "blurCount": 4
        },
        "pageLoadTime": {
            "loadStart": 1740508200000,
            "loadEnd": 1740508200800
        },
        "productId": "TRK-89olAsKyNOG7",
        "pathCounts": {
            "/home": 5,
            "/login": 6,
            "/home/create": 3,
            "/cart": 6
        }
    },
    {
        "start": 1740508200,
        "end": 1740510300,
        "bounce": {
            "isBounced": false,
            "pathname": "/frontend/index.html"
        },
        "device": "Tablet",
        "browser": "Edge",
        "location": {
            "latitude": -56.3030005,
            "longitude": 139.580087
        },
        "uniqueId": "f9c7e851-4d89-46ce-8678-25b88916a574",
        "pathname": "/dashboard",
        "language": "ak",
        "referrer": "https://www.gregory.com/",
        "events": {
            "loadCount": 0,
            "visibilitychangeCount": 1,
            "resizeCount": 10,
            "focusCount": 6,
            "clickCount": 8,
            "blurCount": 9
        },
        "pageLoadTime": {
            "loadStart": 1740508200000,
            "loadEnd": 1740508200676
        },
        "productId": "TRK-Ob2CJVFgaau7",
        "pathCounts": {
            "/home/dashboard": 7,
            "/home": 9,
            "/cart": 6
        }
    },
    {
        "start": 1740508200,
        "end": 1740511440,
        "bounce": {
            "isBounced": false,
            "pathname": "/frontend/index.html"
        },
        "device": "Laptop",
        "browser": "Chrome",
        "location": {
            "latitude": -10.925728,
            "longitude": -45.894866
        },
        "uniqueId": "5bde6480-0ab0-43b2-8529-ae22b458f836",
        "pathname": "/home",
        "language": "nhn",
        "referrer": "https://nunez.info/",
        "events": {
            "loadCount": 6,
            "visibilitychangeCount": 8,
            "resizeCount": 1,
            "focusCount": 3,
            "clickCount": 8,
            "blurCount": 0
        },
        "pageLoadTime": {
            "loadStart": 1740508200000,
            "loadEnd": 1740508200156
        },
        "productId": "TRK-Ob2CJVFgaau7",
        "pathCounts": {
            "/home": 8,
            "/profile": 5,
            "/login": 5,
            "/settings": 3,
            "/home/dashboard": 7
        }
    },
    {
        "start": 1740508200,
        "end": 1740511800,
        "bounce": {
            "isBounced": true,
            "pathname": "/frontend/index.html"
        },
        "device": "Laptop",
        "browser": "Mozilla",
        "location": {
            "latitude": -67.4485625,
            "longitude": 13.049508
        },
        "uniqueId": "4f113d91-1e3e-46f7-a9ca-95f02de96297",
        "pathname": "/dashboard",
        "language": "cs",
        "referrer": "",
        "events": {
            "loadCount": 9,
            "visibilitychangeCount": 8,
            "resizeCount": 1,
            "focusCount": 8,
            "clickCount": 9,
            "blurCount": 4
        },
        "pageLoadTime": {
            "loadStart": 1740508200000,
            "loadEnd": 1740508200365
        },
        "productId": "TRK-89olAsKyNOG7",
        "pathCounts": {
            "/home/create": 8,
            "/profile": 5,
            "/home": 6,
            "/cart": 2
        }
    },
    {
        "start": 1740508200,
        "end": 1740510840,
        "bounce": {
            "isBounced": false,
            "pathname": "/frontend/index.html"
        },
        "device": "Mobile",
        "browser": "Mozilla",
        "location": {
            "latitude": -26.347399,
            "longitude": -100.6972
        },
        "uniqueId": "111907fd-95b7-4729-a2af-e51ad656e288",
        "pathname": "/home",
        "language": "ber",
        "referrer": "",
        "events": {
            "loadCount": 7,
            "visibilitychangeCount": 6,
            "resizeCount": 6,
            "focusCount": 10,
            "clickCount": 7,
            "blurCount": 8
        },
        "pageLoadTime": {
            "loadStart": 1740508200000,
            "loadEnd": 1740508200857
        },
        "productId": "TRK-Ob2CJVFgaau7",
        "pathCounts": {
            "/cart": 7,
            "/home/dashboard": 4,
            "/settings": 7,
            "/checkout": 6,
            "/home/create": 1
        }
    },
    {
        "start": 1740508200,
        "end": 1740510480,
        "bounce": {
            "isBounced": true,
            "pathname": "/frontend/index.html"
        },
        "device": "Mobile",
        "browser": "Mozilla",
        "location": {
            "latitude": -15.651803,
            "longitude": -128.545941
        },
        "uniqueId": "31b1cad6-43b6-4fa7-95e5-7d79676b01e7",
        "pathname": "/settings",
        "language": "ia",
        "referrer": "",
        "events": {
            "loadCount": 5,
            "visibilitychangeCount": 5,
            "resizeCount": 5,
            "focusCount": 5,
            "clickCount": 5,
            "blurCount": 5
        },
        "pageLoadTime": {
            "loadStart": 1740508200000,
            "loadEnd": 1740508200103
        },
        "productId": "TRK-TlxlcwGkl19t",
        "pathCounts": {
            "/home/create": 10,
            "/cart": 6,
            "/checkout": 1,
            "/login": 2,
            "/home": 3,
            "/settings": 3
        }
    },
    {
        "start": 1740508200,
        "end": 1740509700,
        "bounce": {
            "isBounced": true,
            "pathname": "/frontend/index.html"
        },
        "device": "Laptop",
        "browser": "Edge",
        "location": {
            "latitude": 74.108556,
            "longitude": 110.147595
        },
        "uniqueId": "4f113d91-1e3e-46f7-a9ca-95f02de96297",
        "pathname": "/home",
        "language": "nhn",
        "referrer": "",
        "events": {
            "loadCount": 9,
            "visibilitychangeCount": 6,
            "resizeCount": 9,
            "focusCount": 1,
            "clickCount": 2,
            "blurCount": 3
        },
        "pageLoadTime": {
            "loadStart": 1740508200000,
            "loadEnd": 1740508200823
        },
        "productId": "TRK-Ob2CJVFgaau7",
        "pathCounts": {
            "/home/dashboard": 2,
            "/home/create": 10,
            "/settings": 8,
            "/checkout": 3,
            "/profile": 3,
            "/login": 1
        }
    },
    {
        "start": 1740508200,
        "end": 1740509100,
        "bounce": {
            "isBounced": false,
            "pathname": "/frontend/index.html"
        },
        "device": "Tablet",
        "browser": "Safari",
        "location": {
            "latitude": -54.913772,
            "longitude": 149.414256
        },
        "uniqueId": "3ba5c0ca-2d1c-4d75-82b7-a2c821f2ea43",
        "pathname": "/profile",
        "language": "wal",
        "referrer": "https://www.wright.com/",
        "events": {
            "loadCount": 3,
            "visibilitychangeCount": 1,
            "resizeCount": 2,
            "focusCount": 7,
            "clickCount": 8,
            "blurCount": 10
        },
        "pageLoadTime": {
            "loadStart": 1740508200000,
            "loadEnd": 1740508200023
        },
        "productId": "TRK-89olAsKyNOG7",
        "pathCounts": {
            "/home/create": 5,
            "/settings": 2,
            "/profile": 8,
            "/login": 10
        }
    },
    {
        "start": 1740508200,
        "end": 1740509940,
        "bounce": {
            "isBounced": false,
            "pathname": "/frontend/index.html"
        },
        "device": "Laptop",
        "browser": "Mozilla",
        "location": {
            "latitude": -30.5088675,
            "longitude": -48.217227
        },
        "uniqueId": "ca9d1f5f-925b-4a59-b362-4703a75ad77c",
        "pathname": "/dashboard",
        "language": "es",
        "referrer": "",
        "events": {
            "loadCount": 4,
            "visibilitychangeCount": 9,
            "resizeCount": 6,
            "focusCount": 0,
            "clickCount": 3,
            "blurCount": 7
        },
        "pageLoadTime": {
            "loadStart": 1740508200000,
            "loadEnd": 1740508200178
        },
        "productId": "TRK-89olAsKyNOG7",
        "pathCounts": {
            "/checkout": 5,
            "/home/create": 9,
            "/login": 3
        }
    },
    {
        "start": 1740508200,
        "end": 1740511560,
        "bounce": {
            "isBounced": false,
            "pathname": "/frontend/index.html"
        },
        "device": "Mobile",
        "browser": "Safari",
        "location": {
            "latitude": -15.0748855,
            "longitude": -144.030318
        },
        "uniqueId": "ffef8945-c190-4f95-930f-4e35c2e3a868",
        "pathname": "/settings",
        "language": "bg",
        "referrer": "",
        "events": {
            "loadCount": 7,
            "visibilitychangeCount": 5,
            "resizeCount": 6,
            "focusCount": 1,
            "clickCount": 2,
            "blurCount": 1
        },
        "pageLoadTime": {
            "loadStart": 1740508200000,
            "loadEnd": 1740508200679
        },
        "productId": "TRK-Ob2CJVFgaau7",
        "pathCounts": {
            "/settings": 4,
            "/cart": 4,
            "/home/create": 6
        }
    }
]