[
    {
        "start": 1736361000,
        "end": 1736363280,
        "bounce": {
            "isBounced": false,
            "pathname": "/frontend/index.html"
        },
        "device": "Desktop",
        "browser": "Edge",
        "location": {
            "latitude": -33.71538,
            "longitude": -154.42315
        },
        "uniqueId": "37f86d6c-c234-4339-9c0f-ec3bdaab8536",
        "pathname": "/dashboard",
        "language": "mt",
        "referrer": "",
        "events": {
            "loadCount": 3,
            "visibilitychangeCount": 6,
            "resizeCount": 8,
            "focusCount": 4,
            "clickCount": 7,
            "blurCount": 3
        },
        "pageLoadTime": {
            "loadStart": 1736361000000,
            "loadEnd": 1736361000068
        },
        "productId": "TRK-Ob2CJVFgaau7",
        "pathCounts": {
            "/login": 3,
            "/home/create": 8,
            "/checkout": 4
        }
    },
    {
        "start": 1736361000,
        "end": 1736361540,
        "bounce": {
            "isBounced": true,
            "pathname": "/frontend/index.html"
        },
        "device": "Desktop",
        "browser": "Safari",
        "location": {
            "latitude": -59.101493,
            "longitude": -135.430181
        },
        "uniqueId": "31b1cad6-43b6-4fa7-95e5-7d79676b01e7",
        "pathname": "/frontend/index.html",
        "language": "kn",
        "referrer": "https://www.perry.com/",
        "events": {
            "loadCount": 9,
            "visibilitychangeCount": 10,
            "resizeCount": 10,
            "focusCount": 7,
            "clickCount": 7,
            "blurCount": 2
        },
        "pageLoadTime": {
            "loadStart": 1736361000000,
            "loadEnd": 1736361000541
        },
        "productId": "TRK-89olAsKyNOG7",
        "pathCounts": {
            "/checkout": 5,
            "/home/create": 6,
            "/cart": 1,
            "/settings": 6,
            "/home/dashboard": 7
        }
    },
    {
        "start": 1736361000,
        "end": 1736362800,
        "bounce": {
            "isBounced": false,
            "pathname": "/frontend/index.html"
        },
        "device": "Laptop",
        "browser": "Chrome",
        "location": {
            "latitude": -34.066978,
            "longitude": -16.780084
        },
        "uniqueId": "14ec54a1-24e9-462b-9378-3e9d812cba5a",
        "pathname": "/settings",
        "language": "mt",
        "referrer": "",
        "events": {
            "loadCount": 2,
            "visibilitychangeCount": 2,
            "resizeCount": 0,
            "focusCount": 10,
            "clickCount": 8,
            "blurCount": 6
        },
        "pageLoadTime": {
            "loadStart": 1736361000000,
            "loadEnd": 1736361000219
        },
        "productId": "TRK-89olAsKyNOG7",
        "pathCounts": {
            "/profile": 9,
            "/home": 8,
            "/cart": 6,
            "/settings": 7
        }
    },
    {
        "start": 1736361000,
        "end": 1736362980,
        "bounce": {
            "isBounced": true,
            "pathname": "/frontend/index.html"
        },
        "device": "Desktop",
        "browser": "Mozilla",
        "location": {
            "latitude": -82.44469,
            "longitude": -62.863802
        },
        "uniqueId": "5bde6480-0ab0-43b2-8529-ae22b458f836",
        "pathname": "/settings",
        "language": "os",
        "referrer": "http://dougherty.biz/",
        "events": {
            "loadCount": 5,
            "visibilitychangeCount": 6,
            "resizeCount": 5,
            "focusCount": 2,
            "clickCount": 3,
            "blurCount": 5
        },
        "pageLoadTime": {
            "loadStart": 1736361000000,
            "loadEnd": 1736361000381
        },
        "productId": "TRK-Ob2CJVFgaau7",
        "pathCounts": {
            "/settings": 6,
            "/home/dashboard": 10,
            "/checkout": 1,
            "/profile": 5
        }
    },
    {
        "start": 1736361000,
        "end": 1736363100,
        "bounce": {
            "isBounced": true,
            "pathname": "/frontend/index.html"
        },
        "device": "Tablet",
        "browser": "Safari",
        "location": {
            "latitude": 6.836739,
            "longitude": 1.984841
        },
        "uniqueId": "80d8a76b-4c97-4a12-9ac3-02a6d37e11a9",
        "pathname": "/home",
        "language": "crh",
        "referrer": "http://duffy.com/",
        "events": {
            "loadCount": 0,
            "visibilitychangeCount": 2,
            "resizeCount": 5,
            "focusCount": 5,
            "clickCount": 9,
            "blurCount": 7
        },
        "pageLoadTime": {
            "loadStart": 1736361000000,
            "loadEnd": 1736361000363
        },
        "productId": "TRK-Ob2CJVFgaau7",
        "pathCounts": {
            "/settings": 6,
            "/home": 3,
            "/home/create": 5,
            "/profile": 2
        }
    },
    {
        "start": 1736361000,
        "end": 1736362860,
        "bounce": {
            "isBounced": true,
            "pathname": "/frontend/index.html"
        },
        "device": "Laptop",
        "browser": "Chrome",
        "location": {
            "latitude": -33.2159045,
            "longitude": 82.345681
        },
        "uniqueId": "111907fd-95b7-4729-a2af-e51ad656e288",
        "pathname": "/settings",
        "language": "pl",
        "referrer": "",
        "events": {
            "loadCount": 9,
            "visibilitychangeCount": 8,
            "resizeCount": 2,
            "focusCount": 7,
            "clickCount": 9,
            "blurCount": 3
        },
        "pageLoadTime": {
            "loadStart": 1736361000000,
            "loadEnd": 1736361000260
        },
        "productId": "TRK-89olAsKyNOG7",
        "pathCounts": {
            "/cart": 7,
            "/home/create": 8
        }
    },
    {
        "start": 1736361000,
        "end": 1736364480,
        "bounce": {
            "isBounced": true,
            "pathname": "/frontend/index.html"
        },
        "device": "Tablet",
        "browser": "Edge",
        "location": {
            "latitude": 21.245853,
            "longitude": -63.630164
        },
        "uniqueId": "4f113d91-1e3e-46f7-a9ca-95f02de96297",
        "pathname": "/profile",
        "language": "lij",
        "referrer": "",
        "events": {
            "loadCount": 3,
            "visibilitychangeCount": 9,
            "resizeCount": 9,
            "focusCount": 4,
            "clickCount": 8,
            "blurCount": 2
        },
        "pageLoadTime": {
            "loadStart": 1736361000000,
            "loadEnd": 1736361000245
        },
        "productId": "TRK-TlxlcwGkl19t",
        "pathCounts": {
            "/home": 3,
            "/home/create": 7,
            "/home/dashboard": 9
        }
    },
    {
        "start": 1736361000,
        "end": 1736361960,
        "bounce": {
            "isBounced": true,
            "pathname": "/frontend/index.html"
        },
        "device": "Tablet",
        "browser": "Chrome",
        "location": {
            "latitude": -29.0323635,
            "longitude": 73.094946
        },
        "uniqueId": "f9c7e851-4d89-46ce-8678-25b88916a574",
        "pathname": "/home",
        "language": "ks",
        "referrer": "https://www.anderson-scott.net/",
        "events": {
            "loadCount": 1,
            "visibilitychangeCount": 0,
            "resizeCount": 7,
            "focusCount": 1,
            "clickCount": 7,
            "blurCount": 2
        },
        "pageLoadTime": {
            "loadStart": 1736361000000,
            "loadEnd": 1736361000784
        },
        "productId": "TRK-89olAsKyNOG7",
        "pathCounts": {
            "/home/create": 2,
            "/profile": 6,
            "/cart": 10
        }
    },
    {
        "start": 1736361000,
        "end": 1736364060,
        "bounce": {
            "isBounced": true,
            "pathname": "/frontend/index.html"
        },
        "device": "Tablet",
        "browser": "Edge",
        "location": {
            "latitude": -15.2812785,
            "longitude": -15.731391
        },
        "uniqueId": "ffef8945-c190-4f95-930f-4e35c2e3a868",
        "pathname": "/frontend/index.html",
        "language": "uz",
        "referrer": "http://blake.com/",
        "events": {
            "loadCount": 5,
            "visibilitychangeCount": 10,
            "resizeCount": 1,
            "focusCount": 2,
            "clickCount": 1,
            "blurCount": 10
        },
        "pageLoadTime": {
            "loadStart": 1736361000000,
            "loadEnd": 1736361000648
        },
        "productId": "TRK-Ob2CJVFgaau7",
        "pathCounts": {
            "/settings": 8,
            "/home/create": 6,
            "/checkout": 3,
            "/cart": 7,
            "/home/dashboard": 9
        }
    },
    {
        "start": 1736361000,
        "end": 1736364120,
        "bounce": {
            "isBounced": true,
            "pathname": "/frontend/index.html"
        },
        "device": "Mobile",
        "browser": "Chrome",
        "location": {
            "latitude": -81.263646,
            "longitude": 118.552573
        },
        "uniqueId": "9b47b488-09f3-4d00-a56c-8c970bdfab8e",
        "pathname": "/home",
        "language": "eo",
        "referrer": "",
        "events": {
            "loadCount": 9,
            "visibilitychangeCount": 5,
            "resizeCount": 8,
            "focusCount": 5,
            "clickCount": 8,
            "blurCount": 5
        },
        "pageLoadTime": {
            "loadStart": 1736361000000,
            "loadEnd": 1736361000450
        },
        "productId": "TRK-89olAsKyNOG7",
        "pathCounts": {
            "/home/dashboard": 4,
            "/settings": 2,
            "/cart": 1
        }
    },
    {
        "start": 1736361000,
        "end": 1736363940,
        "bounce": {
            "isBounced": false,
            "pathname": "/frontend/index.html"
        },
        "device": "Laptop",
        "browser": "Mozilla",
        "location": {
            "latitude": 79.6149715,
            "longitude": -146.311584
        },
        "uniqueId": "625ea2f3-d6f3-47f0-abd3-a204ea4eb491",
        "pathname": "/dashboard",
        "language": "zu",
        "referrer": "http://bradford.com/",
        "events": {
            "loadCount": 1,
            "visibilitychangeCount": 1,
            "resizeCount": 10,
            "focusCount": 0,
            "clickCount": 5,
            "blurCount": 9
        },
        "pageLoadTime": {
            "loadStart": 1736361000000,
            "loadEnd": 1736361000141
        },
        "productId": "TRK-Ob2CJVFgaau7",
        "pathCounts": {
            "/checkout": 7,
            "/profile": 9,
            "/home": 4,
            "/login": 1
        }
    },
    {
        "start": 1736361000,
        "end": 1736363400,
        "bounce": {
            "isBounced": true,
            "pathname": "/frontend/index.html"
        },
        "device": "Tablet",
        "browser": "Mozilla",
        "location": {
            "latitude": 69.3608105,
            "longitude": -24.625297
        },
        "uniqueId": "4f113d91-1e3e-46f7-a9ca-95f02de96297",
        "pathname": "/settings",
        "language": "is",
        "referrer": "",
        "events": {
            "loadCount": 7,
            "visibilitychangeCount": 0,
            "resizeCount": 0,
            "focusCount": 5,
            "clickCount": 0,
            "blurCount": 4
        },
        "pageLoadTime": {
            "loadStart": 1736361000000,
            "loadEnd": 1736361000660
        },
        "productId": "TRK-TlxlcwGkl19t",
        "pathCounts": {
            "/cart": 7,
            "/settings": 2,
            "/checkout": 9,
            "/profile": 5,
            "/home/dashboard": 5
        }
    },
    {
        "start": 1736361000,
        "end": 1736361120,
        "bounce": {
            "isBounced": true,
            "pathname": "/frontend/index.html"
        },
        "device": "Laptop",
        "browser": "Chrome",
        "location": {
            "latitude": -60.778491,
            "longitude": -66.952241
        },
        "uniqueId": "f25d6d08-ed4a-4680-b7e3-94d4b30207df",
        "pathname": "/dashboard",
        "language": "lv",
        "referrer": "http://www.watson.com/",
        "events": {
            "loadCount": 6,
            "visibilitychangeCount": 1,
            "resizeCount": 4,
            "focusCount": 4,
            "clickCount": 1,
            "blurCount": 7
        },
        "pageLoadTime": {
            "loadStart": 1736361000000,
            "loadEnd": 1736361000499
        },
        "productId": "TRK-89olAsKyNOG7",
        "pathCounts": {
            "/profile": 5,
            "/login": 9
        }
    },
    {
        "start": 1736361000,
        "end": 1736364420,
        "bounce": {
            "isBounced": false,
            "pathname": "/frontend/index.html"
        },
        "device": "Laptop",
        "browser": "Safari",
        "location": {
            "latitude": -53.7798415,
            "longitude": -42.383501
        },
        "uniqueId": "3da55713-36de-4077-9d4d-626d934aafe0",
        "pathname": "/frontend/index.html",
        "language": "kw",
        "referrer": "",
        "events": {
            "loadCount": 6,
            "visibilitychangeCount": 9,
            "resizeCount": 10,
            "focusCount": 0,
            "clickCount": 1,
            "blurCount": 0
        },
        "pageLoadTime": {
            "loadStart": 1736361000000,
            "loadEnd": 1736361000094
        },
        "productId": "TRK-TlxlcwGkl19t",
        "pathCounts": {
            "/home": 2,
            "/checkout": 3,
            "/home/create": 4
        }
    },
    {
        "start": 1736361000,
        "end": 1736361720,
        "bounce": {
            "isBounced": true,
            "pathname": "/frontend/index.html"
        },
        "device": "Laptop",
        "browser": "Mozilla",
        "location": {
            "latitude": 10.364397,
            "longitude": 167.226687
        },
        "uniqueId": "f9c7e851-4d89-46ce-8678-25b88916a574",
        "pathname": "/profile",
        "language": "sid",
        "referrer": "",
        "events": {
            "loadCount": 9,
            "visibilitychangeCount": 0,
            "resizeCount": 10,
            "focusCount": 9,
            "clickCount": 9,
            "blurCount": 9
        },
        "pageLoadTime": {
            "loadStart": 1736361000000,
            "loadEnd": 1736361000447
        },
        "productId": "TRK-89olAsKyNOG7",
        "pathCounts": {
            "/cart": 9,
            "/home/create": 4,
            "/checkout": 8
        }
    },
    {
        "start": 1736361000,
        "end": 1736361060,
        "bounce": {
            "isBounced": true,
            "pathname": "/frontend/index.html"
        },
        "device": "Mobile",
        "browser": "Mozilla",
        "location": {
            "latitude": -4.2831245,
            "longitude": 38.662799
        },
        "uniqueId": "37f86d6c-c234-4339-9c0f-ec3bdaab8536",
        "pathname": "/settings",
        "language": "ckb",
        "referrer": "http://www.hardin.com/",
        "events": {
            "loadCount": 9,
            "visibilitychangeCount": 1,
            "resizeCount": 1,
            "focusCount": 6,
            "clickCount": 3,
            "blurCount": 8
        },
        "pageLoadTime": {
            "loadStart": 1736361000000,
            "loadEnd": 1736361000854
        },
        "productId": "TRK-TlxlcwGkl19t",
        "pathCounts": {
            "/home": 10,
            "/home/create": 2,
            "/login": 3,
            "/home/dashboard": 10
        }
    },
    {
        "start": 1736361000,
        "end": 1736362020,
        "bounce": {
            "isBounced": true,
            "pathname": "/frontend/index.html"
        },
        "device": "Tablet",
        "browser": "Mozilla",
        "location": {
            "latitude": 62.047098,
            "longitude": 159.360519
        },
        "uniqueId": "37f86d6c-c234-4339-9c0f-ec3bdaab8536",
        "pathname": "/frontend/index.html",
        "language": "is",
        "referrer": "https://www.roberts.info/",
        "events": {
            "loadCount": 7,
            "visibilitychangeCount": 2,
            "resizeCount": 2,
            "focusCount": 5,
            "clickCount": 9,
            "blurCount": 3
        },
        "pageLoadTime": {
            "loadStart": 1736361000000,
            "loadEnd": 1736361000540
        },
        "productId": "TRK-TlxlcwGkl19t",
        "pathCounts": {
            "/profile": 4,
            "/settings": 3,
            "/home/create": 10,
            "/login": 4
        }
    },
    {
        "start": 1736361000,
        "end": 1736363160,
        "bounce": {
            "isBounced": false,
            "pathname": "/frontend/index.html"
        },
        "device": "Desktop",
        "browser": "Chrome",
        "location": {
            "latitude": 50.4743105,
            "longitude": 178.28126
        },
        "uniqueId": "31b1cad6-43b6-4fa7-95e5-7d79676b01e7",
        "pathname": "/home",
        "language": "mag",
        "referrer": "https://quinn.info/",
        "events": {
            "loadCount": 7,
            "visibilitychangeCount": 5,
            "resizeCount": 1,
            "focusCount": 7,
            "clickCount": 3,
            "blurCount": 8
        },
        "pageLoadTime": {
            "loadStart": 1736361000000,
            "loadEnd": 1736361000367
        },
        "productId": "TRK-89olAsKyNOG7",
        "pathCounts": {
            "/home/dashboard": 4,
            "/login": 10,
            "/checkout": 4
        }
    },
    {
        "start": 1736361000,
        "end": 1736363160,
        "bounce": {
            "isBounced": true,
            "pathname": "/frontend/index.html"
        },
        "device": "Mobile",
        "browser": "Mozilla",
        "location": {
            "latitude": -43.010753,
            "longitude": 91.443001
        },
        "uniqueId": "5bde6480-0ab0-43b2-8529-ae22b458f836",
        "pathname": "/dashboard",
        "language": "es",
        "referrer": "https://jones.com/",
        "events": {
            "loadCount": 7,
            "visibilitychangeCount": 8,
            "resizeCount": 3,
            "focusCount": 10,
            "clickCount": 0,
            "blurCount": 6
        },
        "pageLoadTime": {
            "loadStart": 1736361000000,
            "loadEnd": 1736361000251
        },
        "productId": "TRK-89olAsKyNOG7",
        "pathCounts": {
            "/home/dashboard": 10,
            "/home/create": 2,
            "/home": 8,
            "/checkout": 8
        }
    }
]