[
    {
        "start": 1736447400,
        "end": 1736447880,
        "bounce": {
            "isBounced": false,
            "pathname": "/frontend/index.html"
        },
        "device": "Tablet",
        "browser": "Mozilla",
        "location": {
            "latitude": 21.5765385,
            "longitude": -169.144075
        },
        "uniqueId": "3ba5c0ca-2d1c-4d75-82b7-a2c821f2ea43",
        "pathname": "/settings",
        "language": "si",
        "referrer": "http://www.lawrence-long.org/",
        "events": {
            "loadCount": 6,
            "visibilitychangeCount": 6,
            "resizeCount": 10,
            "focusCount": 10,
            "clickCount": 10,
            "blurCount": 2
        },
        "pageLoadTime": {
            "loadStart": 1736447400000,
            "loadEnd": 1736447400582
        },
        "productId": "TRK-89olAsKyNOG7",
        "pathCounts": {
            "/login": 2,
            "/checkout": 1,
            "/home": 6,
            "/home/dashboard": 2
        }
    },
    {
        "start": 1736447400,
        "end": 1736450340,
        "bounce": {
            "isBounced": false,
            "pathname": "/frontend/index.html"
        },
        "device": "Laptop",
        "browser": "Mozilla",
        "location": {
            "latitude": 15.675355,
            "longitude": -160.01888
        },
        "uniqueId": "4f113d91-1e3e-46f7-a9ca-95f02de96297",
        "pathname": "/home",
        "language": "st",
        "referrer": "http://fernandez.com/",
        "events": {
            "loadCount": 3,
            "visibilitychangeCount": 0,
            "resizeCount": 5,
            "focusCount": 4,
            "clickCount": 6,
            "blurCount": 1
        },
        "pageLoadTime": {
            "loadStart": 1736447400000,
            "loadEnd": 1736447400641
        },
        "productId": "TRK-TlxlcwGkl19t",
        "pathCounts": {
            "/cart": 6,
            "/profile": 8,
            "/login": 4,
            "/settings": 9
        }
    },
    {
        "start": 1736447400,
        "end": 1736447880,
        "bounce": {
            "isBounced": true,
            "pathname": "/frontend/index.html"
        },
        "device": "Tablet",
        "browser": "Chrome",
        "location": {
            "latitude": -11.507869,
            "longitude": 13.504406
        },
        "uniqueId": "3ba5c0ca-2d1c-4d75-82b7-a2c821f2ea43",
        "pathname": "/dashboard",
        "language": "se",
        "referrer": "",
        "events": {
            "loadCount": 1,
            "visibilitychangeCount": 5,
            "resizeCount": 2,
            "focusCount": 5,
            "clickCount": 9,
            "blurCount": 6
        },
        "pageLoadTime": {
            "loadStart": 1736447400000,
            "loadEnd": 1736447400145
        },
        "productId": "TRK-TlxlcwGkl19t",
        "pathCounts": {
            "/checkout": 3,
            "/profile": 3,
            "/login": 1,
            "/home": 10,
            "/home/dashboard": 7
        }
    },
    {
        "start": 1736447400,
        "end": 1736450220,
        "bounce": {
            "isBounced": false,
            "pathname": "/frontend/index.html"
        },
        "device": "Tablet",
        "browser": "Mozilla",
        "location": {
            "latitude": 78.9318165,
            "longitude": 131.971305
        },
        "uniqueId": "4f113d91-1e3e-46f7-a9ca-95f02de96297",
        "pathname": "/settings",
        "language": "ka",
        "referrer": "",
        "events": {
            "loadCount": 10,
            "visibilitychangeCount": 5,
            "resizeCount": 9,
            "focusCount": 2,
            "clickCount": 1,
            "blurCount": 8
        },
        "pageLoadTime": {
            "loadStart": 1736447400000,
            "loadEnd": 1736447400248
        },
        "productId": "TRK-TlxlcwGkl19t",
        "pathCounts": {
            "/cart": 1,
            "/home": 6,
            "/home/dashboard": 4,
            "/login": 5
        }
    },
    {
        "start": 1736447400,
        "end": 1736447940,
        "bounce": {
            "isBounced": true,
            "pathname": "/frontend/index.html"
        },
        "device": "Mobile",
        "browser": "Mozilla",
        "location": {
            "latitude": -9.5865945,
            "longitude": -22.007597
        },
        "uniqueId": "ffef8945-c190-4f95-930f-4e35c2e3a868",
        "pathname": "/home",
        "language": "wo",
        "referrer": "http://wallace.com/",
        "events": {
            "loadCount": 5,
            "visibilitychangeCount": 7,
            "resizeCount": 8,
            "focusCount": 9,
            "clickCount": 0,
            "blurCount": 8
        },
        "pageLoadTime": {
            "loadStart": 1736447400000,
            "loadEnd": 1736447400575
        },
        "productId": "TRK-TlxlcwGkl19t",
        "pathCounts": {
            "/home": 6,
            "/settings": 7,
            "/home/create": 9,
            "/home/dashboard": 6
        }
    },
    {
        "start": 1736447400,
        "end": 1736449320,
        "bounce": {
            "isBounced": false,
            "pathname": "/frontend/index.html"
        },
        "device": "Desktop",
        "browser": "Safari",
        "location": {
            "latitude": 81.937242,
            "longitude": 152.318995
        },
        "uniqueId": "625ea2f3-d6f3-47f0-abd3-a204ea4eb491",
        "pathname": "/dashboard",
        "language": "zh",
        "referrer": "",
        "events": {
            "loadCount": 0,
            "visibilitychangeCount": 2,
            "resizeCount": 10,
            "focusCount": 9,
            "clickCount": 2,
            "blurCount": 6
        },
        "pageLoadTime": {
            "loadStart": 1736447400000,
            "loadEnd": 1736447400739
        },
        "productId": "TRK-Ob2CJVFgaau7",
        "pathCounts": {
            "/profile": 3,
            "/home/create": 9,
            "/home/dashboard": 6
        }
    },
    {
        "start": 1736447400,
        "end": 1736447760,
        "bounce": {
            "isBounced": false,
            "pathname": "/frontend/index.html"
        },
        "device": "Desktop",
        "browser": "Edge",
        "location": {
            "latitude": -78.556384,
            "longitude": 136.690212
        },
        "uniqueId": "aca50ebd-2a70-41b2-a3f9-1a2deecc8322",
        "pathname": "/dashboard",
        "language": "fa",
        "referrer": "",
        "events": {
            "loadCount": 9,
            "visibilitychangeCount": 10,
            "resizeCount": 5,
            "focusCount": 0,
            "clickCount": 6,
            "blurCount": 7
        },
        "pageLoadTime": {
            "loadStart": 1736447400000,
            "loadEnd": 1736447400716
        },
        "productId": "TRK-TlxlcwGkl19t",
        "pathCounts": {
            "/home/create": 9,
            "/profile": 5,
            "/checkout": 6,
            "/settings": 4
        }
    },
    {
        "start": 1736447400,
        "end": 1736450160,
        "bounce": {
            "isBounced": false,
            "pathname": "/frontend/index.html"
        },
        "device": "Mobile",
        "browser": "Chrome",
        "location": {
            "latitude": 43.02033,
            "longitude": -159.036027
        },
        "uniqueId": "aca50ebd-2a70-41b2-a3f9-1a2deecc8322",
        "pathname": "/home",
        "language": "kk",
        "referrer": "https://www.lewis.com/",
        "events": {
            "loadCount": 5,
            "visibilitychangeCount": 10,
            "resizeCount": 10,
            "focusCount": 9,
            "clickCount": 4,
            "blurCount": 6
        },
        "pageLoadTime": {
            "loadStart": 1736447400000,
            "loadEnd": 1736447400866
        },
        "productId": "TRK-Ob2CJVFgaau7",
        "pathCounts": {
            "/checkout": 8,
            "/home": 4
        }
    },
    {
        "start": 1736447400,
        "end": 1736448240,
        "bounce": {
            "isBounced": true,
            "pathname": "/frontend/index.html"
        },
        "device": "Laptop",
        "browser": "Edge",
        "location": {
            "latitude": -26.6150115,
            "longitude": 21.304604
        },
        "uniqueId": "80d8a76b-4c97-4a12-9ac3-02a6d37e11a9",
        "pathname": "/dashboard",
        "language": "es",
        "referrer": "https://www.morgan.biz/",
        "events": {
            "loadCount": 0,
            "visibilitychangeCount": 6,
            "resizeCount": 10,
            "focusCount": 3,
            "clickCount": 7,
            "blurCount": 7
        },
        "pageLoadTime": {
            "loadStart": 1736447400000,
            "loadEnd": 1736447400197
        },
        "productId": "TRK-Ob2CJVFgaau7",
        "pathCounts": {
            "/home/create": 1,
            "/checkout": 2,
            "/login": 2,
            "/profile": 10
        }
    },
    {
        "start": 1736447400,
        "end": 1736449980,
        "bounce": {
            "isBounced": true,
            "pathname": "/frontend/index.html"
        },
        "device": "Laptop",
        "browser": "Safari",
        "location": {
            "latitude": 9.4689695,
            "longitude": 119.495176
        },
        "uniqueId": "3ba5c0ca-2d1c-4d75-82b7-a2c821f2ea43",
        "pathname": "/home",
        "language": "ky",
        "referrer": "http://joseph-oconnor.com/",
        "events": {
            "loadCount": 2,
            "visibilitychangeCount": 3,
            "resizeCount": 2,
            "focusCount": 4,
            "clickCount": 1,
            "blurCount": 6
        },
        "pageLoadTime": {
            "loadStart": 1736447400000,
            "loadEnd": 1736447400623
        },
        "productId": "TRK-89olAsKyNOG7",
        "pathCounts": {
            "/home/dashboard": 7,
            "/checkout": 6,
            "/home": 10,
            "/home/create": 5,
            "/profile": 7
        }
    },
    {
        "start": 1736447400,
        "end": 1736450460,
        "bounce": {
            "isBounced": false,
            "pathname": "/frontend/index.html"
        },
        "device": "Tablet",
        "browser": "Chrome",
        "location": {
            "latitude": 5.981061,
            "longitude": 157.980603
        },
        "uniqueId": "ffef8945-c190-4f95-930f-4e35c2e3a868",
        "pathname": "/settings",
        "language": "gez",
        "referrer": "http://atkins-dixon.biz/",
        "events": {
            "loadCount": 4,
            "visibilitychangeCount": 1,
            "resizeCount": 7,
            "focusCount": 0,
            "clickCount": 8,
            "blurCount": 7
        },
        "pageLoadTime": {
            "loadStart": 1736447400000,
            "loadEnd": 1736447400039
        },
        "productId": "TRK-Ob2CJVFgaau7",
        "pathCounts": {
            "/checkout": 9,
            "/home": 5,
            "/home/dashboard": 9,
            "/cart": 1
        }
    },
    {
        "start": 1736447400,
        "end": 1736450640,
        "bounce": {
            "isBounced": false,
            "pathname": "/frontend/index.html"
        },
        "device": "Laptop",
        "browser": "Chrome",
        "location": {
            "latitude": -33.341379,
            "longitude": 160.067981
        },
        "uniqueId": "111907fd-95b7-4729-a2af-e51ad656e288",
        "pathname": "/profile",
        "language": "ja",
        "referrer": "http://williams.com/",
        "events": {
            "loadCount": 0,
            "visibilitychangeCount": 4,
            "resizeCount": 9,
            "focusCount": 8,
            "clickCount": 2,
            "blurCount": 2
        },
        "pageLoadTime": {
            "loadStart": 1736447400000,
            "loadEnd": 1736447400408
        },
        "productId": "TRK-TlxlcwGkl19t",
        "pathCounts": {
            "/checkout": 6,
            "/cart": 9,
            "/login": 1,
            "/home": 7
        }
    },
    {
        "start": 1736447400,
        "end": 1736447760,
        "bounce": {
            "isBounced": true,
            "pathname": "/frontend/index.html"
        },
        "device": "Desktop",
        "browser": "Chrome",
        "location": {
            "latitude": 36.465225,
            "longitude": -74.898641
        },
        "uniqueId": "ca9d1f5f-925b-4a59-b362-4703a75ad77c",
        "pathname": "/home",
        "language": "pt",
        "referrer": "",
        "events": {
            "loadCount": 1,
            "visibilitychangeCount": 2,
            "resizeCount": 5,
            "focusCount": 2,
            "clickCount": 2,
            "blurCount": 6
        },
        "pageLoadTime": {
            "loadStart": 1736447400000,
            "loadEnd": 1736447400705
        },
        "productId": "TRK-Ob2CJVFgaau7",
        "pathCounts": {
            "/cart": 2,
            "/login": 10,
            "/profile": 5
        }
    },
    {
        "start": 1736447400,
        "end": 1736449380,
        "bounce": {
            "isBounced": false,
            "pathname": "/frontend/index.html"
        },
        "device": "Desktop",
        "browser": "Edge",
        "location": {
            "latitude": -46.933358,
            "longitude": 88.559239
        },
        "uniqueId": "ffef8945-c190-4f95-930f-4e35c2e3a868",
        "pathname": "/profile",
        "language": "csb",
        "referrer": "",
        "events": {
            "loadCount": 10,
            "visibilitychangeCount": 8,
            "resizeCount": 2,
            "focusCount": 0,
            "clickCount": 4,
            "blurCount": 0
        },
        "pageLoadTime": {
            "loadStart": 1736447400000,
            "loadEnd": 1736447400813
        },
        "productId": "TRK-TlxlcwGkl19t",
        "pathCounts": {
            "/home/create": 8,
            "/profile": 5
        }
    },
    {
        "start": 1736447400,
        "end": 1736448900,
        "bounce": {
            "isBounced": true,
            "pathname": "/frontend/index.html"
        },
        "device": "Laptop",
        "browser": "Edge",
        "location": {
            "latitude": -36.4414935,
            "longitude": 45.178064
        },
        "uniqueId": "aca50ebd-2a70-41b2-a3f9-1a2deecc8322",
        "pathname": "/dashboard",
        "language": "cs",
        "referrer": "",
        "events": {
            "loadCount": 6,
            "visibilitychangeCount": 0,
            "resizeCount": 7,
            "focusCount": 5,
            "clickCount": 5,
            "blurCount": 1
        },
        "pageLoadTime": {
            "loadStart": 1736447400000,
            "loadEnd": 1736447400368
        },
        "productId": "TRK-Ob2CJVFgaau7",
        "pathCounts": {
            "/home/create": 6,
            "/profile": 4
        }
    },
    {
        "start": 1736447400,
        "end": 1736448540,
        "bounce": {
            "isBounced": false,
            "pathname": "/frontend/index.html"
        },
        "device": "Tablet",
        "browser": "Chrome",
        "location": {
            "latitude": -55.7299565,
            "longitude": -24.029338
        },
        "uniqueId": "d86a654c-f156-4873-9fec-b758bd53146a",
        "pathname": "/settings",
        "language": "om",
        "referrer": "",
        "events": {
            "loadCount": 5,
            "visibilitychangeCount": 1,
            "resizeCount": 6,
            "focusCount": 7,
            "clickCount": 5,
            "blurCount": 0
        },
        "pageLoadTime": {
            "loadStart": 1736447400000,
            "loadEnd": 1736447400270
        },
        "productId": "TRK-89olAsKyNOG7",
        "pathCounts": {
            "/home/dashboard": 7,
            "/login": 5,
            "/home/create": 6
        }
    },
    {
        "start": 1736447400,
        "end": 1736449200,
        "bounce": {
            "isBounced": false,
            "pathname": "/frontend/index.html"
        },
        "device": "Tablet",
        "browser": "Mozilla",
        "location": {
            "latitude": -22.5125465,
            "longitude": 143.385169
        },
        "uniqueId": "4f113d91-1e3e-46f7-a9ca-95f02de96297",
        "pathname": "/home",
        "language": "mai",
        "referrer": "",
        "events": {
            "loadCount": 9,
            "visibilitychangeCount": 2,
            "resizeCount": 5,
            "focusCount": 4,
            "clickCount": 9,
            "blurCount": 9
        },
        "pageLoadTime": {
            "loadStart": 1736447400000,
            "loadEnd": 1736447400976
        },
        "productId": "TRK-89olAsKyNOG7",
        "pathCounts": {
            "/home/create": 6,
            "/home": 6,
            "/profile": 4
        }
    },
    {
        "start": 1736447400,
        "end": 1736447640,
        "bounce": {
            "isBounced": false,
            "pathname": "/frontend/index.html"
        },
        "device": "Tablet",
        "browser": "Mozilla",
        "location": {
            "latitude": -0.9631645,
            "longitude": 66.085517
        },
        "uniqueId": "625ea2f3-d6f3-47f0-abd3-a204ea4eb491",
        "pathname": "/dashboard",
        "language": "mr",
        "referrer": "",
        "events": {
            "loadCount": 5,
            "visibilitychangeCount": 1,
            "resizeCount": 6,
            "focusCount": 10,
            "clickCount": 6,
            "blurCount": 1
        },
        "pageLoadTime": {
            "loadStart": 1736447400000,
            "loadEnd": 1736447400949
        },
        "productId": "TRK-89olAsKyNOG7",
        "pathCounts": {
            "/cart": 5,
            "/home/dashboard": 7,
            "/home/create": 9
        }
    },
    {
        "start": 1736447400,
        "end": 1736450340,
        "bounce": {
            "isBounced": false,
            "pathname": "/frontend/index.html"
        },
        "device": "Laptop",
        "browser": "Chrome",
        "location": {
            "latitude": -62.51591,
            "longitude": -25.488572
        },
        "uniqueId": "aa76de66-83a4-4c21-92f5-cfe20525387a",
        "pathname": "/home",
        "language": "so",
        "referrer": "http://www.proctor.com/",
        "events": {
            "loadCount": 4,
            "visibilitychangeCount": 5,
            "resizeCount": 4,
            "focusCount": 9,
            "clickCount": 6,
            "blurCount": 7
        },
        "pageLoadTime": {
            "loadStart": 1736447400000,
            "loadEnd": 1736447400382
        },
        "productId": "TRK-89olAsKyNOG7",
        "pathCounts": {
            "/home/create": 3,
            "/login": 4,
            "/checkout": 4,
            "/profile": 7
        }
    },
    {
        "start": 1736447400,
        "end": 1736448180,
        "bounce": {
            "isBounced": false,
            "pathname": "/frontend/index.html"
        },
        "device": "Desktop",
        "browser": "Chrome",
        "location": {
            "latitude": -50.240037,
            "longitude": 120.010878
        },
        "uniqueId": "111907fd-95b7-4729-a2af-e51ad656e288",
        "pathname": "/dashboard",
        "language": "tcy",
        "referrer": "",
        "events": {
            "loadCount": 10,
            "visibilitychangeCount": 0,
            "resizeCount": 0,
            "focusCount": 3,
            "clickCount": 10,
            "blurCount": 6
        },
        "pageLoadTime": {
            "loadStart": 1736447400000,
            "loadEnd": 1736447400405
        },
        "productId": "TRK-Ob2CJVFgaau7",
        "pathCounts": {
            "/settings": 5,
            "/profile": 5
        }
    }
]