[
    {
        "start": 1740162600,
        "end": 1740163980,
        "bounce": {
            "isBounced": true,
            "pathname": "/frontend/index.html"
        },
        "device": "Laptop",
        "browser": "Mozilla",
        "location": {
            "latitude": -8.337348,
            "longitude": -138.221456
        },
        "uniqueId": "4f113d91-1e3e-46f7-a9ca-95f02de96297",
        "pathname": "/home",
        "language": "rw",
        "referrer": "https://moore.org/",
        "events": {
            "loadCount": 2,
            "visibilitychangeCount": 9,
            "resizeCount": 0,
            "focusCount": 2,
            "clickCount": 9,
            "blurCount": 3
        },
        "pageLoadTime": {
            "loadStart": 1740162600000,
            "loadEnd": 1740162600868
        },
        "productId": "TRK-Ob2CJVFgaau7",
        "pathCounts": {
            "/settings": 8,
            "/login": 1,
            "/profile": 10,
            "/cart": 4
        }
    },
    {
        "start": 1740162600,
        "end": 1740164340,
        "bounce": {
            "isBounced": false,
            "pathname": "/frontend/index.html"
        },
        "device": "Tablet",
        "browser": "Chrome",
        "location": {
            "latitude": -38.0190685,
            "longitude": 81.277646
        },
        "uniqueId": "9b47b488-09f3-4d00-a56c-8c970bdfab8e",
        "pathname": "/dashboard",
        "language": "hu",
        "referrer": "",
        "events": {
            "loadCount": 2,
            "visibilitychangeCount": 4,
            "resizeCount": 2,
            "focusCount": 8,
            "clickCount": 0,
            "blurCount": 4
        },
        "pageLoadTime": {
            "loadStart": 1740162600000,
            "loadEnd": 1740162600202
        },
        "productId": "TRK-Ob2CJVFgaau7",
        "pathCounts": {
            "/settings": 8,
            "/home/dashboard": 6,
            "/profile": 9
        }
    },
    {
        "start": 1740162600,
        "end": 1740164820,
        "bounce": {
            "isBounced": true,
            "pathname": "/frontend/index.html"
        },
        "device": "Desktop",
        "browser": "Edge",
        "location": {
            "latitude": 14.4287835,
            "longitude": 121.076675
        },
        "uniqueId": "111907fd-95b7-4729-a2af-e51ad656e288",
        "pathname": "/dashboard",
        "language": "is",
        "referrer": "",
        "events": {
            "loadCount": 2,
            "visibilitychangeCount": 2,
            "resizeCount": 4,
            "focusCount": 8,
            "clickCount": 7,
            "blurCount": 0
        },
        "pageLoadTime": {
            "loadStart": 1740162600000,
            "loadEnd": 1740162600405
        },
        "productId": "TRK-Ob2CJVFgaau7",
        "pathCounts": {
            "/profile": 7,
            "/cart": 6
        }
    },
    {
        "start": 1740162600,
        "end": 1740162780,
        "bounce": {
            "isBounced": false,
            "pathname": "/frontend/index.html"
        },
        "device": "Desktop",
        "browser": "Edge",
        "location": {
            "latitude": 74.80973,
            "longitude": -68.247516
        },
        "uniqueId": "d86a654c-f156-4873-9fec-b758bd53146a",
        "pathname": "/settings",
        "language": "gl",
        "referrer": "https://www.villanueva.com/",
        "events": {
            "loadCount": 9,
            "visibilitychangeCount": 9,
            "resizeCount": 8,
            "focusCount": 2,
            "clickCount": 10,
            "blurCount": 1
        },
        "pageLoadTime": {
            "loadStart": 1740162600000,
            "loadEnd": 1740162600138
        },
        "productId": "TRK-Ob2CJVFgaau7",
        "pathCounts": {
            "/home": 5,
            "/cart": 8
        }
    },
    {
        "start": 1740162600,
        "end": 1740163980,
        "bounce": {
            "isBounced": false,
            "pathname": "/frontend/index.html"
        },
        "device": "Laptop",
        "browser": "Chrome",
        "location": {
            "latitude": 36.9691555,
            "longitude": 146.438002
        },
        "uniqueId": "ca9d1f5f-925b-4a59-b362-4703a75ad77c",
        "pathname": "/profile",
        "language": "ckb",
        "referrer": "http://flores-vang.com/",
        "events": {
            "loadCount": 5,
            "visibilitychangeCount": 9,
            "resizeCount": 0,
            "focusCount": 6,
            "clickCount": 3,
            "blurCount": 1
        },
        "pageLoadTime": {
            "loadStart": 1740162600000,
            "loadEnd": 1740162600027
        },
        "productId": "TRK-Ob2CJVFgaau7",
        "pathCounts": {
            "/profile": 6,
            "/checkout": 10
        }
    },
    {
        "start": 1740162600,
        "end": 1740164280,
        "bounce": {
            "isBounced": false,
            "pathname": "/frontend/index.html"
        },
        "device": "Tablet",
        "browser": "Mozilla",
        "location": {
            "latitude": 54.348817,
            "longitude": 124.750109
        },
        "uniqueId": "f9c7e851-4d89-46ce-8678-25b88916a574",
        "pathname": "/settings",
        "language": "sat",
        "referrer": "https://www.lopez.com/",
        "events": {
            "loadCount": 7,
            "visibilitychangeCount": 3,
            "resizeCount": 6,
            "focusCount": 7,
            "clickCount": 3,
            "blurCount": 2
        },
        "pageLoadTime": {
            "loadStart": 1740162600000,
            "loadEnd": 1740162600692
        },
        "productId": "TRK-TlxlcwGkl19t",
        "pathCounts": {
            "/home": 8,
            "/login": 8,
            "/checkout": 6
        }
    },
    {
        "start": 1740162600,
        "end": 1740165900,
        "bounce": {
            "isBounced": false,
            "pathname": "/frontend/index.html"
        },
        "device": "Desktop",
        "browser": "Safari",
        "location": {
            "latitude": 65.8896115,
            "longitude": -146.642026
        },
        "uniqueId": "77f0712b-554f-4c5c-9898-14e7c77b26a0",
        "pathname": "/settings",
        "language": "nn",
        "referrer": "",
        "events": {
            "loadCount": 8,
            "visibilitychangeCount": 4,
            "resizeCount": 2,
            "focusCount": 6,
            "clickCount": 3,
            "blurCount": 9
        },
        "pageLoadTime": {
            "loadStart": 1740162600000,
            "loadEnd": 1740162600843
        },
        "productId": "TRK-Ob2CJVFgaau7",
        "pathCounts": {
            "/home/create": 9,
            "/settings": 2,
            "/checkout": 10
        }
    },
    {
        "start": 1740162600,
        "end": 1740165360,
        "bounce": {
            "isBounced": false,
            "pathname": "/frontend/index.html"
        },
        "device": "Mobile",
        "browser": "Edge",
        "location": {
            "latitude": -35.3539505,
            "longitude": 88.132172
        },
        "uniqueId": "9ce1bf0b-8366-40e1-b77c-9493a981c91b",
        "pathname": "/dashboard",
        "language": "the",
        "referrer": "",
        "events": {
            "loadCount": 6,
            "visibilitychangeCount": 9,
            "resizeCount": 5,
            "focusCount": 3,
            "clickCount": 0,
            "blurCount": 3
        },
        "pageLoadTime": {
            "loadStart": 1740162600000,
            "loadEnd": 1740162600541
        },
        "productId": "TRK-TlxlcwGkl19t",
        "pathCounts": {
            "/cart": 7,
            "/login": 1,
            "/home": 1,
            "/home/dashboard": 9,
            "/settings": 8
        }
    }
]