[
    {
        "start": 1736101800,
        "end": 1736104500,
        "bounce": {
            "isBounced": true,
            "pathname": "/frontend/index.html"
        },
        "device": "Laptop",
        "browser": "Edge",
        "location": {
            "latitude": 50.8996575,
            "longitude": 122.500482
        },
        "uniqueId": "aca50ebd-2a70-41b2-a3f9-1a2deecc8322",
        "pathname": "/settings",
        "language": "ve",
        "referrer": "http://brown.net/",
        "events": {
            "loadCount": 5,
            "visibilitychangeCount": 8,
            "resizeCount": 1,
            "focusCount": 8,
            "clickCount": 9,
            "blurCount": 6
        },
        "pageLoadTime": {
            "loadStart": 1736101800000,
            "loadEnd": 1736101800992
        },
        "productId": "TRK-89olAsKyNOG7",
        "pathCounts": {
            "/home/dashboard": 3,
            "/cart": 1,
            "/profile": 8
        }
    },
    {
        "start": 1736101800,
        "end": 1736102700,
        "bounce": {
            "isBounced": true,
            "pathname": "/frontend/index.html"
        },
        "device": "Mobile",
        "browser": "Edge",
        "location": {
            "latitude": -15.4457325,
            "longitude": 37.976173
        },
        "uniqueId": "3ba5c0ca-2d1c-4d75-82b7-a2c821f2ea43",
        "pathname": "/home",
        "language": "ml",
        "referrer": "http://smith.com/",
        "events": {
            "loadCount": 8,
            "visibilitychangeCount": 4,
            "resizeCount": 4,
            "focusCount": 4,
            "clickCount": 0,
            "blurCount": 0
        },
        "pageLoadTime": {
            "loadStart": 1736101800000,
            "loadEnd": 1736101800572
        },
        "productId": "TRK-89olAsKyNOG7",
        "pathCounts": {
            "/profile": 3,
            "/home/create": 5,
            "/settings": 6,
            "/home/dashboard": 2
        }
    },
    {
        "start": 1736101800,
        "end": 1736104440,
        "bounce": {
            "isBounced": false,
            "pathname": "/frontend/index.html"
        },
        "device": "Tablet",
        "browser": "Chrome",
        "location": {
            "latitude": 60.5875555,
            "longitude": 25.159081
        },
        "uniqueId": "625ea2f3-d6f3-47f0-abd3-a204ea4eb491",
        "pathname": "/dashboard",
        "language": "dz",
        "referrer": "",
        "events": {
            "loadCount": 1,
            "visibilitychangeCount": 8,
            "resizeCount": 0,
            "focusCount": 6,
            "clickCount": 1,
            "blurCount": 8
        },
        "pageLoadTime": {
            "loadStart": 1736101800000,
            "loadEnd": 1736101800767
        },
        "productId": "TRK-89olAsKyNOG7",
        "pathCounts": {
            "/profile": 9,
            "/login": 6,
            "/checkout": 9
        }
    },
    {
        "start": 1736101800,
        "end": 1736104920,
        "bounce": {
            "isBounced": false,
            "pathname": "/frontend/index.html"
        },
        "device": "Tablet",
        "browser": "Edge",
        "location": {
            "latitude": 69.8739905,
            "longitude": 38.633389
        },
        "uniqueId": "9ce1bf0b-8366-40e1-b77c-9493a981c91b",
        "pathname": "/profile",
        "language": "mn",
        "referrer": "",
        "events": {
            "loadCount": 10,
            "visibilitychangeCount": 10,
            "resizeCount": 4,
            "focusCount": 7,
            "clickCount": 2,
            "blurCount": 5
        },
        "pageLoadTime": {
            "loadStart": 1736101800000,
            "loadEnd": 1736101800155
        },
        "productId": "TRK-TlxlcwGkl19t",
        "pathCounts": {
            "/login": 5,
            "/profile": 1,
            "/home/create": 1
        }
    },
    {
        "start": 1736101800,
        "end": 1736103300,
        "bounce": {
            "isBounced": false,
            "pathname": "/frontend/index.html"
        },
        "device": "Tablet",
        "browser": "Safari",
        "location": {
            "latitude": 3.2635825,
            "longitude": 52.661436
        },
        "uniqueId": "9ce1bf0b-8366-40e1-b77c-9493a981c91b",
        "pathname": "/settings",
        "language": "sid",
        "referrer": "https://maldonado.info/",
        "events": {
            "loadCount": 2,
            "visibilitychangeCount": 10,
            "resizeCount": 1,
            "focusCount": 6,
            "clickCount": 3,
            "blurCount": 6
        },
        "pageLoadTime": {
            "loadStart": 1736101800000,
            "loadEnd": 1736101800872
        },
        "productId": "TRK-89olAsKyNOG7",
        "pathCounts": {
            "/settings": 4,
            "/checkout": 8,
            "/home/dashboard": 7
        }
    },
    {
        "start": 1736101800,
        "end": 1736103240,
        "bounce": {
            "isBounced": true,
            "pathname": "/frontend/index.html"
        },
        "device": "Laptop",
        "browser": "Mozilla",
        "location": {
            "latitude": -30.4727345,
            "longitude": 118.320077
        },
        "uniqueId": "3da55713-36de-4077-9d4d-626d934aafe0",
        "pathname": "/profile",
        "language": "it",
        "referrer": "http://www.edwards-thornton.com/",
        "events": {
            "loadCount": 9,
            "visibilitychangeCount": 9,
            "resizeCount": 5,
            "focusCount": 4,
            "clickCount": 9,
            "blurCount": 6
        },
        "pageLoadTime": {
            "loadStart": 1736101800000,
            "loadEnd": 1736101800177
        },
        "productId": "TRK-Ob2CJVFgaau7",
        "pathCounts": {
            "/settings": 2,
            "/cart": 3,
            "/home/dashboard": 2
        }
    },
    {
        "start": 1736101800,
        "end": 1736103720,
        "bounce": {
            "isBounced": true,
            "pathname": "/frontend/index.html"
        },
        "device": "Mobile",
        "browser": "Edge",
        "location": {
            "latitude": -34.2382715,
            "longitude": -173.774957
        },
        "uniqueId": "3da55713-36de-4077-9d4d-626d934aafe0",
        "pathname": "/home",
        "language": "mn",
        "referrer": "http://foley-vincent.com/",
        "events": {
            "loadCount": 1,
            "visibilitychangeCount": 10,
            "resizeCount": 7,
            "focusCount": 6,
            "clickCount": 2,
            "blurCount": 8
        },
        "pageLoadTime": {
            "loadStart": 1736101800000,
            "loadEnd": 1736101800034
        },
        "productId": "TRK-Ob2CJVFgaau7",
        "pathCounts": {
            "/home/dashboard": 3,
            "/profile": 6,
            "/login": 8,
            "/home/create": 1
        }
    },
    {
        "start": 1736101800,
        "end": 1736102880,
        "bounce": {
            "isBounced": false,
            "pathname": "/frontend/index.html"
        },
        "device": "Tablet",
        "browser": "Edge",
        "location": {
            "latitude": -43.174957,
            "longitude": -168.765364
        },
        "uniqueId": "37f86d6c-c234-4339-9c0f-ec3bdaab8536",
        "pathname": "/profile",
        "language": "ky",
        "referrer": "",
        "events": {
            "loadCount": 8,
            "visibilitychangeCount": 6,
            "resizeCount": 5,
            "focusCount": 3,
            "clickCount": 7,
            "blurCount": 4
        },
        "pageLoadTime": {
            "loadStart": 1736101800000,
            "loadEnd": 1736101800659
        },
        "productId": "TRK-89olAsKyNOG7",
        "pathCounts": {
            "/checkout": 8,
            "/login": 8,
            "/profile": 6,
            "/home/dashboard": 6
        }
    },
    {
        "start": 1736101800,
        "end": 1736103360,
        "bounce": {
            "isBounced": false,
            "pathname": "/frontend/index.html"
        },
        "device": "Tablet",
        "browser": "Mozilla",
        "location": {
            "latitude": -74.9955255,
            "longitude": 106.329106
        },
        "uniqueId": "5bde6480-0ab0-43b2-8529-ae22b458f836",
        "pathname": "/settings",
        "language": "fy",
        "referrer": "",
        "events": {
            "loadCount": 7,
            "visibilitychangeCount": 8,
            "resizeCount": 10,
            "focusCount": 7,
            "clickCount": 1,
            "blurCount": 5
        },
        "pageLoadTime": {
            "loadStart": 1736101800000,
            "loadEnd": 1736101800988
        },
        "productId": "TRK-89olAsKyNOG7",
        "pathCounts": {
            "/home/create": 1,
            "/home": 5,
            "/settings": 9,
            "/cart": 10
        }
    },
    {
        "start": 1736101800,
        "end": 1736105340,
        "bounce": {
            "isBounced": false,
            "pathname": "/frontend/index.html"
        },
        "device": "Laptop",
        "browser": "Edge",
        "location": {
            "latitude": 1.6353015,
            "longitude": -13.867238
        },
        "uniqueId": "9b47b488-09f3-4d00-a56c-8c970bdfab8e",
        "pathname": "/profile",
        "language": "as",
        "referrer": "",
        "events": {
            "loadCount": 3,
            "visibilitychangeCount": 1,
            "resizeCount": 9,
            "focusCount": 9,
            "clickCount": 1,
            "blurCount": 2
        },
        "pageLoadTime": {
            "loadStart": 1736101800000,
            "loadEnd": 1736101800410
        },
        "productId": "TRK-TlxlcwGkl19t",
        "pathCounts": {
            "/login": 3,
            "/home/dashboard": 5,
            "/checkout": 5
        }
    },
    {
        "start": 1736101800,
        "end": 1736105400,
        "bounce": {
            "isBounced": true,
            "pathname": "/frontend/index.html"
        },
        "device": "Desktop",
        "browser": "Mozilla",
        "location": {
            "latitude": -63.247535,
            "longitude": -58.671586
        },
        "uniqueId": "77f0712b-554f-4c5c-9898-14e7c77b26a0",
        "pathname": "/profile",
        "language": "nds",
        "referrer": "",
        "events": {
            "loadCount": 0,
            "visibilitychangeCount": 9,
            "resizeCount": 6,
            "focusCount": 2,
            "clickCount": 8,
            "blurCount": 2
        },
        "pageLoadTime": {
            "loadStart": 1736101800000,
            "loadEnd": 1736101800436
        },
        "productId": "TRK-89olAsKyNOG7",
        "pathCounts": {
            "/cart": 1,
            "/checkout": 9,
            "/profile": 8,
            "/settings": 5,
            "/home": 2
        }
    },
    {
        "start": 1736101800,
        "end": 1736103420,
        "bounce": {
            "isBounced": false,
            "pathname": "/frontend/index.html"
        },
        "device": "Laptop",
        "browser": "Edge",
        "location": {
            "latitude": 1.065033,
            "longitude": 75.706157
        },
        "uniqueId": "9b47b488-09f3-4d00-a56c-8c970bdfab8e",
        "pathname": "/settings",
        "language": "hak",
        "referrer": "https://wagner.com/",
        "events": {
            "loadCount": 2,
            "visibilitychangeCount": 10,
            "resizeCount": 10,
            "focusCount": 1,
            "clickCount": 6,
            "blurCount": 3
        },
        "pageLoadTime": {
            "loadStart": 1736101800000,
            "loadEnd": 1736101800661
        },
        "productId": "TRK-89olAsKyNOG7",
        "pathCounts": {
            "/home": 9,
            "/home/dashboard": 3,
            "/profile": 2,
            "/checkout": 3
        }
    },
    {
        "start": 1736101800,
        "end": 1736105400,
        "bounce": {
            "isBounced": false,
            "pathname": "/frontend/index.html"
        },
        "device": "Laptop",
        "browser": "Safari",
        "location": {
            "latitude": 77.9645695,
            "longitude": -101.123281
        },
        "uniqueId": "ca9d1f5f-925b-4a59-b362-4703a75ad77c",
        "pathname": "/profile",
        "language": "fil",
        "referrer": "https://molina-mckay.net/",
        "events": {
            "loadCount": 4,
            "visibilitychangeCount": 1,
            "resizeCount": 1,
            "focusCount": 1,
            "clickCount": 1,
            "blurCount": 1
        },
        "pageLoadTime": {
            "loadStart": 1736101800000,
            "loadEnd": 1736101800479
        },
        "productId": "TRK-89olAsKyNOG7",
        "pathCounts": {
            "/home/create": 4,
            "/login": 1,
            "/cart": 3
        }
    },
    {
        "start": 1736101800,
        "end": 1736103480,
        "bounce": {
            "isBounced": false,
            "pathname": "/frontend/index.html"
        },
        "device": "Mobile",
        "browser": "Chrome",
        "location": {
            "latitude": -59.2464855,
            "longitude": 76.479795
        },
        "uniqueId": "31b1cad6-43b6-4fa7-95e5-7d79676b01e7",
        "pathname": "/settings",
        "language": "ig",
        "referrer": "http://owens.biz/",
        "events": {
            "loadCount": 5,
            "visibilitychangeCount": 3,
            "resizeCount": 10,
            "focusCount": 4,
            "clickCount": 8,
            "blurCount": 5
        },
        "pageLoadTime": {
            "loadStart": 1736101800000,
            "loadEnd": 1736101800643
        },
        "productId": "TRK-89olAsKyNOG7",
        "pathCounts": {
            "/home": 5,
            "/checkout": 2,
            "/login": 1
        }
    },
    {
        "start": 1736101800,
        "end": 1736104740,
        "bounce": {
            "isBounced": true,
            "pathname": "/frontend/index.html"
        },
        "device": "Tablet",
        "browser": "Mozilla",
        "location": {
            "latitude": -54.8399805,
            "longitude": 143.557689
        },
        "uniqueId": "d86a654c-f156-4873-9fec-b758bd53146a",
        "pathname": "/frontend/index.html",
        "language": "wae",
        "referrer": "",
        "events": {
            "loadCount": 10,
            "visibilitychangeCount": 10,
            "resizeCount": 5,
            "focusCount": 7,
            "clickCount": 0,
            "blurCount": 4
        },
        "pageLoadTime": {
            "loadStart": 1736101800000,
            "loadEnd": 1736101800659
        },
        "productId": "TRK-Ob2CJVFgaau7",
        "pathCounts": {
            "/checkout": 3,
            "/home/create": 3,
            "/home": 6,
            "/login": 6,
            "/cart": 10
        }
    }
]