[
    {
        "start": 1739212200,
        "end": 1739215320,
        "bounce": {
            "isBounced": false,
            "pathname": "/frontend/index.html"
        },
        "device": "Laptop",
        "browser": "Edge",
        "location": {
            "latitude": -59.889104,
            "longitude": 18.612166
        },
        "uniqueId": "3ba5c0ca-2d1c-4d75-82b7-a2c821f2ea43",
        "pathname": "/profile",
        "language": "hi",
        "referrer": "",
        "events": {
            "loadCount": 3,
            "visibilitychangeCount": 7,
            "resizeCount": 1,
            "focusCount": 2,
            "clickCount": 10,
            "blurCount": 9
        },
        "pageLoadTime": {
            "loadStart": 1739212200000,
            "loadEnd": 1739212200751
        },
        "productId": "TRK-89olAsKyNOG7",
        "pathCounts": {
            "/home/create": 8,
            "/checkout": 10,
            "/profile": 4,
            "/login": 10,
            "/home": 7
        }
    },
    {
        "start": 1739212200,
        "end": 1739214300,
        "bounce": {
            "isBounced": false,
            "pathname": "/frontend/index.html"
        },
        "device": "Laptop",
        "browser": "Safari",
        "location": {
            "latitude": -10.7846955,
            "longitude": -125.553275
        },
        "uniqueId": "37f86d6c-c234-4339-9c0f-ec3bdaab8536",
        "pathname": "/home",
        "language": "zh",
        "referrer": "https://davis.net/",
        "events": {
            "loadCount": 5,
            "visibilitychangeCount": 7,
            "resizeCount": 0,
            "focusCount": 7,
            "clickCount": 3,
            "blurCount": 2
        },
        "pageLoadTime": {
            "loadStart": 1739212200000,
            "loadEnd": 1739212200850
        },
        "productId": "TRK-TlxlcwGkl19t",
        "pathCounts": {
            "/profile": 5,
            "/login": 2,
            "/cart": 2,
            "/home/dashboard": 1
        }
    },
    {
        "start": 1739212200,
        "end": 1739214720,
        "bounce": {
            "isBounced": true,
            "pathname": "/frontend/index.html"
        },
        "device": "Tablet",
        "browser": "Edge",
        "location": {
            "latitude": 88.067719,
            "longitude": -49.148305
        },
        "uniqueId": "3da55713-36de-4077-9d4d-626d934aafe0",
        "pathname": "/frontend/index.html",
        "language": "pap",
        "referrer": "https://gutierrez.com/",
        "events": {
            "loadCount": 3,
            "visibilitychangeCount": 5,
            "resizeCount": 1,
            "focusCount": 8,
            "clickCount": 8,
            "blurCount": 2
        },
        "pageLoadTime": {
            "loadStart": 1739212200000,
            "loadEnd": 1739212200978
        },
        "productId": "TRK-Ob2CJVFgaau7",
        "pathCounts": {
            "/profile": 10,
            "/home/dashboard": 7,
            "/home": 10
        }
    },
    {
        "start": 1739212200,
        "end": 1739214060,
        "bounce": {
            "isBounced": false,
            "pathname": "/frontend/index.html"
        },
        "device": "Desktop",
        "browser": "Chrome",
        "location": {
            "latitude": 87.46998,
            "longitude": 88.582093
        },
        "uniqueId": "aca50ebd-2a70-41b2-a3f9-1a2deecc8322",
        "pathname": "/dashboard",
        "language": "sa",
        "referrer": "http://www.owens.com/",
        "events": {
            "loadCount": 2,
            "visibilitychangeCount": 4,
            "resizeCount": 4,
            "focusCount": 3,
            "clickCount": 9,
            "blurCount": 7
        },
        "pageLoadTime": {
            "loadStart": 1739212200000,
            "loadEnd": 1739212200193
        },
        "productId": "TRK-89olAsKyNOG7",
        "pathCounts": {
            "/home/dashboard": 8,
            "/profile": 7,
            "/checkout": 6
        }
    },
    {
        "start": 1739212200,
        "end": 1739213820,
        "bounce": {
            "isBounced": true,
            "pathname": "/frontend/index.html"
        },
        "device": "Mobile",
        "browser": "Safari",
        "location": {
            "latitude": -4.6368225,
            "longitude": -152.900193
        },
        "uniqueId": "aa76de66-83a4-4c21-92f5-cfe20525387a",
        "pathname": "/home",
        "language": "shs",
        "referrer": "http://www.hernandez-jennings.net/",
        "events": {
            "loadCount": 7,
            "visibilitychangeCount": 10,
            "resizeCount": 5,
            "focusCount": 7,
            "clickCount": 2,
            "blurCount": 0
        },
        "pageLoadTime": {
            "loadStart": 1739212200000,
            "loadEnd": 1739212200183
        },
        "productId": "TRK-TlxlcwGkl19t",
        "pathCounts": {
            "/login": 9,
            "/home/create": 3,
            "/home": 7,
            "/home/dashboard": 6
        }
    },
    {
        "start": 1739212200,
        "end": 1739214300,
        "bounce": {
            "isBounced": true,
            "pathname": "/frontend/index.html"
        },
        "device": "Desktop",
        "browser": "Safari",
        "location": {
            "latitude": -4.226578,
            "longitude": 155.149128
        },
        "uniqueId": "f25d6d08-ed4a-4680-b7e3-94d4b30207df",
        "pathname": "/home",
        "language": "doi",
        "referrer": "https://phillips-johnson.com/",
        "events": {
            "loadCount": 9,
            "visibilitychangeCount": 9,
            "resizeCount": 0,
            "focusCount": 7,
            "clickCount": 4,
            "blurCount": 7
        },
        "pageLoadTime": {
            "loadStart": 1739212200000,
            "loadEnd": 1739212200370
        },
        "productId": "TRK-Ob2CJVFgaau7",
        "pathCounts": {
            "/home/create": 1,
            "/checkout": 6,
            "/home/dashboard": 5
        }
    },
    {
        "start": 1739212200,
        "end": 1739212380,
        "bounce": {
            "isBounced": false,
            "pathname": "/frontend/index.html"
        },
        "device": "Desktop",
        "browser": "Mozilla",
        "location": {
            "latitude": 80.1185915,
            "longitude": -76.970861
        },
        "uniqueId": "d86a654c-f156-4873-9fec-b758bd53146a",
        "pathname": "/dashboard",
        "language": "nb",
        "referrer": "",
        "events": {
            "loadCount": 2,
            "visibilitychangeCount": 4,
            "resizeCount": 2,
            "focusCount": 5,
            "clickCount": 10,
            "blurCount": 7
        },
        "pageLoadTime": {
            "loadStart": 1739212200000,
            "loadEnd": 1739212200212
        },
        "productId": "TRK-89olAsKyNOG7",
        "pathCounts": {
            "/settings": 1,
            "/checkout": 4
        }
    },
    {
        "start": 1739212200,
        "end": 1739212740,
        "bounce": {
            "isBounced": true,
            "pathname": "/frontend/index.html"
        },
        "device": "Desktop",
        "browser": "Chrome",
        "location": {
            "latitude": -33.210322,
            "longitude": -0.154052
        },
        "uniqueId": "ffef8945-c190-4f95-930f-4e35c2e3a868",
        "pathname": "/home",
        "language": "tk",
        "referrer": "",
        "events": {
            "loadCount": 3,
            "visibilitychangeCount": 0,
            "resizeCount": 4,
            "focusCount": 10,
            "clickCount": 5,
            "blurCount": 4
        },
        "pageLoadTime": {
            "loadStart": 1739212200000,
            "loadEnd": 1739212200922
        },
        "productId": "TRK-TlxlcwGkl19t",
        "pathCounts": {
            "/home/dashboard": 5,
            "/login": 5,
            "/home/create": 5,
            "/cart": 9
        }
    },
    {
        "start": 1739212200,
        "end": 1739212980,
        "bounce": {
            "isBounced": true,
            "pathname": "/frontend/index.html"
        },
        "device": "Tablet",
        "browser": "Safari",
        "location": {
            "latitude": 57.017635,
            "longitude": -71.316667
        },
        "uniqueId": "ffef8945-c190-4f95-930f-4e35c2e3a868",
        "pathname": "/profile",
        "language": "ti",
        "referrer": "https://www.price-mason.com/",
        "events": {
            "loadCount": 8,
            "visibilitychangeCount": 7,
            "resizeCount": 0,
            "focusCount": 2,
            "clickCount": 5,
            "blurCount": 9
        },
        "pageLoadTime": {
            "loadStart": 1739212200000,
            "loadEnd": 1739212200148
        },
        "productId": "TRK-89olAsKyNOG7",
        "pathCounts": {
            "/home/create": 3,
            "/login": 7,
            "/checkout": 10,
            "/home": 9
        }
    },
    {
        "start": 1739212200,
        "end": 1739212500,
        "bounce": {
            "isBounced": true,
            "pathname": "/frontend/index.html"
        },
        "device": "Laptop",
        "browser": "Edge",
        "location": {
            "latitude": 32.4819655,
            "longitude": -56.42189
        },
        "uniqueId": "aca50ebd-2a70-41b2-a3f9-1a2deecc8322",
        "pathname": "/profile",
        "language": "sd",
        "referrer": "http://www.white.info/",
        "events": {
            "loadCount": 5,
            "visibilitychangeCount": 8,
            "resizeCount": 0,
            "focusCount": 7,
            "clickCount": 5,
            "blurCount": 3
        },
        "pageLoadTime": {
            "loadStart": 1739212200000,
            "loadEnd": 1739212200519
        },
        "productId": "TRK-TlxlcwGkl19t",
        "pathCounts": {
            "/home/dashboard": 10,
            "/checkout": 4,
            "/cart": 7
        }
    },
    {
        "start": 1739212200,
        "end": 1739213760,
        "bounce": {
            "isBounced": true,
            "pathname": "/frontend/index.html"
        },
        "device": "Laptop",
        "browser": "Safari",
        "location": {
            "latitude": -0.8279,
            "longitude": 41.238431
        },
        "uniqueId": "d86a654c-f156-4873-9fec-b758bd53146a",
        "pathname": "/profile",
        "language": "fa",
        "referrer": "http://price-matthews.com/",
        "events": {
            "loadCount": 4,
            "visibilitychangeCount": 8,
            "resizeCount": 10,
            "focusCount": 4,
            "clickCount": 7,
            "blurCount": 5
        },
        "pageLoadTime": {
            "loadStart": 1739212200000,
            "loadEnd": 1739212200841
        },
        "productId": "TRK-89olAsKyNOG7",
        "pathCounts": {
            "/checkout": 3,
            "/profile": 9,
            "/home": 5,
            "/settings": 3
        }
    },
    {
        "start": 1739212200,
        "end": 1739213580,
        "bounce": {
            "isBounced": false,
            "pathname": "/frontend/index.html"
        },
        "device": "Tablet",
        "browser": "Safari",
        "location": {
            "latitude": -25.6316775,
            "longitude": -32.179767
        },
        "uniqueId": "31b1cad6-43b6-4fa7-95e5-7d79676b01e7",
        "pathname": "/frontend/index.html",
        "language": "lt",
        "referrer": "https://www.patrick.com/",
        "events": {
            "loadCount": 5,
            "visibilitychangeCount": 10,
            "resizeCount": 1,
            "focusCount": 5,
            "clickCount": 0,
            "blurCount": 0
        },
        "pageLoadTime": {
            "loadStart": 1739212200000,
            "loadEnd": 1739212200226
        },
        "productId": "TRK-89olAsKyNOG7",
        "pathCounts": {
            "/settings": 5,
            "/home/create": 3,
            "/home": 6
        }
    },
    {
        "start": 1739212200,
        "end": 1739213820,
        "bounce": {
            "isBounced": false,
            "pathname": "/frontend/index.html"
        },
        "device": "Laptop",
        "browser": "Safari",
        "location": {
            "latitude": -47.4202705,
            "longitude": 43.984511
        },
        "uniqueId": "ffef8945-c190-4f95-930f-4e35c2e3a868",
        "pathname": "/settings",
        "language": "szl",
        "referrer": "",
        "events": {
            "loadCount": 0,
            "visibilitychangeCount": 5,
            "resizeCount": 5,
            "focusCount": 5,
            "clickCount": 3,
            "blurCount": 3
        },
        "pageLoadTime": {
            "loadStart": 1739212200000,
            "loadEnd": 1739212200255
        },
        "productId": "TRK-Ob2CJVFgaau7",
        "pathCounts": {
            "/profile": 7,
            "/home": 7,
            "/settings": 7
        }
    }
]