[
    {
        "start": 1740594600,
        "end": 1740595920,
        "bounce": {
            "isBounced": false,
            "pathname": "/frontend/index.html"
        },
        "device": "Desktop",
        "browser": "Chrome",
        "location": {
            "latitude": 59.2493585,
            "longitude": 40.357413
        },
        "uniqueId": "3ba5c0ca-2d1c-4d75-82b7-a2c821f2ea43",
        "pathname": "/settings",
        "language": "yue",
        "referrer": "https://www.hudson.net/",
        "events": {
            "loadCount": 9,
            "visibilitychangeCount": 6,
            "resizeCount": 9,
            "focusCount": 4,
            "clickCount": 1,
            "blurCount": 1
        },
        "pageLoadTime": {
            "loadStart": 1740594600000,
            "loadEnd": 1740594600604
        },
        "productId": "TRK-89olAsKyNOG7",
        "pathCounts": {
            "/profile": 10,
            "/home/dashboard": 10
        }
    },
    {
        "start": 1740594600,
        "end": 1740597600,
        "bounce": {
            "isBounced": true,
            "pathname": "/frontend/index.html"
        },
        "device": "Mobile",
        "browser": "Safari",
        "location": {
            "latitude": -22.981967,
            "longitude": -164.507502
        },
        "uniqueId": "37f86d6c-c234-4339-9c0f-ec3bdaab8536",
        "pathname": "/frontend/index.html",
        "language": "mr",
        "referrer": "",
        "events": {
            "loadCount": 3,
            "visibilitychangeCount": 8,
            "resizeCount": 8,
            "focusCount": 1,
            "clickCount": 6,
            "blurCount": 9
        },
        "pageLoadTime": {
            "loadStart": 1740594600000,
            "loadEnd": 1740594600861
        },
        "productId": "TRK-89olAsKyNOG7",
        "pathCounts": {
            "/profile": 2,
            "/checkout": 10,
            "/home": 5
        }
    },
    {
        "start": 1740594600,
        "end": 1740598140,
        "bounce": {
            "isBounced": false,
            "pathname": "/frontend/index.html"
        },
        "device": "Tablet",
        "browser": "Mozilla",
        "location": {
            "latitude": 51.5443295,
            "longitude": 5.194753
        },
        "uniqueId": "111907fd-95b7-4729-a2af-e51ad656e288",
        "pathname": "/frontend/index.html",
        "language": "byn",
        "referrer": "",
        "events": {
            "loadCount": 9,
            "visibilitychangeCount": 5,
            "resizeCount": 0,
            "focusCount": 4,
            "clickCount": 9,
            "blurCount": 5
        },
        "pageLoadTime": {
            "loadStart": 1740594600000,
            "loadEnd": 1740594600501
        },
        "productId": "TRK-Ob2CJVFgaau7",
        "pathCounts": {
            "/login": 5,
            "/home/create": 5,
            "/home/dashboard": 7
        }
    },
    {
        "start": 1740594600,
        "end": 1740595080,
        "bounce": {
            "isBounced": true,
            "pathname": "/frontend/index.html"
        },
        "device": "Mobile",
        "browser": "Chrome",
        "location": {
            "latitude": -6.384243,
            "longitude": 3.795715
        },
        "uniqueId": "f9c7e851-4d89-46ce-8678-25b88916a574",
        "pathname": "/home",
        "language": "apn",
        "referrer": "https://wiggins.info/",
        "events": {
            "loadCount": 6,
            "visibilitychangeCount": 4,
            "resizeCount": 4,
            "focusCount": 10,
            "clickCount": 0,
            "blurCount": 7
        },
        "pageLoadTime": {
            "loadStart": 1740594600000,
            "loadEnd": 1740594600197
        },
        "productId": "TRK-TlxlcwGkl19t",
        "pathCounts": {
            "/settings": 6,
            "/profile": 6,
            "/home/create": 3,
            "/home": 10
        }
    },
    {
        "start": 1740594600,
        "end": 1740595260,
        "bounce": {
            "isBounced": true,
            "pathname": "/frontend/index.html"
        },
        "device": "Tablet",
        "browser": "Chrome",
        "location": {
            "latitude": -57.774866,
            "longitude": 173.11033
        },
        "uniqueId": "3ba5c0ca-2d1c-4d75-82b7-a2c821f2ea43",
        "pathname": "/dashboard",
        "language": "os",
        "referrer": "http://villanueva.com/",
        "events": {
            "loadCount": 5,
            "visibilitychangeCount": 3,
            "resizeCount": 5,
            "focusCount": 2,
            "clickCount": 2,
            "blurCount": 1
        },
        "pageLoadTime": {
            "loadStart": 1740594600000,
            "loadEnd": 1740594600637
        },
        "productId": "TRK-TlxlcwGkl19t",
        "pathCounts": {
            "/login": 1,
            "/home/create": 5,
            "/home": 9,
            "/home/dashboard": 6
        }
    },
    {
        "start": 1740594600,
        "end": 1740596460,
        "bounce": {
            "isBounced": false,
            "pathname": "/frontend/index.html"
        },
        "device": "Laptop",
        "browser": "Chrome",
        "location": {
            "latitude": -3.587822,
            "longitude": 22.288138
        },
        "uniqueId": "3ba5c0ca-2d1c-4d75-82b7-a2c821f2ea43",
        "pathname": "/dashboard",
        "language": "ber",
        "referrer": "",
        "events": {
            "loadCount": 7,
            "visibilitychangeCount": 1,
            "resizeCount": 3,
            "focusCount": 10,
            "clickCount": 6,
            "blurCount": 10
        },
        "pageLoadTime": {
            "loadStart": 1740594600000,
            "loadEnd": 1740594600445
        },
        "productId": "TRK-TlxlcwGkl19t",
        "pathCounts": {
            "/home/create": 8,
            "/profile": 9,
            "/checkout": 10
        }
    },
    {
        "start": 1740594600,
        "end": 1740595680,
        "bounce": {
            "isBounced": true,
            "pathname": "/frontend/index.html"
        },
        "device": "Desktop",
        "browser": "Edge",
        "location": {
            "latitude": 72.868504,
            "longitude": -12.224199
        },
        "uniqueId": "14ec54a1-24e9-462b-9378-3e9d812cba5a",
        "pathname": "/settings",
        "language": "zh",
        "referrer": "",
        "events": {
            "loadCount": 5,
            "visibilitychangeCount": 7,
            "resizeCount": 0,
            "focusCount": 1,
            "clickCount": 7,
            "blurCount": 1
        },
        "pageLoadTime": {
            "loadStart": 1740594600000,
            "loadEnd": 1740594600572
        },
        "productId": "TRK-TlxlcwGkl19t",
        "pathCounts": {
            "/home": 6,
            "/profile": 2,
            "/home/dashboard": 9,
            "/home/create": 5
        }
    }
]