[
    {
        "start": 1735669800,
        "end": 1735672500,
        "bounce": {
            "isBounced": false,
            "pathname": "/frontend/index.html"
        },
        "device": "Tablet",
        "browser": "Chrome",
        "location": {
            "latitude": -57.825892,
            "longitude": 84.891414
        },
        "uniqueId": "d86a654c-f156-4873-9fec-b758bd53146a",
        "pathname": "/dashboard",
        "language": "hu",
        "referrer": "https://www.mclaughlin.com/",
        "events": {
            "loadCount": 2,
            "visibilitychangeCount": 1,
            "resizeCount": 8,
            "focusCount": 6,
            "clickCount": 2,
            "blurCount": 7
        },
        "pageLoadTime": {
            "loadStart": 1735669800000,
            "loadEnd": 1735669800279
        },
        "productId": "TRK-89olAsKyNOG7",
        "pathCounts": {
            "/login": 2,
            "/home": 6,
            "/home/dashboard": 7
        }
    },
    {
        "start": 1735669800,
        "end": 1735670520,
        "bounce": {
            "isBounced": false,
            "pathname": "/frontend/index.html"
        },
        "device": "Tablet",
        "browser": "Safari",
        "location": {
            "latitude": -80.3339735,
            "longitude": 114.199229
        },
        "uniqueId": "5bde6480-0ab0-43b2-8529-ae22b458f836",
        "pathname": "/settings",
        "language": "so",
        "referrer": "http://www.barker.com/",
        "events": {
            "loadCount": 7,
            "visibilitychangeCount": 3,
            "resizeCount": 2,
            "focusCount": 10,
            "clickCount": 10,
            "blurCount": 7
        },
        "pageLoadTime": {
            "loadStart": 1735669800000,
            "loadEnd": 1735669800038
        },
        "productId": "TRK-TlxlcwGkl19t",
        "pathCounts": {
            "/cart": 7,
            "/home/dashboard": 10,
            "/settings": 6,
            "/home/create": 8
        }
    },
    {
        "start": 1735669800,
        "end": 1735673040,
        "bounce": {
            "isBounced": false,
            "pathname": "/frontend/index.html"
        },
        "device": "Tablet",
        "browser": "Safari",
        "location": {
            "latitude": 1.3120255,
            "longitude": 164.438626
        },
        "uniqueId": "d86a654c-f156-4873-9fec-b758bd53146a",
        "pathname": "/frontend/index.html",
        "language": "csb",
        "referrer": "https://ball.biz/",
        "events": {
            "loadCount": 10,
            "visibilitychangeCount": 7,
            "resizeCount": 6,
            "focusCount": 5,
            "clickCount": 3,
            "blurCount": 2
        },
        "pageLoadTime": {
            "loadStart": 1735669800000,
            "loadEnd": 1735669800668
        },
        "productId": "TRK-89olAsKyNOG7",
        "pathCounts": {
            "/cart": 3,
            "/profile": 7,
            "/login": 1,
            "/home": 10,
            "/checkout": 3
        }
    },
    {
        "start": 1735669800,
        "end": 1735670220,
        "bounce": {
            "isBounced": true,
            "pathname": "/frontend/index.html"
        },
        "device": "Mobile",
        "browser": "Edge",
        "location": {
            "latitude": -84.7675035,
            "longitude": -60.642884
        },
        "uniqueId": "9ce1bf0b-8366-40e1-b77c-9493a981c91b",
        "pathname": "/dashboard",
        "language": "ur",
        "referrer": "http://gates-smith.com/",
        "events": {
            "loadCount": 1,
            "visibilitychangeCount": 4,
            "resizeCount": 2,
            "focusCount": 1,
            "clickCount": 7,
            "blurCount": 3
        },
        "pageLoadTime": {
            "loadStart": 1735669800000,
            "loadEnd": 1735669800127
        },
        "productId": "TRK-Ob2CJVFgaau7",
        "pathCounts": {
            "/checkout": 4,
            "/cart": 7,
            "/settings": 5
        }
    },
    {
        "start": 1735669800,
        "end": 1735672800,
        "bounce": {
            "isBounced": false,
            "pathname": "/frontend/index.html"
        },
        "device": "Tablet",
        "browser": "Mozilla",
        "location": {
            "latitude": -88.9452825,
            "longitude": -125.86149
        },
        "uniqueId": "9ce1bf0b-8366-40e1-b77c-9493a981c91b",
        "pathname": "/frontend/index.html",
        "language": "sat",
        "referrer": "",
        "events": {
            "loadCount": 2,
            "visibilitychangeCount": 9,
            "resizeCount": 5,
            "focusCount": 7,
            "clickCount": 3,
            "blurCount": 7
        },
        "pageLoadTime": {
            "loadStart": 1735669800000,
            "loadEnd": 1735669800063
        },
        "productId": "TRK-Ob2CJVFgaau7",
        "pathCounts": {
            "/checkout": 10,
            "/profile": 10,
            "/home": 2,
            "/cart": 7
        }
    },
    {
        "start": 1735669800,
        "end": 1735670760,
        "bounce": {
            "isBounced": false,
            "pathname": "/frontend/index.html"
        },
        "device": "Mobile",
        "browser": "Edge",
        "location": {
            "latitude": -62.084603,
            "longitude": 89.807278
        },
        "uniqueId": "9b47b488-09f3-4d00-a56c-8c970bdfab8e",
        "pathname": "/profile",
        "language": "bo",
        "referrer": "",
        "events": {
            "loadCount": 5,
            "visibilitychangeCount": 10,
            "resizeCount": 1,
            "focusCount": 7,
            "clickCount": 4,
            "blurCount": 6
        },
        "pageLoadTime": {
            "loadStart": 1735669800000,
            "loadEnd": 1735669800470
        },
        "productId": "TRK-TlxlcwGkl19t",
        "pathCounts": {
            "/checkout": 5,
            "/profile": 2,
            "/home/create": 10,
            "/home": 6
        }
    },
    {
        "start": 1735669800,
        "end": 1735673220,
        "bounce": {
            "isBounced": true,
            "pathname": "/frontend/index.html"
        },
        "device": "Desktop",
        "browser": "Safari",
        "location": {
            "latitude": -54.2391195,
            "longitude": -144.776236
        },
        "uniqueId": "9ce1bf0b-8366-40e1-b77c-9493a981c91b",
        "pathname": "/settings",
        "language": "se",
        "referrer": "",
        "events": {
            "loadCount": 4,
            "visibilitychangeCount": 8,
            "resizeCount": 5,
            "focusCount": 9,
            "clickCount": 5,
            "blurCount": 9
        },
        "pageLoadTime": {
            "loadStart": 1735669800000,
            "loadEnd": 1735669800534
        },
        "productId": "TRK-89olAsKyNOG7",
        "pathCounts": {
            "/home/dashboard": 3,
            "/cart": 3,
            "/home/create": 8
        }
    },
    {
        "start": 1735669800,
        "end": 1735670640,
        "bounce": {
            "isBounced": false,
            "pathname": "/frontend/index.html"
        },
        "device": "Desktop",
        "browser": "Mozilla",
        "location": {
            "latitude": -67.6420165,
            "longitude": -38.314916
        },
        "uniqueId": "3ba5c0ca-2d1c-4d75-82b7-a2c821f2ea43",
        "pathname": "/home",
        "language": "nds",
        "referrer": "",
        "events": {
            "loadCount": 10,
            "visibilitychangeCount": 0,
            "resizeCount": 0,
            "focusCount": 5,
            "clickCount": 9,
            "blurCount": 7
        },
        "pageLoadTime": {
            "loadStart": 1735669800000,
            "loadEnd": 1735669800204
        },
        "productId": "TRK-89olAsKyNOG7",
        "pathCounts": {
            "/profile": 5,
            "/home/create": 6
        }
    },
    {
        "start": 1735669800,
        "end": 1735673400,
        "bounce": {
            "isBounced": true,
            "pathname": "/frontend/index.html"
        },
        "device": "Desktop",
        "browser": "Chrome",
        "location": {
            "latitude": -4.5422425,
            "longitude": 55.885786
        },
        "uniqueId": "aca50ebd-2a70-41b2-a3f9-1a2deecc8322",
        "pathname": "/home",
        "language": "sid",
        "referrer": "",
        "events": {
            "loadCount": 2,
            "visibilitychangeCount": 10,
            "resizeCount": 0,
            "focusCount": 2,
            "clickCount": 10,
            "blurCount": 0
        },
        "pageLoadTime": {
            "loadStart": 1735669800000,
            "loadEnd": 1735669800937
        },
        "productId": "TRK-Ob2CJVFgaau7",
        "pathCounts": {
            "/cart": 7,
            "/profile": 7,
            "/settings": 2,
            "/home": 4,
            "/checkout": 7
        }
    }
]