[
    {
        "start": 1736188200,
        "end": 1736191740,
        "bounce": {
            "isBounced": true,
            "pathname": "/frontend/index.html"
        },
        "device": "Desktop",
        "browser": "Edge",
        "location": {
            "latitude": 46.7041735,
            "longitude": -36.584798
        },
        "uniqueId": "aca50ebd-2a70-41b2-a3f9-1a2deecc8322",
        "pathname": "/home",
        "language": "eo",
        "referrer": "",
        "events": {
            "loadCount": 6,
            "visibilitychangeCount": 8,
            "resizeCount": 4,
            "focusCount": 0,
            "clickCount": 0,
            "blurCount": 5
        },
        "pageLoadTime": {
            "loadStart": 1736188200000,
            "loadEnd": 1736188200215
        },
        "productId": "TRK-Ob2CJVFgaau7",
        "pathCounts": {
            "/home/dashboard": 2,
            "/home/create": 3,
            "/checkout": 10,
            "/login": 3
        }
    },
    {
        "start": 1736188200,
        "end": 1736191080,
        "bounce": {
            "isBounced": true,
            "pathname": "/frontend/index.html"
        },
        "device": "Laptop",
        "browser": "Safari",
        "location": {
            "latitude": 5.872072,
            "longitude": -51.362996
        },
        "uniqueId": "31b1cad6-43b6-4fa7-95e5-7d79676b01e7",
        "pathname": "/frontend/index.html",
        "language": "bhb",
        "referrer": "http://brown.com/",
        "events": {
            "loadCount": 4,
            "visibilitychangeCount": 5,
            "resizeCount": 8,
            "focusCount": 0,
            "clickCount": 5,
            "blurCount": 1
        },
        "pageLoadTime": {
            "loadStart": 1736188200000,
            "loadEnd": 1736188200970
        },
        "productId": "TRK-89olAsKyNOG7",
        "pathCounts": {
            "/cart": 2,
            "/home/dashboard": 9,
            "/home/create": 9,
            "/home": 6,
            "/checkout": 6
        }
    },
    {
        "start": 1736188200,
        "end": 1736191320,
        "bounce": {
            "isBounced": true,
            "pathname": "/frontend/index.html"
        },
        "device": "Desktop",
        "browser": "Mozilla",
        "location": {
            "latitude": 44.9944155,
            "longitude": 77.11775
        },
        "uniqueId": "111907fd-95b7-4729-a2af-e51ad656e288",
        "pathname": "/dashboard",
        "language": "sk",
        "referrer": "https://freeman.com/",
        "events": {
            "loadCount": 0,
            "visibilitychangeCount": 10,
            "resizeCount": 10,
            "focusCount": 1,
            "clickCount": 8,
            "blurCount": 4
        },
        "pageLoadTime": {
            "loadStart": 1736188200000,
            "loadEnd": 1736188200425
        },
        "productId": "TRK-Ob2CJVFgaau7",
        "pathCounts": {
            "/home/dashboard": 9,
            "/settings": 8,
            "/home/create": 4
        }
    },
    {
        "start": 1736188200,
        "end": 1736190840,
        "bounce": {
            "isBounced": false,
            "pathname": "/frontend/index.html"
        },
        "device": "Desktop",
        "browser": "Safari",
        "location": {
            "latitude": 65.39304,
            "longitude": -56.294205
        },
        "uniqueId": "31b1cad6-43b6-4fa7-95e5-7d79676b01e7",
        "pathname": "/dashboard",
        "language": "af",
        "referrer": "",
        "events": {
            "loadCount": 8,
            "visibilitychangeCount": 2,
            "resizeCount": 5,
            "focusCount": 6,
            "clickCount": 2,
            "blurCount": 2
        },
        "pageLoadTime": {
            "loadStart": 1736188200000,
            "loadEnd": 1736188200368
        },
        "productId": "TRK-TlxlcwGkl19t",
        "pathCounts": {
            "/home/dashboard": 9,
            "/settings": 1
        }
    },
    {
        "start": 1736188200,
        "end": 1736190840,
        "bounce": {
            "isBounced": true,
            "pathname": "/frontend/index.html"
        },
        "device": "Laptop",
        "browser": "Safari",
        "location": {
            "latitude": 37.196008,
            "longitude": -171.613876
        },
        "uniqueId": "f9c7e851-4d89-46ce-8678-25b88916a574",
        "pathname": "/profile",
        "language": "ro",
        "referrer": "",
        "events": {
            "loadCount": 0,
            "visibilitychangeCount": 5,
            "resizeCount": 8,
            "focusCount": 0,
            "clickCount": 8,
            "blurCount": 7
        },
        "pageLoadTime": {
            "loadStart": 1736188200000,
            "loadEnd": 1736188200251
        },
        "productId": "TRK-89olAsKyNOG7",
        "pathCounts": {
            "/home/dashboard": 6,
            "/login": 10,
            "/checkout": 5
        }
    },
    {
        "start": 1736188200,
        "end": 1736191260,
        "bounce": {
            "isBounced": true,
            "pathname": "/frontend/index.html"
        },
        "device": "Tablet",
        "browser": "Safari",
        "location": {
            "latitude": -30.5944135,
            "longitude": -96.801953
        },
        "uniqueId": "aa76de66-83a4-4c21-92f5-cfe20525387a",
        "pathname": "/profile",
        "language": "nds",
        "referrer": "",
        "events": {
            "loadCount": 3,
            "visibilitychangeCount": 8,
            "resizeCount": 7,
            "focusCount": 2,
            "clickCount": 4,
            "blurCount": 5
        },
        "pageLoadTime": {
            "loadStart": 1736188200000,
            "loadEnd": 1736188200820
        },
        "productId": "TRK-89olAsKyNOG7",
        "pathCounts": {
            "/cart": 8,
            "/checkout": 2,
            "/settings": 6,
            "/home": 10
        }
    },
    {
        "start": 1736188200,
        "end": 1736191560,
        "bounce": {
            "isBounced": false,
            "pathname": "/frontend/index.html"
        },
        "device": "Desktop",
        "browser": "Chrome",
        "location": {
            "latitude": -23.142456,
            "longitude": -37.014526
        },
        "uniqueId": "ffef8945-c190-4f95-930f-4e35c2e3a868",
        "pathname": "/frontend/index.html",
        "language": "tn",
        "referrer": "",
        "events": {
            "loadCount": 7,
            "visibilitychangeCount": 1,
            "resizeCount": 8,
            "focusCount": 3,
            "clickCount": 3,
            "blurCount": 7
        },
        "pageLoadTime": {
            "loadStart": 1736188200000,
            "loadEnd": 1736188200602
        },
        "productId": "TRK-Ob2CJVFgaau7",
        "pathCounts": {
            "/checkout": 8,
            "/profile": 5,
            "/cart": 9,
            "/home": 3
        }
    },
    {
        "start": 1736188200,
        "end": 1736190540,
        "bounce": {
            "isBounced": true,
            "pathname": "/frontend/index.html"
        },
        "device": "Laptop",
        "browser": "Mozilla",
        "location": {
            "latitude": 52.463263,
            "longitude": -90.370146
        },
        "uniqueId": "aca50ebd-2a70-41b2-a3f9-1a2deecc8322",
        "pathname": "/settings",
        "language": "iw",
        "referrer": "https://www.davis-horne.com/",
        "events": {
            "loadCount": 2,
            "visibilitychangeCount": 9,
            "resizeCount": 4,
            "focusCount": 1,
            "clickCount": 5,
            "blurCount": 9
        },
        "pageLoadTime": {
            "loadStart": 1736188200000,
            "loadEnd": 1736188200742
        },
        "productId": "TRK-TlxlcwGkl19t",
        "pathCounts": {
            "/checkout": 4,
            "/home/dashboard": 8,
            "/profile": 6
        }
    },
    {
        "start": 1736188200,
        "end": 1736191440,
        "bounce": {
            "isBounced": false,
            "pathname": "/frontend/index.html"
        },
        "device": "Tablet",
        "browser": "Chrome",
        "location": {
            "latitude": 54.9398725,
            "longitude": 152.812066
        },
        "uniqueId": "111907fd-95b7-4729-a2af-e51ad656e288",
        "pathname": "/dashboard",
        "language": "be",
        "referrer": "",
        "events": {
            "loadCount": 7,
            "visibilitychangeCount": 7,
            "resizeCount": 8,
            "focusCount": 3,
            "clickCount": 3,
            "blurCount": 1
        },
        "pageLoadTime": {
            "loadStart": 1736188200000,
            "loadEnd": 1736188200058
        },
        "productId": "TRK-Ob2CJVFgaau7",
        "pathCounts": {
            "/profile": 2,
            "/home/create": 6,
            "/settings": 8
        }
    },
    {
        "start": 1736188200,
        "end": 1736189760,
        "bounce": {
            "isBounced": true,
            "pathname": "/frontend/index.html"
        },
        "device": "Laptop",
        "browser": "Safari",
        "location": {
            "latitude": 56.0665885,
            "longitude": -43.128538
        },
        "uniqueId": "77f0712b-554f-4c5c-9898-14e7c77b26a0",
        "pathname": "/dashboard",
        "language": "bhb",
        "referrer": "",
        "events": {
            "loadCount": 7,
            "visibilitychangeCount": 7,
            "resizeCount": 7,
            "focusCount": 9,
            "clickCount": 6,
            "blurCount": 1
        },
        "pageLoadTime": {
            "loadStart": 1736188200000,
            "loadEnd": 1736188200349
        },
        "productId": "TRK-89olAsKyNOG7",
        "pathCounts": {
            "/home/dashboard": 7,
            "/profile": 8,
            "/login": 6
        }
    },
    {
        "start": 1736188200,
        "end": 1736190660,
        "bounce": {
            "isBounced": false,
            "pathname": "/frontend/index.html"
        },
        "device": "Laptop",
        "browser": "Safari",
        "location": {
            "latitude": 22.17557,
            "longitude": -88.178692
        },
        "uniqueId": "d86a654c-f156-4873-9fec-b758bd53146a",
        "pathname": "/dashboard",
        "language": "am",
        "referrer": "http://www.barker.com/",
        "events": {
            "loadCount": 7,
            "visibilitychangeCount": 0,
            "resizeCount": 6,
            "focusCount": 1,
            "clickCount": 10,
            "blurCount": 4
        },
        "pageLoadTime": {
            "loadStart": 1736188200000,
            "loadEnd": 1736188200969
        },
        "productId": "TRK-Ob2CJVFgaau7",
        "pathCounts": {
            "/checkout": 8,
            "/home/create": 7,
            "/home": 3,
            "/settings": 5
        }
    },
    {
        "start": 1736188200,
        "end": 1736188320,
        "bounce": {
            "isBounced": false,
            "pathname": "/frontend/index.html"
        },
        "device": "Desktop",
        "browser": "Mozilla",
        "location": {
            "latitude": 89.226277,
            "longitude": -29.982678
        },
        "uniqueId": "77f0712b-554f-4c5c-9898-14e7c77b26a0",
        "pathname": "/dashboard",
        "language": "el",
        "referrer": "https://johnson.biz/",
        "events": {
            "loadCount": 1,
            "visibilitychangeCount": 8,
            "resizeCount": 8,
            "focusCount": 8,
            "clickCount": 8,
            "blurCount": 1
        },
        "pageLoadTime": {
            "loadStart": 1736188200000,
            "loadEnd": 1736188200725
        },
        "productId": "TRK-Ob2CJVFgaau7",
        "pathCounts": {
            "/home": 7,
            "/cart": 1,
            "/settings": 6,
            "/home/create": 10
        }
    }
]