[
    {
        "start": 1736879400,
        "end": 1736881020,
        "bounce": {
            "isBounced": true,
            "pathname": "/frontend/index.html"
        },
        "device": "Laptop",
        "browser": "Safari",
        "location": {
            "latitude": 62.916087,
            "longitude": 106.349136
        },
        "uniqueId": "f25d6d08-ed4a-4680-b7e3-94d4b30207df",
        "pathname": "/settings",
        "language": "tg",
        "referrer": "http://www.dean.com/",
        "events": {
            "loadCount": 3,
            "visibilitychangeCount": 0,
            "resizeCount": 7,
            "focusCount": 10,
            "clickCount": 10,
            "blurCount": 5
        },
        "pageLoadTime": {
            "loadStart": 1736879400000,
            "loadEnd": 1736879400797
        },
        "productId": "TRK-Ob2CJVFgaau7",
        "pathCounts": {
            "/home/dashboard": 4,
            "/home/create": 8,
            "/checkout": 4
        }
    },
    {
        "start": 1736879400,
        "end": 1736880120,
        "bounce": {
            "isBounced": true,
            "pathname": "/frontend/index.html"
        },
        "device": "Laptop",
        "browser": "Edge",
        "location": {
            "latitude": -60.4439095,
            "longitude": -113.083713
        },
        "uniqueId": "ffef8945-c190-4f95-930f-4e35c2e3a868",
        "pathname": "/home",
        "language": "sr",
        "referrer": "",
        "events": {
            "loadCount": 1,
            "visibilitychangeCount": 5,
            "resizeCount": 2,
            "focusCount": 0,
            "clickCount": 2,
            "blurCount": 7
        },
        "pageLoadTime": {
            "loadStart": 1736879400000,
            "loadEnd": 1736879400601
        },
        "productId": "TRK-TlxlcwGkl19t",
        "pathCounts": {
            "/checkout": 4,
            "/home": 6,
            "/home/dashboard": 1
        }
    },
    {
        "start": 1736879400,
        "end": 1736880540,
        "bounce": {
            "isBounced": false,
            "pathname": "/frontend/index.html"
        },
        "device": "Desktop",
        "browser": "Safari",
        "location": {
            "latitude": -6.000391,
            "longitude": -116.787938
        },
        "uniqueId": "625ea2f3-d6f3-47f0-abd3-a204ea4eb491",
        "pathname": "/settings",
        "language": "nr",
        "referrer": "",
        "events": {
            "loadCount": 8,
            "visibilitychangeCount": 0,
            "resizeCount": 6,
            "focusCount": 2,
            "clickCount": 10,
            "blurCount": 6
        },
        "pageLoadTime": {
            "loadStart": 1736879400000,
            "loadEnd": 1736879400673
        },
        "productId": "TRK-Ob2CJVFgaau7",
        "pathCounts": {
            "/login": 3,
            "/settings": 1,
            "/checkout": 8
        }
    },
    {
        "start": 1736879400,
        "end": 1736879880,
        "bounce": {
            "isBounced": false,
            "pathname": "/frontend/index.html"
        },
        "device": "Laptop",
        "browser": "Chrome",
        "location": {
            "latitude": -74.0222285,
            "longitude": 111.944595
        },
        "uniqueId": "9b47b488-09f3-4d00-a56c-8c970bdfab8e",
        "pathname": "/settings",
        "language": "sl",
        "referrer": "",
        "events": {
            "loadCount": 3,
            "visibilitychangeCount": 8,
            "resizeCount": 3,
            "focusCount": 9,
            "clickCount": 3,
            "blurCount": 3
        },
        "pageLoadTime": {
            "loadStart": 1736879400000,
            "loadEnd": 1736879400626
        },
        "productId": "TRK-TlxlcwGkl19t",
        "pathCounts": {
            "/home/create": 4,
            "/home": 8,
            "/login": 2,
            "/cart": 4
        }
    },
    {
        "start": 1736879400,
        "end": 1736882520,
        "bounce": {
            "isBounced": true,
            "pathname": "/frontend/index.html"
        },
        "device": "Desktop",
        "browser": "Edge",
        "location": {
            "latitude": -19.653612,
            "longitude": 34.468377
        },
        "uniqueId": "d86a654c-f156-4873-9fec-b758bd53146a",
        "pathname": "/home",
        "language": "tn",
        "referrer": "",
        "events": {
            "loadCount": 8,
            "visibilitychangeCount": 0,
            "resizeCount": 3,
            "focusCount": 4,
            "clickCount": 1,
            "blurCount": 5
        },
        "pageLoadTime": {
            "loadStart": 1736879400000,
            "loadEnd": 1736879400428
        },
        "productId": "TRK-TlxlcwGkl19t",
        "pathCounts": {
            "/profile": 5,
            "/login": 10,
            "/home/create": 8,
            "/cart": 3,
            "/home": 8
        }
    },
    {
        "start": 1736879400,
        "end": 1736879640,
        "bounce": {
            "isBounced": true,
            "pathname": "/frontend/index.html"
        },
        "device": "Mobile",
        "browser": "Mozilla",
        "location": {
            "latitude": 47.1052095,
            "longitude": 46.113965
        },
        "uniqueId": "9b47b488-09f3-4d00-a56c-8c970bdfab8e",
        "pathname": "/dashboard",
        "language": "crh",
        "referrer": "https://lopez.biz/",
        "events": {
            "loadCount": 2,
            "visibilitychangeCount": 6,
            "resizeCount": 5,
            "focusCount": 4,
            "clickCount": 10,
            "blurCount": 5
        },
        "pageLoadTime": {
            "loadStart": 1736879400000,
            "loadEnd": 1736879400843
        },
        "productId": "TRK-TlxlcwGkl19t",
        "pathCounts": {
            "/checkout": 5,
            "/cart": 7,
            "/home/create": 3,
            "/home": 9
        }
    },
    {
        "start": 1736879400,
        "end": 1736882100,
        "bounce": {
            "isBounced": false,
            "pathname": "/frontend/index.html"
        },
        "device": "Tablet",
        "browser": "Chrome",
        "location": {
            "latitude": 27.092388,
            "longitude": 143.116721
        },
        "uniqueId": "f25d6d08-ed4a-4680-b7e3-94d4b30207df",
        "pathname": "/settings",
        "language": "bs",
        "referrer": "http://www.hull.com/",
        "events": {
            "loadCount": 2,
            "visibilitychangeCount": 8,
            "resizeCount": 10,
            "focusCount": 0,
            "clickCount": 1,
            "blurCount": 4
        },
        "pageLoadTime": {
            "loadStart": 1736879400000,
            "loadEnd": 1736879400002
        },
        "productId": "TRK-89olAsKyNOG7",
        "pathCounts": {
            "/home": 8,
            "/cart": 8
        }
    },
    {
        "start": 1736879400,
        "end": 1736881800,
        "bounce": {
            "isBounced": true,
            "pathname": "/frontend/index.html"
        },
        "device": "Tablet",
        "browser": "Mozilla",
        "location": {
            "latitude": -88.328741,
            "longitude": 80.104874
        },
        "uniqueId": "d86a654c-f156-4873-9fec-b758bd53146a",
        "pathname": "/frontend/index.html",
        "language": "fil",
        "referrer": "http://www.le.com/",
        "events": {
            "loadCount": 2,
            "visibilitychangeCount": 4,
            "resizeCount": 6,
            "focusCount": 1,
            "clickCount": 8,
            "blurCount": 2
        },
        "pageLoadTime": {
            "loadStart": 1736879400000,
            "loadEnd": 1736879400937
        },
        "productId": "TRK-Ob2CJVFgaau7",
        "pathCounts": {
            "/cart": 1,
            "/settings": 8,
            "/checkout": 7,
            "/login": 2
        }
    },
    {
        "start": 1736879400,
        "end": 1736880720,
        "bounce": {
            "isBounced": false,
            "pathname": "/frontend/index.html"
        },
        "device": "Desktop",
        "browser": "Chrome",
        "location": {
            "latitude": 59.7325255,
            "longitude": -15.25653
        },
        "uniqueId": "f9c7e851-4d89-46ce-8678-25b88916a574",
        "pathname": "/settings",
        "language": "ia",
        "referrer": "",
        "events": {
            "loadCount": 8,
            "visibilitychangeCount": 1,
            "resizeCount": 7,
            "focusCount": 1,
            "clickCount": 5,
            "blurCount": 3
        },
        "pageLoadTime": {
            "loadStart": 1736879400000,
            "loadEnd": 1736879400912
        },
        "productId": "TRK-Ob2CJVFgaau7",
        "pathCounts": {
            "/home": 2,
            "/cart": 9,
            "/checkout": 2
        }
    },
    {
        "start": 1736879400,
        "end": 1736880180,
        "bounce": {
            "isBounced": true,
            "pathname": "/frontend/index.html"
        },
        "device": "Laptop",
        "browser": "Chrome",
        "location": {
            "latitude": -84.7761645,
            "longitude": -117.096615
        },
        "uniqueId": "aca50ebd-2a70-41b2-a3f9-1a2deecc8322",
        "pathname": "/profile",
        "language": "ht",
        "referrer": "https://www.coleman.biz/",
        "events": {
            "loadCount": 1,
            "visibilitychangeCount": 3,
            "resizeCount": 6,
            "focusCount": 6,
            "clickCount": 6,
            "blurCount": 8
        },
        "pageLoadTime": {
            "loadStart": 1736879400000,
            "loadEnd": 1736879400578
        },
        "productId": "TRK-Ob2CJVFgaau7",
        "pathCounts": {
            "/home": 2,
            "/profile": 4,
            "/home/dashboard": 9
        }
    },
    {
        "start": 1736879400,
        "end": 1736880720,
        "bounce": {
            "isBounced": false,
            "pathname": "/frontend/index.html"
        },
        "device": "Desktop",
        "browser": "Chrome",
        "location": {
            "latitude": 41.7072045,
            "longitude": -80.626843
        },
        "uniqueId": "f9c7e851-4d89-46ce-8678-25b88916a574",
        "pathname": "/profile",
        "language": "ff",
        "referrer": "",
        "events": {
            "loadCount": 4,
            "visibilitychangeCount": 6,
            "resizeCount": 4,
            "focusCount": 8,
            "clickCount": 9,
            "blurCount": 9
        },
        "pageLoadTime": {
            "loadStart": 1736879400000,
            "loadEnd": 1736879400380
        },
        "productId": "TRK-Ob2CJVFgaau7",
        "pathCounts": {
            "/home": 7,
            "/profile": 2,
            "/cart": 1,
            "/home/dashboard": 4
        }
    },
    {
        "start": 1736879400,
        "end": 1736879640,
        "bounce": {
            "isBounced": true,
            "pathname": "/frontend/index.html"
        },
        "device": "Tablet",
        "browser": "Mozilla",
        "location": {
            "latitude": 30.122073,
            "longitude": 109.436206
        },
        "uniqueId": "d86a654c-f156-4873-9fec-b758bd53146a",
        "pathname": "/home",
        "language": "iu",
        "referrer": "",
        "events": {
            "loadCount": 0,
            "visibilitychangeCount": 2,
            "resizeCount": 8,
            "focusCount": 1,
            "clickCount": 0,
            "blurCount": 3
        },
        "pageLoadTime": {
            "loadStart": 1736879400000,
            "loadEnd": 1736879400896
        },
        "productId": "TRK-Ob2CJVFgaau7",
        "pathCounts": {
            "/home/dashboard": 7,
            "/checkout": 9,
            "/home/create": 5,
            "/settings": 9,
            "/home": 1
        }
    },
    {
        "start": 1736879400,
        "end": 1736881380,
        "bounce": {
            "isBounced": true,
            "pathname": "/frontend/index.html"
        },
        "device": "Tablet",
        "browser": "Safari",
        "location": {
            "latitude": 44.9753405,
            "longitude": 170.947481
        },
        "uniqueId": "625ea2f3-d6f3-47f0-abd3-a204ea4eb491",
        "pathname": "/profile",
        "language": "lij",
        "referrer": "",
        "events": {
            "loadCount": 7,
            "visibilitychangeCount": 3,
            "resizeCount": 6,
            "focusCount": 9,
            "clickCount": 1,
            "blurCount": 4
        },
        "pageLoadTime": {
            "loadStart": 1736879400000,
            "loadEnd": 1736879400805
        },
        "productId": "TRK-Ob2CJVFgaau7",
        "pathCounts": {
            "/settings": 3,
            "/cart": 10,
            "/home/create": 9
        }
    },
    {
        "start": 1736879400,
        "end": 1736880420,
        "bounce": {
            "isBounced": false,
            "pathname": "/frontend/index.html"
        },
        "device": "Tablet",
        "browser": "Mozilla",
        "location": {
            "latitude": -72.1597305,
            "longitude": -138.919185
        },
        "uniqueId": "3ba5c0ca-2d1c-4d75-82b7-a2c821f2ea43",
        "pathname": "/frontend/index.html",
        "language": "iw",
        "referrer": "https://www.myers.biz/",
        "events": {
            "loadCount": 2,
            "visibilitychangeCount": 1,
            "resizeCount": 8,
            "focusCount": 10,
            "clickCount": 0,
            "blurCount": 6
        },
        "pageLoadTime": {
            "loadStart": 1736879400000,
            "loadEnd": 1736879400840
        },
        "productId": "TRK-Ob2CJVFgaau7",
        "pathCounts": {
            "/home/dashboard": 1,
            "/login": 1,
            "/checkout": 2,
            "/profile": 10,
            "/cart": 1
        }
    },
    {
        "start": 1736879400,
        "end": 1736880780,
        "bounce": {
            "isBounced": true,
            "pathname": "/frontend/index.html"
        },
        "device": "Laptop",
        "browser": "Chrome",
        "location": {
            "latitude": 32.9219415,
            "longitude": 92.369181
        },
        "uniqueId": "ffef8945-c190-4f95-930f-4e35c2e3a868",
        "pathname": "/dashboard",
        "language": "st",
        "referrer": "",
        "events": {
            "loadCount": 0,
            "visibilitychangeCount": 9,
            "resizeCount": 4,
            "focusCount": 6,
            "clickCount": 7,
            "blurCount": 2
        },
        "pageLoadTime": {
            "loadStart": 1736879400000,
            "loadEnd": 1736879400772
        },
        "productId": "TRK-89olAsKyNOG7",
        "pathCounts": {
            "/settings": 1,
            "/profile": 7,
            "/cart": 5,
            "/home/create": 7
        }
    },
    {
        "start": 1736879400,
        "end": 1736880060,
        "bounce": {
            "isBounced": true,
            "pathname": "/frontend/index.html"
        },
        "device": "Tablet",
        "browser": "Safari",
        "location": {
            "latitude": -82.959888,
            "longitude": -23.234059
        },
        "uniqueId": "77f0712b-554f-4c5c-9898-14e7c77b26a0",
        "pathname": "/home",
        "language": "sat",
        "referrer": "",
        "events": {
            "loadCount": 5,
            "visibilitychangeCount": 10,
            "resizeCount": 1,
            "focusCount": 8,
            "clickCount": 9,
            "blurCount": 0
        },
        "pageLoadTime": {
            "loadStart": 1736879400000,
            "loadEnd": 1736879400034
        },
        "productId": "TRK-Ob2CJVFgaau7",
        "pathCounts": {
            "/checkout": 7,
            "/login": 3,
            "/home": 7
        }
    },
    {
        "start": 1736879400,
        "end": 1736881140,
        "bounce": {
            "isBounced": true,
            "pathname": "/frontend/index.html"
        },
        "device": "Tablet",
        "browser": "Edge",
        "location": {
            "latitude": -41.784936,
            "longitude": 62.903604
        },
        "uniqueId": "77f0712b-554f-4c5c-9898-14e7c77b26a0",
        "pathname": "/home",
        "language": "ve",
        "referrer": "http://www.sharp.org/",
        "events": {
            "loadCount": 0,
            "visibilitychangeCount": 4,
            "resizeCount": 10,
            "focusCount": 1,
            "clickCount": 8,
            "blurCount": 9
        },
        "pageLoadTime": {
            "loadStart": 1736879400000,
            "loadEnd": 1736879400403
        },
        "productId": "TRK-Ob2CJVFgaau7",
        "pathCounts": {
            "/home": 2,
            "/home/create": 9,
            "/profile": 3
        }
    },
    {
        "start": 1736879400,
        "end": 1736881320,
        "bounce": {
            "isBounced": true,
            "pathname": "/frontend/index.html"
        },
        "device": "Mobile",
        "browser": "Edge",
        "location": {
            "latitude": 27.54753,
            "longitude": -169.272017
        },
        "uniqueId": "5bde6480-0ab0-43b2-8529-ae22b458f836",
        "pathname": "/home",
        "language": "sc",
        "referrer": "http://huff-larsen.com/",
        "events": {
            "loadCount": 6,
            "visibilitychangeCount": 8,
            "resizeCount": 3,
            "focusCount": 3,
            "clickCount": 2,
            "blurCount": 6
        },
        "pageLoadTime": {
            "loadStart": 1736879400000,
            "loadEnd": 1736879400284
        },
        "productId": "TRK-Ob2CJVFgaau7",
        "pathCounts": {
            "/home/create": 4,
            "/settings": 8,
            "/login": 1,
            "/home": 3
        }
    },
    {
        "start": 1736879400,
        "end": 1736881380,
        "bounce": {
            "isBounced": false,
            "pathname": "/frontend/index.html"
        },
        "device": "Tablet",
        "browser": "Safari",
        "location": {
            "latitude": -52.1429875,
            "longitude": -68.88367
        },
        "uniqueId": "625ea2f3-d6f3-47f0-abd3-a204ea4eb491",
        "pathname": "/profile",
        "language": "zu",
        "referrer": "http://www.patrick.com/",
        "events": {
            "loadCount": 1,
            "visibilitychangeCount": 0,
            "resizeCount": 8,
            "focusCount": 10,
            "clickCount": 2,
            "blurCount": 3
        },
        "pageLoadTime": {
            "loadStart": 1736879400000,
            "loadEnd": 1736879400612
        },
        "productId": "TRK-89olAsKyNOG7",
        "pathCounts": {
            "/login": 3,
            "/home": 2,
            "/profile": 9,
            "/home/create": 10
        }
    }
]