[
    {
        "start": 1738866600,
        "end": 1738866900,
        "bounce": {
            "isBounced": true,
            "pathname": "/frontend/index.html"
        },
        "device": "Tablet",
        "browser": "Chrome",
        "location": {
            "latitude": 86.993472,
            "longitude": 65.016038
        },
        "uniqueId": "3ba5c0ca-2d1c-4d75-82b7-a2c821f2ea43",
        "pathname": "/dashboard",
        "language": "fa",
        "referrer": "",
        "events": {
            "loadCount": 7,
            "visibilitychangeCount": 5,
            "resizeCount": 2,
            "focusCount": 6,
            "clickCount": 8,
            "blurCount": 7
        },
        "pageLoadTime": {
            "loadStart": 1738866600000,
            "loadEnd": 1738866600543
        },
        "productId": "TRK-Ob2CJVFgaau7",
        "pathCounts": {
            "/home/create": 9,
            "/home": 6,
            "/login": 6,
            "/profile": 6
        }
    },
    {
        "start": 1738866600,
        "end": 1738869000,
        "bounce": {
            "isBounced": true,
            "pathname": "/frontend/index.html"
        },
        "device": "Desktop",
        "browser": "Chrome",
        "location": {
            "latitude": 11.0311855,
            "longitude": -148.751871
        },
        "uniqueId": "4f113d91-1e3e-46f7-a9ca-95f02de96297",
        "pathname": "/home",
        "language": "be",
        "referrer": "https://www.allen.info/",
        "events": {
            "loadCount": 2,
            "visibilitychangeCount": 2,
            "resizeCount": 0,
            "focusCount": 6,
            "clickCount": 0,
            "blurCount": 1
        },
        "pageLoadTime": {
            "loadStart": 1738866600000,
            "loadEnd": 1738866600751
        },
        "productId": "TRK-89olAsKyNOG7",
        "pathCounts": {
            "/profile": 8,
            "/settings": 10,
            "/home": 1,
            "/cart": 4
        }
    },
    {
        "start": 1738866600,
        "end": 1738869360,
        "bounce": {
            "isBounced": true,
            "pathname": "/frontend/index.html"
        },
        "device": "Laptop",
        "browser": "Safari",
        "location": {
            "latitude": 83.5815175,
            "longitude": 10.963665
        },
        "uniqueId": "ca9d1f5f-925b-4a59-b362-4703a75ad77c",
        "pathname": "/home",
        "language": "hu",
        "referrer": "",
        "events": {
            "loadCount": 2,
            "visibilitychangeCount": 2,
            "resizeCount": 5,
            "focusCount": 9,
            "clickCount": 0,
            "blurCount": 10
        },
        "pageLoadTime": {
            "loadStart": 1738866600000,
            "loadEnd": 1738866600667
        },
        "productId": "TRK-TlxlcwGkl19t",
        "pathCounts": {
            "/login": 9,
            "/home/dashboard": 9,
            "/home/create": 10,
            "/cart": 3
        }
    },
    {
        "start": 1738866600,
        "end": 1738867500,
        "bounce": {
            "isBounced": false,
            "pathname": "/frontend/index.html"
        },
        "device": "Desktop",
        "browser": "Mozilla",
        "location": {
            "latitude": 42.0986485,
            "longitude": 100.991555
        },
        "uniqueId": "aca50ebd-2a70-41b2-a3f9-1a2deecc8322",
        "pathname": "/settings",
        "language": "sv",
        "referrer": "",
        "events": {
            "loadCount": 8,
            "visibilitychangeCount": 10,
            "resizeCount": 6,
            "focusCount": 3,
            "clickCount": 5,
            "blurCount": 1
        },
        "pageLoadTime": {
            "loadStart": 1738866600000,
            "loadEnd": 1738866600468
        },
        "productId": "TRK-89olAsKyNOG7",
        "pathCounts": {
            "/home/dashboard": 5,
            "/home/create": 6,
            "/settings": 4,
            "/cart": 9
        }
    },
    {
        "start": 1738866600,
        "end": 1738869720,
        "bounce": {
            "isBounced": false,
            "pathname": "/frontend/index.html"
        },
        "device": "Tablet",
        "browser": "Chrome",
        "location": {
            "latitude": 42.7401405,
            "longitude": 132.516139
        },
        "uniqueId": "aa76de66-83a4-4c21-92f5-cfe20525387a",
        "pathname": "/dashboard",
        "language": "crh",
        "referrer": "https://brown.com/",
        "events": {
            "loadCount": 4,
            "visibilitychangeCount": 1,
            "resizeCount": 10,
            "focusCount": 9,
            "clickCount": 8,
            "blurCount": 2
        },
        "pageLoadTime": {
            "loadStart": 1738866600000,
            "loadEnd": 1738866600563
        },
        "productId": "TRK-TlxlcwGkl19t",
        "pathCounts": {
            "/home": 3,
            "/checkout": 5,
            "/profile": 9,
            "/cart": 5
        }
    },
    {
        "start": 1738866600,
        "end": 1738868160,
        "bounce": {
            "isBounced": true,
            "pathname": "/frontend/index.html"
        },
        "device": "Laptop",
        "browser": "Edge",
        "location": {
            "latitude": -84.84392,
            "longitude": 22.563186
        },
        "uniqueId": "ffef8945-c190-4f95-930f-4e35c2e3a868",
        "pathname": "/settings",
        "language": "bo",
        "referrer": "",
        "events": {
            "loadCount": 3,
            "visibilitychangeCount": 6,
            "resizeCount": 4,
            "focusCount": 5,
            "clickCount": 8,
            "blurCount": 2
        },
        "pageLoadTime": {
            "loadStart": 1738866600000,
            "loadEnd": 1738866600115
        },
        "productId": "TRK-TlxlcwGkl19t",
        "pathCounts": {
            "/settings": 1,
            "/home/dashboard": 10,
            "/login": 4
        }
    },
    {
        "start": 1738866600,
        "end": 1738869660,
        "bounce": {
            "isBounced": false,
            "pathname": "/frontend/index.html"
        },
        "device": "Desktop",
        "browser": "Mozilla",
        "location": {
            "latitude": -86.688326,
            "longitude": -48.408078
        },
        "uniqueId": "31b1cad6-43b6-4fa7-95e5-7d79676b01e7",
        "pathname": "/home",
        "language": "oc",
        "referrer": "https://knox.org/",
        "events": {
            "loadCount": 1,
            "visibilitychangeCount": 2,
            "resizeCount": 10,
            "focusCount": 7,
            "clickCount": 5,
            "blurCount": 5
        },
        "pageLoadTime": {
            "loadStart": 1738866600000,
            "loadEnd": 1738866600053
        },
        "productId": "TRK-Ob2CJVFgaau7",
        "pathCounts": {
            "/home/create": 3,
            "/profile": 8,
            "/home/dashboard": 8
        }
    },
    {
        "start": 1738866600,
        "end": 1738868040,
        "bounce": {
            "isBounced": true,
            "pathname": "/frontend/index.html"
        },
        "device": "Mobile",
        "browser": "Edge",
        "location": {
            "latitude": -36.418153,
            "longitude": 42.860014
        },
        "uniqueId": "37f86d6c-c234-4339-9c0f-ec3bdaab8536",
        "pathname": "/profile",
        "language": "os",
        "referrer": "",
        "events": {
            "loadCount": 6,
            "visibilitychangeCount": 5,
            "resizeCount": 0,
            "focusCount": 9,
            "clickCount": 3,
            "blurCount": 9
        },
        "pageLoadTime": {
            "loadStart": 1738866600000,
            "loadEnd": 1738866600420
        },
        "productId": "TRK-89olAsKyNOG7",
        "pathCounts": {
            "/home/create": 9,
            "/profile": 7,
            "/login": 8
        }
    },
    {
        "start": 1738866600,
        "end": 1738867080,
        "bounce": {
            "isBounced": true,
            "pathname": "/frontend/index.html"
        },
        "device": "Tablet",
        "browser": "Edge",
        "location": {
            "latitude": -10.4188775,
            "longitude": -126.745539
        },
        "uniqueId": "9b47b488-09f3-4d00-a56c-8c970bdfab8e",
        "pathname": "/home",
        "language": "vi",
        "referrer": "https://www.johnson-clark.com/",
        "events": {
            "loadCount": 10,
            "visibilitychangeCount": 8,
            "resizeCount": 4,
            "focusCount": 4,
            "clickCount": 5,
            "blurCount": 5
        },
        "pageLoadTime": {
            "loadStart": 1738866600000,
            "loadEnd": 1738866600861
        },
        "productId": "TRK-89olAsKyNOG7",
        "pathCounts": {
            "/home": 10,
            "/cart": 3,
            "/checkout": 8,
            "/home/create": 6,
            "/home/dashboard": 4
        }
    },
    {
        "start": 1738866600,
        "end": 1738867080,
        "bounce": {
            "isBounced": true,
            "pathname": "/frontend/index.html"
        },
        "device": "Tablet",
        "browser": "Safari",
        "location": {
            "latitude": -75.5503785,
            "longitude": 91.628577
        },
        "uniqueId": "31b1cad6-43b6-4fa7-95e5-7d79676b01e7",
        "pathname": "/home",
        "language": "hi",
        "referrer": "",
        "events": {
            "loadCount": 8,
            "visibilitychangeCount": 5,
            "resizeCount": 9,
            "focusCount": 4,
            "clickCount": 8,
            "blurCount": 0
        },
        "pageLoadTime": {
            "loadStart": 1738866600000,
            "loadEnd": 1738866600451
        },
        "productId": "TRK-89olAsKyNOG7",
        "pathCounts": {
            "/profile": 1,
            "/cart": 6,
            "/settings": 7
        }
    },
    {
        "start": 1738866600,
        "end": 1738867800,
        "bounce": {
            "isBounced": false,
            "pathname": "/frontend/index.html"
        },
        "device": "Tablet",
        "browser": "Mozilla",
        "location": {
            "latitude": -12.3175025,
            "longitude": 36.932309
        },
        "uniqueId": "ca9d1f5f-925b-4a59-b362-4703a75ad77c",
        "pathname": "/profile",
        "language": "raj",
        "referrer": "",
        "events": {
            "loadCount": 9,
            "visibilitychangeCount": 10,
            "resizeCount": 4,
            "focusCount": 7,
            "clickCount": 9,
            "blurCount": 0
        },
        "pageLoadTime": {
            "loadStart": 1738866600000,
            "loadEnd": 1738866600817
        },
        "productId": "TRK-TlxlcwGkl19t",
        "pathCounts": {
            "/login": 6,
            "/cart": 5,
            "/home/dashboard": 3
        }
    },
    {
        "start": 1738866600,
        "end": 1738869240,
        "bounce": {
            "isBounced": true,
            "pathname": "/frontend/index.html"
        },
        "device": "Tablet",
        "browser": "Edge",
        "location": {
            "latitude": -27.8243645,
            "longitude": -36.163281
        },
        "uniqueId": "aca50ebd-2a70-41b2-a3f9-1a2deecc8322",
        "pathname": "/settings",
        "language": "de",
        "referrer": "http://harris.com/",
        "events": {
            "loadCount": 8,
            "visibilitychangeCount": 3,
            "resizeCount": 7,
            "focusCount": 5,
            "clickCount": 1,
            "blurCount": 1
        },
        "pageLoadTime": {
            "loadStart": 1738866600000,
            "loadEnd": 1738866600486
        },
        "productId": "TRK-89olAsKyNOG7",
        "pathCounts": {
            "/cart": 5,
            "/home/dashboard": 1,
            "/settings": 9
        }
    },
    {
        "start": 1738866600,
        "end": 1738868520,
        "bounce": {
            "isBounced": true,
            "pathname": "/frontend/index.html"
        },
        "device": "Tablet",
        "browser": "Safari",
        "location": {
            "latitude": -3.3293545,
            "longitude": 54.574324
        },
        "uniqueId": "5bde6480-0ab0-43b2-8529-ae22b458f836",
        "pathname": "/frontend/index.html",
        "language": "ce",
        "referrer": "https://www.dunn.com/",
        "events": {
            "loadCount": 6,
            "visibilitychangeCount": 9,
            "resizeCount": 5,
            "focusCount": 8,
            "clickCount": 5,
            "blurCount": 10
        },
        "pageLoadTime": {
            "loadStart": 1738866600000,
            "loadEnd": 1738866600299
        },
        "productId": "TRK-TlxlcwGkl19t",
        "pathCounts": {
            "/home/create": 2,
            "/home/dashboard": 8,
            "/cart": 9
        }
    },
    {
        "start": 1738866600,
        "end": 1738869360,
        "bounce": {
            "isBounced": true,
            "pathname": "/frontend/index.html"
        },
        "device": "Laptop",
        "browser": "Chrome",
        "location": {
            "latitude": -17.9175265,
            "longitude": 52.422195
        },
        "uniqueId": "77f0712b-554f-4c5c-9898-14e7c77b26a0",
        "pathname": "/home",
        "language": "ru",
        "referrer": "",
        "events": {
            "loadCount": 7,
            "visibilitychangeCount": 9,
            "resizeCount": 4,
            "focusCount": 2,
            "clickCount": 3,
            "blurCount": 8
        },
        "pageLoadTime": {
            "loadStart": 1738866600000,
            "loadEnd": 1738866600655
        },
        "productId": "TRK-TlxlcwGkl19t",
        "pathCounts": {
            "/home/create": 2,
            "/home": 6,
            "/profile": 4,
            "/home/dashboard": 9
        }
    },
    {
        "start": 1738866600,
        "end": 1738868400,
        "bounce": {
            "isBounced": false,
            "pathname": "/frontend/index.html"
        },
        "device": "Laptop",
        "browser": "Edge",
        "location": {
            "latitude": -71.337278,
            "longitude": 133.100735
        },
        "uniqueId": "9b47b488-09f3-4d00-a56c-8c970bdfab8e",
        "pathname": "/settings",
        "language": "lt",
        "referrer": "",
        "events": {
            "loadCount": 1,
            "visibilitychangeCount": 9,
            "resizeCount": 5,
            "focusCount": 10,
            "clickCount": 1,
            "blurCount": 0
        },
        "pageLoadTime": {
            "loadStart": 1738866600000,
            "loadEnd": 1738866600281
        },
        "productId": "TRK-89olAsKyNOG7",
        "pathCounts": {
            "/home/dashboard": 7
        }
    },
    {
        "start": 1738866600,
        "end": 1738869120,
        "bounce": {
            "isBounced": true,
            "pathname": "/frontend/index.html"
        },
        "device": "Mobile",
        "browser": "Mozilla",
        "location": {
            "latitude": -26.651004,
            "longitude": 159.74145
        },
        "uniqueId": "d86a654c-f156-4873-9fec-b758bd53146a",
        "pathname": "/dashboard",
        "language": "ro",
        "referrer": "",
        "events": {
            "loadCount": 2,
            "visibilitychangeCount": 5,
            "resizeCount": 6,
            "focusCount": 3,
            "clickCount": 2,
            "blurCount": 0
        },
        "pageLoadTime": {
            "loadStart": 1738866600000,
            "loadEnd": 1738866600524
        },
        "productId": "TRK-Ob2CJVFgaau7",
        "pathCounts": {
            "/home/dashboard": 1,
            "/cart": 5,
            "/checkout": 8,
            "/settings": 1
        }
    },
    {
        "start": 1738866600,
        "end": 1738867560,
        "bounce": {
            "isBounced": true,
            "pathname": "/frontend/index.html"
        },
        "device": "Desktop",
        "browser": "Chrome",
        "location": {
            "latitude": -76.7465545,
            "longitude": 155.273392
        },
        "uniqueId": "77f0712b-554f-4c5c-9898-14e7c77b26a0",
        "pathname": "/home",
        "language": "ur",
        "referrer": "https://www.long-bishop.org/",
        "events": {
            "loadCount": 7,
            "visibilitychangeCount": 7,
            "resizeCount": 2,
            "focusCount": 0,
            "clickCount": 4,
            "blurCount": 3
        },
        "pageLoadTime": {
            "loadStart": 1738866600000,
            "loadEnd": 1738866600182
        },
        "productId": "TRK-Ob2CJVFgaau7",
        "pathCounts": {
            "/cart": 8,
            "/checkout": 3,
            "/profile": 7,
            "/home": 8,
            "/home/dashboard": 1
        }
    },
    {
        "start": 1738866600,
        "end": 1738867140,
        "bounce": {
            "isBounced": false,
            "pathname": "/frontend/index.html"
        },
        "device": "Mobile",
        "browser": "Mozilla",
        "location": {
            "latitude": -26.231375,
            "longitude": -71.469171
        },
        "uniqueId": "37f86d6c-c234-4339-9c0f-ec3bdaab8536",
        "pathname": "/home",
        "language": "sk",
        "referrer": "",
        "events": {
            "loadCount": 10,
            "visibilitychangeCount": 4,
            "resizeCount": 3,
            "focusCount": 9,
            "clickCount": 1,
            "blurCount": 7
        },
        "pageLoadTime": {
            "loadStart": 1738866600000,
            "loadEnd": 1738866600747
        },
        "productId": "TRK-TlxlcwGkl19t",
        "pathCounts": {
            "/cart": 7,
            "/home": 4,
            "/profile": 4
        }
    },
    {
        "start": 1738866600,
        "end": 1738867560,
        "bounce": {
            "isBounced": true,
            "pathname": "/frontend/index.html"
        },
        "device": "Tablet",
        "browser": "Edge",
        "location": {
            "latitude": -54.94774,
            "longitude": -174.759063
        },
        "uniqueId": "5bde6480-0ab0-43b2-8529-ae22b458f836",
        "pathname": "/dashboard",
        "language": "dv",
        "referrer": "",
        "events": {
            "loadCount": 9,
            "visibilitychangeCount": 0,
            "resizeCount": 9,
            "focusCount": 1,
            "clickCount": 5,
            "blurCount": 6
        },
        "pageLoadTime": {
            "loadStart": 1738866600000,
            "loadEnd": 1738866600233
        },
        "productId": "TRK-Ob2CJVFgaau7",
        "pathCounts": {
            "/login": 9,
            "/checkout": 6,
            "/profile": 8,
            "/cart": 9
        }
    }
]