[
    {
        "start": 1739730600,
        "end": 1739732460,
        "bounce": {
            "isBounced": false,
            "pathname": "/frontend/index.html"
        },
        "device": "Tablet",
        "browser": "Mozilla",
        "location": {
            "latitude": 23.865445,
            "longitude": 32.433152
        },
        "uniqueId": "9ce1bf0b-8366-40e1-b77c-9493a981c91b",
        "pathname": "/profile",
        "language": "is",
        "referrer": "",
        "events": {
            "loadCount": 1,
            "visibilitychangeCount": 5,
            "resizeCount": 7,
            "focusCount": 10,
            "clickCount": 7,
            "blurCount": 7
        },
        "pageLoadTime": {
            "loadStart": 1739730600000,
            "loadEnd": 1739730600587
        },
        "productId": "TRK-TlxlcwGkl19t",
        "pathCounts": {
            "/checkout": 1,
            "/home": 2
        }
    },
    {
        "start": 1739730600,
        "end": 1739730900,
        "bounce": {
            "isBounced": false,
            "pathname": "/frontend/index.html"
        },
        "device": "Desktop",
        "browser": "Chrome",
        "location": {
            "latitude": -11.3475725,
            "longitude": 23.980292
        },
        "uniqueId": "4f113d91-1e3e-46f7-a9ca-95f02de96297",
        "pathname": "/frontend/index.html",
        "language": "mt",
        "referrer": "https://www.lucas.com/",
        "events": {
            "loadCount": 7,
            "visibilitychangeCount": 7,
            "resizeCount": 1,
            "focusCount": 6,
            "clickCount": 2,
            "blurCount": 3
        },
        "pageLoadTime": {
            "loadStart": 1739730600000,
            "loadEnd": 1739730600840
        },
        "productId": "TRK-Ob2CJVFgaau7",
        "pathCounts": {
            "/checkout": 2,
            "/settings": 2
        }
    },
    {
        "start": 1739730600,
        "end": 1739733060,
        "bounce": {
            "isBounced": true,
            "pathname": "/frontend/index.html"
        },
        "device": "Laptop",
        "browser": "Chrome",
        "location": {
            "latitude": -19.5450875,
            "longitude": 147.318533
        },
        "uniqueId": "aa76de66-83a4-4c21-92f5-cfe20525387a",
        "pathname": "/home",
        "language": "csb",
        "referrer": "http://fields.com/",
        "events": {
            "loadCount": 9,
            "visibilitychangeCount": 9,
            "resizeCount": 2,
            "focusCount": 9,
            "clickCount": 8,
            "blurCount": 6
        },
        "pageLoadTime": {
            "loadStart": 1739730600000,
            "loadEnd": 1739730600171
        },
        "productId": "TRK-Ob2CJVFgaau7",
        "pathCounts": {
            "/settings": 9,
            "/home/create": 3,
            "/checkout": 1,
            "/home": 3
        }
    },
    {
        "start": 1739730600,
        "end": 1739732400,
        "bounce": {
            "isBounced": true,
            "pathname": "/frontend/index.html"
        },
        "device": "Desktop",
        "browser": "Mozilla",
        "location": {
            "latitude": 12.2039335,
            "longitude": -73.27513
        },
        "uniqueId": "ffef8945-c190-4f95-930f-4e35c2e3a868",
        "pathname": "/settings",
        "language": "sr",
        "referrer": "",
        "events": {
            "loadCount": 0,
            "visibilitychangeCount": 7,
            "resizeCount": 5,
            "focusCount": 7,
            "clickCount": 0,
            "blurCount": 5
        },
        "pageLoadTime": {
            "loadStart": 1739730600000,
            "loadEnd": 1739730600402
        },
        "productId": "TRK-TlxlcwGkl19t",
        "pathCounts": {
            "/profile": 7,
            "/cart": 4,
            "/settings": 6
        }
    },
    {
        "start": 1739730600,
        "end": 1739730720,
        "bounce": {
            "isBounced": false,
            "pathname": "/frontend/index.html"
        },
        "device": "Desktop",
        "browser": "Safari",
        "location": {
            "latitude": -57.0456255,
            "longitude": -174.372321
        },
        "uniqueId": "ffef8945-c190-4f95-930f-4e35c2e3a868",
        "pathname": "/profile",
        "language": "sv",
        "referrer": "https://ross.com/",
        "events": {
            "loadCount": 0,
            "visibilitychangeCount": 9,
            "resizeCount": 4,
            "focusCount": 0,
            "clickCount": 0,
            "blurCount": 6
        },
        "pageLoadTime": {
            "loadStart": 1739730600000,
            "loadEnd": 1739730600972
        },
        "productId": "TRK-89olAsKyNOG7",
        "pathCounts": {
            "/home/create": 4,
            "/home/dashboard": 2,
            "/settings": 1
        }
    },
    {
        "start": 1739730600,
        "end": 1739731920,
        "bounce": {
            "isBounced": false,
            "pathname": "/frontend/index.html"
        },
        "device": "Laptop",
        "browser": "Edge",
        "location": {
            "latitude": -36.0511585,
            "longitude": -62.405044
        },
        "uniqueId": "37f86d6c-c234-4339-9c0f-ec3bdaab8536",
        "pathname": "/profile",
        "language": "mn",
        "referrer": "",
        "events": {
            "loadCount": 0,
            "visibilitychangeCount": 5,
            "resizeCount": 7,
            "focusCount": 6,
            "clickCount": 4,
            "blurCount": 6
        },
        "pageLoadTime": {
            "loadStart": 1739730600000,
            "loadEnd": 1739730600595
        },
        "productId": "TRK-89olAsKyNOG7",
        "pathCounts": {
            "/cart": 4,
            "/login": 10
        }
    },
    {
        "start": 1739730600,
        "end": 1739730660,
        "bounce": {
            "isBounced": true,
            "pathname": "/frontend/index.html"
        },
        "device": "Desktop",
        "browser": "Mozilla",
        "location": {
            "latitude": -5.740263,
            "longitude": -13.127515
        },
        "uniqueId": "f9c7e851-4d89-46ce-8678-25b88916a574",
        "pathname": "/home",
        "language": "tig",
        "referrer": "",
        "events": {
            "loadCount": 5,
            "visibilitychangeCount": 7,
            "resizeCount": 9,
            "focusCount": 6,
            "clickCount": 3,
            "blurCount": 6
        },
        "pageLoadTime": {
            "loadStart": 1739730600000,
            "loadEnd": 1739730600836
        },
        "productId": "TRK-89olAsKyNOG7",
        "pathCounts": {
            "/home": 1,
            "/home/create": 5,
            "/settings": 7
        }
    },
    {
        "start": 1739730600,
        "end": 1739732460,
        "bounce": {
            "isBounced": true,
            "pathname": "/frontend/index.html"
        },
        "device": "Laptop",
        "browser": "Safari",
        "location": {
            "latitude": -56.6213665,
            "longitude": -52.069605
        },
        "uniqueId": "31b1cad6-43b6-4fa7-95e5-7d79676b01e7",
        "pathname": "/dashboard",
        "language": "ja",
        "referrer": "",
        "events": {
            "loadCount": 10,
            "visibilitychangeCount": 3,
            "resizeCount": 3,
            "focusCount": 1,
            "clickCount": 4,
            "blurCount": 7
        },
        "pageLoadTime": {
            "loadStart": 1739730600000,
            "loadEnd": 1739730600141
        },
        "productId": "TRK-89olAsKyNOG7",
        "pathCounts": {
            "/checkout": 5,
            "/settings": 9,
            "/home/create": 8,
            "/home/dashboard": 8,
            "/cart": 2
        }
    },
    {
        "start": 1739730600,
        "end": 1739731020,
        "bounce": {
            "isBounced": false,
            "pathname": "/frontend/index.html"
        },
        "device": "Desktop",
        "browser": "Safari",
        "location": {
            "latitude": 22.155806,
            "longitude": -148.40632
        },
        "uniqueId": "3ba5c0ca-2d1c-4d75-82b7-a2c821f2ea43",
        "pathname": "/home",
        "language": "ss",
        "referrer": "http://www.brown.com/",
        "events": {
            "loadCount": 9,
            "visibilitychangeCount": 2,
            "resizeCount": 8,
            "focusCount": 7,
            "clickCount": 5,
            "blurCount": 8
        },
        "pageLoadTime": {
            "loadStart": 1739730600000,
            "loadEnd": 1739730600296
        },
        "productId": "TRK-Ob2CJVFgaau7",
        "pathCounts": {
            "/profile": 7,
            "/cart": 7,
            "/login": 7
        }
    },
    {
        "start": 1739730600,
        "end": 1739732520,
        "bounce": {
            "isBounced": true,
            "pathname": "/frontend/index.html"
        },
        "device": "Tablet",
        "browser": "Chrome",
        "location": {
            "latitude": 57.1731365,
            "longitude": 40.131109
        },
        "uniqueId": "9b47b488-09f3-4d00-a56c-8c970bdfab8e",
        "pathname": "/frontend/index.html",
        "language": "quz",
        "referrer": "",
        "events": {
            "loadCount": 2,
            "visibilitychangeCount": 2,
            "resizeCount": 1,
            "focusCount": 8,
            "clickCount": 2,
            "blurCount": 8
        },
        "pageLoadTime": {
            "loadStart": 1739730600000,
            "loadEnd": 1739730600914
        },
        "productId": "TRK-89olAsKyNOG7",
        "pathCounts": {
            "/home/create": 9,
            "/cart": 1,
            "/home": 9,
            "/profile": 1
        }
    },
    {
        "start": 1739730600,
        "end": 1739731320,
        "bounce": {
            "isBounced": true,
            "pathname": "/frontend/index.html"
        },
        "device": "Desktop",
        "browser": "Safari",
        "location": {
            "latitude": 88.4964345,
            "longitude": 120.43887
        },
        "uniqueId": "14ec54a1-24e9-462b-9378-3e9d812cba5a",
        "pathname": "/settings",
        "language": "yi",
        "referrer": "http://davenport.com/",
        "events": {
            "loadCount": 5,
            "visibilitychangeCount": 3,
            "resizeCount": 5,
            "focusCount": 7,
            "clickCount": 3,
            "blurCount": 8
        },
        "pageLoadTime": {
            "loadStart": 1739730600000,
            "loadEnd": 1739730600787
        },
        "productId": "TRK-TlxlcwGkl19t",
        "pathCounts": {
            "/home": 7,
            "/login": 10,
            "/cart": 2,
            "/settings": 5,
            "/home/dashboard": 1
        }
    },
    {
        "start": 1739730600,
        "end": 1739734140,
        "bounce": {
            "isBounced": false,
            "pathname": "/frontend/index.html"
        },
        "device": "Mobile",
        "browser": "Safari",
        "location": {
            "latitude": 81.0391145,
            "longitude": -61.767759
        },
        "uniqueId": "77f0712b-554f-4c5c-9898-14e7c77b26a0",
        "pathname": "/dashboard",
        "language": "kw",
        "referrer": "",
        "events": {
            "loadCount": 5,
            "visibilitychangeCount": 5,
            "resizeCount": 5,
            "focusCount": 6,
            "clickCount": 3,
            "blurCount": 5
        },
        "pageLoadTime": {
            "loadStart": 1739730600000,
            "loadEnd": 1739730600110
        },
        "productId": "TRK-89olAsKyNOG7",
        "pathCounts": {
            "/home/dashboard": 2,
            "/profile": 1,
            "/home/create": 6,
            "/settings": 5
        }
    },
    {
        "start": 1739730600,
        "end": 1739731440,
        "bounce": {
            "isBounced": false,
            "pathname": "/frontend/index.html"
        },
        "device": "Tablet",
        "browser": "Edge",
        "location": {
            "latitude": 82.8667945,
            "longitude": 103.32122
        },
        "uniqueId": "9b47b488-09f3-4d00-a56c-8c970bdfab8e",
        "pathname": "/settings",
        "language": "an",
        "referrer": "https://maxwell-cisneros.com/",
        "events": {
            "loadCount": 4,
            "visibilitychangeCount": 10,
            "resizeCount": 6,
            "focusCount": 2,
            "clickCount": 3,
            "blurCount": 9
        },
        "pageLoadTime": {
            "loadStart": 1739730600000,
            "loadEnd": 1739730600075
        },
        "productId": "TRK-TlxlcwGkl19t",
        "pathCounts": {
            "/profile": 3,
            "/settings": 1,
            "/checkout": 5,
            "/cart": 6
        }
    },
    {
        "start": 1739730600,
        "end": 1739730720,
        "bounce": {
            "isBounced": true,
            "pathname": "/frontend/index.html"
        },
        "device": "Laptop",
        "browser": "Edge",
        "location": {
            "latitude": 73.6294365,
            "longitude": 30.840494
        },
        "uniqueId": "aa76de66-83a4-4c21-92f5-cfe20525387a",
        "pathname": "/home",
        "language": "lg",
        "referrer": "https://www.mann.com/",
        "events": {
            "loadCount": 1,
            "visibilitychangeCount": 3,
            "resizeCount": 0,
            "focusCount": 8,
            "clickCount": 3,
            "blurCount": 8
        },
        "pageLoadTime": {
            "loadStart": 1739730600000,
            "loadEnd": 1739730600990
        },
        "productId": "TRK-TlxlcwGkl19t",
        "pathCounts": {
            "/settings": 10,
            "/checkout": 8,
            "/login": 8
        }
    },
    {
        "start": 1739730600,
        "end": 1739732520,
        "bounce": {
            "isBounced": true,
            "pathname": "/frontend/index.html"
        },
        "device": "Desktop",
        "browser": "Edge",
        "location": {
            "latitude": -49.373396,
            "longitude": 7.874268
        },
        "uniqueId": "80d8a76b-4c97-4a12-9ac3-02a6d37e11a9",
        "pathname": "/frontend/index.html",
        "language": "ca",
        "referrer": "http://lewis.info/",
        "events": {
            "loadCount": 3,
            "visibilitychangeCount": 2,
            "resizeCount": 0,
            "focusCount": 2,
            "clickCount": 2,
            "blurCount": 7
        },
        "pageLoadTime": {
            "loadStart": 1739730600000,
            "loadEnd": 1739730600871
        },
        "productId": "TRK-89olAsKyNOG7",
        "pathCounts": {
            "/checkout": 2,
            "/cart": 6
        }
    },
    {
        "start": 1739730600,
        "end": 1739731260,
        "bounce": {
            "isBounced": false,
            "pathname": "/frontend/index.html"
        },
        "device": "Laptop",
        "browser": "Mozilla",
        "location": {
            "latitude": -2.209977,
            "longitude": 164.409084
        },
        "uniqueId": "aca50ebd-2a70-41b2-a3f9-1a2deecc8322",
        "pathname": "/frontend/index.html",
        "language": "yo",
        "referrer": "",
        "events": {
            "loadCount": 3,
            "visibilitychangeCount": 10,
            "resizeCount": 0,
            "focusCount": 0,
            "clickCount": 9,
            "blurCount": 7
        },
        "pageLoadTime": {
            "loadStart": 1739730600000,
            "loadEnd": 1739730600858
        },
        "productId": "TRK-89olAsKyNOG7",
        "pathCounts": {
            "/settings": 3,
            "/cart": 10
        }
    },
    {
        "start": 1739730600,
        "end": 1739730780,
        "bounce": {
            "isBounced": false,
            "pathname": "/frontend/index.html"
        },
        "device": "Desktop",
        "browser": "Edge",
        "location": {
            "latitude": 86.362642,
            "longitude": -103.592327
        },
        "uniqueId": "f25d6d08-ed4a-4680-b7e3-94d4b30207df",
        "pathname": "/home",
        "language": "mr",
        "referrer": "https://www.barnes.com/",
        "events": {
            "loadCount": 7,
            "visibilitychangeCount": 4,
            "resizeCount": 4,
            "focusCount": 4,
            "clickCount": 6,
            "blurCount": 0
        },
        "pageLoadTime": {
            "loadStart": 1739730600000,
            "loadEnd": 1739730600843
        },
        "productId": "TRK-89olAsKyNOG7",
        "pathCounts": {
            "/settings": 7,
            "/checkout": 6,
            "/cart": 3,
            "/home/create": 6
        }
    },
    {
        "start": 1739730600,
        "end": 1739732940,
        "bounce": {
            "isBounced": true,
            "pathname": "/frontend/index.html"
        },
        "device": "Desktop",
        "browser": "Edge",
        "location": {
            "latitude": -32.3543695,
            "longitude": 178.716279
        },
        "uniqueId": "f9c7e851-4d89-46ce-8678-25b88916a574",
        "pathname": "/dashboard",
        "language": "fr",
        "referrer": "",
        "events": {
            "loadCount": 6,
            "visibilitychangeCount": 9,
            "resizeCount": 4,
            "focusCount": 4,
            "clickCount": 10,
            "blurCount": 5
        },
        "pageLoadTime": {
            "loadStart": 1739730600000,
            "loadEnd": 1739730600638
        },
        "productId": "TRK-Ob2CJVFgaau7",
        "pathCounts": {
            "/login": 4,
            "/home": 3,
            "/home/create": 7,
            "/cart": 2,
            "/settings": 5
        }
    },
    {
        "start": 1739730600,
        "end": 1739733480,
        "bounce": {
            "isBounced": false,
            "pathname": "/frontend/index.html"
        },
        "device": "Desktop",
        "browser": "Edge",
        "location": {
            "latitude": 67.0119295,
            "longitude": -102.839933
        },
        "uniqueId": "f9c7e851-4d89-46ce-8678-25b88916a574",
        "pathname": "/dashboard",
        "language": "bs",
        "referrer": "",
        "events": {
            "loadCount": 1,
            "visibilitychangeCount": 5,
            "resizeCount": 3,
            "focusCount": 9,
            "clickCount": 8,
            "blurCount": 1
        },
        "pageLoadTime": {
            "loadStart": 1739730600000,
            "loadEnd": 1739730600939
        },
        "productId": "TRK-TlxlcwGkl19t",
        "pathCounts": {
            "/home": 4,
            "/checkout": 1,
            "/settings": 8
        }
    }
]