[
    {
        "start": 1740681000,
        "end": 1740683700,
        "bounce": {
            "isBounced": false,
            "pathname": "/frontend/index.html"
        },
        "device": "Tablet",
        "browser": "Edge",
        "location": {
            "latitude": 6.946262,
            "longitude": 59.833394
        },
        "uniqueId": "111907fd-95b7-4729-a2af-e51ad656e288",
        "pathname": "/frontend/index.html",
        "language": "de",
        "referrer": "https://rios.com/",
        "events": {
            "loadCount": 5,
            "visibilitychangeCount": 10,
            "resizeCount": 8,
            "focusCount": 7,
            "clickCount": 3,
            "blurCount": 7
        },
        "pageLoadTime": {
            "loadStart": 1740681000000,
            "loadEnd": 1740681000482
        },
        "productId": "TRK-TlxlcwGkl19t",
        "pathCounts": {
            "/home": 3,
            "/checkout": 10,
            "/home/dashboard": 7,
            "/settings": 7,
            "/home/create": 6
        }
    },
    {
        "start": 1740681000,
        "end": 1740681180,
        "bounce": {
            "isBounced": true,
            "pathname": "/frontend/index.html"
        },
        "device": "Tablet",
        "browser": "Mozilla",
        "location": {
            "latitude": 88.0016375,
            "longitude": -51.327994
        },
        "uniqueId": "d86a654c-f156-4873-9fec-b758bd53146a",
        "pathname": "/settings",
        "language": "is",
        "referrer": "http://hurley.biz/",
        "events": {
            "loadCount": 3,
            "visibilitychangeCount": 1,
            "resizeCount": 4,
            "focusCount": 9,
            "clickCount": 6,
            "blurCount": 7
        },
        "pageLoadTime": {
            "loadStart": 1740681000000,
            "loadEnd": 1740681000626
        },
        "productId": "TRK-Ob2CJVFgaau7",
        "pathCounts": {
            "/settings": 4,
            "/cart": 5,
            "/login": 2
        }
    },
    {
        "start": 1740681000,
        "end": 1740682980,
        "bounce": {
            "isBounced": true,
            "pathname": "/frontend/index.html"
        },
        "device": "Mobile",
        "browser": "Mozilla",
        "location": {
            "latitude": -62.832991,
            "longitude": 104.373723
        },
        "uniqueId": "4f113d91-1e3e-46f7-a9ca-95f02de96297",
        "pathname": "/home",
        "language": "iw",
        "referrer": "https://www.doyle.org/",
        "events": {
            "loadCount": 1,
            "visibilitychangeCount": 7,
            "resizeCount": 3,
            "focusCount": 9,
            "clickCount": 6,
            "blurCount": 9
        },
        "pageLoadTime": {
            "loadStart": 1740681000000,
            "loadEnd": 1740681000358
        },
        "productId": "TRK-89olAsKyNOG7",
        "pathCounts": {
            "/home/create": 5,
            "/settings": 10,
            "/home/dashboard": 10
        }
    },
    {
        "start": 1740681000,
        "end": 1740683760,
        "bounce": {
            "isBounced": false,
            "pathname": "/frontend/index.html"
        },
        "device": "Tablet",
        "browser": "Safari",
        "location": {
            "latitude": -75.9624145,
            "longitude": -117.956591
        },
        "uniqueId": "ca9d1f5f-925b-4a59-b362-4703a75ad77c",
        "pathname": "/dashboard",
        "language": "lij",
        "referrer": "",
        "events": {
            "loadCount": 8,
            "visibilitychangeCount": 0,
            "resizeCount": 10,
            "focusCount": 7,
            "clickCount": 10,
            "blurCount": 10
        },
        "pageLoadTime": {
            "loadStart": 1740681000000,
            "loadEnd": 1740681000504
        },
        "productId": "TRK-Ob2CJVFgaau7",
        "pathCounts": {
            "/checkout": 2,
            "/profile": 8,
            "/settings": 2
        }
    },
    {
        "start": 1740681000,
        "end": 1740683520,
        "bounce": {
            "isBounced": true,
            "pathname": "/frontend/index.html"
        },
        "device": "Desktop",
        "browser": "Chrome",
        "location": {
            "latitude": -89.478652,
            "longitude": 158.495173
        },
        "uniqueId": "d86a654c-f156-4873-9fec-b758bd53146a",
        "pathname": "/dashboard",
        "language": "brx",
        "referrer": "",
        "events": {
            "loadCount": 5,
            "visibilitychangeCount": 10,
            "resizeCount": 8,
            "focusCount": 0,
            "clickCount": 1,
            "blurCount": 8
        },
        "pageLoadTime": {
            "loadStart": 1740681000000,
            "loadEnd": 1740681000493
        },
        "productId": "TRK-TlxlcwGkl19t",
        "pathCounts": {
            "/checkout": 8,
            "/settings": 10,
            "/profile": 9,
            "/home": 4
        }
    },
    {
        "start": 1740681000,
        "end": 1740684240,
        "bounce": {
            "isBounced": true,
            "pathname": "/frontend/index.html"
        },
        "device": "Laptop",
        "browser": "Mozilla",
        "location": {
            "latitude": -27.6095145,
            "longitude": 161.518485
        },
        "uniqueId": "3ba5c0ca-2d1c-4d75-82b7-a2c821f2ea43",
        "pathname": "/settings",
        "language": "ps",
        "referrer": "",
        "events": {
            "loadCount": 9,
            "visibilitychangeCount": 2,
            "resizeCount": 6,
            "focusCount": 1,
            "clickCount": 10,
            "blurCount": 7
        },
        "pageLoadTime": {
            "loadStart": 1740681000000,
            "loadEnd": 1740681000102
        },
        "productId": "TRK-Ob2CJVFgaau7",
        "pathCounts": {
            "/home/create": 2,
            "/home/dashboard": 9,
            "/cart": 4
        }
    },
    {
        "start": 1740681000,
        "end": 1740683880,
        "bounce": {
            "isBounced": false,
            "pathname": "/frontend/index.html"
        },
        "device": "Mobile",
        "browser": "Chrome",
        "location": {
            "latitude": -58.3811775,
            "longitude": 40.504467
        },
        "uniqueId": "ca9d1f5f-925b-4a59-b362-4703a75ad77c",
        "pathname": "/dashboard",
        "language": "ca",
        "referrer": "http://www.phelps-wood.com/",
        "events": {
            "loadCount": 8,
            "visibilitychangeCount": 6,
            "resizeCount": 7,
            "focusCount": 4,
            "clickCount": 8,
            "blurCount": 5
        },
        "pageLoadTime": {
            "loadStart": 1740681000000,
            "loadEnd": 1740681000468
        },
        "productId": "TRK-Ob2CJVFgaau7",
        "pathCounts": {
            "/home/create": 1,
            "/profile": 6,
            "/home": 1,
            "/login": 7
        }
    },
    {
        "start": 1740681000,
        "end": 1740683340,
        "bounce": {
            "isBounced": true,
            "pathname": "/frontend/index.html"
        },
        "device": "Mobile",
        "browser": "Edge",
        "location": {
            "latitude": 59.9392345,
            "longitude": 27.968448
        },
        "uniqueId": "111907fd-95b7-4729-a2af-e51ad656e288",
        "pathname": "/dashboard",
        "language": "mhr",
        "referrer": "http://www.marshall-boyle.com/",
        "events": {
            "loadCount": 7,
            "visibilitychangeCount": 6,
            "resizeCount": 8,
            "focusCount": 4,
            "clickCount": 4,
            "blurCount": 0
        },
        "pageLoadTime": {
            "loadStart": 1740681000000,
            "loadEnd": 1740681000293
        },
        "productId": "TRK-Ob2CJVFgaau7",
        "pathCounts": {
            "/home/create": 2,
            "/settings": 8,
            "/profile": 5
        }
    },
    {
        "start": 1740681000,
        "end": 1740683580,
        "bounce": {
            "isBounced": true,
            "pathname": "/frontend/index.html"
        },
        "device": "Desktop",
        "browser": "Edge",
        "location": {
            "latitude": 42.3248075,
            "longitude": -155.496242
        },
        "uniqueId": "ca9d1f5f-925b-4a59-b362-4703a75ad77c",
        "pathname": "/dashboard",
        "language": "nds",
        "referrer": "",
        "events": {
            "loadCount": 1,
            "visibilitychangeCount": 4,
            "resizeCount": 6,
            "focusCount": 7,
            "clickCount": 6,
            "blurCount": 1
        },
        "pageLoadTime": {
            "loadStart": 1740681000000,
            "loadEnd": 1740681000938
        },
        "productId": "TRK-TlxlcwGkl19t",
        "pathCounts": {
            "/home/dashboard": 1,
            "/cart": 6,
            "/settings": 3
        }
    },
    {
        "start": 1740681000,
        "end": 1740681480,
        "bounce": {
            "isBounced": true,
            "pathname": "/frontend/index.html"
        },
        "device": "Tablet",
        "browser": "Chrome",
        "location": {
            "latitude": -77.2543765,
            "longitude": 18.450372
        },
        "uniqueId": "ca9d1f5f-925b-4a59-b362-4703a75ad77c",
        "pathname": "/dashboard",
        "language": "ml",
        "referrer": "http://www.williams-decker.info/",
        "events": {
            "loadCount": 7,
            "visibilitychangeCount": 9,
            "resizeCount": 1,
            "focusCount": 1,
            "clickCount": 6,
            "blurCount": 2
        },
        "pageLoadTime": {
            "loadStart": 1740681000000,
            "loadEnd": 1740681000192
        },
        "productId": "TRK-Ob2CJVFgaau7",
        "pathCounts": {
            "/profile": 5,
            "/checkout": 6,
            "/home": 2,
            "/login": 1
        }
    },
    {
        "start": 1740681000,
        "end": 1740682260,
        "bounce": {
            "isBounced": true,
            "pathname": "/frontend/index.html"
        },
        "device": "Tablet",
        "browser": "Mozilla",
        "location": {
            "latitude": -5.049769,
            "longitude": -23.976312
        },
        "uniqueId": "31b1cad6-43b6-4fa7-95e5-7d79676b01e7",
        "pathname": "/profile",
        "language": "mi",
        "referrer": "https://www.mcdonald-gomez.com/",
        "events": {
            "loadCount": 0,
            "visibilitychangeCount": 1,
            "resizeCount": 8,
            "focusCount": 7,
            "clickCount": 10,
            "blurCount": 7
        },
        "pageLoadTime": {
            "loadStart": 1740681000000,
            "loadEnd": 1740681000810
        },
        "productId": "TRK-Ob2CJVFgaau7",
        "pathCounts": {
            "/cart": 5,
            "/home": 7,
            "/settings": 1,
            "/checkout": 8
        }
    },
    {
        "start": 1740681000,
        "end": 1740683700,
        "bounce": {
            "isBounced": false,
            "pathname": "/frontend/index.html"
        },
        "device": "Mobile",
        "browser": "Edge",
        "location": {
            "latitude": -41.7907735,
            "longitude": -101.921003
        },
        "uniqueId": "5bde6480-0ab0-43b2-8529-ae22b458f836",
        "pathname": "/frontend/index.html",
        "language": "lij",
        "referrer": "",
        "events": {
            "loadCount": 5,
            "visibilitychangeCount": 2,
            "resizeCount": 0,
            "focusCount": 3,
            "clickCount": 1,
            "blurCount": 1
        },
        "pageLoadTime": {
            "loadStart": 1740681000000,
            "loadEnd": 1740681000582
        },
        "productId": "TRK-89olAsKyNOG7",
        "pathCounts": {
            "/home/dashboard": 3,
            "/profile": 1,
            "/checkout": 8
        }
    },
    {
        "start": 1740681000,
        "end": 1740681480,
        "bounce": {
            "isBounced": false,
            "pathname": "/frontend/index.html"
        },
        "device": "Tablet",
        "browser": "Chrome",
        "location": {
            "latitude": 31.2518825,
            "longitude": 13.185531
        },
        "uniqueId": "80d8a76b-4c97-4a12-9ac3-02a6d37e11a9",
        "pathname": "/frontend/index.html",
        "language": "hak",
        "referrer": "",
        "events": {
            "loadCount": 10,
            "visibilitychangeCount": 6,
            "resizeCount": 4,
            "focusCount": 8,
            "clickCount": 1,
            "blurCount": 4
        },
        "pageLoadTime": {
            "loadStart": 1740681000000,
            "loadEnd": 1740681000979
        },
        "productId": "TRK-89olAsKyNOG7",
        "pathCounts": {
            "/checkout": 1,
            "/home/dashboard": 4,
            "/home": 2,
            "/settings": 6
        }
    }
]