[
    {
        "start": 1736706600,
        "end": 1736706780,
        "bounce": {
            "isBounced": false,
            "pathname": "/frontend/index.html"
        },
        "device": "Mobile",
        "browser": "Mozilla",
        "location": {
            "latitude": -86.9737065,
            "longitude": 66.823121
        },
        "uniqueId": "31b1cad6-43b6-4fa7-95e5-7d79676b01e7",
        "pathname": "/frontend/index.html",
        "language": "mt",
        "referrer": "",
        "events": {
            "loadCount": 9,
            "visibilitychangeCount": 10,
            "resizeCount": 10,
            "focusCount": 5,
            "clickCount": 4,
            "blurCount": 8
        },
        "pageLoadTime": {
            "loadStart": 1736706600000,
            "loadEnd": 1736706600595
        },
        "productId": "TRK-89olAsKyNOG7",
        "pathCounts": {
            "/profile": 8,
            "/checkout": 10,
            "/login": 3
        }
    },
    {
        "start": 1736706600,
        "end": 1736708820,
        "bounce": {
            "isBounced": false,
            "pathname": "/frontend/index.html"
        },
        "device": "Tablet",
        "browser": "Chrome",
        "location": {
            "latitude": -4.788336,
            "longitude": -113.920695
        },
        "uniqueId": "111907fd-95b7-4729-a2af-e51ad656e288",
        "pathname": "/dashboard",
        "language": "byn",
        "referrer": "http://www.wolfe.com/",
        "events": {
            "loadCount": 4,
            "visibilitychangeCount": 1,
            "resizeCount": 8,
            "focusCount": 8,
            "clickCount": 2,
            "blurCount": 8
        },
        "pageLoadTime": {
            "loadStart": 1736706600000,
            "loadEnd": 1736706600462
        },
        "productId": "TRK-Ob2CJVFgaau7",
        "pathCounts": {
            "/cart": 3,
            "/home/dashboard": 1,
            "/profile": 1,
            "/login": 8
        }
    },
    {
        "start": 1736706600,
        "end": 1736708460,
        "bounce": {
            "isBounced": true,
            "pathname": "/frontend/index.html"
        },
        "device": "Mobile",
        "browser": "Safari",
        "location": {
            "latitude": 57.3818,
            "longitude": -75.582123
        },
        "uniqueId": "4f113d91-1e3e-46f7-a9ca-95f02de96297",
        "pathname": "/profile",
        "language": "niu",
        "referrer": "https://www.cortez.com/",
        "events": {
            "loadCount": 1,
            "visibilitychangeCount": 7,
            "resizeCount": 5,
            "focusCount": 8,
            "clickCount": 4,
            "blurCount": 1
        },
        "pageLoadTime": {
            "loadStart": 1736706600000,
            "loadEnd": 1736706600539
        },
        "productId": "TRK-Ob2CJVFgaau7",
        "pathCounts": {
            "/settings": 7,
            "/checkout": 3,
            "/home": 2
        }
    },
    {
        "start": 1736706600,
        "end": 1736708940,
        "bounce": {
            "isBounced": true,
            "pathname": "/frontend/index.html"
        },
        "device": "Desktop",
        "browser": "Safari",
        "location": {
            "latitude": 86.8011585,
            "longitude": 69.778995
        },
        "uniqueId": "aa76de66-83a4-4c21-92f5-cfe20525387a",
        "pathname": "/dashboard",
        "language": "ak",
        "referrer": "",
        "events": {
            "loadCount": 8,
            "visibilitychangeCount": 8,
            "resizeCount": 5,
            "focusCount": 8,
            "clickCount": 9,
            "blurCount": 6
        },
        "pageLoadTime": {
            "loadStart": 1736706600000,
            "loadEnd": 1736706600080
        },
        "productId": "TRK-TlxlcwGkl19t",
        "pathCounts": {
            "/home/dashboard": 6,
            "/login": 7,
            "/home/create": 1
        }
    },
    {
        "start": 1736706600,
        "end": 1736707740,
        "bounce": {
            "isBounced": false,
            "pathname": "/frontend/index.html"
        },
        "device": "Desktop",
        "browser": "Mozilla",
        "location": {
            "latitude": -15.4274155,
            "longitude": -139.067111
        },
        "uniqueId": "ffef8945-c190-4f95-930f-4e35c2e3a868",
        "pathname": "/profile",
        "language": "wo",
        "referrer": "",
        "events": {
            "loadCount": 3,
            "visibilitychangeCount": 0,
            "resizeCount": 6,
            "focusCount": 0,
            "clickCount": 0,
            "blurCount": 2
        },
        "pageLoadTime": {
            "loadStart": 1736706600000,
            "loadEnd": 1736706600114
        },
        "productId": "TRK-Ob2CJVFgaau7",
        "pathCounts": {
            "/home": 3,
            "/home/dashboard": 7,
            "/home/create": 6
        }
    },
    {
        "start": 1736706600,
        "end": 1736709480,
        "bounce": {
            "isBounced": true,
            "pathname": "/frontend/index.html"
        },
        "device": "Mobile",
        "browser": "Chrome",
        "location": {
            "latitude": -77.796181,
            "longitude": 135.039114
        },
        "uniqueId": "80d8a76b-4c97-4a12-9ac3-02a6d37e11a9",
        "pathname": "/settings",
        "language": "apn",
        "referrer": "",
        "events": {
            "loadCount": 9,
            "visibilitychangeCount": 10,
            "resizeCount": 5,
            "focusCount": 8,
            "clickCount": 9,
            "blurCount": 6
        },
        "pageLoadTime": {
            "loadStart": 1736706600000,
            "loadEnd": 1736706600458
        },
        "productId": "TRK-TlxlcwGkl19t",
        "pathCounts": {
            "/cart": 5,
            "/settings": 2,
            "/home/create": 9
        }
    },
    {
        "start": 1736706600,
        "end": 1736707320,
        "bounce": {
            "isBounced": true,
            "pathname": "/frontend/index.html"
        },
        "device": "Laptop",
        "browser": "Chrome",
        "location": {
            "latitude": 80.5652925,
            "longitude": -155.993321
        },
        "uniqueId": "ca9d1f5f-925b-4a59-b362-4703a75ad77c",
        "pathname": "/profile",
        "language": "niu",
        "referrer": "http://www.floyd.info/",
        "events": {
            "loadCount": 10,
            "visibilitychangeCount": 2,
            "resizeCount": 2,
            "focusCount": 1,
            "clickCount": 4,
            "blurCount": 10
        },
        "pageLoadTime": {
            "loadStart": 1736706600000,
            "loadEnd": 1736706600770
        },
        "productId": "TRK-TlxlcwGkl19t",
        "pathCounts": {
            "/cart": 3,
            "/profile": 10,
            "/home/dashboard": 6
        }
    },
    {
        "start": 1736706600,
        "end": 1736709720,
        "bounce": {
            "isBounced": true,
            "pathname": "/frontend/index.html"
        },
        "device": "Laptop",
        "browser": "Edge",
        "location": {
            "latitude": 89.6836735,
            "longitude": 168.681374
        },
        "uniqueId": "ffef8945-c190-4f95-930f-4e35c2e3a868",
        "pathname": "/settings",
        "language": "fil",
        "referrer": "",
        "events": {
            "loadCount": 4,
            "visibilitychangeCount": 9,
            "resizeCount": 4,
            "focusCount": 10,
            "clickCount": 3,
            "blurCount": 4
        },
        "pageLoadTime": {
            "loadStart": 1736706600000,
            "loadEnd": 1736706600457
        },
        "productId": "TRK-Ob2CJVFgaau7",
        "pathCounts": {
            "/checkout": 3,
            "/profile": 9,
            "/cart": 2
        }
    },
    {
        "start": 1736706600,
        "end": 1736708640,
        "bounce": {
            "isBounced": true,
            "pathname": "/frontend/index.html"
        },
        "device": "Mobile",
        "browser": "Edge",
        "location": {
            "latitude": 70.4755535,
            "longitude": -165.50755
        },
        "uniqueId": "9ce1bf0b-8366-40e1-b77c-9493a981c91b",
        "pathname": "/settings",
        "language": "or",
        "referrer": "",
        "events": {
            "loadCount": 1,
            "visibilitychangeCount": 2,
            "resizeCount": 2,
            "focusCount": 2,
            "clickCount": 9,
            "blurCount": 3
        },
        "pageLoadTime": {
            "loadStart": 1736706600000,
            "loadEnd": 1736706600584
        },
        "productId": "TRK-Ob2CJVFgaau7",
        "pathCounts": {
            "/checkout": 6,
            "/cart": 9,
            "/login": 9
        }
    },
    {
        "start": 1736706600,
        "end": 1736709600,
        "bounce": {
            "isBounced": true,
            "pathname": "/frontend/index.html"
        },
        "device": "Mobile",
        "browser": "Mozilla",
        "location": {
            "latitude": -60.494898,
            "longitude": -33.173945
        },
        "uniqueId": "f25d6d08-ed4a-4680-b7e3-94d4b30207df",
        "pathname": "/frontend/index.html",
        "language": "ga",
        "referrer": "http://www.adams.info/",
        "events": {
            "loadCount": 9,
            "visibilitychangeCount": 9,
            "resizeCount": 2,
            "focusCount": 0,
            "clickCount": 8,
            "blurCount": 1
        },
        "pageLoadTime": {
            "loadStart": 1736706600000,
            "loadEnd": 1736706600660
        },
        "productId": "TRK-89olAsKyNOG7",
        "pathCounts": {
            "/checkout": 5,
            "/home/dashboard": 4,
            "/profile": 7,
            "/cart": 9,
            "/settings": 5
        }
    },
    {
        "start": 1736706600,
        "end": 1736708340,
        "bounce": {
            "isBounced": true,
            "pathname": "/frontend/index.html"
        },
        "device": "Desktop",
        "browser": "Edge",
        "location": {
            "latitude": -23.2395165,
            "longitude": -35.874639
        },
        "uniqueId": "14ec54a1-24e9-462b-9378-3e9d812cba5a",
        "pathname": "/dashboard",
        "language": "cv",
        "referrer": "",
        "events": {
            "loadCount": 5,
            "visibilitychangeCount": 7,
            "resizeCount": 3,
            "focusCount": 5,
            "clickCount": 3,
            "blurCount": 8
        },
        "pageLoadTime": {
            "loadStart": 1736706600000,
            "loadEnd": 1736706600462
        },
        "productId": "TRK-89olAsKyNOG7",
        "pathCounts": {
            "/cart": 8,
            "/home/dashboard": 7,
            "/settings": 7
        }
    },
    {
        "start": 1736706600,
        "end": 1736708340,
        "bounce": {
            "isBounced": true,
            "pathname": "/frontend/index.html"
        },
        "device": "Desktop",
        "browser": "Chrome",
        "location": {
            "latitude": -85.3036525,
            "longitude": 56.77662
        },
        "uniqueId": "625ea2f3-d6f3-47f0-abd3-a204ea4eb491",
        "pathname": "/dashboard",
        "language": "ts",
        "referrer": "",
        "events": {
            "loadCount": 1,
            "visibilitychangeCount": 9,
            "resizeCount": 4,
            "focusCount": 1,
            "clickCount": 6,
            "blurCount": 1
        },
        "pageLoadTime": {
            "loadStart": 1736706600000,
            "loadEnd": 1736706600741
        },
        "productId": "TRK-89olAsKyNOG7",
        "pathCounts": {
            "/home/create": 9,
            "/cart": 7,
            "/profile": 8,
            "/settings": 10
        }
    },
    {
        "start": 1736706600,
        "end": 1736708520,
        "bounce": {
            "isBounced": false,
            "pathname": "/frontend/index.html"
        },
        "device": "Laptop",
        "browser": "Edge",
        "location": {
            "latitude": -49.418092,
            "longitude": 164.220644
        },
        "uniqueId": "9ce1bf0b-8366-40e1-b77c-9493a981c91b",
        "pathname": "/frontend/index.html",
        "language": "pl",
        "referrer": "",
        "events": {
            "loadCount": 3,
            "visibilitychangeCount": 0,
            "resizeCount": 1,
            "focusCount": 9,
            "clickCount": 10,
            "blurCount": 10
        },
        "pageLoadTime": {
            "loadStart": 1736706600000,
            "loadEnd": 1736706600877
        },
        "productId": "TRK-TlxlcwGkl19t",
        "pathCounts": {
            "/home": 8,
            "/settings": 9,
            "/home/dashboard": 8
        }
    },
    {
        "start": 1736706600,
        "end": 1736708580,
        "bounce": {
            "isBounced": false,
            "pathname": "/frontend/index.html"
        },
        "device": "Tablet",
        "browser": "Mozilla",
        "location": {
            "latitude": -31.981781,
            "longitude": 128.757193
        },
        "uniqueId": "4f113d91-1e3e-46f7-a9ca-95f02de96297",
        "pathname": "/profile",
        "language": "szl",
        "referrer": "https://www.caldwell.com/",
        "events": {
            "loadCount": 1,
            "visibilitychangeCount": 9,
            "resizeCount": 7,
            "focusCount": 1,
            "clickCount": 2,
            "blurCount": 8
        },
        "pageLoadTime": {
            "loadStart": 1736706600000,
            "loadEnd": 1736706600346
        },
        "productId": "TRK-89olAsKyNOG7",
        "pathCounts": {
            "/profile": 2,
            "/home/create": 10,
            "/login": 4,
            "/home": 3,
            "/cart": 1
        }
    },
    {
        "start": 1736706600,
        "end": 1736709720,
        "bounce": {
            "isBounced": true,
            "pathname": "/frontend/index.html"
        },
        "device": "Tablet",
        "browser": "Chrome",
        "location": {
            "latitude": 8.025815,
            "longitude": -49.428733
        },
        "uniqueId": "f25d6d08-ed4a-4680-b7e3-94d4b30207df",
        "pathname": "/frontend/index.html",
        "language": "hu",
        "referrer": "",
        "events": {
            "loadCount": 3,
            "visibilitychangeCount": 9,
            "resizeCount": 0,
            "focusCount": 1,
            "clickCount": 8,
            "blurCount": 7
        },
        "pageLoadTime": {
            "loadStart": 1736706600000,
            "loadEnd": 1736706600118
        },
        "productId": "TRK-Ob2CJVFgaau7",
        "pathCounts": {
            "/home": 8,
            "/profile": 10,
            "/home/create": 1,
            "/home/dashboard": 1,
            "/login": 3,
            "/cart": 6
        }
    },
    {
        "start": 1736706600,
        "end": 1736708220,
        "bounce": {
            "isBounced": false,
            "pathname": "/frontend/index.html"
        },
        "device": "Tablet",
        "browser": "Mozilla",
        "location": {
            "latitude": 64.907239,
            "longitude": 41.210215
        },
        "uniqueId": "111907fd-95b7-4729-a2af-e51ad656e288",
        "pathname": "/frontend/index.html",
        "language": "tig",
        "referrer": "https://www.rivera.info/",
        "events": {
            "loadCount": 0,
            "visibilitychangeCount": 4,
            "resizeCount": 4,
            "focusCount": 2,
            "clickCount": 4,
            "blurCount": 7
        },
        "pageLoadTime": {
            "loadStart": 1736706600000,
            "loadEnd": 1736706600411
        },
        "productId": "TRK-TlxlcwGkl19t",
        "pathCounts": {
            "/cart": 10,
            "/home/dashboard": 10,
            "/checkout": 2,
            "/home": 2
        }
    },
    {
        "start": 1736706600,
        "end": 1736708580,
        "bounce": {
            "isBounced": false,
            "pathname": "/frontend/index.html"
        },
        "device": "Tablet",
        "browser": "Chrome",
        "location": {
            "latitude": 2.974577,
            "longitude": 106.467199
        },
        "uniqueId": "f25d6d08-ed4a-4680-b7e3-94d4b30207df",
        "pathname": "/profile",
        "language": "ckb",
        "referrer": "",
        "events": {
            "loadCount": 5,
            "visibilitychangeCount": 3,
            "resizeCount": 8,
            "focusCount": 5,
            "clickCount": 4,
            "blurCount": 0
        },
        "pageLoadTime": {
            "loadStart": 1736706600000,
            "loadEnd": 1736706600522
        },
        "productId": "TRK-Ob2CJVFgaau7",
        "pathCounts": {
            "/home/create": 4,
            "/profile": 7
        }
    }
]