[
    {
        "start": 1738521000,
        "end": 1738522920,
        "bounce": {
            "isBounced": false,
            "pathname": "/frontend/index.html"
        },
        "device": "Tablet",
        "browser": "Mozilla",
        "location": {
            "latitude": 18.508472,
            "longitude": -169.30879
        },
        "uniqueId": "77f0712b-554f-4c5c-9898-14e7c77b26a0",
        "pathname": "/settings",
        "language": "fi",
        "referrer": "http://www.gray.com/",
        "events": {
            "loadCount": 2,
            "visibilitychangeCount": 1,
            "resizeCount": 9,
            "focusCount": 6,
            "clickCount": 10,
            "blurCount": 0
        },
        "pageLoadTime": {
            "loadStart": 1738521000000,
            "loadEnd": 1738521000500
        },
        "productId": "TRK-TlxlcwGkl19t",
        "pathCounts": {
            "/cart": 10,
            "/settings": 8,
            "/checkout": 2,
            "/home/create": 7
        }
    },
    {
        "start": 1738521000,
        "end": 1738521180,
        "bounce": {
            "isBounced": false,
            "pathname": "/frontend/index.html"
        },
        "device": "Laptop",
        "browser": "Chrome",
        "location": {
            "latitude": -40.498509,
            "longitude": 102.316163
        },
        "uniqueId": "ca9d1f5f-925b-4a59-b362-4703a75ad77c",
        "pathname": "/home",
        "language": "ur",
        "referrer": "http://www.yang.com/",
        "events": {
            "loadCount": 9,
            "visibilitychangeCount": 5,
            "resizeCount": 5,
            "focusCount": 7,
            "clickCount": 6,
            "blurCount": 1
        },
        "pageLoadTime": {
            "loadStart": 1738521000000,
            "loadEnd": 1738521000685
        },
        "productId": "TRK-TlxlcwGkl19t",
        "pathCounts": {
            "/checkout": 1,
            "/home": 7,
            "/profile": 7
        }
    },
    {
        "start": 1738521000,
        "end": 1738524600,
        "bounce": {
            "isBounced": true,
            "pathname": "/frontend/index.html"
        },
        "device": "Tablet",
        "browser": "Edge",
        "location": {
            "latitude": -42.640082,
            "longitude": 103.797599
        },
        "uniqueId": "ca9d1f5f-925b-4a59-b362-4703a75ad77c",
        "pathname": "/settings",
        "language": "eo",
        "referrer": "https://www.ford.biz/",
        "events": {
            "loadCount": 10,
            "visibilitychangeCount": 4,
            "resizeCount": 5,
            "focusCount": 8,
            "clickCount": 9,
            "blurCount": 6
        },
        "pageLoadTime": {
            "loadStart": 1738521000000,
            "loadEnd": 1738521000874
        },
        "productId": "TRK-Ob2CJVFgaau7",
        "pathCounts": {
            "/home": 7,
            "/profile": 9,
            "/checkout": 2,
            "/login": 3
        }
    },
    {
        "start": 1738521000,
        "end": 1738521540,
        "bounce": {
            "isBounced": true,
            "pathname": "/frontend/index.html"
        },
        "device": "Tablet",
        "browser": "Edge",
        "location": {
            "latitude": -77.5114665,
            "longitude": -53.952206
        },
        "uniqueId": "ca9d1f5f-925b-4a59-b362-4703a75ad77c",
        "pathname": "/frontend/index.html",
        "language": "brx",
        "referrer": "",
        "events": {
            "loadCount": 4,
            "visibilitychangeCount": 6,
            "resizeCount": 6,
            "focusCount": 9,
            "clickCount": 3,
            "blurCount": 8
        },
        "pageLoadTime": {
            "loadStart": 1738521000000,
            "loadEnd": 1738521000607
        },
        "productId": "TRK-TlxlcwGkl19t",
        "pathCounts": {
            "/home/dashboard": 4,
            "/home": 7,
            "/cart": 9,
            "/profile": 5
        }
    },
    {
        "start": 1738521000,
        "end": 1738523640,
        "bounce": {
            "isBounced": true,
            "pathname": "/frontend/index.html"
        },
        "device": "Mobile",
        "browser": "Safari",
        "location": {
            "latitude": -79.5681805,
            "longitude": -131.842243
        },
        "uniqueId": "37f86d6c-c234-4339-9c0f-ec3bdaab8536",
        "pathname": "/profile",
        "language": "om",
        "referrer": "https://lee.com/",
        "events": {
            "loadCount": 5,
            "visibilitychangeCount": 6,
            "resizeCount": 5,
            "focusCount": 10,
            "clickCount": 9,
            "blurCount": 0
        },
        "pageLoadTime": {
            "loadStart": 1738521000000,
            "loadEnd": 1738521000394
        },
        "productId": "TRK-TlxlcwGkl19t",
        "pathCounts": {
            "/checkout": 8,
            "/cart": 6,
            "/home/create": 8,
            "/settings": 3
        }
    },
    {
        "start": 1738521000,
        "end": 1738521900,
        "bounce": {
            "isBounced": false,
            "pathname": "/frontend/index.html"
        },
        "device": "Desktop",
        "browser": "Safari",
        "location": {
            "latitude": 56.307351,
            "longitude": -114.09324
        },
        "uniqueId": "aca50ebd-2a70-41b2-a3f9-1a2deecc8322",
        "pathname": "/dashboard",
        "language": "bem",
        "referrer": "",
        "events": {
            "loadCount": 5,
            "visibilitychangeCount": 3,
            "resizeCount": 0,
            "focusCount": 7,
            "clickCount": 4,
            "blurCount": 3
        },
        "pageLoadTime": {
            "loadStart": 1738521000000,
            "loadEnd": 1738521000304
        },
        "productId": "TRK-Ob2CJVFgaau7",
        "pathCounts": {
            "/checkout": 5,
            "/settings": 9,
            "/profile": 5
        }
    },
    {
        "start": 1738521000,
        "end": 1738524060,
        "bounce": {
            "isBounced": true,
            "pathname": "/frontend/index.html"
        },
        "device": "Laptop",
        "browser": "Mozilla",
        "location": {
            "latitude": 78.8848765,
            "longitude": 13.58233
        },
        "uniqueId": "14ec54a1-24e9-462b-9378-3e9d812cba5a",
        "pathname": "/profile",
        "language": "es",
        "referrer": "https://www.martinez.biz/",
        "events": {
            "loadCount": 9,
            "visibilitychangeCount": 3,
            "resizeCount": 1,
            "focusCount": 2,
            "clickCount": 1,
            "blurCount": 5
        },
        "pageLoadTime": {
            "loadStart": 1738521000000,
            "loadEnd": 1738521000904
        },
        "productId": "TRK-Ob2CJVFgaau7",
        "pathCounts": {
            "/home/create": 6,
            "/settings": 9,
            "/home": 2,
            "/checkout": 9
        }
    },
    {
        "start": 1738521000,
        "end": 1738521420,
        "bounce": {
            "isBounced": false,
            "pathname": "/frontend/index.html"
        },
        "device": "Mobile",
        "browser": "Chrome",
        "location": {
            "latitude": 4.325309,
            "longitude": 35.161829
        },
        "uniqueId": "9ce1bf0b-8366-40e1-b77c-9493a981c91b",
        "pathname": "/profile",
        "language": "ce",
        "referrer": "",
        "events": {
            "loadCount": 4,
            "visibilitychangeCount": 6,
            "resizeCount": 3,
            "focusCount": 3,
            "clickCount": 1,
            "blurCount": 3
        },
        "pageLoadTime": {
            "loadStart": 1738521000000,
            "loadEnd": 1738521000377
        },
        "productId": "TRK-TlxlcwGkl19t",
        "pathCounts": {
            "/profile": 5,
            "/home/create": 4,
            "/cart": 4
        }
    }
]