[
    {
        "start": 1738175400,
        "end": 1738176060,
        "bounce": {
            "isBounced": false,
            "pathname": "/frontend/index.html"
        },
        "device": "Mobile",
        "browser": "Chrome",
        "location": {
            "latitude": 46.236702,
            "longitude": -46.775482
        },
        "uniqueId": "3da55713-36de-4077-9d4d-626d934aafe0",
        "pathname": "/settings",
        "language": "fo",
        "referrer": "",
        "events": {
            "loadCount": 1,
            "visibilitychangeCount": 8,
            "resizeCount": 5,
            "focusCount": 2,
            "clickCount": 6,
            "blurCount": 10
        },
        "pageLoadTime": {
            "loadStart": 1738175400000,
            "loadEnd": 1738175400728
        },
        "productId": "TRK-Ob2CJVFgaau7",
        "pathCounts": {
            "/profile": 1,
            "/cart": 6,
            "/home/dashboard": 8,
            "/settings": 3
        }
    },
    {
        "start": 1738175400,
        "end": 1738177440,
        "bounce": {
            "isBounced": true,
            "pathname": "/frontend/index.html"
        },
        "device": "Desktop",
        "browser": "Edge",
        "location": {
            "latitude": 70.065733,
            "longitude": -18.53881
        },
        "uniqueId": "ffef8945-c190-4f95-930f-4e35c2e3a868",
        "pathname": "/settings",
        "language": "ar",
        "referrer": "",
        "events": {
            "loadCount": 0,
            "visibilitychangeCount": 10,
            "resizeCount": 6,
            "focusCount": 2,
            "clickCount": 3,
            "blurCount": 4
        },
        "pageLoadTime": {
            "loadStart": 1738175400000,
            "loadEnd": 1738175400764
        },
        "productId": "TRK-TlxlcwGkl19t",
        "pathCounts": {
            "/home/dashboard": 7,
            "/login": 2,
            "/home/create": 3,
            "/profile": 2
        }
    },
    {
        "start": 1738175400,
        "end": 1738176480,
        "bounce": {
            "isBounced": false,
            "pathname": "/frontend/index.html"
        },
        "device": "Mobile",
        "browser": "Safari",
        "location": {
            "latitude": 20.4169715,
            "longitude": 163.937561
        },
        "uniqueId": "625ea2f3-d6f3-47f0-abd3-a204ea4eb491",
        "pathname": "/profile",
        "language": "mg",
        "referrer": "",
        "events": {
            "loadCount": 4,
            "visibilitychangeCount": 1,
            "resizeCount": 9,
            "focusCount": 4,
            "clickCount": 0,
            "blurCount": 7
        },
        "pageLoadTime": {
            "loadStart": 1738175400000,
            "loadEnd": 1738175400343
        },
        "productId": "TRK-89olAsKyNOG7",
        "pathCounts": {
            "/home/create": 10,
            "/home/dashboard": 10,
            "/checkout": 6,
            "/home": 7,
            "/profile": 2
        }
    },
    {
        "start": 1738175400,
        "end": 1738176540,
        "bounce": {
            "isBounced": false,
            "pathname": "/frontend/index.html"
        },
        "device": "Laptop",
        "browser": "Safari",
        "location": {
            "latitude": -57.755933,
            "longitude": -25.923513
        },
        "uniqueId": "625ea2f3-d6f3-47f0-abd3-a204ea4eb491",
        "pathname": "/profile",
        "language": "sd",
        "referrer": "https://hayes.com/",
        "events": {
            "loadCount": 8,
            "visibilitychangeCount": 10,
            "resizeCount": 2,
            "focusCount": 5,
            "clickCount": 10,
            "blurCount": 1
        },
        "pageLoadTime": {
            "loadStart": 1738175400000,
            "loadEnd": 1738175400647
        },
        "productId": "TRK-89olAsKyNOG7",
        "pathCounts": {
            "/cart": 1,
            "/checkout": 5,
            "/login": 4,
            "/home/dashboard": 1,
            "/home/create": 3
        }
    },
    {
        "start": 1738175400,
        "end": 1738175640,
        "bounce": {
            "isBounced": false,
            "pathname": "/frontend/index.html"
        },
        "device": "Desktop",
        "browser": "Chrome",
        "location": {
            "latitude": 11.894394,
            "longitude": -47.53347
        },
        "uniqueId": "3ba5c0ca-2d1c-4d75-82b7-a2c821f2ea43",
        "pathname": "/dashboard",
        "language": "mg",
        "referrer": "",
        "events": {
            "loadCount": 2,
            "visibilitychangeCount": 4,
            "resizeCount": 8,
            "focusCount": 2,
            "clickCount": 7,
            "blurCount": 7
        },
        "pageLoadTime": {
            "loadStart": 1738175400000,
            "loadEnd": 1738175400654
        },
        "productId": "TRK-TlxlcwGkl19t",
        "pathCounts": {
            "/home/dashboard": 7,
            "/checkout": 5,
            "/profile": 5
        }
    },
    {
        "start": 1738175400,
        "end": 1738178640,
        "bounce": {
            "isBounced": true,
            "pathname": "/frontend/index.html"
        },
        "device": "Desktop",
        "browser": "Edge",
        "location": {
            "latitude": -58.123458,
            "longitude": 132.893111
        },
        "uniqueId": "14ec54a1-24e9-462b-9378-3e9d812cba5a",
        "pathname": "/frontend/index.html",
        "language": "yue",
        "referrer": "",
        "events": {
            "loadCount": 7,
            "visibilitychangeCount": 1,
            "resizeCount": 2,
            "focusCount": 6,
            "clickCount": 6,
            "blurCount": 5
        },
        "pageLoadTime": {
            "loadStart": 1738175400000,
            "loadEnd": 1738175400863
        },
        "productId": "TRK-89olAsKyNOG7",
        "pathCounts": {
            "/home/create": 1,
            "/home/dashboard": 4,
            "/profile": 8,
            "/checkout": 2,
            "/cart": 7
        }
    },
    {
        "start": 1738175400,
        "end": 1738175580,
        "bounce": {
            "isBounced": false,
            "pathname": "/frontend/index.html"
        },
        "device": "Tablet",
        "browser": "Safari",
        "location": {
            "latitude": -84.850157,
            "longitude": 9.17485
        },
        "uniqueId": "f25d6d08-ed4a-4680-b7e3-94d4b30207df",
        "pathname": "/profile",
        "language": "it",
        "referrer": "http://curry-jones.biz/",
        "events": {
            "loadCount": 0,
            "visibilitychangeCount": 9,
            "resizeCount": 8,
            "focusCount": 8,
            "clickCount": 5,
            "blurCount": 10
        },
        "pageLoadTime": {
            "loadStart": 1738175400000,
            "loadEnd": 1738175400739
        },
        "productId": "TRK-Ob2CJVFgaau7",
        "pathCounts": {
            "/login": 3,
            "/home": 10
        }
    },
    {
        "start": 1738175400,
        "end": 1738178100,
        "bounce": {
            "isBounced": true,
            "pathname": "/frontend/index.html"
        },
        "device": "Desktop",
        "browser": "Mozilla",
        "location": {
            "latitude": 87.3895355,
            "longitude": -55.980421
        },
        "uniqueId": "80d8a76b-4c97-4a12-9ac3-02a6d37e11a9",
        "pathname": "/dashboard",
        "language": "ne",
        "referrer": "http://perez.net/",
        "events": {
            "loadCount": 5,
            "visibilitychangeCount": 1,
            "resizeCount": 10,
            "focusCount": 1,
            "clickCount": 4,
            "blurCount": 10
        },
        "pageLoadTime": {
            "loadStart": 1738175400000,
            "loadEnd": 1738175400838
        },
        "productId": "TRK-89olAsKyNOG7",
        "pathCounts": {
            "/profile": 5,
            "/home/dashboard": 5,
            "/home": 4
        }
    },
    {
        "start": 1738175400,
        "end": 1738177980,
        "bounce": {
            "isBounced": true,
            "pathname": "/frontend/index.html"
        },
        "device": "Desktop",
        "browser": "Chrome",
        "location": {
            "latitude": 4.303524,
            "longitude": -79.373159
        },
        "uniqueId": "31b1cad6-43b6-4fa7-95e5-7d79676b01e7",
        "pathname": "/dashboard",
        "language": "hne",
        "referrer": "",
        "events": {
            "loadCount": 2,
            "visibilitychangeCount": 9,
            "resizeCount": 1,
            "focusCount": 8,
            "clickCount": 10,
            "blurCount": 8
        },
        "pageLoadTime": {
            "loadStart": 1738175400000,
            "loadEnd": 1738175400844
        },
        "productId": "TRK-TlxlcwGkl19t",
        "pathCounts": {
            "/home/dashboard": 7,
            "/checkout": 2,
            "/login": 9,
            "/settings": 1,
            "/home": 4
        }
    },
    {
        "start": 1738175400,
        "end": 1738177620,
        "bounce": {
            "isBounced": false,
            "pathname": "/frontend/index.html"
        },
        "device": "Desktop",
        "browser": "Edge",
        "location": {
            "latitude": 76.8605955,
            "longitude": 35.495495
        },
        "uniqueId": "ca9d1f5f-925b-4a59-b362-4703a75ad77c",
        "pathname": "/frontend/index.html",
        "language": "unm",
        "referrer": "http://jackson.com/",
        "events": {
            "loadCount": 6,
            "visibilitychangeCount": 6,
            "resizeCount": 4,
            "focusCount": 1,
            "clickCount": 6,
            "blurCount": 6
        },
        "pageLoadTime": {
            "loadStart": 1738175400000,
            "loadEnd": 1738175400385
        },
        "productId": "TRK-89olAsKyNOG7",
        "pathCounts": {
            "/home/dashboard": 3,
            "/checkout": 5,
            "/cart": 3,
            "/profile": 7
        }
    },
    {
        "start": 1738175400,
        "end": 1738176180,
        "bounce": {
            "isBounced": false,
            "pathname": "/frontend/index.html"
        },
        "device": "Desktop",
        "browser": "Chrome",
        "location": {
            "latitude": -87.748472,
            "longitude": -160.263998
        },
        "uniqueId": "f25d6d08-ed4a-4680-b7e3-94d4b30207df",
        "pathname": "/frontend/index.html",
        "language": "bho",
        "referrer": "http://www.davis-page.com/",
        "events": {
            "loadCount": 0,
            "visibilitychangeCount": 6,
            "resizeCount": 1,
            "focusCount": 3,
            "clickCount": 1,
            "blurCount": 3
        },
        "pageLoadTime": {
            "loadStart": 1738175400000,
            "loadEnd": 1738175400750
        },
        "productId": "TRK-89olAsKyNOG7",
        "pathCounts": {
            "/checkout": 9,
            "/login": 1,
            "/profile": 8
        }
    },
    {
        "start": 1738175400,
        "end": 1738178460,
        "bounce": {
            "isBounced": false,
            "pathname": "/frontend/index.html"
        },
        "device": "Tablet",
        "browser": "Safari",
        "location": {
            "latitude": -12.559117,
            "longitude": 87.884706
        },
        "uniqueId": "aa76de66-83a4-4c21-92f5-cfe20525387a",
        "pathname": "/dashboard",
        "language": "cv",
        "referrer": "",
        "events": {
            "loadCount": 9,
            "visibilitychangeCount": 8,
            "resizeCount": 9,
            "focusCount": 4,
            "clickCount": 10,
            "blurCount": 0
        },
        "pageLoadTime": {
            "loadStart": 1738175400000,
            "loadEnd": 1738175400284
        },
        "productId": "TRK-TlxlcwGkl19t",
        "pathCounts": {
            "/profile": 3,
            "/home/create": 9,
            "/settings": 8,
            "/cart": 8,
            "/home/dashboard": 3
        }
    },
    {
        "start": 1738175400,
        "end": 1738176960,
        "bounce": {
            "isBounced": false,
            "pathname": "/frontend/index.html"
        },
        "device": "Laptop",
        "browser": "Mozilla",
        "location": {
            "latitude": 23.499848,
            "longitude": -144.617085
        },
        "uniqueId": "4f113d91-1e3e-46f7-a9ca-95f02de96297",
        "pathname": "/settings",
        "language": "mag",
        "referrer": "https://smith.com/",
        "events": {
            "loadCount": 7,
            "visibilitychangeCount": 2,
            "resizeCount": 5,
            "focusCount": 6,
            "clickCount": 6,
            "blurCount": 9
        },
        "pageLoadTime": {
            "loadStart": 1738175400000,
            "loadEnd": 1738175400722
        },
        "productId": "TRK-Ob2CJVFgaau7",
        "pathCounts": {
            "/cart": 3,
            "/home/dashboard": 2,
            "/profile": 1,
            "/home/create": 10
        }
    },
    {
        "start": 1738175400,
        "end": 1738176420,
        "bounce": {
            "isBounced": true,
            "pathname": "/frontend/index.html"
        },
        "device": "Laptop",
        "browser": "Edge",
        "location": {
            "latitude": 66.1362305,
            "longitude": 142.335433
        },
        "uniqueId": "3ba5c0ca-2d1c-4d75-82b7-a2c821f2ea43",
        "pathname": "/home",
        "language": "fo",
        "referrer": "",
        "events": {
            "loadCount": 10,
            "visibilitychangeCount": 7,
            "resizeCount": 3,
            "focusCount": 5,
            "clickCount": 0,
            "blurCount": 4
        },
        "pageLoadTime": {
            "loadStart": 1738175400000,
            "loadEnd": 1738175400391
        },
        "productId": "TRK-TlxlcwGkl19t",
        "pathCounts": {
            "/checkout": 9,
            "/home/create": 10,
            "/home/dashboard": 8,
            "/cart": 6
        }
    },
    {
        "start": 1738175400,
        "end": 1738178760,
        "bounce": {
            "isBounced": false,
            "pathname": "/frontend/index.html"
        },
        "device": "Tablet",
        "browser": "Edge",
        "location": {
            "latitude": 12.286103,
            "longitude": 129.618805
        },
        "uniqueId": "aca50ebd-2a70-41b2-a3f9-1a2deecc8322",
        "pathname": "/dashboard",
        "language": "wa",
        "referrer": "",
        "events": {
            "loadCount": 4,
            "visibilitychangeCount": 2,
            "resizeCount": 4,
            "focusCount": 4,
            "clickCount": 5,
            "blurCount": 3
        },
        "pageLoadTime": {
            "loadStart": 1738175400000,
            "loadEnd": 1738175400335
        },
        "productId": "TRK-89olAsKyNOG7",
        "pathCounts": {
            "/home/dashboard": 7,
            "/profile": 2
        }
    },
    {
        "start": 1738175400,
        "end": 1738177200,
        "bounce": {
            "isBounced": false,
            "pathname": "/frontend/index.html"
        },
        "device": "Mobile",
        "browser": "Safari",
        "location": {
            "latitude": 46.3651155,
            "longitude": -131.708411
        },
        "uniqueId": "625ea2f3-d6f3-47f0-abd3-a204ea4eb491",
        "pathname": "/home",
        "language": "id",
        "referrer": "https://www.hicks-cannon.com/",
        "events": {
            "loadCount": 2,
            "visibilitychangeCount": 9,
            "resizeCount": 9,
            "focusCount": 7,
            "clickCount": 10,
            "blurCount": 9
        },
        "pageLoadTime": {
            "loadStart": 1738175400000,
            "loadEnd": 1738175400216
        },
        "productId": "TRK-TlxlcwGkl19t",
        "pathCounts": {
            "/cart": 4,
            "/home": 10,
            "/home/create": 6
        }
    },
    {
        "start": 1738175400,
        "end": 1738177920,
        "bounce": {
            "isBounced": false,
            "pathname": "/frontend/index.html"
        },
        "device": "Desktop",
        "browser": "Mozilla",
        "location": {
            "latitude": 61.030845,
            "longitude": 51.751031
        },
        "uniqueId": "d86a654c-f156-4873-9fec-b758bd53146a",
        "pathname": "/settings",
        "language": "th",
        "referrer": "http://benson.com/",
        "events": {
            "loadCount": 3,
            "visibilitychangeCount": 6,
            "resizeCount": 7,
            "focusCount": 4,
            "clickCount": 7,
            "blurCount": 10
        },
        "pageLoadTime": {
            "loadStart": 1738175400000,
            "loadEnd": 1738175400890
        },
        "productId": "TRK-89olAsKyNOG7",
        "pathCounts": {
            "/home": 6,
            "/settings": 2
        }
    },
    {
        "start": 1738175400,
        "end": 1738177560,
        "bounce": {
            "isBounced": false,
            "pathname": "/frontend/index.html"
        },
        "device": "Laptop",
        "browser": "Safari",
        "location": {
            "latitude": 77.0814405,
            "longitude": 110.938839
        },
        "uniqueId": "625ea2f3-d6f3-47f0-abd3-a204ea4eb491",
        "pathname": "/dashboard",
        "language": "tl",
        "referrer": "",
        "events": {
            "loadCount": 2,
            "visibilitychangeCount": 5,
            "resizeCount": 8,
            "focusCount": 3,
            "clickCount": 3,
            "blurCount": 2
        },
        "pageLoadTime": {
            "loadStart": 1738175400000,
            "loadEnd": 1738175400136
        },
        "productId": "TRK-TlxlcwGkl19t",
        "pathCounts": {
            "/checkout": 7,
            "/profile": 9,
            "/home/dashboard": 4,
            "/settings": 7
        }
    }
]