[
    {
        "start": 1735756200,
        "end": 1735756860,
        "bounce": {
            "isBounced": true,
            "pathname": "/frontend/index.html"
        },
        "device": "Laptop",
        "browser": "Chrome",
        "location": {
            "latitude": 56.5495945,
            "longitude": 161.71724
        },
        "uniqueId": "14ec54a1-24e9-462b-9378-3e9d812cba5a",
        "pathname": "/frontend/index.html",
        "language": "ug",
        "referrer": "http://johnson.com/",
        "events": {
            "loadCount": 1,
            "visibilitychangeCount": 1,
            "resizeCount": 10,
            "focusCount": 8,
            "clickCount": 7,
            "blurCount": 1
        },
        "pageLoadTime": {
            "loadStart": 1735756200000,
            "loadEnd": 1735756200325
        },
        "productId": "TRK-Ob2CJVFgaau7",
        "pathCounts": {
            "/cart": 1,
            "/home/create": 5
        }
    },
    {
        "start": 1735756200,
        "end": 1735758720,
        "bounce": {
            "isBounced": false,
            "pathname": "/frontend/index.html"
        },
        "device": "Tablet",
        "browser": "Safari",
        "location": {
            "latitude": -76.271041,
            "longitude": -4.580567
        },
        "uniqueId": "aa76de66-83a4-4c21-92f5-cfe20525387a",
        "pathname": "/dashboard",
        "language": "ber",
        "referrer": "",
        "events": {
            "loadCount": 3,
            "visibilitychangeCount": 0,
            "resizeCount": 0,
            "focusCount": 0,
            "clickCount": 9,
            "blurCount": 5
        },
        "pageLoadTime": {
            "loadStart": 1735756200000,
            "loadEnd": 1735756200137
        },
        "productId": "TRK-Ob2CJVFgaau7",
        "pathCounts": {
            "/home/dashboard": 1,
            "/settings": 9,
            "/checkout": 4,
            "/cart": 9
        }
    },
    {
        "start": 1735756200,
        "end": 1735756740,
        "bounce": {
            "isBounced": true,
            "pathname": "/frontend/index.html"
        },
        "device": "Tablet",
        "browser": "Edge",
        "location": {
            "latitude": 68.70002,
            "longitude": -162.704781
        },
        "uniqueId": "80d8a76b-4c97-4a12-9ac3-02a6d37e11a9",
        "pathname": "/settings",
        "language": "ne",
        "referrer": "",
        "events": {
            "loadCount": 1,
            "visibilitychangeCount": 4,
            "resizeCount": 6,
            "focusCount": 2,
            "clickCount": 3,
            "blurCount": 8
        },
        "pageLoadTime": {
            "loadStart": 1735756200000,
            "loadEnd": 1735756200280
        },
        "productId": "TRK-Ob2CJVFgaau7",
        "pathCounts": {
            "/home": 7,
            "/home/dashboard": 5,
            "/profile": 3
        }
    },
    {
        "start": 1735756200,
        "end": 1735757700,
        "bounce": {
            "isBounced": false,
            "pathname": "/frontend/index.html"
        },
        "device": "Mobile",
        "browser": "Safari",
        "location": {
            "latitude": 83.317922,
            "longitude": 162.943665
        },
        "uniqueId": "ffef8945-c190-4f95-930f-4e35c2e3a868",
        "pathname": "/frontend/index.html",
        "language": "te",
        "referrer": "https://edwards.com/",
        "events": {
            "loadCount": 8,
            "visibilitychangeCount": 10,
            "resizeCount": 2,
            "focusCount": 10,
            "clickCount": 9,
            "blurCount": 3
        },
        "pageLoadTime": {
            "loadStart": 1735756200000,
            "loadEnd": 1735756200150
        },
        "productId": "TRK-89olAsKyNOG7",
        "pathCounts": {
            "/home": 2,
            "/settings": 6
        }
    },
    {
        "start": 1735756200,
        "end": 1735758480,
        "bounce": {
            "isBounced": true,
            "pathname": "/frontend/index.html"
        },
        "device": "Desktop",
        "browser": "Mozilla",
        "location": {
            "latitude": 62.6568245,
            "longitude": -133.440361
        },
        "uniqueId": "f9c7e851-4d89-46ce-8678-25b88916a574",
        "pathname": "/frontend/index.html",
        "language": "ro",
        "referrer": "",
        "events": {
            "loadCount": 5,
            "visibilitychangeCount": 2,
            "resizeCount": 7,
            "focusCount": 2,
            "clickCount": 0,
            "blurCount": 0
        },
        "pageLoadTime": {
            "loadStart": 1735756200000,
            "loadEnd": 1735756200998
        },
        "productId": "TRK-Ob2CJVFgaau7",
        "pathCounts": {
            "/cart": 8,
            "/login": 2,
            "/checkout": 6,
            "/home": 7,
            "/home/create": 5,
            "/home/dashboard": 10
        }
    },
    {
        "start": 1735756200,
        "end": 1735759680,
        "bounce": {
            "isBounced": false,
            "pathname": "/frontend/index.html"
        },
        "device": "Laptop",
        "browser": "Mozilla",
        "location": {
            "latitude": 10.4681665,
            "longitude": -78.386032
        },
        "uniqueId": "9ce1bf0b-8366-40e1-b77c-9493a981c91b",
        "pathname": "/dashboard",
        "language": "ml",
        "referrer": "",
        "events": {
            "loadCount": 6,
            "visibilitychangeCount": 7,
            "resizeCount": 0,
            "focusCount": 5,
            "clickCount": 7,
            "blurCount": 6
        },
        "pageLoadTime": {
            "loadStart": 1735756200000,
            "loadEnd": 1735756200771
        },
        "productId": "TRK-89olAsKyNOG7",
        "pathCounts": {
            "/login": 7,
            "/settings": 6,
            "/home/create": 1,
            "/home/dashboard": 10
        }
    },
    {
        "start": 1735756200,
        "end": 1735758660,
        "bounce": {
            "isBounced": true,
            "pathname": "/frontend/index.html"
        },
        "device": "Mobile",
        "browser": "Safari",
        "location": {
            "latitude": -59.271647,
            "longitude": 30.513087
        },
        "uniqueId": "14ec54a1-24e9-462b-9378-3e9d812cba5a",
        "pathname": "/profile",
        "language": "as",
        "referrer": "http://clark-carrillo.com/",
        "events": {
            "loadCount": 3,
            "visibilitychangeCount": 9,
            "resizeCount": 6,
            "focusCount": 6,
            "clickCount": 2,
            "blurCount": 0
        },
        "pageLoadTime": {
            "loadStart": 1735756200000,
            "loadEnd": 1735756200340
        },
        "productId": "TRK-TlxlcwGkl19t",
        "pathCounts": {
            "/home/create": 1,
            "/home/dashboard": 8
        }
    },
    {
        "start": 1735756200,
        "end": 1735757280,
        "bounce": {
            "isBounced": false,
            "pathname": "/frontend/index.html"
        },
        "device": "Tablet",
        "browser": "Chrome",
        "location": {
            "latitude": 3.344492,
            "longitude": 36.854906
        },
        "uniqueId": "77f0712b-554f-4c5c-9898-14e7c77b26a0",
        "pathname": "/settings",
        "language": "lt",
        "referrer": "https://bishop.net/",
        "events": {
            "loadCount": 0,
            "visibilitychangeCount": 2,
            "resizeCount": 7,
            "focusCount": 7,
            "clickCount": 3,
            "blurCount": 4
        },
        "pageLoadTime": {
            "loadStart": 1735756200000,
            "loadEnd": 1735756200096
        },
        "productId": "TRK-TlxlcwGkl19t",
        "pathCounts": {
            "/home/dashboard": 5,
            "/cart": 3,
            "/login": 1
        }
    },
    {
        "start": 1735756200,
        "end": 1735759620,
        "bounce": {
            "isBounced": true,
            "pathname": "/frontend/index.html"
        },
        "device": "Desktop",
        "browser": "Chrome",
        "location": {
            "latitude": -22.074772,
            "longitude": 159.445876
        },
        "uniqueId": "111907fd-95b7-4729-a2af-e51ad656e288",
        "pathname": "/dashboard",
        "language": "ga",
        "referrer": "https://www.tanner-murillo.com/",
        "events": {
            "loadCount": 3,
            "visibilitychangeCount": 4,
            "resizeCount": 0,
            "focusCount": 1,
            "clickCount": 6,
            "blurCount": 10
        },
        "pageLoadTime": {
            "loadStart": 1735756200000,
            "loadEnd": 1735756200343
        },
        "productId": "TRK-Ob2CJVFgaau7",
        "pathCounts": {
            "/settings": 5,
            "/home/dashboard": 10,
            "/home/create": 6,
            "/profile": 10,
            "/checkout": 6,
            "/cart": 3
        }
    },
    {
        "start": 1735756200,
        "end": 1735757520,
        "bounce": {
            "isBounced": false,
            "pathname": "/frontend/index.html"
        },
        "device": "Desktop",
        "browser": "Chrome",
        "location": {
            "latitude": 49.049197,
            "longitude": -171.203139
        },
        "uniqueId": "ffef8945-c190-4f95-930f-4e35c2e3a868",
        "pathname": "/dashboard",
        "language": "fi",
        "referrer": "https://www.campbell.org/",
        "events": {
            "loadCount": 3,
            "visibilitychangeCount": 3,
            "resizeCount": 8,
            "focusCount": 0,
            "clickCount": 10,
            "blurCount": 0
        },
        "pageLoadTime": {
            "loadStart": 1735756200000,
            "loadEnd": 1735756200355
        },
        "productId": "TRK-TlxlcwGkl19t",
        "pathCounts": {
            "/login": 1,
            "/profile": 3,
            "/home/create": 5,
            "/checkout": 5
        }
    },
    {
        "start": 1735756200,
        "end": 1735759500,
        "bounce": {
            "isBounced": true,
            "pathname": "/frontend/index.html"
        },
        "device": "Tablet",
        "browser": "Edge",
        "location": {
            "latitude": 50.370766,
            "longitude": -133.777406
        },
        "uniqueId": "f9c7e851-4d89-46ce-8678-25b88916a574",
        "pathname": "/profile",
        "language": "fr",
        "referrer": "https://floyd-phelps.org/",
        "events": {
            "loadCount": 2,
            "visibilitychangeCount": 4,
            "resizeCount": 0,
            "focusCount": 0,
            "clickCount": 8,
            "blurCount": 2
        },
        "pageLoadTime": {
            "loadStart": 1735756200000,
            "loadEnd": 1735756200479
        },
        "productId": "TRK-TlxlcwGkl19t",
        "pathCounts": {
            "/login": 5,
            "/home": 8,
            "/profile": 8,
            "/checkout": 1
        }
    },
    {
        "start": 1735756200,
        "end": 1735756260,
        "bounce": {
            "isBounced": false,
            "pathname": "/frontend/index.html"
        },
        "device": "Tablet",
        "browser": "Safari",
        "location": {
            "latitude": 61.581508,
            "longitude": -159.055264
        },
        "uniqueId": "ca9d1f5f-925b-4a59-b362-4703a75ad77c",
        "pathname": "/home",
        "language": "ar",
        "referrer": "https://www.reese.com/",
        "events": {
            "loadCount": 8,
            "visibilitychangeCount": 10,
            "resizeCount": 6,
            "focusCount": 10,
            "clickCount": 7,
            "blurCount": 8
        },
        "pageLoadTime": {
            "loadStart": 1735756200000,
            "loadEnd": 1735756200086
        },
        "productId": "TRK-Ob2CJVFgaau7",
        "pathCounts": {
            "/home": 2,
            "/home/dashboard": 4,
            "/profile": 10
        }
    },
    {
        "start": 1735756200,
        "end": 1735759740,
        "bounce": {
            "isBounced": false,
            "pathname": "/frontend/index.html"
        },
        "device": "Desktop",
        "browser": "Edge",
        "location": {
            "latitude": -25.4743015,
            "longitude": -112.163048
        },
        "uniqueId": "625ea2f3-d6f3-47f0-abd3-a204ea4eb491",
        "pathname": "/dashboard",
        "language": "ro",
        "referrer": "http://hall.com/",
        "events": {
            "loadCount": 5,
            "visibilitychangeCount": 6,
            "resizeCount": 1,
            "focusCount": 2,
            "clickCount": 7,
            "blurCount": 10
        },
        "pageLoadTime": {
            "loadStart": 1735756200000,
            "loadEnd": 1735756200938
        },
        "productId": "TRK-TlxlcwGkl19t",
        "pathCounts": {
            "/settings": 1,
            "/checkout": 4
        }
    },
    {
        "start": 1735756200,
        "end": 1735759200,
        "bounce": {
            "isBounced": false,
            "pathname": "/frontend/index.html"
        },
        "device": "Tablet",
        "browser": "Edge",
        "location": {
            "latitude": 62.12876,
            "longitude": -118.770133
        },
        "uniqueId": "37f86d6c-c234-4339-9c0f-ec3bdaab8536",
        "pathname": "/home",
        "language": "zu",
        "referrer": "https://www.wright-smith.com/",
        "events": {
            "loadCount": 7,
            "visibilitychangeCount": 0,
            "resizeCount": 8,
            "focusCount": 8,
            "clickCount": 10,
            "blurCount": 5
        },
        "pageLoadTime": {
            "loadStart": 1735756200000,
            "loadEnd": 1735756200051
        },
        "productId": "TRK-89olAsKyNOG7",
        "pathCounts": {
            "/home/create": 7,
            "/settings": 6
        }
    },
    {
        "start": 1735756200,
        "end": 1735758060,
        "bounce": {
            "isBounced": false,
            "pathname": "/frontend/index.html"
        },
        "device": "Laptop",
        "browser": "Mozilla",
        "location": {
            "latitude": -14.5887685,
            "longitude": -110.219441
        },
        "uniqueId": "625ea2f3-d6f3-47f0-abd3-a204ea4eb491",
        "pathname": "/profile",
        "language": "hsb",
        "referrer": "",
        "events": {
            "loadCount": 7,
            "visibilitychangeCount": 1,
            "resizeCount": 0,
            "focusCount": 7,
            "clickCount": 5,
            "blurCount": 2
        },
        "pageLoadTime": {
            "loadStart": 1735756200000,
            "loadEnd": 1735756200981
        },
        "productId": "TRK-Ob2CJVFgaau7",
        "pathCounts": {
            "/home/create": 2,
            "/home": 5,
            "/checkout": 2
        }
    },
    {
        "start": 1735756200,
        "end": 1735756980,
        "bounce": {
            "isBounced": true,
            "pathname": "/frontend/index.html"
        },
        "device": "Tablet",
        "browser": "Edge",
        "location": {
            "latitude": -61.962677,
            "longitude": -3.577383
        },
        "uniqueId": "f9c7e851-4d89-46ce-8678-25b88916a574",
        "pathname": "/frontend/index.html",
        "language": "tt",
        "referrer": "http://todd.com/",
        "events": {
            "loadCount": 6,
            "visibilitychangeCount": 9,
            "resizeCount": 6,
            "focusCount": 9,
            "clickCount": 0,
            "blurCount": 2
        },
        "pageLoadTime": {
            "loadStart": 1735756200000,
            "loadEnd": 1735756200594
        },
        "productId": "TRK-Ob2CJVFgaau7",
        "pathCounts": {
            "/checkout": 4,
            "/home/create": 8,
            "/home": 5,
            "/profile": 3
        }
    },
    {
        "start": 1735756200,
        "end": 1735757940,
        "bounce": {
            "isBounced": true,
            "pathname": "/frontend/index.html"
        },
        "device": "Desktop",
        "browser": "Edge",
        "location": {
            "latitude": 6.593127,
            "longitude": -57.30385
        },
        "uniqueId": "111907fd-95b7-4729-a2af-e51ad656e288",
        "pathname": "/home",
        "language": "hsb",
        "referrer": "",
        "events": {
            "loadCount": 5,
            "visibilitychangeCount": 7,
            "resizeCount": 3,
            "focusCount": 10,
            "clickCount": 5,
            "blurCount": 9
        },
        "pageLoadTime": {
            "loadStart": 1735756200000,
            "loadEnd": 1735756200992
        },
        "productId": "TRK-89olAsKyNOG7",
        "pathCounts": {
            "/cart": 8,
            "/home": 4,
            "/checkout": 5,
            "/home/dashboard": 1,
            "/home/create": 2
        }
    },
    {
        "start": 1735756200,
        "end": 1735759560,
        "bounce": {
            "isBounced": true,
            "pathname": "/frontend/index.html"
        },
        "device": "Laptop",
        "browser": "Mozilla",
        "location": {
            "latitude": 13.807345,
            "longitude": 128.44364
        },
        "uniqueId": "77f0712b-554f-4c5c-9898-14e7c77b26a0",
        "pathname": "/settings",
        "language": "lzh",
        "referrer": "",
        "events": {
            "loadCount": 0,
            "visibilitychangeCount": 2,
            "resizeCount": 0,
            "focusCount": 1,
            "clickCount": 7,
            "blurCount": 0
        },
        "pageLoadTime": {
            "loadStart": 1735756200000,
            "loadEnd": 1735756200332
        },
        "productId": "TRK-TlxlcwGkl19t",
        "pathCounts": {
            "/home/dashboard": 3,
            "/cart": 1,
            "/checkout": 1,
            "/login": 3,
            "/home/create": 9
        }
    },
    {
        "start": 1735756200,
        "end": 1735758600,
        "bounce": {
            "isBounced": false,
            "pathname": "/frontend/index.html"
        },
        "device": "Laptop",
        "browser": "Chrome",
        "location": {
            "latitude": -29.4354685,
            "longitude": 148.525709
        },
        "uniqueId": "f25d6d08-ed4a-4680-b7e3-94d4b30207df",
        "pathname": "/settings",
        "language": "ks",
        "referrer": "https://bender.com/",
        "events": {
            "loadCount": 5,
            "visibilitychangeCount": 0,
            "resizeCount": 4,
            "focusCount": 9,
            "clickCount": 1,
            "blurCount": 8
        },
        "pageLoadTime": {
            "loadStart": 1735756200000,
            "loadEnd": 1735756200090
        },
        "productId": "TRK-TlxlcwGkl19t",
        "pathCounts": {
            "/profile": 10,
            "/settings": 8,
            "/home/dashboard": 1,
            "/checkout": 4,
            "/login": 7
        }
    }
]