[
    {
        "start": 1740767400,
        "end": 1740769200,
        "bounce": {
            "isBounced": true,
            "pathname": "/frontend/index.html"
        },
        "device": "Mobile",
        "browser": "Mozilla",
        "location": {
            "latitude": -71.569412,
            "longitude": -104.704067
        },
        "uniqueId": "3ba5c0ca-2d1c-4d75-82b7-a2c821f2ea43",
        "pathname": "/dashboard",
        "language": "ln",
        "referrer": "",
        "events": {
            "loadCount": 6,
            "visibilitychangeCount": 2,
            "resizeCount": 6,
            "focusCount": 0,
            "clickCount": 10,
            "blurCount": 6
        },
        "pageLoadTime": {
            "loadStart": 1740767400000,
            "loadEnd": 1740767400088
        },
        "productId": "TRK-89olAsKyNOG7",
        "pathCounts": {
            "/home/dashboard": 1,
            "/profile": 10,
            "/cart": 2,
            "/home": 7
        }
    },
    {
        "start": 1740767400,
        "end": 1740767460,
        "bounce": {
            "isBounced": false,
            "pathname": "/frontend/index.html"
        },
        "device": "Tablet",
        "browser": "Chrome",
        "location": {
            "latitude": -63.453382,
            "longitude": -130.70511
        },
        "uniqueId": "111907fd-95b7-4729-a2af-e51ad656e288",
        "pathname": "/profile",
        "language": "hsb",
        "referrer": "",
        "events": {
            "loadCount": 7,
            "visibilitychangeCount": 7,
            "resizeCount": 4,
            "focusCount": 8,
            "clickCount": 0,
            "blurCount": 8
        },
        "pageLoadTime": {
            "loadStart": 1740767400000,
            "loadEnd": 1740767400735
        },
        "productId": "TRK-89olAsKyNOG7",
        "pathCounts": {
            "/profile": 5,
            "/checkout": 1,
            "/home": 4
        }
    },
    {
        "start": 1740767400,
        "end": 1740768000,
        "bounce": {
            "isBounced": false,
            "pathname": "/frontend/index.html"
        },
        "device": "Laptop",
        "browser": "Mozilla",
        "location": {
            "latitude": -47.527895,
            "longitude": -141.403602
        },
        "uniqueId": "f25d6d08-ed4a-4680-b7e3-94d4b30207df",
        "pathname": "/frontend/index.html",
        "language": "mr",
        "referrer": "http://sheppard.biz/",
        "events": {
            "loadCount": 0,
            "visibilitychangeCount": 7,
            "resizeCount": 6,
            "focusCount": 2,
            "clickCount": 5,
            "blurCount": 3
        },
        "pageLoadTime": {
            "loadStart": 1740767400000,
            "loadEnd": 1740767400741
        },
        "productId": "TRK-89olAsKyNOG7",
        "pathCounts": {
            "/home": 7,
            "/profile": 3,
            "/home/dashboard": 4
        }
    },
    {
        "start": 1740767400,
        "end": 1740768660,
        "bounce": {
            "isBounced": true,
            "pathname": "/frontend/index.html"
        },
        "device": "Desktop",
        "browser": "Safari",
        "location": {
            "latitude": -41.8765565,
            "longitude": -112.345295
        },
        "uniqueId": "aa76de66-83a4-4c21-92f5-cfe20525387a",
        "pathname": "/home",
        "language": "mk",
        "referrer": "",
        "events": {
            "loadCount": 8,
            "visibilitychangeCount": 0,
            "resizeCount": 3,
            "focusCount": 0,
            "clickCount": 1,
            "blurCount": 4
        },
        "pageLoadTime": {
            "loadStart": 1740767400000,
            "loadEnd": 1740767400291
        },
        "productId": "TRK-TlxlcwGkl19t",
        "pathCounts": {
            "/home": 2,
            "/cart": 4,
            "/settings": 8,
            "/home/create": 4
        }
    },
    {
        "start": 1740767400,
        "end": 1740767520,
        "bounce": {
            "isBounced": true,
            "pathname": "/frontend/index.html"
        },
        "device": "Tablet",
        "browser": "Chrome",
        "location": {
            "latitude": -56.7553025,
            "longitude": 21.105365
        },
        "uniqueId": "3ba5c0ca-2d1c-4d75-82b7-a2c821f2ea43",
        "pathname": "/frontend/index.html",
        "language": "szl",
        "referrer": "",
        "events": {
            "loadCount": 4,
            "visibilitychangeCount": 2,
            "resizeCount": 4,
            "focusCount": 4,
            "clickCount": 1,
            "blurCount": 5
        },
        "pageLoadTime": {
            "loadStart": 1740767400000,
            "loadEnd": 1740767400768
        },
        "productId": "TRK-Ob2CJVFgaau7",
        "pathCounts": {
            "/home": 1,
            "/home/create": 7,
            "/checkout": 9
        }
    },
    {
        "start": 1740767400,
        "end": 1740769920,
        "bounce": {
            "isBounced": false,
            "pathname": "/frontend/index.html"
        },
        "device": "Mobile",
        "browser": "Chrome",
        "location": {
            "latitude": -70.4844915,
            "longitude": -85.533464
        },
        "uniqueId": "3da55713-36de-4077-9d4d-626d934aafe0",
        "pathname": "/home",
        "language": "mag",
        "referrer": "http://www.williams.com/",
        "events": {
            "loadCount": 4,
            "visibilitychangeCount": 2,
            "resizeCount": 1,
            "focusCount": 0,
            "clickCount": 7,
            "blurCount": 8
        },
        "pageLoadTime": {
            "loadStart": 1740767400000,
            "loadEnd": 1740767400712
        },
        "productId": "TRK-Ob2CJVFgaau7",
        "pathCounts": {
            "/login": 9,
            "/profile": 10,
            "/settings": 10
        }
    },
    {
        "start": 1740767400,
        "end": 1740771000,
        "bounce": {
            "isBounced": true,
            "pathname": "/frontend/index.html"
        },
        "device": "Laptop",
        "browser": "Chrome",
        "location": {
            "latitude": 63.6829855,
            "longitude": 109.464021
        },
        "uniqueId": "ffef8945-c190-4f95-930f-4e35c2e3a868",
        "pathname": "/settings",
        "language": "lg",
        "referrer": "https://www.ellis-gregory.com/",
        "events": {
            "loadCount": 1,
            "visibilitychangeCount": 0,
            "resizeCount": 7,
            "focusCount": 8,
            "clickCount": 9,
            "blurCount": 6
        },
        "pageLoadTime": {
            "loadStart": 1740767400000,
            "loadEnd": 1740767400029
        },
        "productId": "TRK-Ob2CJVFgaau7",
        "pathCounts": {
            "/checkout": 7,
            "/profile": 3,
            "/settings": 2,
            "/home": 6,
            "/login": 9
        }
    },
    {
        "start": 1740767400,
        "end": 1740767940,
        "bounce": {
            "isBounced": false,
            "pathname": "/frontend/index.html"
        },
        "device": "Laptop",
        "browser": "Safari",
        "location": {
            "latitude": -12.774301,
            "longitude": -89.929678
        },
        "uniqueId": "37f86d6c-c234-4339-9c0f-ec3bdaab8536",
        "pathname": "/frontend/index.html",
        "language": "aa",
        "referrer": "https://www.garrett.biz/",
        "events": {
            "loadCount": 10,
            "visibilitychangeCount": 1,
            "resizeCount": 8,
            "focusCount": 6,
            "clickCount": 10,
            "blurCount": 3
        },
        "pageLoadTime": {
            "loadStart": 1740767400000,
            "loadEnd": 1740767400238
        },
        "productId": "TRK-TlxlcwGkl19t",
        "pathCounts": {
            "/home/dashboard": 7,
            "/login": 1,
            "/checkout": 3,
            "/home": 4
        }
    },
    {
        "start": 1740767400,
        "end": 1740770280,
        "bounce": {
            "isBounced": false,
            "pathname": "/frontend/index.html"
        },
        "device": "Mobile",
        "browser": "Edge",
        "location": {
            "latitude": -24.7521825,
            "longitude": 146.133216
        },
        "uniqueId": "14ec54a1-24e9-462b-9378-3e9d812cba5a",
        "pathname": "/dashboard",
        "language": "gd",
        "referrer": "",
        "events": {
            "loadCount": 2,
            "visibilitychangeCount": 3,
            "resizeCount": 7,
            "focusCount": 0,
            "clickCount": 9,
            "blurCount": 5
        },
        "pageLoadTime": {
            "loadStart": 1740767400000,
            "loadEnd": 1740767400101
        },
        "productId": "TRK-89olAsKyNOG7",
        "pathCounts": {
            "/profile": 8,
            "/checkout": 9,
            "/settings": 8,
            "/home": 1,
            "/home/create": 4
        }
    },
    {
        "start": 1740767400,
        "end": 1740770640,
        "bounce": {
            "isBounced": false,
            "pathname": "/frontend/index.html"
        },
        "device": "Desktop",
        "browser": "Safari",
        "location": {
            "latitude": -43.8832565,
            "longitude": 149.083778
        },
        "uniqueId": "77f0712b-554f-4c5c-9898-14e7c77b26a0",
        "pathname": "/frontend/index.html",
        "language": "mni",
        "referrer": "https://richardson-short.com/",
        "events": {
            "loadCount": 3,
            "visibilitychangeCount": 1,
            "resizeCount": 9,
            "focusCount": 6,
            "clickCount": 6,
            "blurCount": 7
        },
        "pageLoadTime": {
            "loadStart": 1740767400000,
            "loadEnd": 1740767400694
        },
        "productId": "TRK-TlxlcwGkl19t",
        "pathCounts": {
            "/home/create": 10,
            "/settings": 8,
            "/profile": 8,
            "/checkout": 7
        }
    },
    {
        "start": 1740767400,
        "end": 1740770220,
        "bounce": {
            "isBounced": true,
            "pathname": "/frontend/index.html"
        },
        "device": "Laptop",
        "browser": "Edge",
        "location": {
            "latitude": 41.3460815,
            "longitude": -76.935369
        },
        "uniqueId": "80d8a76b-4c97-4a12-9ac3-02a6d37e11a9",
        "pathname": "/profile",
        "language": "bs",
        "referrer": "https://taylor-cox.biz/",
        "events": {
            "loadCount": 10,
            "visibilitychangeCount": 1,
            "resizeCount": 4,
            "focusCount": 10,
            "clickCount": 5,
            "blurCount": 7
        },
        "pageLoadTime": {
            "loadStart": 1740767400000,
            "loadEnd": 1740767400524
        },
        "productId": "TRK-TlxlcwGkl19t",
        "pathCounts": {
            "/checkout": 4,
            "/home": 9,
            "/login": 2,
            "/profile": 3,
            "/home/dashboard": 3
        }
    }
]