[
    {
        "start": 1738953000,
        "end": 1738954920,
        "bounce": {
            "isBounced": false,
            "pathname": "/frontend/index.html"
        },
        "device": "Tablet",
        "browser": "Mozilla",
        "location": {
            "latitude": 41.429336,
            "longitude": -152.386013
        },
        "uniqueId": "ca9d1f5f-925b-4a59-b362-4703a75ad77c",
        "pathname": "/home",
        "language": "mni",
        "referrer": "http://www.gonzales.biz/",
        "events": {
            "loadCount": 7,
            "visibilitychangeCount": 5,
            "resizeCount": 3,
            "focusCount": 1,
            "clickCount": 6,
            "blurCount": 6
        },
        "pageLoadTime": {
            "loadStart": 1738953000000,
            "loadEnd": 1738953000879
        },
        "productId": "TRK-89olAsKyNOG7",
        "pathCounts": {
            "/home/create": 2,
            "/cart": 5,
            "/login": 3
        }
    },
    {
        "start": 1738953000,
        "end": 1738956600,
        "bounce": {
            "isBounced": true,
            "pathname": "/frontend/index.html"
        },
        "device": "Laptop",
        "browser": "Mozilla",
        "location": {
            "latitude": 33.841331,
            "longitude": -59.954347
        },
        "uniqueId": "f9c7e851-4d89-46ce-8678-25b88916a574",
        "pathname": "/settings",
        "language": "crh",
        "referrer": "",
        "events": {
            "loadCount": 5,
            "visibilitychangeCount": 7,
            "resizeCount": 5,
            "focusCount": 9,
            "clickCount": 1,
            "blurCount": 10
        },
        "pageLoadTime": {
            "loadStart": 1738953000000,
            "loadEnd": 1738953000100
        },
        "productId": "TRK-89olAsKyNOG7",
        "pathCounts": {
            "/login": 8,
            "/home/dashboard": 10,
            "/cart": 10
        }
    },
    {
        "start": 1738953000,
        "end": 1738954020,
        "bounce": {
            "isBounced": false,
            "pathname": "/frontend/index.html"
        },
        "device": "Tablet",
        "browser": "Edge",
        "location": {
            "latitude": 3.5689985,
            "longitude": 39.6377
        },
        "uniqueId": "111907fd-95b7-4729-a2af-e51ad656e288",
        "pathname": "/dashboard",
        "language": "bem",
        "referrer": "http://www.fowler.com/",
        "events": {
            "loadCount": 6,
            "visibilitychangeCount": 10,
            "resizeCount": 0,
            "focusCount": 5,
            "clickCount": 0,
            "blurCount": 10
        },
        "pageLoadTime": {
            "loadStart": 1738953000000,
            "loadEnd": 1738953000560
        },
        "productId": "TRK-Ob2CJVFgaau7",
        "pathCounts": {
            "/home/create": 8,
            "/checkout": 4,
            "/login": 4,
            "/home/dashboard": 10
        }
    },
    {
        "start": 1738953000,
        "end": 1738954440,
        "bounce": {
            "isBounced": false,
            "pathname": "/frontend/index.html"
        },
        "device": "Mobile",
        "browser": "Safari",
        "location": {
            "latitude": -80.5316975,
            "longitude": 148.113829
        },
        "uniqueId": "ffef8945-c190-4f95-930f-4e35c2e3a868",
        "pathname": "/frontend/index.html",
        "language": "as",
        "referrer": "",
        "events": {
            "loadCount": 8,
            "visibilitychangeCount": 0,
            "resizeCount": 2,
            "focusCount": 9,
            "clickCount": 8,
            "blurCount": 3
        },
        "pageLoadTime": {
            "loadStart": 1738953000000,
            "loadEnd": 1738953000031
        },
        "productId": "TRK-Ob2CJVFgaau7",
        "pathCounts": {
            "/login": 10,
            "/home/create": 9,
            "/home": 1
        }
    },
    {
        "start": 1738953000,
        "end": 1738953120,
        "bounce": {
            "isBounced": false,
            "pathname": "/frontend/index.html"
        },
        "device": "Tablet",
        "browser": "Edge",
        "location": {
            "latitude": 27.552982,
            "longitude": 42.763429
        },
        "uniqueId": "ffef8945-c190-4f95-930f-4e35c2e3a868",
        "pathname": "/settings",
        "language": "kn",
        "referrer": "http://ortiz-levine.net/",
        "events": {
            "loadCount": 3,
            "visibilitychangeCount": 6,
            "resizeCount": 8,
            "focusCount": 5,
            "clickCount": 1,
            "blurCount": 6
        },
        "pageLoadTime": {
            "loadStart": 1738953000000,
            "loadEnd": 1738953000086
        },
        "productId": "TRK-89olAsKyNOG7",
        "pathCounts": {
            "/profile": 6,
            "/cart": 10,
            "/checkout": 1
        }
    },
    {
        "start": 1738953000,
        "end": 1738954680,
        "bounce": {
            "isBounced": true,
            "pathname": "/frontend/index.html"
        },
        "device": "Tablet",
        "browser": "Edge",
        "location": {
            "latitude": 66.6036365,
            "longitude": -78.109503
        },
        "uniqueId": "111907fd-95b7-4729-a2af-e51ad656e288",
        "pathname": "/frontend/index.html",
        "language": "wae",
        "referrer": "https://smith-cochran.com/",
        "events": {
            "loadCount": 5,
            "visibilitychangeCount": 6,
            "resizeCount": 10,
            "focusCount": 6,
            "clickCount": 10,
            "blurCount": 1
        },
        "pageLoadTime": {
            "loadStart": 1738953000000,
            "loadEnd": 1738953000736
        },
        "productId": "TRK-TlxlcwGkl19t",
        "pathCounts": {
            "/cart": 4,
            "/home": 4,
            "/profile": 1,
            "/login": 8,
            "/checkout": 10
        }
    },
    {
        "start": 1738953000,
        "end": 1738953660,
        "bounce": {
            "isBounced": true,
            "pathname": "/frontend/index.html"
        },
        "device": "Laptop",
        "browser": "Safari",
        "location": {
            "latitude": -10.3089695,
            "longitude": -48.973478
        },
        "uniqueId": "d86a654c-f156-4873-9fec-b758bd53146a",
        "pathname": "/frontend/index.html",
        "language": "yi",
        "referrer": "http://rios.biz/",
        "events": {
            "loadCount": 8,
            "visibilitychangeCount": 4,
            "resizeCount": 10,
            "focusCount": 10,
            "clickCount": 1,
            "blurCount": 10
        },
        "pageLoadTime": {
            "loadStart": 1738953000000,
            "loadEnd": 1738953000331
        },
        "productId": "TRK-TlxlcwGkl19t",
        "pathCounts": {
            "/home/dashboard": 8,
            "/cart": 1,
            "/home/create": 1
        }
    },
    {
        "start": 1738953000,
        "end": 1738954620,
        "bounce": {
            "isBounced": true,
            "pathname": "/frontend/index.html"
        },
        "device": "Mobile",
        "browser": "Safari",
        "location": {
            "latitude": 9.8854645,
            "longitude": 138.667865
        },
        "uniqueId": "111907fd-95b7-4729-a2af-e51ad656e288",
        "pathname": "/frontend/index.html",
        "language": "mr",
        "referrer": "",
        "events": {
            "loadCount": 9,
            "visibilitychangeCount": 3,
            "resizeCount": 2,
            "focusCount": 2,
            "clickCount": 9,
            "blurCount": 6
        },
        "pageLoadTime": {
            "loadStart": 1738953000000,
            "loadEnd": 1738953000238
        },
        "productId": "TRK-89olAsKyNOG7",
        "pathCounts": {
            "/home/create": 9,
            "/home": 7,
            "/profile": 1
        }
    },
    {
        "start": 1738953000,
        "end": 1738956480,
        "bounce": {
            "isBounced": false,
            "pathname": "/frontend/index.html"
        },
        "device": "Desktop",
        "browser": "Chrome",
        "location": {
            "latitude": 30.448475,
            "longitude": 147.07548
        },
        "uniqueId": "f25d6d08-ed4a-4680-b7e3-94d4b30207df",
        "pathname": "/home",
        "language": "aa",
        "referrer": "https://www.morgan.org/",
        "events": {
            "loadCount": 8,
            "visibilitychangeCount": 10,
            "resizeCount": 6,
            "focusCount": 10,
            "clickCount": 7,
            "blurCount": 0
        },
        "pageLoadTime": {
            "loadStart": 1738953000000,
            "loadEnd": 1738953000370
        },
        "productId": "TRK-TlxlcwGkl19t",
        "pathCounts": {
            "/settings": 9,
            "/profile": 8,
            "/login": 7
        }
    },
    {
        "start": 1738953000,
        "end": 1738953960,
        "bounce": {
            "isBounced": true,
            "pathname": "/frontend/index.html"
        },
        "device": "Mobile",
        "browser": "Safari",
        "location": {
            "latitude": -88.7292765,
            "longitude": 64.622073
        },
        "uniqueId": "aca50ebd-2a70-41b2-a3f9-1a2deecc8322",
        "pathname": "/frontend/index.html",
        "language": "szl",
        "referrer": "",
        "events": {
            "loadCount": 3,
            "visibilitychangeCount": 4,
            "resizeCount": 4,
            "focusCount": 4,
            "clickCount": 2,
            "blurCount": 1
        },
        "pageLoadTime": {
            "loadStart": 1738953000000,
            "loadEnd": 1738953000270
        },
        "productId": "TRK-TlxlcwGkl19t",
        "pathCounts": {
            "/home/dashboard": 4,
            "/home": 8,
            "/home/create": 6,
            "/cart": 7
        }
    },
    {
        "start": 1738953000,
        "end": 1738953180,
        "bounce": {
            "isBounced": false,
            "pathname": "/frontend/index.html"
        },
        "device": "Desktop",
        "browser": "Mozilla",
        "location": {
            "latitude": -87.925086,
            "longitude": 73.58592
        },
        "uniqueId": "aca50ebd-2a70-41b2-a3f9-1a2deecc8322",
        "pathname": "/settings",
        "language": "ja",
        "referrer": "",
        "events": {
            "loadCount": 7,
            "visibilitychangeCount": 10,
            "resizeCount": 0,
            "focusCount": 0,
            "clickCount": 10,
            "blurCount": 5
        },
        "pageLoadTime": {
            "loadStart": 1738953000000,
            "loadEnd": 1738953000605
        },
        "productId": "TRK-Ob2CJVFgaau7",
        "pathCounts": {
            "/home/create": 8,
            "/settings": 8,
            "/login": 4
        }
    },
    {
        "start": 1738953000,
        "end": 1738955100,
        "bounce": {
            "isBounced": true,
            "pathname": "/frontend/index.html"
        },
        "device": "Desktop",
        "browser": "Mozilla",
        "location": {
            "latitude": -30.684948,
            "longitude": -5.119657
        },
        "uniqueId": "ca9d1f5f-925b-4a59-b362-4703a75ad77c",
        "pathname": "/home",
        "language": "sq",
        "referrer": "http://lyons.biz/",
        "events": {
            "loadCount": 1,
            "visibilitychangeCount": 0,
            "resizeCount": 9,
            "focusCount": 7,
            "clickCount": 10,
            "blurCount": 0
        },
        "pageLoadTime": {
            "loadStart": 1738953000000,
            "loadEnd": 1738953000695
        },
        "productId": "TRK-89olAsKyNOG7",
        "pathCounts": {
            "/settings": 1,
            "/checkout": 10,
            "/home/create": 1
        }
    },
    {
        "start": 1738953000,
        "end": 1738953300,
        "bounce": {
            "isBounced": true,
            "pathname": "/frontend/index.html"
        },
        "device": "Mobile",
        "browser": "Chrome",
        "location": {
            "latitude": -61.7320665,
            "longitude": 125.384496
        },
        "uniqueId": "d86a654c-f156-4873-9fec-b758bd53146a",
        "pathname": "/frontend/index.html",
        "language": "bhb",
        "referrer": "http://www.porter.org/",
        "events": {
            "loadCount": 0,
            "visibilitychangeCount": 3,
            "resizeCount": 2,
            "focusCount": 4,
            "clickCount": 10,
            "blurCount": 8
        },
        "pageLoadTime": {
            "loadStart": 1738953000000,
            "loadEnd": 1738953000715
        },
        "productId": "TRK-TlxlcwGkl19t",
        "pathCounts": {
            "/home": 5,
            "/cart": 8,
            "/home/dashboard": 5,
            "/checkout": 5
        }
    },
    {
        "start": 1738953000,
        "end": 1738955880,
        "bounce": {
            "isBounced": false,
            "pathname": "/frontend/index.html"
        },
        "device": "Desktop",
        "browser": "Mozilla",
        "location": {
            "latitude": -33.782234,
            "longitude": 151.824086
        },
        "uniqueId": "3ba5c0ca-2d1c-4d75-82b7-a2c821f2ea43",
        "pathname": "/dashboard",
        "language": "gez",
        "referrer": "http://www.morse-proctor.com/",
        "events": {
            "loadCount": 8,
            "visibilitychangeCount": 2,
            "resizeCount": 8,
            "focusCount": 5,
            "clickCount": 9,
            "blurCount": 5
        },
        "pageLoadTime": {
            "loadStart": 1738953000000,
            "loadEnd": 1738953000852
        },
        "productId": "TRK-89olAsKyNOG7",
        "pathCounts": {
            "/login": 4,
            "/checkout": 2
        }
    },
    {
        "start": 1738953000,
        "end": 1738953480,
        "bounce": {
            "isBounced": false,
            "pathname": "/frontend/index.html"
        },
        "device": "Laptop",
        "browser": "Edge",
        "location": {
            "latitude": -24.954849,
            "longitude": 47.702379
        },
        "uniqueId": "ffef8945-c190-4f95-930f-4e35c2e3a868",
        "pathname": "/settings",
        "language": "bem",
        "referrer": "",
        "events": {
            "loadCount": 10,
            "visibilitychangeCount": 2,
            "resizeCount": 3,
            "focusCount": 3,
            "clickCount": 5,
            "blurCount": 0
        },
        "pageLoadTime": {
            "loadStart": 1738953000000,
            "loadEnd": 1738953000612
        },
        "productId": "TRK-Ob2CJVFgaau7",
        "pathCounts": {
            "/home/create": 10,
            "/home/dashboard": 7,
            "/cart": 10,
            "/checkout": 3
        }
    }
]