[
    {
        "start": 1735842600,
        "end": 1735843860,
        "bounce": {
            "isBounced": true,
            "pathname": "/frontend/index.html"
        },
        "device": "Mobile",
        "browser": "Chrome",
        "location": {
            "latitude": -81.566832,
            "longitude": -41.210525
        },
        "uniqueId": "aa76de66-83a4-4c21-92f5-cfe20525387a",
        "pathname": "/dashboard",
        "language": "iw",
        "referrer": "",
        "events": {
            "loadCount": 0,
            "visibilitychangeCount": 2,
            "resizeCount": 6,
            "focusCount": 4,
            "clickCount": 10,
            "blurCount": 9
        },
        "pageLoadTime": {
            "loadStart": 1735842600000,
            "loadEnd": 1735842600349
        },
        "productId": "TRK-89olAsKyNOG7",
        "pathCounts": {
            "/home/create": 4,
            "/settings": 6
        }
    },
    {
        "start": 1735842600,
        "end": 1735843620,
        "bounce": {
            "isBounced": false,
            "pathname": "/frontend/index.html"
        },
        "device": "Mobile",
        "browser": "Safari",
        "location": {
            "latitude": -61.9076365,
            "longitude": -117.134588
        },
        "uniqueId": "77f0712b-554f-4c5c-9898-14e7c77b26a0",
        "pathname": "/frontend/index.html",
        "language": "ss",
        "referrer": "",
        "events": {
            "loadCount": 3,
            "visibilitychangeCount": 3,
            "resizeCount": 2,
            "focusCount": 6,
            "clickCount": 8,
            "blurCount": 2
        },
        "pageLoadTime": {
            "loadStart": 1735842600000,
            "loadEnd": 1735842600193
        },
        "productId": "TRK-Ob2CJVFgaau7",
        "pathCounts": {
            "/cart": 7,
            "/checkout": 1,
            "/profile": 1,
            "/login": 5,
            "/home/dashboard": 8
        }
    },
    {
        "start": 1735842600,
        "end": 1735843620,
        "bounce": {
            "isBounced": false,
            "pathname": "/frontend/index.html"
        },
        "device": "Mobile",
        "browser": "Chrome",
        "location": {
            "latitude": 27.7432415,
            "longitude": 117.678135
        },
        "uniqueId": "37f86d6c-c234-4339-9c0f-ec3bdaab8536",
        "pathname": "/dashboard",
        "language": "gu",
        "referrer": "",
        "events": {
            "loadCount": 0,
            "visibilitychangeCount": 2,
            "resizeCount": 9,
            "focusCount": 1,
            "clickCount": 9,
            "blurCount": 3
        },
        "pageLoadTime": {
            "loadStart": 1735842600000,
            "loadEnd": 1735842600276
        },
        "productId": "TRK-89olAsKyNOG7",
        "pathCounts": {
            "/home/create": 4,
            "/home/dashboard": 5,
            "/profile": 3,
            "/home": 6,
            "/checkout": 2
        }
    },
    {
        "start": 1735842600,
        "end": 1735845960,
        "bounce": {
            "isBounced": false,
            "pathname": "/frontend/index.html"
        },
        "device": "Laptop",
        "browser": "Edge",
        "location": {
            "latitude": 22.9433425,
            "longitude": 161.685217
        },
        "uniqueId": "80d8a76b-4c97-4a12-9ac3-02a6d37e11a9",
        "pathname": "/frontend/index.html",
        "language": "rw",
        "referrer": "",
        "events": {
            "loadCount": 2,
            "visibilitychangeCount": 5,
            "resizeCount": 5,
            "focusCount": 7,
            "clickCount": 4,
            "blurCount": 9
        },
        "pageLoadTime": {
            "loadStart": 1735842600000,
            "loadEnd": 1735842600392
        },
        "productId": "TRK-89olAsKyNOG7",
        "pathCounts": {
            "/profile": 5,
            "/login": 10
        }
    },
    {
        "start": 1735842600,
        "end": 1735845480,
        "bounce": {
            "isBounced": true,
            "pathname": "/frontend/index.html"
        },
        "device": "Laptop",
        "browser": "Edge",
        "location": {
            "latitude": 39.897614,
            "longitude": 174.310536
        },
        "uniqueId": "ca9d1f5f-925b-4a59-b362-4703a75ad77c",
        "pathname": "/home",
        "language": "gl",
        "referrer": "",
        "events": {
            "loadCount": 0,
            "visibilitychangeCount": 3,
            "resizeCount": 7,
            "focusCount": 0,
            "clickCount": 5,
            "blurCount": 0
        },
        "pageLoadTime": {
            "loadStart": 1735842600000,
            "loadEnd": 1735842600562
        },
        "productId": "TRK-TlxlcwGkl19t",
        "pathCounts": {
            "/cart": 1,
            "/settings": 5,
            "/profile": 7,
            "/checkout": 5
        }
    },
    {
        "start": 1735842600,
        "end": 1735845420,
        "bounce": {
            "isBounced": true,
            "pathname": "/frontend/index.html"
        },
        "device": "Laptop",
        "browser": "Chrome",
        "location": {
            "latitude": 37.368666,
            "longitude": -173.383885
        },
        "uniqueId": "aca50ebd-2a70-41b2-a3f9-1a2deecc8322",
        "pathname": "/profile",
        "language": "os",
        "referrer": "http://bennett-goodwin.com/",
        "events": {
            "loadCount": 10,
            "visibilitychangeCount": 6,
            "resizeCount": 9,
            "focusCount": 0,
            "clickCount": 1,
            "blurCount": 6
        },
        "pageLoadTime": {
            "loadStart": 1735842600000,
            "loadEnd": 1735842600836
        },
        "productId": "TRK-TlxlcwGkl19t",
        "pathCounts": {
            "/checkout": 7,
            "/login": 4,
            "/home": 6
        }
    },
    {
        "start": 1735842600,
        "end": 1735845120,
        "bounce": {
            "isBounced": true,
            "pathname": "/frontend/index.html"
        },
        "device": "Tablet",
        "browser": "Edge",
        "location": {
            "latitude": -39.796564,
            "longitude": -14.049183
        },
        "uniqueId": "3ba5c0ca-2d1c-4d75-82b7-a2c821f2ea43",
        "pathname": "/dashboard",
        "language": "tl",
        "referrer": "http://www.williams-haynes.com/",
        "events": {
            "loadCount": 1,
            "visibilitychangeCount": 10,
            "resizeCount": 7,
            "focusCount": 5,
            "clickCount": 4,
            "blurCount": 0
        },
        "pageLoadTime": {
            "loadStart": 1735842600000,
            "loadEnd": 1735842600774
        },
        "productId": "TRK-Ob2CJVFgaau7",
        "pathCounts": {
            "/home": 5,
            "/cart": 1,
            "/home/create": 8
        }
    },
    {
        "start": 1735842600,
        "end": 1735843680,
        "bounce": {
            "isBounced": true,
            "pathname": "/frontend/index.html"
        },
        "device": "Tablet",
        "browser": "Chrome",
        "location": {
            "latitude": -64.664924,
            "longitude": -136.125067
        },
        "uniqueId": "5bde6480-0ab0-43b2-8529-ae22b458f836",
        "pathname": "/settings",
        "language": "sc",
        "referrer": "http://www.jones.com/",
        "events": {
            "loadCount": 1,
            "visibilitychangeCount": 2,
            "resizeCount": 7,
            "focusCount": 0,
            "clickCount": 10,
            "blurCount": 9
        },
        "pageLoadTime": {
            "loadStart": 1735842600000,
            "loadEnd": 1735842600650
        },
        "productId": "TRK-89olAsKyNOG7",
        "pathCounts": {
            "/home": 5,
            "/cart": 2,
            "/home/dashboard": 8
        }
    },
    {
        "start": 1735842600,
        "end": 1735845840,
        "bounce": {
            "isBounced": false,
            "pathname": "/frontend/index.html"
        },
        "device": "Desktop",
        "browser": "Chrome",
        "location": {
            "latitude": -69.093788,
            "longitude": -151.108391
        },
        "uniqueId": "ca9d1f5f-925b-4a59-b362-4703a75ad77c",
        "pathname": "/profile",
        "language": "wal",
        "referrer": "",
        "events": {
            "loadCount": 6,
            "visibilitychangeCount": 8,
            "resizeCount": 9,
            "focusCount": 1,
            "clickCount": 7,
            "blurCount": 0
        },
        "pageLoadTime": {
            "loadStart": 1735842600000,
            "loadEnd": 1735842600159
        },
        "productId": "TRK-TlxlcwGkl19t",
        "pathCounts": {
            "/checkout": 3,
            "/home/create": 4,
            "/profile": 9,
            "/cart": 9
        }
    },
    {
        "start": 1735842600,
        "end": 1735844340,
        "bounce": {
            "isBounced": true,
            "pathname": "/frontend/index.html"
        },
        "device": "Tablet",
        "browser": "Edge",
        "location": {
            "latitude": -52.9352245,
            "longitude": -98.877621
        },
        "uniqueId": "f9c7e851-4d89-46ce-8678-25b88916a574",
        "pathname": "/profile",
        "language": "nhn",
        "referrer": "",
        "events": {
            "loadCount": 4,
            "visibilitychangeCount": 9,
            "resizeCount": 7,
            "focusCount": 9,
            "clickCount": 5,
            "blurCount": 7
        },
        "pageLoadTime": {
            "loadStart": 1735842600000,
            "loadEnd": 1735842600729
        },
        "productId": "TRK-89olAsKyNOG7",
        "pathCounts": {
            "/checkout": 3,
            "/cart": 9,
            "/home": 10
        }
    },
    {
        "start": 1735842600,
        "end": 1735842900,
        "bounce": {
            "isBounced": false,
            "pathname": "/frontend/index.html"
        },
        "device": "Mobile",
        "browser": "Edge",
        "location": {
            "latitude": 14.651139,
            "longitude": -118.331732
        },
        "uniqueId": "4f113d91-1e3e-46f7-a9ca-95f02de96297",
        "pathname": "/profile",
        "language": "hr",
        "referrer": "",
        "events": {
            "loadCount": 2,
            "visibilitychangeCount": 1,
            "resizeCount": 1,
            "focusCount": 7,
            "clickCount": 5,
            "blurCount": 3
        },
        "pageLoadTime": {
            "loadStart": 1735842600000,
            "loadEnd": 1735842600712
        },
        "productId": "TRK-89olAsKyNOG7",
        "pathCounts": {
            "/home/create": 10,
            "/login": 5,
            "/checkout": 1,
            "/profile": 2
        }
    },
    {
        "start": 1735842600,
        "end": 1735843380,
        "bounce": {
            "isBounced": true,
            "pathname": "/frontend/index.html"
        },
        "device": "Tablet",
        "browser": "Mozilla",
        "location": {
            "latitude": -68.859864,
            "longitude": 48.437814
        },
        "uniqueId": "37f86d6c-c234-4339-9c0f-ec3bdaab8536",
        "pathname": "/profile",
        "language": "bem",
        "referrer": "",
        "events": {
            "loadCount": 5,
            "visibilitychangeCount": 4,
            "resizeCount": 6,
            "focusCount": 4,
            "clickCount": 10,
            "blurCount": 1
        },
        "pageLoadTime": {
            "loadStart": 1735842600000,
            "loadEnd": 1735842600691
        },
        "productId": "TRK-TlxlcwGkl19t",
        "pathCounts": {
            "/home": 5,
            "/profile": 8,
            "/login": 9,
            "/home/dashboard": 7
        }
    }
]