[
    {
        "start": 1737311400,
        "end": 1737313080,
        "bounce": {
            "isBounced": false,
            "pathname": "/frontend/index.html"
        },
        "device": "Laptop",
        "browser": "Chrome",
        "location": {
            "latitude": -16.298488,
            "longitude": 75.764311
        },
        "uniqueId": "14ec54a1-24e9-462b-9378-3e9d812cba5a",
        "pathname": "/settings",
        "language": "pa",
        "referrer": "",
        "events": {
            "loadCount": 5,
            "visibilitychangeCount": 6,
            "resizeCount": 4,
            "focusCount": 0,
            "clickCount": 6,
            "blurCount": 7
        },
        "pageLoadTime": {
            "loadStart": 1737311400000,
            "loadEnd": 1737311400513
        },
        "productId": "TRK-89olAsKyNOG7",
        "pathCounts": {
            "/login": 1,
            "/profile": 4,
            "/home": 10
        }
    },
    {
        "start": 1737311400,
        "end": 1737314640,
        "bounce": {
            "isBounced": true,
            "pathname": "/frontend/index.html"
        },
        "device": "Desktop",
        "browser": "Mozilla",
        "location": {
            "latitude": -18.6882475,
            "longitude": 108.119111
        },
        "uniqueId": "77f0712b-554f-4c5c-9898-14e7c77b26a0",
        "pathname": "/dashboard",
        "language": "wa",
        "referrer": "https://key-contreras.biz/",
        "events": {
            "loadCount": 3,
            "visibilitychangeCount": 1,
            "resizeCount": 5,
            "focusCount": 4,
            "clickCount": 8,
            "blurCount": 4
        },
        "pageLoadTime": {
            "loadStart": 1737311400000,
            "loadEnd": 1737311400323
        },
        "productId": "TRK-89olAsKyNOG7",
        "pathCounts": {
            "/home": 8,
            "/home/dashboard": 8,
            "/checkout": 10,
            "/cart": 6
        }
    },
    {
        "start": 1737311400,
        "end": 1737312660,
        "bounce": {
            "isBounced": true,
            "pathname": "/frontend/index.html"
        },
        "device": "Mobile",
        "browser": "Safari",
        "location": {
            "latitude": -60.1071945,
            "longitude": 130.956072
        },
        "uniqueId": "9b47b488-09f3-4d00-a56c-8c970bdfab8e",
        "pathname": "/settings",
        "language": "or",
        "referrer": "",
        "events": {
            "loadCount": 5,
            "visibilitychangeCount": 0,
            "resizeCount": 2,
            "focusCount": 5,
            "clickCount": 3,
            "blurCount": 10
        },
        "pageLoadTime": {
            "loadStart": 1737311400000,
            "loadEnd": 1737311400150
        },
        "productId": "TRK-Ob2CJVFgaau7",
        "pathCounts": {
            "/home/create": 3,
            "/settings": 2,
            "/profile": 5
        }
    },
    {
        "start": 1737311400,
        "end": 1737313920,
        "bounce": {
            "isBounced": true,
            "pathname": "/frontend/index.html"
        },
        "device": "Tablet",
        "browser": "Safari",
        "location": {
            "latitude": 64.217048,
            "longitude": 146.725628
        },
        "uniqueId": "4f113d91-1e3e-46f7-a9ca-95f02de96297",
        "pathname": "/home",
        "language": "lb",
        "referrer": "",
        "events": {
            "loadCount": 2,
            "visibilitychangeCount": 5,
            "resizeCount": 6,
            "focusCount": 6,
            "clickCount": 3,
            "blurCount": 4
        },
        "pageLoadTime": {
            "loadStart": 1737311400000,
            "loadEnd": 1737311400655
        },
        "productId": "TRK-89olAsKyNOG7",
        "pathCounts": {
            "/home": 4,
            "/login": 5,
            "/home/dashboard": 4
        }
    },
    {
        "start": 1737311400,
        "end": 1737314040,
        "bounce": {
            "isBounced": false,
            "pathname": "/frontend/index.html"
        },
        "device": "Laptop",
        "browser": "Safari",
        "location": {
            "latitude": -80.313018,
            "longitude": -83.007056
        },
        "uniqueId": "31b1cad6-43b6-4fa7-95e5-7d79676b01e7",
        "pathname": "/frontend/index.html",
        "language": "ckb",
        "referrer": "https://baker.com/",
        "events": {
            "loadCount": 3,
            "visibilitychangeCount": 8,
            "resizeCount": 7,
            "focusCount": 5,
            "clickCount": 0,
            "blurCount": 9
        },
        "pageLoadTime": {
            "loadStart": 1737311400000,
            "loadEnd": 1737311400380
        },
        "productId": "TRK-Ob2CJVFgaau7",
        "pathCounts": {
            "/home/dashboard": 8,
            "/home": 8,
            "/settings": 4
        }
    },
    {
        "start": 1737311400,
        "end": 1737311520,
        "bounce": {
            "isBounced": true,
            "pathname": "/frontend/index.html"
        },
        "device": "Mobile",
        "browser": "Mozilla",
        "location": {
            "latitude": -38.1530495,
            "longitude": 60.712042
        },
        "uniqueId": "9ce1bf0b-8366-40e1-b77c-9493a981c91b",
        "pathname": "/profile",
        "language": "ks",
        "referrer": "",
        "events": {
            "loadCount": 1,
            "visibilitychangeCount": 10,
            "resizeCount": 1,
            "focusCount": 4,
            "clickCount": 1,
            "blurCount": 9
        },
        "pageLoadTime": {
            "loadStart": 1737311400000,
            "loadEnd": 1737311400016
        },
        "productId": "TRK-Ob2CJVFgaau7",
        "pathCounts": {
            "/home/dashboard": 4,
            "/settings": 1,
            "/cart": 2,
            "/home": 9
        }
    },
    {
        "start": 1737311400,
        "end": 1737312540,
        "bounce": {
            "isBounced": true,
            "pathname": "/frontend/index.html"
        },
        "device": "Desktop",
        "browser": "Mozilla",
        "location": {
            "latitude": 0.5326445,
            "longitude": 136.394571
        },
        "uniqueId": "5bde6480-0ab0-43b2-8529-ae22b458f836",
        "pathname": "/settings",
        "language": "be",
        "referrer": "",
        "events": {
            "loadCount": 10,
            "visibilitychangeCount": 3,
            "resizeCount": 3,
            "focusCount": 2,
            "clickCount": 7,
            "blurCount": 5
        },
        "pageLoadTime": {
            "loadStart": 1737311400000,
            "loadEnd": 1737311400597
        },
        "productId": "TRK-TlxlcwGkl19t",
        "pathCounts": {
            "/cart": 2,
            "/settings": 3,
            "/home/dashboard": 1,
            "/login": 6,
            "/home/create": 6
        }
    },
    {
        "start": 1737311400,
        "end": 1737314400,
        "bounce": {
            "isBounced": false,
            "pathname": "/frontend/index.html"
        },
        "device": "Desktop",
        "browser": "Chrome",
        "location": {
            "latitude": -23.840495,
            "longitude": -13.867789
        },
        "uniqueId": "d86a654c-f156-4873-9fec-b758bd53146a",
        "pathname": "/home",
        "language": "cy",
        "referrer": "",
        "events": {
            "loadCount": 10,
            "visibilitychangeCount": 5,
            "resizeCount": 8,
            "focusCount": 1,
            "clickCount": 10,
            "blurCount": 9
        },
        "pageLoadTime": {
            "loadStart": 1737311400000,
            "loadEnd": 1737311400824
        },
        "productId": "TRK-89olAsKyNOG7",
        "pathCounts": {
            "/cart": 7,
            "/checkout": 9,
            "/profile": 7,
            "/home/create": 5
        }
    },
    {
        "start": 1737311400,
        "end": 1737313800,
        "bounce": {
            "isBounced": true,
            "pathname": "/frontend/index.html"
        },
        "device": "Desktop",
        "browser": "Mozilla",
        "location": {
            "latitude": 85.8695685,
            "longitude": -127.761167
        },
        "uniqueId": "f25d6d08-ed4a-4680-b7e3-94d4b30207df",
        "pathname": "/settings",
        "language": "az",
        "referrer": "https://www.robertson.net/",
        "events": {
            "loadCount": 3,
            "visibilitychangeCount": 6,
            "resizeCount": 0,
            "focusCount": 9,
            "clickCount": 7,
            "blurCount": 0
        },
        "pageLoadTime": {
            "loadStart": 1737311400000,
            "loadEnd": 1737311400910
        },
        "productId": "TRK-Ob2CJVFgaau7",
        "pathCounts": {
            "/home/create": 3,
            "/checkout": 7,
            "/cart": 5,
            "/profile": 8
        }
    },
    {
        "start": 1737311400,
        "end": 1737314580,
        "bounce": {
            "isBounced": false,
            "pathname": "/frontend/index.html"
        },
        "device": "Laptop",
        "browser": "Mozilla",
        "location": {
            "latitude": -59.636702,
            "longitude": 154.510852
        },
        "uniqueId": "d86a654c-f156-4873-9fec-b758bd53146a",
        "pathname": "/home",
        "language": "fa",
        "referrer": "http://www.contreras.info/",
        "events": {
            "loadCount": 10,
            "visibilitychangeCount": 2,
            "resizeCount": 10,
            "focusCount": 4,
            "clickCount": 4,
            "blurCount": 9
        },
        "pageLoadTime": {
            "loadStart": 1737311400000,
            "loadEnd": 1737311400063
        },
        "productId": "TRK-TlxlcwGkl19t",
        "pathCounts": {
            "/cart": 8,
            "/home/dashboard": 8
        }
    },
    {
        "start": 1737311400,
        "end": 1737312420,
        "bounce": {
            "isBounced": true,
            "pathname": "/frontend/index.html"
        },
        "device": "Desktop",
        "browser": "Chrome",
        "location": {
            "latitude": 46.2851175,
            "longitude": -43.148038
        },
        "uniqueId": "aca50ebd-2a70-41b2-a3f9-1a2deecc8322",
        "pathname": "/settings",
        "language": "wal",
        "referrer": "",
        "events": {
            "loadCount": 6,
            "visibilitychangeCount": 3,
            "resizeCount": 5,
            "focusCount": 7,
            "clickCount": 4,
            "blurCount": 3
        },
        "pageLoadTime": {
            "loadStart": 1737311400000,
            "loadEnd": 1737311400641
        },
        "productId": "TRK-89olAsKyNOG7",
        "pathCounts": {
            "/login": 5,
            "/checkout": 4,
            "/profile": 9
        }
    },
    {
        "start": 1737311400,
        "end": 1737312480,
        "bounce": {
            "isBounced": true,
            "pathname": "/frontend/index.html"
        },
        "device": "Laptop",
        "browser": "Mozilla",
        "location": {
            "latitude": -70.3912125,
            "longitude": 134.763693
        },
        "uniqueId": "31b1cad6-43b6-4fa7-95e5-7d79676b01e7",
        "pathname": "/frontend/index.html",
        "language": "the",
        "referrer": "https://www.robinson-brown.net/",
        "events": {
            "loadCount": 2,
            "visibilitychangeCount": 1,
            "resizeCount": 6,
            "focusCount": 2,
            "clickCount": 4,
            "blurCount": 1
        },
        "pageLoadTime": {
            "loadStart": 1737311400000,
            "loadEnd": 1737311400716
        },
        "productId": "TRK-TlxlcwGkl19t",
        "pathCounts": {
            "/settings": 2,
            "/home/dashboard": 9,
            "/cart": 9,
            "/checkout": 8
        }
    },
    {
        "start": 1737311400,
        "end": 1737312300,
        "bounce": {
            "isBounced": true,
            "pathname": "/frontend/index.html"
        },
        "device": "Laptop",
        "browser": "Edge",
        "location": {
            "latitude": -23.433402,
            "longitude": 161.385697
        },
        "uniqueId": "111907fd-95b7-4729-a2af-e51ad656e288",
        "pathname": "/settings",
        "language": "bs",
        "referrer": "https://www.gonzalez-carlson.com/",
        "events": {
            "loadCount": 2,
            "visibilitychangeCount": 10,
            "resizeCount": 1,
            "focusCount": 2,
            "clickCount": 5,
            "blurCount": 10
        },
        "pageLoadTime": {
            "loadStart": 1737311400000,
            "loadEnd": 1737311400529
        },
        "productId": "TRK-89olAsKyNOG7",
        "pathCounts": {
            "/home/dashboard": 9,
            "/profile": 4,
            "/home": 7,
            "/home/create": 4
        }
    },
    {
        "start": 1737311400,
        "end": 1737314340,
        "bounce": {
            "isBounced": false,
            "pathname": "/frontend/index.html"
        },
        "device": "Desktop",
        "browser": "Mozilla",
        "location": {
            "latitude": 3.0539725,
            "longitude": 36.951813
        },
        "uniqueId": "111907fd-95b7-4729-a2af-e51ad656e288",
        "pathname": "/settings",
        "language": "hr",
        "referrer": "https://www.ramirez.com/",
        "events": {
            "loadCount": 4,
            "visibilitychangeCount": 10,
            "resizeCount": 6,
            "focusCount": 1,
            "clickCount": 0,
            "blurCount": 0
        },
        "pageLoadTime": {
            "loadStart": 1737311400000,
            "loadEnd": 1737311400578
        },
        "productId": "TRK-Ob2CJVFgaau7",
        "pathCounts": {
            "/cart": 7,
            "/login": 5,
            "/checkout": 10,
            "/home": 5,
            "/profile": 5
        }
    }
]