[
    {
        "start": 1739039400,
        "end": 1739041920,
        "bounce": {
            "isBounced": true,
            "pathname": "/frontend/index.html"
        },
        "device": "Tablet",
        "browser": "Safari",
        "location": {
            "latitude": 20.7254865,
            "longitude": -16.205052
        },
        "uniqueId": "9ce1bf0b-8366-40e1-b77c-9493a981c91b",
        "pathname": "/profile",
        "language": "sq",
        "referrer": "",
        "events": {
            "loadCount": 3,
            "visibilitychangeCount": 8,
            "resizeCount": 9,
            "focusCount": 8,
            "clickCount": 3,
            "blurCount": 6
        },
        "pageLoadTime": {
            "loadStart": 1739039400000,
            "loadEnd": 1739039400578
        },
        "productId": "TRK-TlxlcwGkl19t",
        "pathCounts": {
            "/home/create": 1,
            "/profile": 9
        }
    },
    {
        "start": 1739039400,
        "end": 1739042880,
        "bounce": {
            "isBounced": false,
            "pathname": "/frontend/index.html"
        },
        "device": "Laptop",
        "browser": "Safari",
        "location": {
            "latitude": -9.3611345,
            "longitude": 31.182562
        },
        "uniqueId": "f9c7e851-4d89-46ce-8678-25b88916a574",
        "pathname": "/frontend/index.html",
        "language": "ff",
        "referrer": "https://www.blackburn.com/",
        "events": {
            "loadCount": 5,
            "visibilitychangeCount": 0,
            "resizeCount": 10,
            "focusCount": 5,
            "clickCount": 10,
            "blurCount": 0
        },
        "pageLoadTime": {
            "loadStart": 1739039400000,
            "loadEnd": 1739039400735
        },
        "productId": "TRK-89olAsKyNOG7",
        "pathCounts": {
            "/login": 6,
            "/checkout": 5,
            "/cart": 8
        }
    },
    {
        "start": 1739039400,
        "end": 1739040120,
        "bounce": {
            "isBounced": true,
            "pathname": "/frontend/index.html"
        },
        "device": "Tablet",
        "browser": "Safari",
        "location": {
            "latitude": -60.1444075,
            "longitude": 149.019224
        },
        "uniqueId": "80d8a76b-4c97-4a12-9ac3-02a6d37e11a9",
        "pathname": "/profile",
        "language": "sl",
        "referrer": "",
        "events": {
            "loadCount": 5,
            "visibilitychangeCount": 10,
            "resizeCount": 9,
            "focusCount": 8,
            "clickCount": 2,
            "blurCount": 9
        },
        "pageLoadTime": {
            "loadStart": 1739039400000,
            "loadEnd": 1739039400010
        },
        "productId": "TRK-TlxlcwGkl19t",
        "pathCounts": {
            "/home": 9,
            "/checkout": 5,
            "/home/create": 5,
            "/login": 5
        }
    },
    {
        "start": 1739039400,
        "end": 1739042700,
        "bounce": {
            "isBounced": false,
            "pathname": "/frontend/index.html"
        },
        "device": "Tablet",
        "browser": "Safari",
        "location": {
            "latitude": -4.6401605,
            "longitude": 141.083161
        },
        "uniqueId": "31b1cad6-43b6-4fa7-95e5-7d79676b01e7",
        "pathname": "/dashboard",
        "language": "hak",
        "referrer": "https://www.harris-perez.com/",
        "events": {
            "loadCount": 7,
            "visibilitychangeCount": 5,
            "resizeCount": 5,
            "focusCount": 1,
            "clickCount": 5,
            "blurCount": 5
        },
        "pageLoadTime": {
            "loadStart": 1739039400000,
            "loadEnd": 1739039400560
        },
        "productId": "TRK-89olAsKyNOG7",
        "pathCounts": {
            "/checkout": 4,
            "/home/create": 8,
            "/settings": 6,
            "/home/dashboard": 8
        }
    },
    {
        "start": 1739039400,
        "end": 1739042700,
        "bounce": {
            "isBounced": true,
            "pathname": "/frontend/index.html"
        },
        "device": "Tablet",
        "browser": "Safari",
        "location": {
            "latitude": -26.192399,
            "longitude": 41.285432
        },
        "uniqueId": "5bde6480-0ab0-43b2-8529-ae22b458f836",
        "pathname": "/dashboard",
        "language": "tig",
        "referrer": "http://www.ward.biz/",
        "events": {
            "loadCount": 8,
            "visibilitychangeCount": 4,
            "resizeCount": 6,
            "focusCount": 4,
            "clickCount": 10,
            "blurCount": 1
        },
        "pageLoadTime": {
            "loadStart": 1739039400000,
            "loadEnd": 1739039400932
        },
        "productId": "TRK-TlxlcwGkl19t",
        "pathCounts": {
            "/profile": 4,
            "/home/create": 7,
            "/checkout": 2,
            "/home": 10,
            "/settings": 2
        }
    },
    {
        "start": 1739039400,
        "end": 1739041920,
        "bounce": {
            "isBounced": false,
            "pathname": "/frontend/index.html"
        },
        "device": "Laptop",
        "browser": "Mozilla",
        "location": {
            "latitude": -46.2193025,
            "longitude": 145.354423
        },
        "uniqueId": "111907fd-95b7-4729-a2af-e51ad656e288",
        "pathname": "/profile",
        "language": "kl",
        "referrer": "",
        "events": {
            "loadCount": 8,
            "visibilitychangeCount": 6,
            "resizeCount": 6,
            "focusCount": 5,
            "clickCount": 6,
            "blurCount": 9
        },
        "pageLoadTime": {
            "loadStart": 1739039400000,
            "loadEnd": 1739039400849
        },
        "productId": "TRK-Ob2CJVFgaau7",
        "pathCounts": {
            "/settings": 7,
            "/home/dashboard": 6,
            "/checkout": 10
        }
    },
    {
        "start": 1739039400,
        "end": 1739041680,
        "bounce": {
            "isBounced": true,
            "pathname": "/frontend/index.html"
        },
        "device": "Laptop",
        "browser": "Edge",
        "location": {
            "latitude": 87.9981185,
            "longitude": -88.760908
        },
        "uniqueId": "9ce1bf0b-8366-40e1-b77c-9493a981c91b",
        "pathname": "/frontend/index.html",
        "language": "ff",
        "referrer": "",
        "events": {
            "loadCount": 1,
            "visibilitychangeCount": 6,
            "resizeCount": 1,
            "focusCount": 5,
            "clickCount": 4,
            "blurCount": 6
        },
        "pageLoadTime": {
            "loadStart": 1739039400000,
            "loadEnd": 1739039400829
        },
        "productId": "TRK-89olAsKyNOG7",
        "pathCounts": {
            "/home": 8,
            "/profile": 1,
            "/home/dashboard": 7,
            "/cart": 1,
            "/login": 4
        }
    },
    {
        "start": 1739039400,
        "end": 1739040060,
        "bounce": {
            "isBounced": false,
            "pathname": "/frontend/index.html"
        },
        "device": "Desktop",
        "browser": "Chrome",
        "location": {
            "latitude": 9.8393155,
            "longitude": 142.844404
        },
        "uniqueId": "111907fd-95b7-4729-a2af-e51ad656e288",
        "pathname": "/frontend/index.html",
        "language": "tk",
        "referrer": "",
        "events": {
            "loadCount": 6,
            "visibilitychangeCount": 0,
            "resizeCount": 3,
            "focusCount": 8,
            "clickCount": 5,
            "blurCount": 4
        },
        "pageLoadTime": {
            "loadStart": 1739039400000,
            "loadEnd": 1739039400759
        },
        "productId": "TRK-89olAsKyNOG7",
        "pathCounts": {
            "/profile": 6,
            "/home": 5,
            "/home/dashboard": 7
        }
    },
    {
        "start": 1739039400,
        "end": 1739041380,
        "bounce": {
            "isBounced": false,
            "pathname": "/frontend/index.html"
        },
        "device": "Laptop",
        "browser": "Mozilla",
        "location": {
            "latitude": -32.731838,
            "longitude": -42.554086
        },
        "uniqueId": "111907fd-95b7-4729-a2af-e51ad656e288",
        "pathname": "/frontend/index.html",
        "language": "csb",
        "referrer": "http://www.harrison-kelly.biz/",
        "events": {
            "loadCount": 5,
            "visibilitychangeCount": 8,
            "resizeCount": 2,
            "focusCount": 3,
            "clickCount": 2,
            "blurCount": 6
        },
        "pageLoadTime": {
            "loadStart": 1739039400000,
            "loadEnd": 1739039400210
        },
        "productId": "TRK-Ob2CJVFgaau7",
        "pathCounts": {
            "/home/create": 6,
            "/cart": 6,
            "/checkout": 4
        }
    },
    {
        "start": 1739039400,
        "end": 1739040840,
        "bounce": {
            "isBounced": true,
            "pathname": "/frontend/index.html"
        },
        "device": "Desktop",
        "browser": "Chrome",
        "location": {
            "latitude": -14.1150075,
            "longitude": 47.582766
        },
        "uniqueId": "111907fd-95b7-4729-a2af-e51ad656e288",
        "pathname": "/home",
        "language": "ur",
        "referrer": "https://www.harris-briggs.com/",
        "events": {
            "loadCount": 1,
            "visibilitychangeCount": 3,
            "resizeCount": 6,
            "focusCount": 0,
            "clickCount": 4,
            "blurCount": 1
        },
        "pageLoadTime": {
            "loadStart": 1739039400000,
            "loadEnd": 1739039400471
        },
        "productId": "TRK-Ob2CJVFgaau7",
        "pathCounts": {
            "/home/create": 8,
            "/cart": 4,
            "/home/dashboard": 1,
            "/home": 8
        }
    },
    {
        "start": 1739039400,
        "end": 1739040540,
        "bounce": {
            "isBounced": true,
            "pathname": "/frontend/index.html"
        },
        "device": "Mobile",
        "browser": "Edge",
        "location": {
            "latitude": -36.2819835,
            "longitude": 153.303074
        },
        "uniqueId": "f9c7e851-4d89-46ce-8678-25b88916a574",
        "pathname": "/frontend/index.html",
        "language": "el",
        "referrer": "https://www.cooper-pena.com/",
        "events": {
            "loadCount": 1,
            "visibilitychangeCount": 0,
            "resizeCount": 9,
            "focusCount": 10,
            "clickCount": 0,
            "blurCount": 1
        },
        "pageLoadTime": {
            "loadStart": 1739039400000,
            "loadEnd": 1739039400705
        },
        "productId": "TRK-Ob2CJVFgaau7",
        "pathCounts": {
            "/cart": 4,
            "/home/create": 5,
            "/home": 7
        }
    },
    {
        "start": 1739039400,
        "end": 1739039820,
        "bounce": {
            "isBounced": true,
            "pathname": "/frontend/index.html"
        },
        "device": "Mobile",
        "browser": "Mozilla",
        "location": {
            "latitude": -38.3762885,
            "longitude": -166.311982
        },
        "uniqueId": "37f86d6c-c234-4339-9c0f-ec3bdaab8536",
        "pathname": "/dashboard",
        "language": "pa",
        "referrer": "http://www.curtis-higgins.com/",
        "events": {
            "loadCount": 4,
            "visibilitychangeCount": 1,
            "resizeCount": 0,
            "focusCount": 7,
            "clickCount": 10,
            "blurCount": 7
        },
        "pageLoadTime": {
            "loadStart": 1739039400000,
            "loadEnd": 1739039400053
        },
        "productId": "TRK-89olAsKyNOG7",
        "pathCounts": {
            "/home": 9,
            "/checkout": 8,
            "/settings": 6,
            "/home/dashboard": 6
        }
    }
]