[
    {
        "start": 1736274600,
        "end": 1736276460,
        "bounce": {
            "isBounced": true,
            "pathname": "/frontend/index.html"
        },
        "device": "Tablet",
        "browser": "Mozilla",
        "location": {
            "latitude": -53.243792,
            "longitude": -140.129749
        },
        "uniqueId": "f9c7e851-4d89-46ce-8678-25b88916a574",
        "pathname": "/dashboard",
        "language": "brx",
        "referrer": "",
        "events": {
            "loadCount": 3,
            "visibilitychangeCount": 10,
            "resizeCount": 7,
            "focusCount": 4,
            "clickCount": 4,
            "blurCount": 4
        },
        "pageLoadTime": {
            "loadStart": 1736274600000,
            "loadEnd": 1736274600830
        },
        "productId": "TRK-Ob2CJVFgaau7",
        "pathCounts": {
            "/home": 6,
            "/home/dashboard": 6,
            "/login": 3
        }
    },
    {
        "start": 1736274600,
        "end": 1736276100,
        "bounce": {
            "isBounced": false,
            "pathname": "/frontend/index.html"
        },
        "device": "Mobile",
        "browser": "Chrome",
        "location": {
            "latitude": 77.739571,
            "longitude": 172.850926
        },
        "uniqueId": "ca9d1f5f-925b-4a59-b362-4703a75ad77c",
        "pathname": "/settings",
        "language": "bn",
        "referrer": "https://www.moore.com/",
        "events": {
            "loadCount": 6,
            "visibilitychangeCount": 4,
            "resizeCount": 8,
            "focusCount": 0,
            "clickCount": 10,
            "blurCount": 8
        },
        "pageLoadTime": {
            "loadStart": 1736274600000,
            "loadEnd": 1736274600062
        },
        "productId": "TRK-Ob2CJVFgaau7",
        "pathCounts": {
            "/profile": 3,
            "/home/dashboard": 2,
            "/home": 7
        }
    },
    {
        "start": 1736274600,
        "end": 1736277060,
        "bounce": {
            "isBounced": true,
            "pathname": "/frontend/index.html"
        },
        "device": "Laptop",
        "browser": "Mozilla",
        "location": {
            "latitude": 43.5430235,
            "longitude": -95.255824
        },
        "uniqueId": "f25d6d08-ed4a-4680-b7e3-94d4b30207df",
        "pathname": "/settings",
        "language": "mag",
        "referrer": "http://gutierrez.biz/",
        "events": {
            "loadCount": 6,
            "visibilitychangeCount": 8,
            "resizeCount": 7,
            "focusCount": 4,
            "clickCount": 9,
            "blurCount": 9
        },
        "pageLoadTime": {
            "loadStart": 1736274600000,
            "loadEnd": 1736274600779
        },
        "productId": "TRK-89olAsKyNOG7",
        "pathCounts": {
            "/settings": 6,
            "/login": 7
        }
    },
    {
        "start": 1736274600,
        "end": 1736275260,
        "bounce": {
            "isBounced": false,
            "pathname": "/frontend/index.html"
        },
        "device": "Tablet",
        "browser": "Edge",
        "location": {
            "latitude": 88.895548,
            "longitude": 87.61186
        },
        "uniqueId": "625ea2f3-d6f3-47f0-abd3-a204ea4eb491",
        "pathname": "/settings",
        "language": "mn",
        "referrer": "",
        "events": {
            "loadCount": 1,
            "visibilitychangeCount": 2,
            "resizeCount": 1,
            "focusCount": 0,
            "clickCount": 1,
            "blurCount": 3
        },
        "pageLoadTime": {
            "loadStart": 1736274600000,
            "loadEnd": 1736274600778
        },
        "productId": "TRK-TlxlcwGkl19t",
        "pathCounts": {
            "/login": 3,
            "/profile": 8,
            "/home/create": 9,
            "/home/dashboard": 6
        }
    },
    {
        "start": 1736274600,
        "end": 1736276400,
        "bounce": {
            "isBounced": false,
            "pathname": "/frontend/index.html"
        },
        "device": "Laptop",
        "browser": "Edge",
        "location": {
            "latitude": -14.97027,
            "longitude": -90.008529
        },
        "uniqueId": "ca9d1f5f-925b-4a59-b362-4703a75ad77c",
        "pathname": "/settings",
        "language": "et",
        "referrer": "",
        "events": {
            "loadCount": 1,
            "visibilitychangeCount": 9,
            "resizeCount": 10,
            "focusCount": 4,
            "clickCount": 8,
            "blurCount": 0
        },
        "pageLoadTime": {
            "loadStart": 1736274600000,
            "loadEnd": 1736274600965
        },
        "productId": "TRK-89olAsKyNOG7",
        "pathCounts": {
            "/settings": 10,
            "/home": 5,
            "/cart": 5,
            "/login": 5
        }
    },
    {
        "start": 1736274600,
        "end": 1736275680,
        "bounce": {
            "isBounced": false,
            "pathname": "/frontend/index.html"
        },
        "device": "Tablet",
        "browser": "Mozilla",
        "location": {
            "latitude": -25.6880965,
            "longitude": -15.515648
        },
        "uniqueId": "9b47b488-09f3-4d00-a56c-8c970bdfab8e",
        "pathname": "/frontend/index.html",
        "language": "sv",
        "referrer": "",
        "events": {
            "loadCount": 6,
            "visibilitychangeCount": 1,
            "resizeCount": 0,
            "focusCount": 7,
            "clickCount": 8,
            "blurCount": 4
        },
        "pageLoadTime": {
            "loadStart": 1736274600000,
            "loadEnd": 1736274600495
        },
        "productId": "TRK-Ob2CJVFgaau7",
        "pathCounts": {
            "/home/create": 2,
            "/login": 6,
            "/profile": 9
        }
    },
    {
        "start": 1736274600,
        "end": 1736277420,
        "bounce": {
            "isBounced": false,
            "pathname": "/frontend/index.html"
        },
        "device": "Desktop",
        "browser": "Edge",
        "location": {
            "latitude": -68.592895,
            "longitude": -11.878855
        },
        "uniqueId": "4f113d91-1e3e-46f7-a9ca-95f02de96297",
        "pathname": "/dashboard",
        "language": "ga",
        "referrer": "",
        "events": {
            "loadCount": 2,
            "visibilitychangeCount": 10,
            "resizeCount": 6,
            "focusCount": 5,
            "clickCount": 6,
            "blurCount": 7
        },
        "pageLoadTime": {
            "loadStart": 1736274600000,
            "loadEnd": 1736274600864
        },
        "productId": "TRK-89olAsKyNOG7",
        "pathCounts": {
            "/profile": 4,
            "/home": 2,
            "/login": 3
        }
    },
    {
        "start": 1736274600,
        "end": 1736278140,
        "bounce": {
            "isBounced": false,
            "pathname": "/frontend/index.html"
        },
        "device": "Laptop",
        "browser": "Safari",
        "location": {
            "latitude": 68.716332,
            "longitude": 109.359116
        },
        "uniqueId": "9b47b488-09f3-4d00-a56c-8c970bdfab8e",
        "pathname": "/frontend/index.html",
        "language": "xh",
        "referrer": "https://www.arnold-davis.biz/",
        "events": {
            "loadCount": 9,
            "visibilitychangeCount": 5,
            "resizeCount": 3,
            "focusCount": 10,
            "clickCount": 7,
            "blurCount": 4
        },
        "pageLoadTime": {
            "loadStart": 1736274600000,
            "loadEnd": 1736274600110
        },
        "productId": "TRK-89olAsKyNOG7",
        "pathCounts": {
            "/settings": 6,
            "/home/dashboard": 5,
            "/home": 2,
            "/login": 10,
            "/home/create": 9
        }
    },
    {
        "start": 1736274600,
        "end": 1736275200,
        "bounce": {
            "isBounced": false,
            "pathname": "/frontend/index.html"
        },
        "device": "Mobile",
        "browser": "Safari",
        "location": {
            "latitude": -32.55931,
            "longitude": 39.438446
        },
        "uniqueId": "aa76de66-83a4-4c21-92f5-cfe20525387a",
        "pathname": "/frontend/index.html",
        "language": "nr",
        "referrer": "",
        "events": {
            "loadCount": 10,
            "visibilitychangeCount": 9,
            "resizeCount": 0,
            "focusCount": 5,
            "clickCount": 1,
            "blurCount": 5
        },
        "pageLoadTime": {
            "loadStart": 1736274600000,
            "loadEnd": 1736274600863
        },
        "productId": "TRK-Ob2CJVFgaau7",
        "pathCounts": {
            "/checkout": 6,
            "/home/dashboard": 6,
            "/home/create": 3,
            "/home": 5,
            "/login": 3
        }
    },
    {
        "start": 1736274600,
        "end": 1736275800,
        "bounce": {
            "isBounced": false,
            "pathname": "/frontend/index.html"
        },
        "device": "Mobile",
        "browser": "Edge",
        "location": {
            "latitude": 73.555731,
            "longitude": 113.30487
        },
        "uniqueId": "9ce1bf0b-8366-40e1-b77c-9493a981c91b",
        "pathname": "/settings",
        "language": "bhb",
        "referrer": "http://martinez.com/",
        "events": {
            "loadCount": 7,
            "visibilitychangeCount": 9,
            "resizeCount": 3,
            "focusCount": 6,
            "clickCount": 10,
            "blurCount": 3
        },
        "pageLoadTime": {
            "loadStart": 1736274600000,
            "loadEnd": 1736274600222
        },
        "productId": "TRK-TlxlcwGkl19t",
        "pathCounts": {
            "/home": 9,
            "/home/dashboard": 5
        }
    },
    {
        "start": 1736274600,
        "end": 1736277300,
        "bounce": {
            "isBounced": false,
            "pathname": "/frontend/index.html"
        },
        "device": "Mobile",
        "browser": "Safari",
        "location": {
            "latitude": 45.147444,
            "longitude": -23.09886
        },
        "uniqueId": "31b1cad6-43b6-4fa7-95e5-7d79676b01e7",
        "pathname": "/frontend/index.html",
        "language": "dz",
        "referrer": "http://www.james.com/",
        "events": {
            "loadCount": 10,
            "visibilitychangeCount": 8,
            "resizeCount": 6,
            "focusCount": 10,
            "clickCount": 1,
            "blurCount": 2
        },
        "pageLoadTime": {
            "loadStart": 1736274600000,
            "loadEnd": 1736274600891
        },
        "productId": "TRK-TlxlcwGkl19t",
        "pathCounts": {
            "/home": 8,
            "/cart": 9,
            "/home/create": 6,
            "/settings": 3
        }
    },
    {
        "start": 1736274600,
        "end": 1736277960,
        "bounce": {
            "isBounced": true,
            "pathname": "/frontend/index.html"
        },
        "device": "Tablet",
        "browser": "Chrome",
        "location": {
            "latitude": -14.9204025,
            "longitude": -166.342416
        },
        "uniqueId": "f25d6d08-ed4a-4680-b7e3-94d4b30207df",
        "pathname": "/home",
        "language": "is",
        "referrer": "https://www.moore.biz/",
        "events": {
            "loadCount": 0,
            "visibilitychangeCount": 9,
            "resizeCount": 0,
            "focusCount": 6,
            "clickCount": 0,
            "blurCount": 8
        },
        "pageLoadTime": {
            "loadStart": 1736274600000,
            "loadEnd": 1736274600382
        },
        "productId": "TRK-TlxlcwGkl19t",
        "pathCounts": {
            "/settings": 1,
            "/checkout": 3,
            "/login": 1
        }
    }
]