[
    {
        "start": 1737657000,
        "end": 1737658740,
        "bounce": {
            "isBounced": false,
            "pathname": "/frontend/index.html"
        },
        "device": "Desktop",
        "browser": "Safari",
        "location": {
            "latitude": 47.4381505,
            "longitude": -132.059128
        },
        "uniqueId": "aca50ebd-2a70-41b2-a3f9-1a2deecc8322",
        "pathname": "/home",
        "language": "bhb",
        "referrer": "",
        "events": {
            "loadCount": 1,
            "visibilitychangeCount": 3,
            "resizeCount": 7,
            "focusCount": 3,
            "clickCount": 3,
            "blurCount": 1
        },
        "pageLoadTime": {
            "loadStart": 1737657000000,
            "loadEnd": 1737657000391
        },
        "productId": "TRK-89olAsKyNOG7",
        "pathCounts": {
            "/home": 3,
            "/home/create": 9,
            "/checkout": 3,
            "/settings": 6
        }
    },
    {
        "start": 1737657000,
        "end": 1737660000,
        "bounce": {
            "isBounced": true,
            "pathname": "/frontend/index.html"
        },
        "device": "Desktop",
        "browser": "Safari",
        "location": {
            "latitude": 35.5200215,
            "longitude": -95.911069
        },
        "uniqueId": "111907fd-95b7-4729-a2af-e51ad656e288",
        "pathname": "/home",
        "language": "shs",
        "referrer": "",
        "events": {
            "loadCount": 3,
            "visibilitychangeCount": 10,
            "resizeCount": 3,
            "focusCount": 4,
            "clickCount": 5,
            "blurCount": 1
        },
        "pageLoadTime": {
            "loadStart": 1737657000000,
            "loadEnd": 1737657000670
        },
        "productId": "TRK-Ob2CJVFgaau7",
        "pathCounts": {
            "/cart": 4,
            "/home/dashboard": 4
        }
    },
    {
        "start": 1737657000,
        "end": 1737658140,
        "bounce": {
            "isBounced": true,
            "pathname": "/frontend/index.html"
        },
        "device": "Mobile",
        "browser": "Chrome",
        "location": {
            "latitude": 72.311285,
            "longitude": 121.795986
        },
        "uniqueId": "9ce1bf0b-8366-40e1-b77c-9493a981c91b",
        "pathname": "/settings",
        "language": "ka",
        "referrer": "http://www.nolan-compton.com/",
        "events": {
            "loadCount": 0,
            "visibilitychangeCount": 7,
            "resizeCount": 7,
            "focusCount": 10,
            "clickCount": 4,
            "blurCount": 10
        },
        "pageLoadTime": {
            "loadStart": 1737657000000,
            "loadEnd": 1737657000369
        },
        "productId": "TRK-Ob2CJVFgaau7",
        "pathCounts": {
            "/settings": 8,
            "/home": 6,
            "/login": 7,
            "/profile": 8
        }
    },
    {
        "start": 1737657000,
        "end": 1737660420,
        "bounce": {
            "isBounced": false,
            "pathname": "/frontend/index.html"
        },
        "device": "Laptop",
        "browser": "Chrome",
        "location": {
            "latitude": -13.6496055,
            "longitude": 74.722543
        },
        "uniqueId": "3ba5c0ca-2d1c-4d75-82b7-a2c821f2ea43",
        "pathname": "/frontend/index.html",
        "language": "mn",
        "referrer": "",
        "events": {
            "loadCount": 5,
            "visibilitychangeCount": 9,
            "resizeCount": 6,
            "focusCount": 8,
            "clickCount": 2,
            "blurCount": 3
        },
        "pageLoadTime": {
            "loadStart": 1737657000000,
            "loadEnd": 1737657000338
        },
        "productId": "TRK-Ob2CJVFgaau7",
        "pathCounts": {
            "/profile": 8,
            "/login": 5,
            "/home/dashboard": 8,
            "/checkout": 7
        }
    },
    {
        "start": 1737657000,
        "end": 1737659640,
        "bounce": {
            "isBounced": false,
            "pathname": "/frontend/index.html"
        },
        "device": "Desktop",
        "browser": "Chrome",
        "location": {
            "latitude": -85.9733495,
            "longitude": -13.189285
        },
        "uniqueId": "f25d6d08-ed4a-4680-b7e3-94d4b30207df",
        "pathname": "/profile",
        "language": "ta",
        "referrer": "https://collins.com/",
        "events": {
            "loadCount": 7,
            "visibilitychangeCount": 9,
            "resizeCount": 0,
            "focusCount": 3,
            "clickCount": 6,
            "blurCount": 10
        },
        "pageLoadTime": {
            "loadStart": 1737657000000,
            "loadEnd": 1737657000794
        },
        "productId": "TRK-TlxlcwGkl19t",
        "pathCounts": {
            "/profile": 7,
            "/home/create": 1,
            "/login": 8,
            "/home/dashboard": 10
        }
    },
    {
        "start": 1737657000,
        "end": 1737657180,
        "bounce": {
            "isBounced": true,
            "pathname": "/frontend/index.html"
        },
        "device": "Tablet",
        "browser": "Chrome",
        "location": {
            "latitude": 51.7043165,
            "longitude": 53.61274
        },
        "uniqueId": "77f0712b-554f-4c5c-9898-14e7c77b26a0",
        "pathname": "/frontend/index.html",
        "language": "sat",
        "referrer": "http://www.watson.org/",
        "events": {
            "loadCount": 3,
            "visibilitychangeCount": 6,
            "resizeCount": 8,
            "focusCount": 3,
            "clickCount": 4,
            "blurCount": 3
        },
        "pageLoadTime": {
            "loadStart": 1737657000000,
            "loadEnd": 1737657000640
        },
        "productId": "TRK-89olAsKyNOG7",
        "pathCounts": {
            "/settings": 1,
            "/home": 7,
            "/checkout": 3
        }
    },
    {
        "start": 1737657000,
        "end": 1737657660,
        "bounce": {
            "isBounced": true,
            "pathname": "/frontend/index.html"
        },
        "device": "Desktop",
        "browser": "Safari",
        "location": {
            "latitude": 6.3083065,
            "longitude": 106.911167
        },
        "uniqueId": "ffef8945-c190-4f95-930f-4e35c2e3a868",
        "pathname": "/dashboard",
        "language": "zu",
        "referrer": "https://barker-rhodes.com/",
        "events": {
            "loadCount": 2,
            "visibilitychangeCount": 0,
            "resizeCount": 4,
            "focusCount": 10,
            "clickCount": 5,
            "blurCount": 10
        },
        "pageLoadTime": {
            "loadStart": 1737657000000,
            "loadEnd": 1737657000277
        },
        "productId": "TRK-Ob2CJVFgaau7",
        "pathCounts": {
            "/home": 1,
            "/settings": 9,
            "/checkout": 5,
            "/home/create": 1,
            "/cart": 9
        }
    },
    {
        "start": 1737657000,
        "end": 1737659820,
        "bounce": {
            "isBounced": false,
            "pathname": "/frontend/index.html"
        },
        "device": "Mobile",
        "browser": "Mozilla",
        "location": {
            "latitude": -12.5588285,
            "longitude": 85.827494
        },
        "uniqueId": "9ce1bf0b-8366-40e1-b77c-9493a981c91b",
        "pathname": "/dashboard",
        "language": "ja",
        "referrer": "",
        "events": {
            "loadCount": 2,
            "visibilitychangeCount": 1,
            "resizeCount": 2,
            "focusCount": 5,
            "clickCount": 10,
            "blurCount": 9
        },
        "pageLoadTime": {
            "loadStart": 1737657000000,
            "loadEnd": 1737657000877
        },
        "productId": "TRK-Ob2CJVFgaau7",
        "pathCounts": {
            "/checkout": 4,
            "/home": 9,
            "/cart": 4
        }
    },
    {
        "start": 1737657000,
        "end": 1737660480,
        "bounce": {
            "isBounced": false,
            "pathname": "/frontend/index.html"
        },
        "device": "Laptop",
        "browser": "Mozilla",
        "location": {
            "latitude": -48.0338655,
            "longitude": -161.591556
        },
        "uniqueId": "80d8a76b-4c97-4a12-9ac3-02a6d37e11a9",
        "pathname": "/home",
        "language": "ce",
        "referrer": "http://esparza.com/",
        "events": {
            "loadCount": 2,
            "visibilitychangeCount": 9,
            "resizeCount": 7,
            "focusCount": 9,
            "clickCount": 3,
            "blurCount": 8
        },
        "pageLoadTime": {
            "loadStart": 1737657000000,
            "loadEnd": 1737657000001
        },
        "productId": "TRK-TlxlcwGkl19t",
        "pathCounts": {
            "/login": 8,
            "/settings": 7,
            "/cart": 3,
            "/profile": 9,
            "/home": 8
        }
    },
    {
        "start": 1737657000,
        "end": 1737659100,
        "bounce": {
            "isBounced": true,
            "pathname": "/frontend/index.html"
        },
        "device": "Mobile",
        "browser": "Mozilla",
        "location": {
            "latitude": 24.073265,
            "longitude": 143.72743
        },
        "uniqueId": "3da55713-36de-4077-9d4d-626d934aafe0",
        "pathname": "/dashboard",
        "language": "ku",
        "referrer": "https://cruz-nguyen.com/",
        "events": {
            "loadCount": 6,
            "visibilitychangeCount": 8,
            "resizeCount": 3,
            "focusCount": 6,
            "clickCount": 5,
            "blurCount": 7
        },
        "pageLoadTime": {
            "loadStart": 1737657000000,
            "loadEnd": 1737657000363
        },
        "productId": "TRK-Ob2CJVFgaau7",
        "pathCounts": {
            "/home/dashboard": 1,
            "/profile": 6,
            "/settings": 10
        }
    },
    {
        "start": 1737657000,
        "end": 1737657360,
        "bounce": {
            "isBounced": false,
            "pathname": "/frontend/index.html"
        },
        "device": "Laptop",
        "browser": "Mozilla",
        "location": {
            "latitude": -58.976373,
            "longitude": 45.131561
        },
        "uniqueId": "aa76de66-83a4-4c21-92f5-cfe20525387a",
        "pathname": "/home",
        "language": "tig",
        "referrer": "https://www.harris-kemp.com/",
        "events": {
            "loadCount": 10,
            "visibilitychangeCount": 4,
            "resizeCount": 9,
            "focusCount": 9,
            "clickCount": 4,
            "blurCount": 10
        },
        "pageLoadTime": {
            "loadStart": 1737657000000,
            "loadEnd": 1737657000772
        },
        "productId": "TRK-Ob2CJVFgaau7",
        "pathCounts": {
            "/home/dashboard": 9,
            "/cart": 6,
            "/checkout": 3
        }
    },
    {
        "start": 1737657000,
        "end": 1737659700,
        "bounce": {
            "isBounced": true,
            "pathname": "/frontend/index.html"
        },
        "device": "Mobile",
        "browser": "Edge",
        "location": {
            "latitude": -81.843993,
            "longitude": 166.080197
        },
        "uniqueId": "f9c7e851-4d89-46ce-8678-25b88916a574",
        "pathname": "/settings",
        "language": "ln",
        "referrer": "http://www.williams.org/",
        "events": {
            "loadCount": 4,
            "visibilitychangeCount": 7,
            "resizeCount": 1,
            "focusCount": 0,
            "clickCount": 3,
            "blurCount": 3
        },
        "pageLoadTime": {
            "loadStart": 1737657000000,
            "loadEnd": 1737657000989
        },
        "productId": "TRK-TlxlcwGkl19t",
        "pathCounts": {
            "/home/create": 7,
            "/login": 2,
            "/checkout": 1,
            "/home": 8
        }
    },
    {
        "start": 1737657000,
        "end": 1737657780,
        "bounce": {
            "isBounced": false,
            "pathname": "/frontend/index.html"
        },
        "device": "Laptop",
        "browser": "Chrome",
        "location": {
            "latitude": 3.5621715,
            "longitude": 154.422949
        },
        "uniqueId": "f9c7e851-4d89-46ce-8678-25b88916a574",
        "pathname": "/home",
        "language": "th",
        "referrer": "https://www.armstrong.biz/",
        "events": {
            "loadCount": 3,
            "visibilitychangeCount": 3,
            "resizeCount": 5,
            "focusCount": 3,
            "clickCount": 5,
            "blurCount": 7
        },
        "pageLoadTime": {
            "loadStart": 1737657000000,
            "loadEnd": 1737657000754
        },
        "productId": "TRK-Ob2CJVFgaau7",
        "pathCounts": {
            "/profile": 9,
            "/login": 2,
            "/checkout": 9
        }
    },
    {
        "start": 1737657000,
        "end": 1737659280,
        "bounce": {
            "isBounced": true,
            "pathname": "/frontend/index.html"
        },
        "device": "Desktop",
        "browser": "Edge",
        "location": {
            "latitude": -27.978633,
            "longitude": -76.142138
        },
        "uniqueId": "ca9d1f5f-925b-4a59-b362-4703a75ad77c",
        "pathname": "/home",
        "language": "nl",
        "referrer": "",
        "events": {
            "loadCount": 2,
            "visibilitychangeCount": 3,
            "resizeCount": 2,
            "focusCount": 3,
            "clickCount": 4,
            "blurCount": 3
        },
        "pageLoadTime": {
            "loadStart": 1737657000000,
            "loadEnd": 1737657000161
        },
        "productId": "TRK-89olAsKyNOG7",
        "pathCounts": {
            "/home": 1,
            "/home/dashboard": 4,
            "/profile": 1,
            "/cart": 3
        }
    }
]