[
    {
        "start": 1737570600,
        "end": 1737574080,
        "bounce": {
            "isBounced": false,
            "pathname": "/frontend/index.html"
        },
        "device": "Desktop",
        "browser": "Edge",
        "location": {
            "latitude": -16.9102365,
            "longitude": -73.63171
        },
        "uniqueId": "d86a654c-f156-4873-9fec-b758bd53146a",
        "pathname": "/frontend/index.html",
        "language": "the",
        "referrer": "http://www.conley-davis.com/",
        "events": {
            "loadCount": 2,
            "visibilitychangeCount": 4,
            "resizeCount": 3,
            "focusCount": 3,
            "clickCount": 0,
            "blurCount": 2
        },
        "pageLoadTime": {
            "loadStart": 1737570600000,
            "loadEnd": 1737570600405
        },
        "productId": "TRK-89olAsKyNOG7",
        "pathCounts": {
            "/home/dashboard": 10,
            "/home": 8,
            "/cart": 1
        }
    },
    {
        "start": 1737570600,
        "end": 1737572100,
        "bounce": {
            "isBounced": false,
            "pathname": "/frontend/index.html"
        },
        "device": "Mobile",
        "browser": "Safari",
        "location": {
            "latitude": -40.646799,
            "longitude": -152.065923
        },
        "uniqueId": "77f0712b-554f-4c5c-9898-14e7c77b26a0",
        "pathname": "/profile",
        "language": "kk",
        "referrer": "",
        "events": {
            "loadCount": 3,
            "visibilitychangeCount": 2,
            "resizeCount": 2,
            "focusCount": 9,
            "clickCount": 1,
            "blurCount": 9
        },
        "pageLoadTime": {
            "loadStart": 1737570600000,
            "loadEnd": 1737570600786
        },
        "productId": "TRK-TlxlcwGkl19t",
        "pathCounts": {
            "/home": 3,
            "/cart": 5,
            "/settings": 5
        }
    },
    {
        "start": 1737570600,
        "end": 1737573540,
        "bounce": {
            "isBounced": true,
            "pathname": "/frontend/index.html"
        },
        "device": "Laptop",
        "browser": "Safari",
        "location": {
            "latitude": -14.9653325,
            "longitude": 131.567304
        },
        "uniqueId": "111907fd-95b7-4729-a2af-e51ad656e288",
        "pathname": "/home",
        "language": "ne",
        "referrer": "",
        "events": {
            "loadCount": 4,
            "visibilitychangeCount": 0,
            "resizeCount": 7,
            "focusCount": 8,
            "clickCount": 0,
            "blurCount": 2
        },
        "pageLoadTime": {
            "loadStart": 1737570600000,
            "loadEnd": 1737570600067
        },
        "productId": "TRK-TlxlcwGkl19t",
        "pathCounts": {
            "/home/dashboard": 1,
            "/settings": 3,
            "/home/create": 9
        }
    },
    {
        "start": 1737570600,
        "end": 1737573540,
        "bounce": {
            "isBounced": false,
            "pathname": "/frontend/index.html"
        },
        "device": "Laptop",
        "browser": "Safari",
        "location": {
            "latitude": 51.440711,
            "longitude": -149.250411
        },
        "uniqueId": "77f0712b-554f-4c5c-9898-14e7c77b26a0",
        "pathname": "/settings",
        "language": "tig",
        "referrer": "https://www.oliver.org/",
        "events": {
            "loadCount": 2,
            "visibilitychangeCount": 8,
            "resizeCount": 2,
            "focusCount": 10,
            "clickCount": 8,
            "blurCount": 5
        },
        "pageLoadTime": {
            "loadStart": 1737570600000,
            "loadEnd": 1737570600185
        },
        "productId": "TRK-89olAsKyNOG7",
        "pathCounts": {
            "/checkout": 1,
            "/cart": 6,
            "/settings": 6
        }
    },
    {
        "start": 1737570600,
        "end": 1737573180,
        "bounce": {
            "isBounced": true,
            "pathname": "/frontend/index.html"
        },
        "device": "Tablet",
        "browser": "Chrome",
        "location": {
            "latitude": 9.6176525,
            "longitude": 127.555425
        },
        "uniqueId": "9ce1bf0b-8366-40e1-b77c-9493a981c91b",
        "pathname": "/profile",
        "language": "tn",
        "referrer": "",
        "events": {
            "loadCount": 3,
            "visibilitychangeCount": 5,
            "resizeCount": 9,
            "focusCount": 1,
            "clickCount": 5,
            "blurCount": 2
        },
        "pageLoadTime": {
            "loadStart": 1737570600000,
            "loadEnd": 1737570600375
        },
        "productId": "TRK-TlxlcwGkl19t",
        "pathCounts": {
            "/settings": 9,
            "/home/create": 6,
            "/home": 3
        }
    },
    {
        "start": 1737570600,
        "end": 1737573720,
        "bounce": {
            "isBounced": false,
            "pathname": "/frontend/index.html"
        },
        "device": "Laptop",
        "browser": "Chrome",
        "location": {
            "latitude": 30.9861005,
            "longitude": 1.803612
        },
        "uniqueId": "4f113d91-1e3e-46f7-a9ca-95f02de96297",
        "pathname": "/profile",
        "language": "da",
        "referrer": "",
        "events": {
            "loadCount": 6,
            "visibilitychangeCount": 1,
            "resizeCount": 9,
            "focusCount": 8,
            "clickCount": 8,
            "blurCount": 4
        },
        "pageLoadTime": {
            "loadStart": 1737570600000,
            "loadEnd": 1737570600793
        },
        "productId": "TRK-TlxlcwGkl19t",
        "pathCounts": {
            "/home/dashboard": 9,
            "/settings": 6,
            "/login": 4,
            "/profile": 4,
            "/home": 1
        }
    },
    {
        "start": 1737570600,
        "end": 1737573000,
        "bounce": {
            "isBounced": true,
            "pathname": "/frontend/index.html"
        },
        "device": "Tablet",
        "browser": "Chrome",
        "location": {
            "latitude": -67.976447,
            "longitude": -90.618662
        },
        "uniqueId": "3ba5c0ca-2d1c-4d75-82b7-a2c821f2ea43",
        "pathname": "/settings",
        "language": "nds",
        "referrer": "",
        "events": {
            "loadCount": 4,
            "visibilitychangeCount": 3,
            "resizeCount": 6,
            "focusCount": 7,
            "clickCount": 2,
            "blurCount": 2
        },
        "pageLoadTime": {
            "loadStart": 1737570600000,
            "loadEnd": 1737570600617
        },
        "productId": "TRK-Ob2CJVFgaau7",
        "pathCounts": {
            "/home/dashboard": 1,
            "/cart": 8,
            "/home/create": 8
        }
    }
]