[
    {
        "start": 1739125800,
        "end": 1739128860,
        "bounce": {
            "isBounced": true,
            "pathname": "/frontend/index.html"
        },
        "device": "Desktop",
        "browser": "Chrome",
        "location": {
            "latitude": -7.858087,
            "longitude": 147.97419
        },
        "uniqueId": "80d8a76b-4c97-4a12-9ac3-02a6d37e11a9",
        "pathname": "/settings",
        "language": "ve",
        "referrer": "",
        "events": {
            "loadCount": 4,
            "visibilitychangeCount": 6,
            "resizeCount": 2,
            "focusCount": 1,
            "clickCount": 7,
            "blurCount": 9
        },
        "pageLoadTime": {
            "loadStart": 1739125800000,
            "loadEnd": 1739125800981
        },
        "productId": "TRK-TlxlcwGkl19t",
        "pathCounts": {
            "/login": 2,
            "/home/dashboard": 1,
            "/checkout": 10,
            "/cart": 6
        }
    },
    {
        "start": 1739125800,
        "end": 1739128620,
        "bounce": {
            "isBounced": true,
            "pathname": "/frontend/index.html"
        },
        "device": "Mobile",
        "browser": "Safari",
        "location": {
            "latitude": 75.1246515,
            "longitude": -163.66861
        },
        "uniqueId": "4f113d91-1e3e-46f7-a9ca-95f02de96297",
        "pathname": "/settings",
        "language": "sk",
        "referrer": "",
        "events": {
            "loadCount": 1,
            "visibilitychangeCount": 1,
            "resizeCount": 2,
            "focusCount": 10,
            "clickCount": 4,
            "blurCount": 6
        },
        "pageLoadTime": {
            "loadStart": 1739125800000,
            "loadEnd": 1739125800978
        },
        "productId": "TRK-Ob2CJVFgaau7",
        "pathCounts": {
            "/login": 2,
            "/home/create": 9,
            "/checkout": 6,
            "/profile": 5,
            "/home/dashboard": 8
        }
    },
    {
        "start": 1739125800,
        "end": 1739128800,
        "bounce": {
            "isBounced": true,
            "pathname": "/frontend/index.html"
        },
        "device": "Tablet",
        "browser": "Chrome",
        "location": {
            "latitude": 63.061762,
            "longitude": 161.372414
        },
        "uniqueId": "ca9d1f5f-925b-4a59-b362-4703a75ad77c",
        "pathname": "/dashboard",
        "language": "lzh",
        "referrer": "https://www.baker.com/",
        "events": {
            "loadCount": 10,
            "visibilitychangeCount": 1,
            "resizeCount": 8,
            "focusCount": 5,
            "clickCount": 1,
            "blurCount": 5
        },
        "pageLoadTime": {
            "loadStart": 1739125800000,
            "loadEnd": 1739125800791
        },
        "productId": "TRK-TlxlcwGkl19t",
        "pathCounts": {
            "/settings": 6,
            "/cart": 3,
            "/checkout": 7
        }
    },
    {
        "start": 1739125800,
        "end": 1739129100,
        "bounce": {
            "isBounced": false,
            "pathname": "/frontend/index.html"
        },
        "device": "Mobile",
        "browser": "Edge",
        "location": {
            "latitude": -8.664503,
            "longitude": 138.646067
        },
        "uniqueId": "d86a654c-f156-4873-9fec-b758bd53146a",
        "pathname": "/profile",
        "language": "yue",
        "referrer": "",
        "events": {
            "loadCount": 1,
            "visibilitychangeCount": 5,
            "resizeCount": 6,
            "focusCount": 4,
            "clickCount": 8,
            "blurCount": 1
        },
        "pageLoadTime": {
            "loadStart": 1739125800000,
            "loadEnd": 1739125800475
        },
        "productId": "TRK-Ob2CJVFgaau7",
        "pathCounts": {
            "/home": 2,
            "/cart": 8,
            "/home/dashboard": 10
        }
    },
    {
        "start": 1739125800,
        "end": 1739128680,
        "bounce": {
            "isBounced": false,
            "pathname": "/frontend/index.html"
        },
        "device": "Tablet",
        "browser": "Safari",
        "location": {
            "latitude": -31.9487655,
            "longitude": -100.492877
        },
        "uniqueId": "ca9d1f5f-925b-4a59-b362-4703a75ad77c",
        "pathname": "/profile",
        "language": "km",
        "referrer": "",
        "events": {
            "loadCount": 5,
            "visibilitychangeCount": 3,
            "resizeCount": 10,
            "focusCount": 5,
            "clickCount": 8,
            "blurCount": 1
        },
        "pageLoadTime": {
            "loadStart": 1739125800000,
            "loadEnd": 1739125800131
        },
        "productId": "TRK-TlxlcwGkl19t",
        "pathCounts": {
            "/settings": 6,
            "/profile": 2,
            "/home/create": 9,
            "/login": 8
        }
    },
    {
        "start": 1739125800,
        "end": 1739128800,
        "bounce": {
            "isBounced": true,
            "pathname": "/frontend/index.html"
        },
        "device": "Tablet",
        "browser": "Edge",
        "location": {
            "latitude": -61.344058,
            "longitude": 111.123372
        },
        "uniqueId": "625ea2f3-d6f3-47f0-abd3-a204ea4eb491",
        "pathname": "/dashboard",
        "language": "iw",
        "referrer": "",
        "events": {
            "loadCount": 0,
            "visibilitychangeCount": 6,
            "resizeCount": 5,
            "focusCount": 1,
            "clickCount": 9,
            "blurCount": 2
        },
        "pageLoadTime": {
            "loadStart": 1739125800000,
            "loadEnd": 1739125800531
        },
        "productId": "TRK-89olAsKyNOG7",
        "pathCounts": {
            "/profile": 8,
            "/login": 4
        }
    },
    {
        "start": 1739125800,
        "end": 1739129160,
        "bounce": {
            "isBounced": false,
            "pathname": "/frontend/index.html"
        },
        "device": "Desktop",
        "browser": "Mozilla",
        "location": {
            "latitude": 29.715936,
            "longitude": -68.786353
        },
        "uniqueId": "625ea2f3-d6f3-47f0-abd3-a204ea4eb491",
        "pathname": "/home",
        "language": "vi",
        "referrer": "",
        "events": {
            "loadCount": 7,
            "visibilitychangeCount": 7,
            "resizeCount": 6,
            "focusCount": 6,
            "clickCount": 3,
            "blurCount": 8
        },
        "pageLoadTime": {
            "loadStart": 1739125800000,
            "loadEnd": 1739125800146
        },
        "productId": "TRK-Ob2CJVFgaau7",
        "pathCounts": {
            "/home": 2,
            "/cart": 2,
            "/settings": 6
        }
    },
    {
        "start": 1739125800,
        "end": 1739126280,
        "bounce": {
            "isBounced": true,
            "pathname": "/frontend/index.html"
        },
        "device": "Desktop",
        "browser": "Safari",
        "location": {
            "latitude": -57.057946,
            "longitude": -70.287983
        },
        "uniqueId": "111907fd-95b7-4729-a2af-e51ad656e288",
        "pathname": "/home",
        "language": "yi",
        "referrer": "",
        "events": {
            "loadCount": 0,
            "visibilitychangeCount": 7,
            "resizeCount": 0,
            "focusCount": 5,
            "clickCount": 6,
            "blurCount": 4
        },
        "pageLoadTime": {
            "loadStart": 1739125800000,
            "loadEnd": 1739125800412
        },
        "productId": "TRK-Ob2CJVFgaau7",
        "pathCounts": {
            "/login": 1,
            "/home/dashboard": 7
        }
    },
    {
        "start": 1739125800,
        "end": 1739128860,
        "bounce": {
            "isBounced": false,
            "pathname": "/frontend/index.html"
        },
        "device": "Desktop",
        "browser": "Safari",
        "location": {
            "latitude": -11.345516,
            "longitude": -42.722684
        },
        "uniqueId": "37f86d6c-c234-4339-9c0f-ec3bdaab8536",
        "pathname": "/settings",
        "language": "th",
        "referrer": "",
        "events": {
            "loadCount": 5,
            "visibilitychangeCount": 7,
            "resizeCount": 4,
            "focusCount": 4,
            "clickCount": 5,
            "blurCount": 3
        },
        "pageLoadTime": {
            "loadStart": 1739125800000,
            "loadEnd": 1739125800924
        },
        "productId": "TRK-89olAsKyNOG7",
        "pathCounts": {
            "/home/create": 9,
            "/profile": 3,
            "/login": 10,
            "/settings": 5
        }
    },
    {
        "start": 1739125800,
        "end": 1739127360,
        "bounce": {
            "isBounced": true,
            "pathname": "/frontend/index.html"
        },
        "device": "Tablet",
        "browser": "Safari",
        "location": {
            "latitude": 2.7229445,
            "longitude": 88.701919
        },
        "uniqueId": "31b1cad6-43b6-4fa7-95e5-7d79676b01e7",
        "pathname": "/frontend/index.html",
        "language": "ne",
        "referrer": "",
        "events": {
            "loadCount": 1,
            "visibilitychangeCount": 4,
            "resizeCount": 1,
            "focusCount": 1,
            "clickCount": 0,
            "blurCount": 1
        },
        "pageLoadTime": {
            "loadStart": 1739125800000,
            "loadEnd": 1739125800752
        },
        "productId": "TRK-Ob2CJVFgaau7",
        "pathCounts": {
            "/login": 8,
            "/home": 2,
            "/home/dashboard": 5,
            "/checkout": 2,
            "/home/create": 8
        }
    },
    {
        "start": 1739125800,
        "end": 1739128560,
        "bounce": {
            "isBounced": true,
            "pathname": "/frontend/index.html"
        },
        "device": "Tablet",
        "browser": "Edge",
        "location": {
            "latitude": -74.174091,
            "longitude": -128.558413
        },
        "uniqueId": "ffef8945-c190-4f95-930f-4e35c2e3a868",
        "pathname": "/dashboard",
        "language": "gu",
        "referrer": "https://fuller.biz/",
        "events": {
            "loadCount": 7,
            "visibilitychangeCount": 1,
            "resizeCount": 10,
            "focusCount": 1,
            "clickCount": 1,
            "blurCount": 5
        },
        "pageLoadTime": {
            "loadStart": 1739125800000,
            "loadEnd": 1739125800426
        },
        "productId": "TRK-89olAsKyNOG7",
        "pathCounts": {
            "/home/create": 6,
            "/checkout": 9,
            "/home/dashboard": 10
        }
    },
    {
        "start": 1739125800,
        "end": 1739128320,
        "bounce": {
            "isBounced": false,
            "pathname": "/frontend/index.html"
        },
        "device": "Mobile",
        "browser": "Safari",
        "location": {
            "latitude": 71.907429,
            "longitude": 177.548446
        },
        "uniqueId": "ca9d1f5f-925b-4a59-b362-4703a75ad77c",
        "pathname": "/dashboard",
        "language": "nan",
        "referrer": "",
        "events": {
            "loadCount": 9,
            "visibilitychangeCount": 1,
            "resizeCount": 9,
            "focusCount": 6,
            "clickCount": 4,
            "blurCount": 9
        },
        "pageLoadTime": {
            "loadStart": 1739125800000,
            "loadEnd": 1739125800287
        },
        "productId": "TRK-Ob2CJVFgaau7",
        "pathCounts": {
            "/cart": 8,
            "/home/dashboard": 8,
            "/checkout": 4,
            "/settings": 3,
            "/home": 4
        }
    }
]