[
    {
        "start": 1736015400,
        "end": 1736016360,
        "bounce": {
            "isBounced": false,
            "pathname": "/frontend/index.html"
        },
        "device": "Tablet",
        "browser": "Safari",
        "location": {
            "latitude": 47.1223265,
            "longitude": 103.425738
        },
        "uniqueId": "d86a654c-f156-4873-9fec-b758bd53146a",
        "pathname": "/settings",
        "language": "cy",
        "referrer": "https://www.montgomery.org/",
        "events": {
            "loadCount": 4,
            "visibilitychangeCount": 2,
            "resizeCount": 9,
            "focusCount": 1,
            "clickCount": 9,
            "blurCount": 3
        },
        "pageLoadTime": {
            "loadStart": 1736015400000,
            "loadEnd": 1736015400372
        },
        "productId": "TRK-89olAsKyNOG7",
        "pathCounts": {
            "/cart": 5,
            "/checkout": 5,
            "/home/create": 9
        }
    },
    {
        "start": 1736015400,
        "end": 1736017980,
        "bounce": {
            "isBounced": false,
            "pathname": "/frontend/index.html"
        },
        "device": "Mobile",
        "browser": "Chrome",
        "location": {
            "latitude": -20.0880855,
            "longitude": -63.157265
        },
        "uniqueId": "9b47b488-09f3-4d00-a56c-8c970bdfab8e",
        "pathname": "/settings",
        "language": "uz",
        "referrer": "",
        "events": {
            "loadCount": 5,
            "visibilitychangeCount": 7,
            "resizeCount": 5,
            "focusCount": 1,
            "clickCount": 0,
            "blurCount": 4
        },
        "pageLoadTime": {
            "loadStart": 1736015400000,
            "loadEnd": 1736015400331
        },
        "productId": "TRK-89olAsKyNOG7",
        "pathCounts": {
            "/cart": 3,
            "/login": 6,
            "/home/dashboard": 4,
            "/checkout": 6
        }
    },
    {
        "start": 1736015400,
        "end": 1736015460,
        "bounce": {
            "isBounced": false,
            "pathname": "/frontend/index.html"
        },
        "device": "Desktop",
        "browser": "Mozilla",
        "location": {
            "latitude": -41.5870425,
            "longitude": 125.24324
        },
        "uniqueId": "3ba5c0ca-2d1c-4d75-82b7-a2c821f2ea43",
        "pathname": "/settings",
        "language": "kl",
        "referrer": "http://lopez.com/",
        "events": {
            "loadCount": 6,
            "visibilitychangeCount": 8,
            "resizeCount": 6,
            "focusCount": 5,
            "clickCount": 10,
            "blurCount": 4
        },
        "pageLoadTime": {
            "loadStart": 1736015400000,
            "loadEnd": 1736015400909
        },
        "productId": "TRK-TlxlcwGkl19t",
        "pathCounts": {
            "/home/create": 5,
            "/settings": 6,
            "/checkout": 5
        }
    },
    {
        "start": 1736015400,
        "end": 1736018940,
        "bounce": {
            "isBounced": true,
            "pathname": "/frontend/index.html"
        },
        "device": "Tablet",
        "browser": "Safari",
        "location": {
            "latitude": -88.4580255,
            "longitude": -141.401481
        },
        "uniqueId": "625ea2f3-d6f3-47f0-abd3-a204ea4eb491",
        "pathname": "/dashboard",
        "language": "ar",
        "referrer": "http://www.roberts.org/",
        "events": {
            "loadCount": 2,
            "visibilitychangeCount": 2,
            "resizeCount": 6,
            "focusCount": 4,
            "clickCount": 4,
            "blurCount": 7
        },
        "pageLoadTime": {
            "loadStart": 1736015400000,
            "loadEnd": 1736015400190
        },
        "productId": "TRK-TlxlcwGkl19t",
        "pathCounts": {
            "/home/create": 8,
            "/checkout": 4,
            "/profile": 6
        }
    },
    {
        "start": 1736015400,
        "end": 1736018100,
        "bounce": {
            "isBounced": false,
            "pathname": "/frontend/index.html"
        },
        "device": "Tablet",
        "browser": "Chrome",
        "location": {
            "latitude": 24.794129,
            "longitude": -36.36415
        },
        "uniqueId": "aa76de66-83a4-4c21-92f5-cfe20525387a",
        "pathname": "/profile",
        "language": "am",
        "referrer": "",
        "events": {
            "loadCount": 8,
            "visibilitychangeCount": 8,
            "resizeCount": 7,
            "focusCount": 8,
            "clickCount": 2,
            "blurCount": 6
        },
        "pageLoadTime": {
            "loadStart": 1736015400000,
            "loadEnd": 1736015400372
        },
        "productId": "TRK-89olAsKyNOG7",
        "pathCounts": {
            "/settings": 1,
            "/home/create": 3,
            "/profile": 1,
            "/login": 5
        }
    },
    {
        "start": 1736015400,
        "end": 1736016300,
        "bounce": {
            "isBounced": false,
            "pathname": "/frontend/index.html"
        },
        "device": "Tablet",
        "browser": "Mozilla",
        "location": {
            "latitude": 29.3063185,
            "longitude": -129.60049
        },
        "uniqueId": "80d8a76b-4c97-4a12-9ac3-02a6d37e11a9",
        "pathname": "/dashboard",
        "language": "cy",
        "referrer": "https://bell-johnson.info/",
        "events": {
            "loadCount": 5,
            "visibilitychangeCount": 8,
            "resizeCount": 0,
            "focusCount": 2,
            "clickCount": 1,
            "blurCount": 4
        },
        "pageLoadTime": {
            "loadStart": 1736015400000,
            "loadEnd": 1736015400996
        },
        "productId": "TRK-TlxlcwGkl19t",
        "pathCounts": {
            "/home/dashboard": 1,
            "/login": 1,
            "/settings": 8,
            "/checkout": 5
        }
    },
    {
        "start": 1736015400,
        "end": 1736017740,
        "bounce": {
            "isBounced": true,
            "pathname": "/frontend/index.html"
        },
        "device": "Mobile",
        "browser": "Safari",
        "location": {
            "latitude": -58.7860065,
            "longitude": -25.97255
        },
        "uniqueId": "ca9d1f5f-925b-4a59-b362-4703a75ad77c",
        "pathname": "/home",
        "language": "mk",
        "referrer": "",
        "events": {
            "loadCount": 2,
            "visibilitychangeCount": 2,
            "resizeCount": 2,
            "focusCount": 7,
            "clickCount": 4,
            "blurCount": 1
        },
        "pageLoadTime": {
            "loadStart": 1736015400000,
            "loadEnd": 1736015400068
        },
        "productId": "TRK-TlxlcwGkl19t",
        "pathCounts": {
            "/home/create": 6,
            "/settings": 6,
            "/cart": 10,
            "/home/dashboard": 5,
            "/profile": 2
        }
    },
    {
        "start": 1736015400,
        "end": 1736016300,
        "bounce": {
            "isBounced": true,
            "pathname": "/frontend/index.html"
        },
        "device": "Mobile",
        "browser": "Chrome",
        "location": {
            "latitude": 26.343928,
            "longitude": 108.133952
        },
        "uniqueId": "f9c7e851-4d89-46ce-8678-25b88916a574",
        "pathname": "/frontend/index.html",
        "language": "ln",
        "referrer": "http://www.wang-shaffer.com/",
        "events": {
            "loadCount": 6,
            "visibilitychangeCount": 10,
            "resizeCount": 0,
            "focusCount": 4,
            "clickCount": 1,
            "blurCount": 5
        },
        "pageLoadTime": {
            "loadStart": 1736015400000,
            "loadEnd": 1736015400545
        },
        "productId": "TRK-89olAsKyNOG7",
        "pathCounts": {
            "/cart": 5,
            "/login": 10
        }
    },
    {
        "start": 1736015400,
        "end": 1736017500,
        "bounce": {
            "isBounced": false,
            "pathname": "/frontend/index.html"
        },
        "device": "Laptop",
        "browser": "Mozilla",
        "location": {
            "latitude": 46.783653,
            "longitude": -171.26921
        },
        "uniqueId": "ca9d1f5f-925b-4a59-b362-4703a75ad77c",
        "pathname": "/dashboard",
        "language": "or",
        "referrer": "http://www.smith-miller.com/",
        "events": {
            "loadCount": 9,
            "visibilitychangeCount": 10,
            "resizeCount": 9,
            "focusCount": 6,
            "clickCount": 5,
            "blurCount": 2
        },
        "pageLoadTime": {
            "loadStart": 1736015400000,
            "loadEnd": 1736015400709
        },
        "productId": "TRK-TlxlcwGkl19t",
        "pathCounts": {
            "/settings": 4,
            "/cart": 10,
            "/login": 4,
            "/home/dashboard": 2
        }
    },
    {
        "start": 1736015400,
        "end": 1736016360,
        "bounce": {
            "isBounced": false,
            "pathname": "/frontend/index.html"
        },
        "device": "Tablet",
        "browser": "Mozilla",
        "location": {
            "latitude": 45.9735895,
            "longitude": -58.31123
        },
        "uniqueId": "80d8a76b-4c97-4a12-9ac3-02a6d37e11a9",
        "pathname": "/settings",
        "language": "it",
        "referrer": "https://evans-wong.com/",
        "events": {
            "loadCount": 2,
            "visibilitychangeCount": 5,
            "resizeCount": 7,
            "focusCount": 3,
            "clickCount": 6,
            "blurCount": 2
        },
        "pageLoadTime": {
            "loadStart": 1736015400000,
            "loadEnd": 1736015400492
        },
        "productId": "TRK-Ob2CJVFgaau7",
        "pathCounts": {
            "/cart": 5,
            "/home/dashboard": 10,
            "/home/create": 5
        }
    },
    {
        "start": 1736015400,
        "end": 1736017740,
        "bounce": {
            "isBounced": false,
            "pathname": "/frontend/index.html"
        },
        "device": "Desktop",
        "browser": "Safari",
        "location": {
            "latitude": 1.662032,
            "longitude": -80.250025
        },
        "uniqueId": "31b1cad6-43b6-4fa7-95e5-7d79676b01e7",
        "pathname": "/home",
        "language": "ru",
        "referrer": "",
        "events": {
            "loadCount": 10,
            "visibilitychangeCount": 5,
            "resizeCount": 2,
            "focusCount": 8,
            "clickCount": 8,
            "blurCount": 9
        },
        "pageLoadTime": {
            "loadStart": 1736015400000,
            "loadEnd": 1736015400311
        },
        "productId": "TRK-89olAsKyNOG7",
        "pathCounts": {
            "/login": 10,
            "/profile": 7,
            "/home": 3
        }
    },
    {
        "start": 1736015400,
        "end": 1736018520,
        "bounce": {
            "isBounced": false,
            "pathname": "/frontend/index.html"
        },
        "device": "Laptop",
        "browser": "Mozilla",
        "location": {
            "latitude": -52.6728885,
            "longitude": 136.630499
        },
        "uniqueId": "3ba5c0ca-2d1c-4d75-82b7-a2c821f2ea43",
        "pathname": "/frontend/index.html",
        "language": "ts",
        "referrer": "",
        "events": {
            "loadCount": 0,
            "visibilitychangeCount": 2,
            "resizeCount": 8,
            "focusCount": 6,
            "clickCount": 0,
            "blurCount": 8
        },
        "pageLoadTime": {
            "loadStart": 1736015400000,
            "loadEnd": 1736015400737
        },
        "productId": "TRK-Ob2CJVFgaau7",
        "pathCounts": {
            "/login": 4,
            "/cart": 4,
            "/checkout": 8,
            "/home/dashboard": 10,
            "/settings": 7
        }
    },
    {
        "start": 1736015400,
        "end": 1736016240,
        "bounce": {
            "isBounced": false,
            "pathname": "/frontend/index.html"
        },
        "device": "Mobile",
        "browser": "Edge",
        "location": {
            "latitude": -15.15224,
            "longitude": 128.731828
        },
        "uniqueId": "9b47b488-09f3-4d00-a56c-8c970bdfab8e",
        "pathname": "/frontend/index.html",
        "language": "br",
        "referrer": "https://jones.com/",
        "events": {
            "loadCount": 1,
            "visibilitychangeCount": 3,
            "resizeCount": 4,
            "focusCount": 2,
            "clickCount": 3,
            "blurCount": 5
        },
        "pageLoadTime": {
            "loadStart": 1736015400000,
            "loadEnd": 1736015400663
        },
        "productId": "TRK-TlxlcwGkl19t",
        "pathCounts": {
            "/settings": 8,
            "/login": 5,
            "/home/create": 7
        }
    }
]