[
    {
        "start": 1739903400,
        "end": 1739904540,
        "bounce": {
            "isBounced": true,
            "pathname": "/frontend/index.html"
        },
        "device": "Desktop",
        "browser": "Chrome",
        "location": {
            "latitude": 19.672171,
            "longitude": -39.536853
        },
        "uniqueId": "aca50ebd-2a70-41b2-a3f9-1a2deecc8322",
        "pathname": "/profile",
        "language": "hu",
        "referrer": "http://west-chen.org/",
        "events": {
            "loadCount": 2,
            "visibilitychangeCount": 9,
            "resizeCount": 8,
            "focusCount": 10,
            "clickCount": 2,
            "blurCount": 9
        },
        "pageLoadTime": {
            "loadStart": 1739903400000,
            "loadEnd": 1739903400825
        },
        "productId": "TRK-TlxlcwGkl19t",
        "pathCounts": {
            "/settings": 10,
            "/home": 9,
            "/checkout": 2,
            "/login": 4
        }
    },
    {
        "start": 1739903400,
        "end": 1739906460,
        "bounce": {
            "isBounced": true,
            "pathname": "/frontend/index.html"
        },
        "device": "Tablet",
        "browser": "Mozilla",
        "location": {
            "latitude": 82.7089485,
            "longitude": -166.078587
        },
        "uniqueId": "14ec54a1-24e9-462b-9378-3e9d812cba5a",
        "pathname": "/frontend/index.html",
        "language": "ps",
        "referrer": "",
        "events": {
            "loadCount": 8,
            "visibilitychangeCount": 4,
            "resizeCount": 1,
            "focusCount": 6,
            "clickCount": 9,
            "blurCount": 6
        },
        "pageLoadTime": {
            "loadStart": 1739903400000,
            "loadEnd": 1739903400139
        },
        "productId": "TRK-89olAsKyNOG7",
        "pathCounts": {
            "/profile": 3,
            "/settings": 9,
            "/cart": 10
        }
    },
    {
        "start": 1739903400,
        "end": 1739906040,
        "bounce": {
            "isBounced": false,
            "pathname": "/frontend/index.html"
        },
        "device": "Laptop",
        "browser": "Edge",
        "location": {
            "latitude": 4.8279845,
            "longitude": 1.632394
        },
        "uniqueId": "aa76de66-83a4-4c21-92f5-cfe20525387a",
        "pathname": "/dashboard",
        "language": "lg",
        "referrer": "",
        "events": {
            "loadCount": 10,
            "visibilitychangeCount": 6,
            "resizeCount": 0,
            "focusCount": 10,
            "clickCount": 7,
            "blurCount": 7
        },
        "pageLoadTime": {
            "loadStart": 1739903400000,
            "loadEnd": 1739903400055
        },
        "productId": "TRK-TlxlcwGkl19t",
        "pathCounts": {
            "/home/dashboard": 2,
            "/settings": 8
        }
    },
    {
        "start": 1739903400,
        "end": 1739904600,
        "bounce": {
            "isBounced": true,
            "pathname": "/frontend/index.html"
        },
        "device": "Tablet",
        "browser": "Edge",
        "location": {
            "latitude": 36.534337,
            "longitude": 65.631746
        },
        "uniqueId": "9ce1bf0b-8366-40e1-b77c-9493a981c91b",
        "pathname": "/settings",
        "language": "hy",
        "referrer": "",
        "events": {
            "loadCount": 6,
            "visibilitychangeCount": 2,
            "resizeCount": 0,
            "focusCount": 7,
            "clickCount": 6,
            "blurCount": 10
        },
        "pageLoadTime": {
            "loadStart": 1739903400000,
            "loadEnd": 1739903400774
        },
        "productId": "TRK-Ob2CJVFgaau7",
        "pathCounts": {
            "/cart": 1,
            "/home": 4,
            "/home/dashboard": 4
        }
    },
    {
        "start": 1739903400,
        "end": 1739905260,
        "bounce": {
            "isBounced": true,
            "pathname": "/frontend/index.html"
        },
        "device": "Laptop",
        "browser": "Edge",
        "location": {
            "latitude": -79.5618605,
            "longitude": 85.614916
        },
        "uniqueId": "37f86d6c-c234-4339-9c0f-ec3bdaab8536",
        "pathname": "/home",
        "language": "dz",
        "referrer": "https://chen.com/",
        "events": {
            "loadCount": 7,
            "visibilitychangeCount": 8,
            "resizeCount": 6,
            "focusCount": 9,
            "clickCount": 5,
            "blurCount": 3
        },
        "pageLoadTime": {
            "loadStart": 1739903400000,
            "loadEnd": 1739903400101
        },
        "productId": "TRK-Ob2CJVFgaau7",
        "pathCounts": {
            "/cart": 10,
            "/home": 8,
            "/login": 2,
            "/home/dashboard": 10,
            "/home/create": 7
        }
    },
    {
        "start": 1739903400,
        "end": 1739905860,
        "bounce": {
            "isBounced": true,
            "pathname": "/frontend/index.html"
        },
        "device": "Desktop",
        "browser": "Chrome",
        "location": {
            "latitude": 44.931247,
            "longitude": 160.672976
        },
        "uniqueId": "80d8a76b-4c97-4a12-9ac3-02a6d37e11a9",
        "pathname": "/profile",
        "language": "sd",
        "referrer": "",
        "events": {
            "loadCount": 0,
            "visibilitychangeCount": 8,
            "resizeCount": 5,
            "focusCount": 1,
            "clickCount": 9,
            "blurCount": 6
        },
        "pageLoadTime": {
            "loadStart": 1739903400000,
            "loadEnd": 1739903400816
        },
        "productId": "TRK-Ob2CJVFgaau7",
        "pathCounts": {
            "/profile": 10,
            "/cart": 9,
            "/settings": 4
        }
    },
    {
        "start": 1739903400,
        "end": 1739906760,
        "bounce": {
            "isBounced": false,
            "pathname": "/frontend/index.html"
        },
        "device": "Laptop",
        "browser": "Edge",
        "location": {
            "latitude": -0.4997195,
            "longitude": -131.553027
        },
        "uniqueId": "3da55713-36de-4077-9d4d-626d934aafe0",
        "pathname": "/dashboard",
        "language": "oc",
        "referrer": "http://www.miller-rice.info/",
        "events": {
            "loadCount": 4,
            "visibilitychangeCount": 2,
            "resizeCount": 10,
            "focusCount": 2,
            "clickCount": 5,
            "blurCount": 2
        },
        "pageLoadTime": {
            "loadStart": 1739903400000,
            "loadEnd": 1739903400977
        },
        "productId": "TRK-TlxlcwGkl19t",
        "pathCounts": {
            "/home/create": 9,
            "/home": 3,
            "/settings": 4,
            "/cart": 3,
            "/profile": 3
        }
    },
    {
        "start": 1739903400,
        "end": 1739904600,
        "bounce": {
            "isBounced": false,
            "pathname": "/frontend/index.html"
        },
        "device": "Desktop",
        "browser": "Edge",
        "location": {
            "latitude": -26.0525015,
            "longitude": -5.364936
        },
        "uniqueId": "625ea2f3-d6f3-47f0-abd3-a204ea4eb491",
        "pathname": "/profile",
        "language": "unm",
        "referrer": "",
        "events": {
            "loadCount": 8,
            "visibilitychangeCount": 6,
            "resizeCount": 9,
            "focusCount": 10,
            "clickCount": 3,
            "blurCount": 3
        },
        "pageLoadTime": {
            "loadStart": 1739903400000,
            "loadEnd": 1739903400465
        },
        "productId": "TRK-TlxlcwGkl19t",
        "pathCounts": {
            "/home": 6,
            "/home/create": 4,
            "/settings": 10,
            "/profile": 8
        }
    }
]