[
    {
        "start": 1739385000,
        "end": 1739388060,
        "bounce": {
            "isBounced": false,
            "pathname": "/frontend/index.html"
        },
        "device": "Tablet",
        "browser": "Edge",
        "location": {
            "latitude": 69.1266005,
            "longitude": 166.941977
        },
        "uniqueId": "77f0712b-554f-4c5c-9898-14e7c77b26a0",
        "pathname": "/frontend/index.html",
        "language": "ig",
        "referrer": "",
        "events": {
            "loadCount": 8,
            "visibilitychangeCount": 10,
            "resizeCount": 9,
            "focusCount": 9,
            "clickCount": 2,
            "blurCount": 8
        },
        "pageLoadTime": {
            "loadStart": 1739385000000,
            "loadEnd": 1739385000435
        },
        "productId": "TRK-Ob2CJVFgaau7",
        "pathCounts": {
            "/home/create": 3,
            "/settings": 7,
            "/home/dashboard": 1,
            "/cart": 9
        }
    },
    {
        "start": 1739385000,
        "end": 1739386380,
        "bounce": {
            "isBounced": false,
            "pathname": "/frontend/index.html"
        },
        "device": "Tablet",
        "browser": "Edge",
        "location": {
            "latitude": -43.350627,
            "longitude": 87.268088
        },
        "uniqueId": "3da55713-36de-4077-9d4d-626d934aafe0",
        "pathname": "/dashboard",
        "language": "gd",
        "referrer": "",
        "events": {
            "loadCount": 2,
            "visibilitychangeCount": 10,
            "resizeCount": 2,
            "focusCount": 7,
            "clickCount": 6,
            "blurCount": 4
        },
        "pageLoadTime": {
            "loadStart": 1739385000000,
            "loadEnd": 1739385000336
        },
        "productId": "TRK-TlxlcwGkl19t",
        "pathCounts": {
            "/home/create": 7,
            "/home/dashboard": 3,
            "/checkout": 1,
            "/profile": 1,
            "/cart": 7
        }
    },
    {
        "start": 1739385000,
        "end": 1739385540,
        "bounce": {
            "isBounced": false,
            "pathname": "/frontend/index.html"
        },
        "device": "Mobile",
        "browser": "Safari",
        "location": {
            "latitude": -47.735806,
            "longitude": 177.965702
        },
        "uniqueId": "625ea2f3-d6f3-47f0-abd3-a204ea4eb491",
        "pathname": "/settings",
        "language": "tcy",
        "referrer": "",
        "events": {
            "loadCount": 8,
            "visibilitychangeCount": 4,
            "resizeCount": 6,
            "focusCount": 6,
            "clickCount": 0,
            "blurCount": 0
        },
        "pageLoadTime": {
            "loadStart": 1739385000000,
            "loadEnd": 1739385000342
        },
        "productId": "TRK-89olAsKyNOG7",
        "pathCounts": {
            "/home": 3,
            "/home/create": 3,
            "/login": 7,
            "/home/dashboard": 7,
            "/cart": 4,
            "/settings": 6
        }
    },
    {
        "start": 1739385000,
        "end": 1739385900,
        "bounce": {
            "isBounced": true,
            "pathname": "/frontend/index.html"
        },
        "device": "Mobile",
        "browser": "Safari",
        "location": {
            "latitude": 62.0755585,
            "longitude": 128.196736
        },
        "uniqueId": "37f86d6c-c234-4339-9c0f-ec3bdaab8536",
        "pathname": "/dashboard",
        "language": "bn",
        "referrer": "",
        "events": {
            "loadCount": 3,
            "visibilitychangeCount": 5,
            "resizeCount": 10,
            "focusCount": 6,
            "clickCount": 5,
            "blurCount": 5
        },
        "pageLoadTime": {
            "loadStart": 1739385000000,
            "loadEnd": 1739385000013
        },
        "productId": "TRK-89olAsKyNOG7",
        "pathCounts": {
            "/home/create": 1,
            "/login": 8,
            "/profile": 8,
            "/home/dashboard": 2
        }
    },
    {
        "start": 1739385000,
        "end": 1739386740,
        "bounce": {
            "isBounced": true,
            "pathname": "/frontend/index.html"
        },
        "device": "Desktop",
        "browser": "Edge",
        "location": {
            "latitude": 57.932514,
            "longitude": 159.840421
        },
        "uniqueId": "f9c7e851-4d89-46ce-8678-25b88916a574",
        "pathname": "/profile",
        "language": "es",
        "referrer": "",
        "events": {
            "loadCount": 4,
            "visibilitychangeCount": 1,
            "resizeCount": 5,
            "focusCount": 10,
            "clickCount": 0,
            "blurCount": 10
        },
        "pageLoadTime": {
            "loadStart": 1739385000000,
            "loadEnd": 1739385000553
        },
        "productId": "TRK-89olAsKyNOG7",
        "pathCounts": {
            "/login": 10,
            "/settings": 2,
            "/home/dashboard": 2
        }
    },
    {
        "start": 1739385000,
        "end": 1739386980,
        "bounce": {
            "isBounced": true,
            "pathname": "/frontend/index.html"
        },
        "device": "Desktop",
        "browser": "Mozilla",
        "location": {
            "latitude": -57.878659,
            "longitude": -149.930625
        },
        "uniqueId": "3ba5c0ca-2d1c-4d75-82b7-a2c821f2ea43",
        "pathname": "/settings",
        "language": "km",
        "referrer": "https://sloan.biz/",
        "events": {
            "loadCount": 8,
            "visibilitychangeCount": 2,
            "resizeCount": 1,
            "focusCount": 10,
            "clickCount": 8,
            "blurCount": 10
        },
        "pageLoadTime": {
            "loadStart": 1739385000000,
            "loadEnd": 1739385000708
        },
        "productId": "TRK-TlxlcwGkl19t",
        "pathCounts": {
            "/settings": 9,
            "/profile": 9,
            "/checkout": 7,
            "/cart": 3
        }
    },
    {
        "start": 1739385000,
        "end": 1739387580,
        "bounce": {
            "isBounced": true,
            "pathname": "/frontend/index.html"
        },
        "device": "Laptop",
        "browser": "Chrome",
        "location": {
            "latitude": -51.083755,
            "longitude": 52.058356
        },
        "uniqueId": "aa76de66-83a4-4c21-92f5-cfe20525387a",
        "pathname": "/settings",
        "language": "ne",
        "referrer": "http://www.torres-rose.biz/",
        "events": {
            "loadCount": 6,
            "visibilitychangeCount": 6,
            "resizeCount": 5,
            "focusCount": 0,
            "clickCount": 4,
            "blurCount": 6
        },
        "pageLoadTime": {
            "loadStart": 1739385000000,
            "loadEnd": 1739385000550
        },
        "productId": "TRK-Ob2CJVFgaau7",
        "pathCounts": {
            "/home/create": 4,
            "/cart": 4,
            "/login": 6
        }
    },
    {
        "start": 1739385000,
        "end": 1739386080,
        "bounce": {
            "isBounced": false,
            "pathname": "/frontend/index.html"
        },
        "device": "Mobile",
        "browser": "Safari",
        "location": {
            "latitude": -50.573626,
            "longitude": 66.00234
        },
        "uniqueId": "4f113d91-1e3e-46f7-a9ca-95f02de96297",
        "pathname": "/home",
        "language": "mt",
        "referrer": "",
        "events": {
            "loadCount": 10,
            "visibilitychangeCount": 10,
            "resizeCount": 0,
            "focusCount": 0,
            "clickCount": 2,
            "blurCount": 5
        },
        "pageLoadTime": {
            "loadStart": 1739385000000,
            "loadEnd": 1739385000349
        },
        "productId": "TRK-89olAsKyNOG7",
        "pathCounts": {
            "/home/create": 10,
            "/checkout": 1,
            "/settings": 6,
            "/cart": 4
        }
    }
]