[
    {
        "start": 1736620200,
        "end": 1736623740,
        "bounce": {
            "isBounced": true,
            "pathname": "/frontend/index.html"
        },
        "device": "Laptop",
        "browser": "Edge",
        "location": {
            "latitude": -0.108981,
            "longitude": 167.031486
        },
        "uniqueId": "5bde6480-0ab0-43b2-8529-ae22b458f836",
        "pathname": "/settings",
        "language": "the",
        "referrer": "https://www.brown-roberts.com/",
        "events": {
            "loadCount": 6,
            "visibilitychangeCount": 3,
            "resizeCount": 7,
            "focusCount": 0,
            "clickCount": 1,
            "blurCount": 4
        },
        "pageLoadTime": {
            "loadStart": 1736620200000,
            "loadEnd": 1736620200362
        },
        "productId": "TRK-Ob2CJVFgaau7",
        "pathCounts": {
            "/settings": 1,
            "/cart": 9,
            "/login": 4
        }
    },
    {
        "start": 1736620200,
        "end": 1736622840,
        "bounce": {
            "isBounced": true,
            "pathname": "/frontend/index.html"
        },
        "device": "Desktop",
        "browser": "Chrome",
        "location": {
            "latitude": -9.1160595,
            "longitude": 163.246724
        },
        "uniqueId": "9ce1bf0b-8366-40e1-b77c-9493a981c91b",
        "pathname": "/settings",
        "language": "gd",
        "referrer": "https://www.johnson.org/",
        "events": {
            "loadCount": 5,
            "visibilitychangeCount": 8,
            "resizeCount": 9,
            "focusCount": 7,
            "clickCount": 1,
            "blurCount": 7
        },
        "pageLoadTime": {
            "loadStart": 1736620200000,
            "loadEnd": 1736620200200
        },
        "productId": "TRK-TlxlcwGkl19t",
        "pathCounts": {
            "/settings": 9,
            "/checkout": 3,
            "/profile": 1,
            "/home/create": 1
        }
    },
    {
        "start": 1736620200,
        "end": 1736620440,
        "bounce": {
            "isBounced": false,
            "pathname": "/frontend/index.html"
        },
        "device": "Tablet",
        "browser": "Safari",
        "location": {
            "latitude": -77.9161995,
            "longitude": 102.826443
        },
        "uniqueId": "3ba5c0ca-2d1c-4d75-82b7-a2c821f2ea43",
        "pathname": "/frontend/index.html",
        "language": "be",
        "referrer": "",
        "events": {
            "loadCount": 9,
            "visibilitychangeCount": 5,
            "resizeCount": 4,
            "focusCount": 4,
            "clickCount": 6,
            "blurCount": 9
        },
        "pageLoadTime": {
            "loadStart": 1736620200000,
            "loadEnd": 1736620200457
        },
        "productId": "TRK-89olAsKyNOG7",
        "pathCounts": {
            "/cart": 9,
            "/home/dashboard": 9,
            "/settings": 9,
            "/home/create": 8,
            "/profile": 9
        }
    },
    {
        "start": 1736620200,
        "end": 1736623380,
        "bounce": {
            "isBounced": true,
            "pathname": "/frontend/index.html"
        },
        "device": "Desktop",
        "browser": "Chrome",
        "location": {
            "latitude": 27.925252,
            "longitude": -124.158572
        },
        "uniqueId": "31b1cad6-43b6-4fa7-95e5-7d79676b01e7",
        "pathname": "/frontend/index.html",
        "language": "tr",
        "referrer": "",
        "events": {
            "loadCount": 10,
            "visibilitychangeCount": 1,
            "resizeCount": 8,
            "focusCount": 3,
            "clickCount": 5,
            "blurCount": 8
        },
        "pageLoadTime": {
            "loadStart": 1736620200000,
            "loadEnd": 1736620200006
        },
        "productId": "TRK-TlxlcwGkl19t",
        "pathCounts": {
            "/checkout": 5,
            "/login": 10
        }
    },
    {
        "start": 1736620200,
        "end": 1736621940,
        "bounce": {
            "isBounced": false,
            "pathname": "/frontend/index.html"
        },
        "device": "Desktop",
        "browser": "Chrome",
        "location": {
            "latitude": -29.8604045,
            "longitude": -171.227463
        },
        "uniqueId": "9ce1bf0b-8366-40e1-b77c-9493a981c91b",
        "pathname": "/home",
        "language": "ti",
        "referrer": "https://www.smith.com/",
        "events": {
            "loadCount": 4,
            "visibilitychangeCount": 4,
            "resizeCount": 3,
            "focusCount": 7,
            "clickCount": 1,
            "blurCount": 1
        },
        "pageLoadTime": {
            "loadStart": 1736620200000,
            "loadEnd": 1736620200441
        },
        "productId": "TRK-Ob2CJVFgaau7",
        "pathCounts": {
            "/home": 2,
            "/home/create": 1,
            "/cart": 5
        }
    },
    {
        "start": 1736620200,
        "end": 1736621280,
        "bounce": {
            "isBounced": true,
            "pathname": "/frontend/index.html"
        },
        "device": "Laptop",
        "browser": "Edge",
        "location": {
            "latitude": -46.296215,
            "longitude": -72.420672
        },
        "uniqueId": "d86a654c-f156-4873-9fec-b758bd53146a",
        "pathname": "/settings",
        "language": "nl",
        "referrer": "http://anderson.com/",
        "events": {
            "loadCount": 7,
            "visibilitychangeCount": 5,
            "resizeCount": 7,
            "focusCount": 4,
            "clickCount": 10,
            "blurCount": 9
        },
        "pageLoadTime": {
            "loadStart": 1736620200000,
            "loadEnd": 1736620200927
        },
        "productId": "TRK-Ob2CJVFgaau7",
        "pathCounts": {
            "/home/dashboard": 7,
            "/login": 5,
            "/home/create": 6,
            "/checkout": 4
        }
    },
    {
        "start": 1736620200,
        "end": 1736622480,
        "bounce": {
            "isBounced": false,
            "pathname": "/frontend/index.html"
        },
        "device": "Mobile",
        "browser": "Edge",
        "location": {
            "latitude": 61.518882,
            "longitude": -66.400361
        },
        "uniqueId": "d86a654c-f156-4873-9fec-b758bd53146a",
        "pathname": "/dashboard",
        "language": "lo",
        "referrer": "https://www.brown.com/",
        "events": {
            "loadCount": 8,
            "visibilitychangeCount": 3,
            "resizeCount": 5,
            "focusCount": 10,
            "clickCount": 2,
            "blurCount": 3
        },
        "pageLoadTime": {
            "loadStart": 1736620200000,
            "loadEnd": 1736620200411
        },
        "productId": "TRK-TlxlcwGkl19t",
        "pathCounts": {
            "/settings": 7,
            "/profile": 5,
            "/home/dashboard": 6,
            "/login": 6
        }
    },
    {
        "start": 1736620200,
        "end": 1736623140,
        "bounce": {
            "isBounced": false,
            "pathname": "/frontend/index.html"
        },
        "device": "Tablet",
        "browser": "Chrome",
        "location": {
            "latitude": -53.490011,
            "longitude": -91.906874
        },
        "uniqueId": "111907fd-95b7-4729-a2af-e51ad656e288",
        "pathname": "/frontend/index.html",
        "language": "doi",
        "referrer": "http://patterson-cox.info/",
        "events": {
            "loadCount": 3,
            "visibilitychangeCount": 7,
            "resizeCount": 7,
            "focusCount": 4,
            "clickCount": 7,
            "blurCount": 3
        },
        "pageLoadTime": {
            "loadStart": 1736620200000,
            "loadEnd": 1736620200342
        },
        "productId": "TRK-89olAsKyNOG7",
        "pathCounts": {
            "/home": 5,
            "/home/dashboard": 2,
            "/settings": 7,
            "/profile": 5
        }
    }
]