[
    {
        "start": 1737743400,
        "end": 1737746940,
        "bounce": {
            "isBounced": false,
            "pathname": "/frontend/index.html"
        },
        "device": "Laptop",
        "browser": "Edge",
        "location": {
            "latitude": 45.195145,
            "longitude": 141.494487
        },
        "uniqueId": "14ec54a1-24e9-462b-9378-3e9d812cba5a",
        "pathname": "/settings",
        "language": "ve",
        "referrer": "https://www.yates.info/",
        "events": {
            "loadCount": 0,
            "visibilitychangeCount": 5,
            "resizeCount": 10,
            "focusCount": 8,
            "clickCount": 7,
            "blurCount": 7
        },
        "pageLoadTime": {
            "loadStart": 1737743400000,
            "loadEnd": 1737743400262
        },
        "productId": "TRK-TlxlcwGkl19t",
        "pathCounts": {
            "/checkout": 3,
            "/home/dashboard": 8,
            "/home": 10
        }
    },
    {
        "start": 1737743400,
        "end": 1737745980,
        "bounce": {
            "isBounced": false,
            "pathname": "/frontend/index.html"
        },
        "device": "Mobile",
        "browser": "Mozilla",
        "location": {
            "latitude": -30.598279,
            "longitude": 128.483741
        },
        "uniqueId": "3da55713-36de-4077-9d4d-626d934aafe0",
        "pathname": "/home",
        "language": "he",
        "referrer": "",
        "events": {
            "loadCount": 3,
            "visibilitychangeCount": 0,
            "resizeCount": 5,
            "focusCount": 4,
            "clickCount": 10,
            "blurCount": 10
        },
        "pageLoadTime": {
            "loadStart": 1737743400000,
            "loadEnd": 1737743400560
        },
        "productId": "TRK-89olAsKyNOG7",
        "pathCounts": {
            "/home": 10,
            "/home/create": 4,
            "/login": 5,
            "/cart": 5
        }
    },
    {
        "start": 1737743400,
        "end": 1737746700,
        "bounce": {
            "isBounced": true,
            "pathname": "/frontend/index.html"
        },
        "device": "Mobile",
        "browser": "Edge",
        "location": {
            "latitude": 2.8565635,
            "longitude": -29.663729
        },
        "uniqueId": "14ec54a1-24e9-462b-9378-3e9d812cba5a",
        "pathname": "/profile",
        "language": "el",
        "referrer": "https://rivas.com/",
        "events": {
            "loadCount": 3,
            "visibilitychangeCount": 7,
            "resizeCount": 6,
            "focusCount": 5,
            "clickCount": 6,
            "blurCount": 5
        },
        "pageLoadTime": {
            "loadStart": 1737743400000,
            "loadEnd": 1737743400383
        },
        "productId": "TRK-TlxlcwGkl19t",
        "pathCounts": {
            "/home/dashboard": 7,
            "/checkout": 3,
            "/home/create": 7
        }
    },
    {
        "start": 1737743400,
        "end": 1737746340,
        "bounce": {
            "isBounced": false,
            "pathname": "/frontend/index.html"
        },
        "device": "Mobile",
        "browser": "Safari",
        "location": {
            "latitude": -71.8303955,
            "longitude": -162.914295
        },
        "uniqueId": "77f0712b-554f-4c5c-9898-14e7c77b26a0",
        "pathname": "/dashboard",
        "language": "nso",
        "referrer": "https://garcia.com/",
        "events": {
            "loadCount": 8,
            "visibilitychangeCount": 10,
            "resizeCount": 5,
            "focusCount": 10,
            "clickCount": 0,
            "blurCount": 6
        },
        "pageLoadTime": {
            "loadStart": 1737743400000,
            "loadEnd": 1737743400197
        },
        "productId": "TRK-Ob2CJVFgaau7",
        "pathCounts": {
            "/login": 10,
            "/home/dashboard": 7,
            "/settings": 9,
            "/home": 9
        }
    },
    {
        "start": 1737743400,
        "end": 1737744120,
        "bounce": {
            "isBounced": false,
            "pathname": "/frontend/index.html"
        },
        "device": "Laptop",
        "browser": "Edge",
        "location": {
            "latitude": 15.841109,
            "longitude": 149.417181
        },
        "uniqueId": "aa76de66-83a4-4c21-92f5-cfe20525387a",
        "pathname": "/profile",
        "language": "eu",
        "referrer": "",
        "events": {
            "loadCount": 6,
            "visibilitychangeCount": 10,
            "resizeCount": 3,
            "focusCount": 6,
            "clickCount": 3,
            "blurCount": 3
        },
        "pageLoadTime": {
            "loadStart": 1737743400000,
            "loadEnd": 1737743400550
        },
        "productId": "TRK-89olAsKyNOG7",
        "pathCounts": {
            "/settings": 1,
            "/checkout": 10,
            "/home": 1,
            "/profile": 10
        }
    },
    {
        "start": 1737743400,
        "end": 1737744240,
        "bounce": {
            "isBounced": true,
            "pathname": "/frontend/index.html"
        },
        "device": "Desktop",
        "browser": "Safari",
        "location": {
            "latitude": 80.6294165,
            "longitude": -7.825956
        },
        "uniqueId": "9b47b488-09f3-4d00-a56c-8c970bdfab8e",
        "pathname": "/home",
        "language": "tk",
        "referrer": "http://www.brown-pearson.com/",
        "events": {
            "loadCount": 2,
            "visibilitychangeCount": 7,
            "resizeCount": 1,
            "focusCount": 5,
            "clickCount": 7,
            "blurCount": 5
        },
        "pageLoadTime": {
            "loadStart": 1737743400000,
            "loadEnd": 1737743400287
        },
        "productId": "TRK-TlxlcwGkl19t",
        "pathCounts": {
            "/home/create": 2,
            "/login": 3,
            "/checkout": 5
        }
    },
    {
        "start": 1737743400,
        "end": 1737744300,
        "bounce": {
            "isBounced": true,
            "pathname": "/frontend/index.html"
        },
        "device": "Desktop",
        "browser": "Edge",
        "location": {
            "latitude": 70.421085,
            "longitude": 23.453121
        },
        "uniqueId": "4f113d91-1e3e-46f7-a9ca-95f02de96297",
        "pathname": "/profile",
        "language": "si",
        "referrer": "",
        "events": {
            "loadCount": 7,
            "visibilitychangeCount": 10,
            "resizeCount": 7,
            "focusCount": 4,
            "clickCount": 2,
            "blurCount": 5
        },
        "pageLoadTime": {
            "loadStart": 1737743400000,
            "loadEnd": 1737743400738
        },
        "productId": "TRK-Ob2CJVFgaau7",
        "pathCounts": {
            "/checkout": 2,
            "/home": 6
        }
    },
    {
        "start": 1737743400,
        "end": 1737746700,
        "bounce": {
            "isBounced": false,
            "pathname": "/frontend/index.html"
        },
        "device": "Tablet",
        "browser": "Chrome",
        "location": {
            "latitude": -83.6766485,
            "longitude": 48.242126
        },
        "uniqueId": "80d8a76b-4c97-4a12-9ac3-02a6d37e11a9",
        "pathname": "/profile",
        "language": "iu",
        "referrer": "http://www.fitzgerald-gaines.com/",
        "events": {
            "loadCount": 10,
            "visibilitychangeCount": 6,
            "resizeCount": 5,
            "focusCount": 2,
            "clickCount": 6,
            "blurCount": 10
        },
        "pageLoadTime": {
            "loadStart": 1737743400000,
            "loadEnd": 1737743400891
        },
        "productId": "TRK-TlxlcwGkl19t",
        "pathCounts": {
            "/home/create": 10,
            "/settings": 5,
            "/checkout": 5
        }
    },
    {
        "start": 1737743400,
        "end": 1737744060,
        "bounce": {
            "isBounced": false,
            "pathname": "/frontend/index.html"
        },
        "device": "Laptop",
        "browser": "Edge",
        "location": {
            "latitude": 30.8077015,
            "longitude": 117.686794
        },
        "uniqueId": "aca50ebd-2a70-41b2-a3f9-1a2deecc8322",
        "pathname": "/profile",
        "language": "mai",
        "referrer": "",
        "events": {
            "loadCount": 10,
            "visibilitychangeCount": 7,
            "resizeCount": 9,
            "focusCount": 9,
            "clickCount": 2,
            "blurCount": 1
        },
        "pageLoadTime": {
            "loadStart": 1737743400000,
            "loadEnd": 1737743400685
        },
        "productId": "TRK-Ob2CJVFgaau7",
        "pathCounts": {
            "/checkout": 2,
            "/settings": 3,
            "/profile": 9,
            "/home/create": 4
        }
    },
    {
        "start": 1737743400,
        "end": 1737744300,
        "bounce": {
            "isBounced": false,
            "pathname": "/frontend/index.html"
        },
        "device": "Laptop",
        "browser": "Mozilla",
        "location": {
            "latitude": -31.230912,
            "longitude": 119.374656
        },
        "uniqueId": "3ba5c0ca-2d1c-4d75-82b7-a2c821f2ea43",
        "pathname": "/profile",
        "language": "ca",
        "referrer": "",
        "events": {
            "loadCount": 0,
            "visibilitychangeCount": 1,
            "resizeCount": 0,
            "focusCount": 10,
            "clickCount": 4,
            "blurCount": 5
        },
        "pageLoadTime": {
            "loadStart": 1737743400000,
            "loadEnd": 1737743400710
        },
        "productId": "TRK-TlxlcwGkl19t",
        "pathCounts": {
            "/profile": 3,
            "/cart": 6,
            "/home/dashboard": 5
        }
    },
    {
        "start": 1737743400,
        "end": 1737744240,
        "bounce": {
            "isBounced": false,
            "pathname": "/frontend/index.html"
        },
        "device": "Laptop",
        "browser": "Safari",
        "location": {
            "latitude": 49.537062,
            "longitude": 7.672841
        },
        "uniqueId": "37f86d6c-c234-4339-9c0f-ec3bdaab8536",
        "pathname": "/settings",
        "language": "iw",
        "referrer": "",
        "events": {
            "loadCount": 8,
            "visibilitychangeCount": 9,
            "resizeCount": 5,
            "focusCount": 1,
            "clickCount": 0,
            "blurCount": 2
        },
        "pageLoadTime": {
            "loadStart": 1737743400000,
            "loadEnd": 1737743400895
        },
        "productId": "TRK-TlxlcwGkl19t",
        "pathCounts": {
            "/login": 10,
            "/settings": 10,
            "/home/dashboard": 5,
            "/cart": 9
        }
    }
]