[
    {
        "start": 1737397800,
        "end": 1737399540,
        "bounce": {
            "isBounced": false,
            "pathname": "/frontend/index.html"
        },
        "device": "Mobile",
        "browser": "Safari",
        "location": {
            "latitude": -57.5053515,
            "longitude": 29.835759
        },
        "uniqueId": "9ce1bf0b-8366-40e1-b77c-9493a981c91b",
        "pathname": "/dashboard",
        "language": "el",
        "referrer": "",
        "events": {
            "loadCount": 3,
            "visibilitychangeCount": 0,
            "resizeCount": 2,
            "focusCount": 2,
            "clickCount": 5,
            "blurCount": 5
        },
        "pageLoadTime": {
            "loadStart": 1737397800000,
            "loadEnd": 1737397800212
        },
        "productId": "TRK-Ob2CJVFgaau7",
        "pathCounts": {
            "/profile": 6,
            "/home/dashboard": 5,
            "/home": 4,
            "/checkout": 9,
            "/settings": 10
        }
    },
    {
        "start": 1737397800,
        "end": 1737400620,
        "bounce": {
            "isBounced": false,
            "pathname": "/frontend/index.html"
        },
        "device": "Desktop",
        "browser": "Edge",
        "location": {
            "latitude": -71.0886435,
            "longitude": -146.325047
        },
        "uniqueId": "f25d6d08-ed4a-4680-b7e3-94d4b30207df",
        "pathname": "/dashboard",
        "language": "ar",
        "referrer": "",
        "events": {
            "loadCount": 5,
            "visibilitychangeCount": 8,
            "resizeCount": 10,
            "focusCount": 4,
            "clickCount": 6,
            "blurCount": 9
        },
        "pageLoadTime": {
            "loadStart": 1737397800000,
            "loadEnd": 1737397800554
        },
        "productId": "TRK-Ob2CJVFgaau7",
        "pathCounts": {
            "/checkout": 7,
            "/settings": 8,
            "/login": 2,
            "/home/dashboard": 8
        }
    },
    {
        "start": 1737397800,
        "end": 1737399840,
        "bounce": {
            "isBounced": false,
            "pathname": "/frontend/index.html"
        },
        "device": "Laptop",
        "browser": "Safari",
        "location": {
            "latitude": 63.938449,
            "longitude": 49.138226
        },
        "uniqueId": "111907fd-95b7-4729-a2af-e51ad656e288",
        "pathname": "/home",
        "language": "wae",
        "referrer": "",
        "events": {
            "loadCount": 6,
            "visibilitychangeCount": 5,
            "resizeCount": 3,
            "focusCount": 6,
            "clickCount": 7,
            "blurCount": 9
        },
        "pageLoadTime": {
            "loadStart": 1737397800000,
            "loadEnd": 1737397800416
        },
        "productId": "TRK-TlxlcwGkl19t",
        "pathCounts": {
            "/profile": 2,
            "/checkout": 10,
            "/login": 7,
            "/home": 10
        }
    },
    {
        "start": 1737397800,
        "end": 1737399840,
        "bounce": {
            "isBounced": true,
            "pathname": "/frontend/index.html"
        },
        "device": "Tablet",
        "browser": "Edge",
        "location": {
            "latitude": 62.912135,
            "longitude": -84.100171
        },
        "uniqueId": "d86a654c-f156-4873-9fec-b758bd53146a",
        "pathname": "/home",
        "language": "szl",
        "referrer": "https://www.stewart-dominguez.biz/",
        "events": {
            "loadCount": 4,
            "visibilitychangeCount": 3,
            "resizeCount": 3,
            "focusCount": 2,
            "clickCount": 1,
            "blurCount": 3
        },
        "pageLoadTime": {
            "loadStart": 1737397800000,
            "loadEnd": 1737397800946
        },
        "productId": "TRK-TlxlcwGkl19t",
        "pathCounts": {
            "/home": 8,
            "/settings": 5,
            "/profile": 4
        }
    },
    {
        "start": 1737397800,
        "end": 1737398880,
        "bounce": {
            "isBounced": true,
            "pathname": "/frontend/index.html"
        },
        "device": "Laptop",
        "browser": "Safari",
        "location": {
            "latitude": 20.5426875,
            "longitude": -98.595089
        },
        "uniqueId": "37f86d6c-c234-4339-9c0f-ec3bdaab8536",
        "pathname": "/profile",
        "language": "zh",
        "referrer": "",
        "events": {
            "loadCount": 0,
            "visibilitychangeCount": 6,
            "resizeCount": 0,
            "focusCount": 8,
            "clickCount": 2,
            "blurCount": 6
        },
        "pageLoadTime": {
            "loadStart": 1737397800000,
            "loadEnd": 1737397800772
        },
        "productId": "TRK-89olAsKyNOG7",
        "pathCounts": {
            "/profile": 8,
            "/home": 7,
            "/home/dashboard": 3,
            "/cart": 1
        }
    },
    {
        "start": 1737397800,
        "end": 1737398220,
        "bounce": {
            "isBounced": false,
            "pathname": "/frontend/index.html"
        },
        "device": "Tablet",
        "browser": "Mozilla",
        "location": {
            "latitude": -62.2079855,
            "longitude": -115.225258
        },
        "uniqueId": "14ec54a1-24e9-462b-9378-3e9d812cba5a",
        "pathname": "/dashboard",
        "language": "lv",
        "referrer": "https://sutton.com/",
        "events": {
            "loadCount": 9,
            "visibilitychangeCount": 3,
            "resizeCount": 3,
            "focusCount": 10,
            "clickCount": 6,
            "blurCount": 4
        },
        "pageLoadTime": {
            "loadStart": 1737397800000,
            "loadEnd": 1737397800244
        },
        "productId": "TRK-TlxlcwGkl19t",
        "pathCounts": {
            "/checkout": 2,
            "/profile": 8
        }
    },
    {
        "start": 1737397800,
        "end": 1737398100,
        "bounce": {
            "isBounced": true,
            "pathname": "/frontend/index.html"
        },
        "device": "Tablet",
        "browser": "Chrome",
        "location": {
            "latitude": -50.5613965,
            "longitude": -65.368987
        },
        "uniqueId": "37f86d6c-c234-4339-9c0f-ec3bdaab8536",
        "pathname": "/settings",
        "language": "te",
        "referrer": "https://www.taylor.com/",
        "events": {
            "loadCount": 9,
            "visibilitychangeCount": 2,
            "resizeCount": 3,
            "focusCount": 8,
            "clickCount": 10,
            "blurCount": 8
        },
        "pageLoadTime": {
            "loadStart": 1737397800000,
            "loadEnd": 1737397800180
        },
        "productId": "TRK-Ob2CJVFgaau7",
        "pathCounts": {
            "/home": 3,
            "/cart": 2,
            "/login": 3,
            "/settings": 9
        }
    },
    {
        "start": 1737397800,
        "end": 1737398220,
        "bounce": {
            "isBounced": false,
            "pathname": "/frontend/index.html"
        },
        "device": "Desktop",
        "browser": "Mozilla",
        "location": {
            "latitude": 61.032519,
            "longitude": 100.377791
        },
        "uniqueId": "aca50ebd-2a70-41b2-a3f9-1a2deecc8322",
        "pathname": "/home",
        "language": "sv",
        "referrer": "",
        "events": {
            "loadCount": 7,
            "visibilitychangeCount": 8,
            "resizeCount": 5,
            "focusCount": 0,
            "clickCount": 10,
            "blurCount": 7
        },
        "pageLoadTime": {
            "loadStart": 1737397800000,
            "loadEnd": 1737397800076
        },
        "productId": "TRK-Ob2CJVFgaau7",
        "pathCounts": {
            "/settings": 3,
            "/login": 4,
            "/home/create": 1
        }
    },
    {
        "start": 1737397800,
        "end": 1737399060,
        "bounce": {
            "isBounced": false,
            "pathname": "/frontend/index.html"
        },
        "device": "Desktop",
        "browser": "Chrome",
        "location": {
            "latitude": 29.1828105,
            "longitude": -92.606553
        },
        "uniqueId": "37f86d6c-c234-4339-9c0f-ec3bdaab8536",
        "pathname": "/home",
        "language": "fil",
        "referrer": "http://franco.org/",
        "events": {
            "loadCount": 1,
            "visibilitychangeCount": 9,
            "resizeCount": 0,
            "focusCount": 9,
            "clickCount": 1,
            "blurCount": 0
        },
        "pageLoadTime": {
            "loadStart": 1737397800000,
            "loadEnd": 1737397800732
        },
        "productId": "TRK-Ob2CJVFgaau7",
        "pathCounts": {
            "/home/create": 8,
            "/settings": 4,
            "/login": 5,
            "/home/dashboard": 6,
            "/cart": 10
        }
    },
    {
        "start": 1737397800,
        "end": 1737400020,
        "bounce": {
            "isBounced": false,
            "pathname": "/frontend/index.html"
        },
        "device": "Laptop",
        "browser": "Edge",
        "location": {
            "latitude": 87.1376095,
            "longitude": 53.407196
        },
        "uniqueId": "111907fd-95b7-4729-a2af-e51ad656e288",
        "pathname": "/dashboard",
        "language": "ff",
        "referrer": "https://www.edwards.com/",
        "events": {
            "loadCount": 7,
            "visibilitychangeCount": 10,
            "resizeCount": 5,
            "focusCount": 10,
            "clickCount": 3,
            "blurCount": 2
        },
        "pageLoadTime": {
            "loadStart": 1737397800000,
            "loadEnd": 1737397800645
        },
        "productId": "TRK-TlxlcwGkl19t",
        "pathCounts": {
            "/settings": 2,
            "/login": 2,
            "/profile": 3,
            "/home/dashboard": 1
        }
    },
    {
        "start": 1737397800,
        "end": 1737399780,
        "bounce": {
            "isBounced": false,
            "pathname": "/frontend/index.html"
        },
        "device": "Laptop",
        "browser": "Mozilla",
        "location": {
            "latitude": -53.826034,
            "longitude": 143.267121
        },
        "uniqueId": "aca50ebd-2a70-41b2-a3f9-1a2deecc8322",
        "pathname": "/settings",
        "language": "am",
        "referrer": "https://www.kaiser.com/",
        "events": {
            "loadCount": 4,
            "visibilitychangeCount": 2,
            "resizeCount": 2,
            "focusCount": 8,
            "clickCount": 2,
            "blurCount": 5
        },
        "pageLoadTime": {
            "loadStart": 1737397800000,
            "loadEnd": 1737397800207
        },
        "productId": "TRK-TlxlcwGkl19t",
        "pathCounts": {
            "/login": 8,
            "/settings": 9,
            "/cart": 4,
            "/home/create": 9,
            "/home/dashboard": 10
        }
    },
    {
        "start": 1737397800,
        "end": 1737398100,
        "bounce": {
            "isBounced": false,
            "pathname": "/frontend/index.html"
        },
        "device": "Desktop",
        "browser": "Mozilla",
        "location": {
            "latitude": 51.975805,
            "longitude": -92.927144
        },
        "uniqueId": "aca50ebd-2a70-41b2-a3f9-1a2deecc8322",
        "pathname": "/dashboard",
        "language": "byn",
        "referrer": "",
        "events": {
            "loadCount": 5,
            "visibilitychangeCount": 10,
            "resizeCount": 9,
            "focusCount": 6,
            "clickCount": 7,
            "blurCount": 6
        },
        "pageLoadTime": {
            "loadStart": 1737397800000,
            "loadEnd": 1737397800221
        },
        "productId": "TRK-TlxlcwGkl19t",
        "pathCounts": {
            "/login": 7,
            "/checkout": 7,
            "/home/dashboard": 3
        }
    },
    {
        "start": 1737397800,
        "end": 1737398160,
        "bounce": {
            "isBounced": false,
            "pathname": "/frontend/index.html"
        },
        "device": "Desktop",
        "browser": "Safari",
        "location": {
            "latitude": -41.881305,
            "longitude": -92.907143
        },
        "uniqueId": "625ea2f3-d6f3-47f0-abd3-a204ea4eb491",
        "pathname": "/home",
        "language": "nb",
        "referrer": "https://www.gregory.com/",
        "events": {
            "loadCount": 10,
            "visibilitychangeCount": 4,
            "resizeCount": 3,
            "focusCount": 3,
            "clickCount": 0,
            "blurCount": 9
        },
        "pageLoadTime": {
            "loadStart": 1737397800000,
            "loadEnd": 1737397800331
        },
        "productId": "TRK-Ob2CJVFgaau7",
        "pathCounts": {
            "/home": 4,
            "/login": 6,
            "/cart": 6
        }
    },
    {
        "start": 1737397800,
        "end": 1737399600,
        "bounce": {
            "isBounced": true,
            "pathname": "/frontend/index.html"
        },
        "device": "Mobile",
        "browser": "Edge",
        "location": {
            "latitude": -77.4441825,
            "longitude": -172.003924
        },
        "uniqueId": "4f113d91-1e3e-46f7-a9ca-95f02de96297",
        "pathname": "/frontend/index.html",
        "language": "sw",
        "referrer": "http://www.phillips.com/",
        "events": {
            "loadCount": 2,
            "visibilitychangeCount": 6,
            "resizeCount": 0,
            "focusCount": 8,
            "clickCount": 8,
            "blurCount": 8
        },
        "pageLoadTime": {
            "loadStart": 1737397800000,
            "loadEnd": 1737397800897
        },
        "productId": "TRK-TlxlcwGkl19t",
        "pathCounts": {
            "/checkout": 3,
            "/login": 1,
            "/home/create": 1
        }
    },
    {
        "start": 1737397800,
        "end": 1737397980,
        "bounce": {
            "isBounced": true,
            "pathname": "/frontend/index.html"
        },
        "device": "Laptop",
        "browser": "Mozilla",
        "location": {
            "latitude": -61.733881,
            "longitude": -89.752177
        },
        "uniqueId": "9ce1bf0b-8366-40e1-b77c-9493a981c91b",
        "pathname": "/profile",
        "language": "nb",
        "referrer": "",
        "events": {
            "loadCount": 8,
            "visibilitychangeCount": 2,
            "resizeCount": 0,
            "focusCount": 0,
            "clickCount": 5,
            "blurCount": 9
        },
        "pageLoadTime": {
            "loadStart": 1737397800000,
            "loadEnd": 1737397800356
        },
        "productId": "TRK-Ob2CJVFgaau7",
        "pathCounts": {
            "/home/create": 5,
            "/home/dashboard": 4,
            "/checkout": 9,
            "/settings": 10
        }
    },
    {
        "start": 1737397800,
        "end": 1737398640,
        "bounce": {
            "isBounced": true,
            "pathname": "/frontend/index.html"
        },
        "device": "Mobile",
        "browser": "Chrome",
        "location": {
            "latitude": 77.2937785,
            "longitude": 6.73116
        },
        "uniqueId": "aca50ebd-2a70-41b2-a3f9-1a2deecc8322",
        "pathname": "/settings",
        "language": "gd",
        "referrer": "http://frank-smith.net/",
        "events": {
            "loadCount": 0,
            "visibilitychangeCount": 10,
            "resizeCount": 9,
            "focusCount": 8,
            "clickCount": 4,
            "blurCount": 8
        },
        "pageLoadTime": {
            "loadStart": 1737397800000,
            "loadEnd": 1737397800314
        },
        "productId": "TRK-TlxlcwGkl19t",
        "pathCounts": {
            "/settings": 1,
            "/cart": 5,
            "/checkout": 8
        }
    },
    {
        "start": 1737397800,
        "end": 1737399060,
        "bounce": {
            "isBounced": false,
            "pathname": "/frontend/index.html"
        },
        "device": "Mobile",
        "browser": "Chrome",
        "location": {
            "latitude": -44.81896,
            "longitude": 45.170106
        },
        "uniqueId": "ca9d1f5f-925b-4a59-b362-4703a75ad77c",
        "pathname": "/frontend/index.html",
        "language": "as",
        "referrer": "",
        "events": {
            "loadCount": 6,
            "visibilitychangeCount": 4,
            "resizeCount": 10,
            "focusCount": 0,
            "clickCount": 2,
            "blurCount": 7
        },
        "pageLoadTime": {
            "loadStart": 1737397800000,
            "loadEnd": 1737397800942
        },
        "productId": "TRK-89olAsKyNOG7",
        "pathCounts": {
            "/home/create": 5,
            "/settings": 3,
            "/cart": 9
        }
    },
    {
        "start": 1737397800,
        "end": 1737397860,
        "bounce": {
            "isBounced": true,
            "pathname": "/frontend/index.html"
        },
        "device": "Mobile",
        "browser": "Chrome",
        "location": {
            "latitude": -48.2998615,
            "longitude": -27.665851
        },
        "uniqueId": "aa76de66-83a4-4c21-92f5-cfe20525387a",
        "pathname": "/dashboard",
        "language": "iw",
        "referrer": "http://www.nixon.com/",
        "events": {
            "loadCount": 7,
            "visibilitychangeCount": 8,
            "resizeCount": 0,
            "focusCount": 2,
            "clickCount": 5,
            "blurCount": 0
        },
        "pageLoadTime": {
            "loadStart": 1737397800000,
            "loadEnd": 1737397800018
        },
        "productId": "TRK-89olAsKyNOG7",
        "pathCounts": {
            "/home": 1,
            "/checkout": 6,
            "/home/dashboard": 6,
            "/home/create": 2,
            "/cart": 7
        }
    },
    {
        "start": 1737397800,
        "end": 1737399960,
        "bounce": {
            "isBounced": true,
            "pathname": "/frontend/index.html"
        },
        "device": "Laptop",
        "browser": "Mozilla",
        "location": {
            "latitude": 15.199747,
            "longitude": -175.87453
        },
        "uniqueId": "80d8a76b-4c97-4a12-9ac3-02a6d37e11a9",
        "pathname": "/profile",
        "language": "sw",
        "referrer": "https://www.patterson.org/",
        "events": {
            "loadCount": 7,
            "visibilitychangeCount": 8,
            "resizeCount": 3,
            "focusCount": 9,
            "clickCount": 2,
            "blurCount": 6
        },
        "pageLoadTime": {
            "loadStart": 1737397800000,
            "loadEnd": 1737397800025
        },
        "productId": "TRK-Ob2CJVFgaau7",
        "pathCounts": {
            "/home/create": 9,
            "/profile": 10,
            "/checkout": 7,
            "/login": 5,
            "/cart": 1
        }
    }
]