[
    {
        "start": 1737225000,
        "end": 1737227040,
        "bounce": {
            "isBounced": false,
            "pathname": "/frontend/index.html"
        },
        "device": "Tablet",
        "browser": "Edge",
        "location": {
            "latitude": -26.090674,
            "longitude": 79.781957
        },
        "uniqueId": "f9c7e851-4d89-46ce-8678-25b88916a574",
        "pathname": "/home",
        "language": "aa",
        "referrer": "",
        "events": {
            "loadCount": 7,
            "visibilitychangeCount": 8,
            "resizeCount": 2,
            "focusCount": 4,
            "clickCount": 8,
            "blurCount": 3
        },
        "pageLoadTime": {
            "loadStart": 1737225000000,
            "loadEnd": 1737225000659
        },
        "productId": "TRK-89olAsKyNOG7",
        "pathCounts": {
            "/login": 10,
            "/cart": 4,
            "/checkout": 7
        }
    },
    {
        "start": 1737225000,
        "end": 1737227220,
        "bounce": {
            "isBounced": true,
            "pathname": "/frontend/index.html"
        },
        "device": "Tablet",
        "browser": "Mozilla",
        "location": {
            "latitude": 32.170998,
            "longitude": -140.921524
        },
        "uniqueId": "625ea2f3-d6f3-47f0-abd3-a204ea4eb491",
        "pathname": "/home",
        "language": "cs",
        "referrer": "",
        "events": {
            "loadCount": 9,
            "visibilitychangeCount": 8,
            "resizeCount": 3,
            "focusCount": 4,
            "clickCount": 5,
            "blurCount": 4
        },
        "pageLoadTime": {
            "loadStart": 1737225000000,
            "loadEnd": 1737225000378
        },
        "productId": "TRK-89olAsKyNOG7",
        "pathCounts": {
            "/home": 2,
            "/settings": 6,
            "/home/dashboard": 2
        }
    },
    {
        "start": 1737225000,
        "end": 1737226920,
        "bounce": {
            "isBounced": false,
            "pathname": "/frontend/index.html"
        },
        "device": "Tablet",
        "browser": "Mozilla",
        "location": {
            "latitude": -82.16366,
            "longitude": 21.937313
        },
        "uniqueId": "ca9d1f5f-925b-4a59-b362-4703a75ad77c",
        "pathname": "/settings",
        "language": "brx",
        "referrer": "http://perez-mclean.com/",
        "events": {
            "loadCount": 10,
            "visibilitychangeCount": 0,
            "resizeCount": 3,
            "focusCount": 6,
            "clickCount": 10,
            "blurCount": 8
        },
        "pageLoadTime": {
            "loadStart": 1737225000000,
            "loadEnd": 1737225000373
        },
        "productId": "TRK-TlxlcwGkl19t",
        "pathCounts": {
            "/cart": 8,
            "/profile": 10,
            "/home": 10,
            "/login": 9
        }
    },
    {
        "start": 1737225000,
        "end": 1737227820,
        "bounce": {
            "isBounced": false,
            "pathname": "/frontend/index.html"
        },
        "device": "Desktop",
        "browser": "Chrome",
        "location": {
            "latitude": 15.27974,
            "longitude": -22.897688
        },
        "uniqueId": "80d8a76b-4c97-4a12-9ac3-02a6d37e11a9",
        "pathname": "/dashboard",
        "language": "niu",
        "referrer": "http://sanchez.com/",
        "events": {
            "loadCount": 5,
            "visibilitychangeCount": 3,
            "resizeCount": 6,
            "focusCount": 5,
            "clickCount": 9,
            "blurCount": 5
        },
        "pageLoadTime": {
            "loadStart": 1737225000000,
            "loadEnd": 1737225000138
        },
        "productId": "TRK-TlxlcwGkl19t",
        "pathCounts": {
            "/profile": 7,
            "/cart": 8,
            "/home/create": 1,
            "/home": 10
        }
    },
    {
        "start": 1737225000,
        "end": 1737226200,
        "bounce": {
            "isBounced": true,
            "pathname": "/frontend/index.html"
        },
        "device": "Mobile",
        "browser": "Chrome",
        "location": {
            "latitude": 80.0243185,
            "longitude": -134.906976
        },
        "uniqueId": "14ec54a1-24e9-462b-9378-3e9d812cba5a",
        "pathname": "/dashboard",
        "language": "szl",
        "referrer": "",
        "events": {
            "loadCount": 5,
            "visibilitychangeCount": 3,
            "resizeCount": 6,
            "focusCount": 3,
            "clickCount": 9,
            "blurCount": 7
        },
        "pageLoadTime": {
            "loadStart": 1737225000000,
            "loadEnd": 1737225000797
        },
        "productId": "TRK-TlxlcwGkl19t",
        "pathCounts": {
            "/settings": 9,
            "/cart": 4,
            "/home/create": 3,
            "/checkout": 2
        }
    },
    {
        "start": 1737225000,
        "end": 1737225540,
        "bounce": {
            "isBounced": true,
            "pathname": "/frontend/index.html"
        },
        "device": "Desktop",
        "browser": "Chrome",
        "location": {
            "latitude": -16.892712,
            "longitude": -18.515246
        },
        "uniqueId": "9ce1bf0b-8366-40e1-b77c-9493a981c91b",
        "pathname": "/settings",
        "language": "am",
        "referrer": "",
        "events": {
            "loadCount": 2,
            "visibilitychangeCount": 2,
            "resizeCount": 5,
            "focusCount": 0,
            "clickCount": 7,
            "blurCount": 5
        },
        "pageLoadTime": {
            "loadStart": 1737225000000,
            "loadEnd": 1737225000937
        },
        "productId": "TRK-Ob2CJVFgaau7",
        "pathCounts": {
            "/cart": 10,
            "/checkout": 4,
            "/settings": 9
        }
    },
    {
        "start": 1737225000,
        "end": 1737225780,
        "bounce": {
            "isBounced": false,
            "pathname": "/frontend/index.html"
        },
        "device": "Desktop",
        "browser": "Safari",
        "location": {
            "latitude": -12.4470275,
            "longitude": -146.111937
        },
        "uniqueId": "9b47b488-09f3-4d00-a56c-8c970bdfab8e",
        "pathname": "/settings",
        "language": "gu",
        "referrer": "",
        "events": {
            "loadCount": 8,
            "visibilitychangeCount": 3,
            "resizeCount": 6,
            "focusCount": 0,
            "clickCount": 0,
            "blurCount": 0
        },
        "pageLoadTime": {
            "loadStart": 1737225000000,
            "loadEnd": 1737225000759
        },
        "productId": "TRK-89olAsKyNOG7",
        "pathCounts": {
            "/home": 8,
            "/checkout": 5
        }
    },
    {
        "start": 1737225000,
        "end": 1737227880,
        "bounce": {
            "isBounced": false,
            "pathname": "/frontend/index.html"
        },
        "device": "Tablet",
        "browser": "Chrome",
        "location": {
            "latitude": -54.4863505,
            "longitude": -149.438212
        },
        "uniqueId": "9b47b488-09f3-4d00-a56c-8c970bdfab8e",
        "pathname": "/profile",
        "language": "ru",
        "referrer": "",
        "events": {
            "loadCount": 6,
            "visibilitychangeCount": 1,
            "resizeCount": 3,
            "focusCount": 6,
            "clickCount": 10,
            "blurCount": 3
        },
        "pageLoadTime": {
            "loadStart": 1737225000000,
            "loadEnd": 1737225000362
        },
        "productId": "TRK-89olAsKyNOG7",
        "pathCounts": {
            "/profile": 3,
            "/home/dashboard": 6,
            "/home/create": 6
        }
    },
    {
        "start": 1737225000,
        "end": 1737227760,
        "bounce": {
            "isBounced": true,
            "pathname": "/frontend/index.html"
        },
        "device": "Mobile",
        "browser": "Chrome",
        "location": {
            "latitude": 40.549072,
            "longitude": 10.640851
        },
        "uniqueId": "3ba5c0ca-2d1c-4d75-82b7-a2c821f2ea43",
        "pathname": "/dashboard",
        "language": "iu",
        "referrer": "https://www.crawford-nguyen.com/",
        "events": {
            "loadCount": 6,
            "visibilitychangeCount": 5,
            "resizeCount": 2,
            "focusCount": 1,
            "clickCount": 7,
            "blurCount": 4
        },
        "pageLoadTime": {
            "loadStart": 1737225000000,
            "loadEnd": 1737225000627
        },
        "productId": "TRK-89olAsKyNOG7",
        "pathCounts": {
            "/home/create": 4,
            "/profile": 10
        }
    },
    {
        "start": 1737225000,
        "end": 1737226620,
        "bounce": {
            "isBounced": false,
            "pathname": "/frontend/index.html"
        },
        "device": "Desktop",
        "browser": "Mozilla",
        "location": {
            "latitude": 32.448124,
            "longitude": 121.715852
        },
        "uniqueId": "f25d6d08-ed4a-4680-b7e3-94d4b30207df",
        "pathname": "/settings",
        "language": "zh",
        "referrer": "http://www.hernandez-maldonado.org/",
        "events": {
            "loadCount": 7,
            "visibilitychangeCount": 4,
            "resizeCount": 4,
            "focusCount": 6,
            "clickCount": 1,
            "blurCount": 4
        },
        "pageLoadTime": {
            "loadStart": 1737225000000,
            "loadEnd": 1737225000206
        },
        "productId": "TRK-89olAsKyNOG7",
        "pathCounts": {
            "/cart": 8,
            "/home": 8,
            "/home/dashboard": 7
        }
    },
    {
        "start": 1737225000,
        "end": 1737226860,
        "bounce": {
            "isBounced": true,
            "pathname": "/frontend/index.html"
        },
        "device": "Desktop",
        "browser": "Safari",
        "location": {
            "latitude": 29.7211295,
            "longitude": 155.558205
        },
        "uniqueId": "31b1cad6-43b6-4fa7-95e5-7d79676b01e7",
        "pathname": "/dashboard",
        "language": "mn",
        "referrer": "",
        "events": {
            "loadCount": 6,
            "visibilitychangeCount": 2,
            "resizeCount": 6,
            "focusCount": 7,
            "clickCount": 3,
            "blurCount": 5
        },
        "pageLoadTime": {
            "loadStart": 1737225000000,
            "loadEnd": 1737225000845
        },
        "productId": "TRK-TlxlcwGkl19t",
        "pathCounts": {
            "/profile": 9,
            "/checkout": 10,
            "/home/dashboard": 9,
            "/cart": 4
        }
    },
    {
        "start": 1737225000,
        "end": 1737228240,
        "bounce": {
            "isBounced": false,
            "pathname": "/frontend/index.html"
        },
        "device": "Laptop",
        "browser": "Chrome",
        "location": {
            "latitude": 17.2860775,
            "longitude": -101.964245
        },
        "uniqueId": "625ea2f3-d6f3-47f0-abd3-a204ea4eb491",
        "pathname": "/settings",
        "language": "ta",
        "referrer": "http://arnold.org/",
        "events": {
            "loadCount": 7,
            "visibilitychangeCount": 4,
            "resizeCount": 6,
            "focusCount": 0,
            "clickCount": 2,
            "blurCount": 4
        },
        "pageLoadTime": {
            "loadStart": 1737225000000,
            "loadEnd": 1737225000022
        },
        "productId": "TRK-89olAsKyNOG7",
        "pathCounts": {
            "/checkout": 2,
            "/home": 4,
            "/settings": 9,
            "/login": 8
        }
    },
    {
        "start": 1737225000,
        "end": 1737225180,
        "bounce": {
            "isBounced": false,
            "pathname": "/frontend/index.html"
        },
        "device": "Laptop",
        "browser": "Chrome",
        "location": {
            "latitude": 16.0437565,
            "longitude": 164.80696
        },
        "uniqueId": "f25d6d08-ed4a-4680-b7e3-94d4b30207df",
        "pathname": "/home",
        "language": "am",
        "referrer": "http://www.richardson-fowler.com/",
        "events": {
            "loadCount": 0,
            "visibilitychangeCount": 6,
            "resizeCount": 8,
            "focusCount": 3,
            "clickCount": 8,
            "blurCount": 0
        },
        "pageLoadTime": {
            "loadStart": 1737225000000,
            "loadEnd": 1737225000173
        },
        "productId": "TRK-Ob2CJVFgaau7",
        "pathCounts": {
            "/login": 5,
            "/cart": 10,
            "/home/dashboard": 9,
            "/settings": 9
        }
    },
    {
        "start": 1737225000,
        "end": 1737227940,
        "bounce": {
            "isBounced": false,
            "pathname": "/frontend/index.html"
        },
        "device": "Desktop",
        "browser": "Safari",
        "location": {
            "latitude": -36.4777825,
            "longitude": -24.165755
        },
        "uniqueId": "625ea2f3-d6f3-47f0-abd3-a204ea4eb491",
        "pathname": "/dashboard",
        "language": "tt",
        "referrer": "",
        "events": {
            "loadCount": 3,
            "visibilitychangeCount": 4,
            "resizeCount": 0,
            "focusCount": 8,
            "clickCount": 3,
            "blurCount": 9
        },
        "pageLoadTime": {
            "loadStart": 1737225000000,
            "loadEnd": 1737225000165
        },
        "productId": "TRK-89olAsKyNOG7",
        "pathCounts": {
            "/home": 6,
            "/home/create": 8,
            "/login": 8,
            "/cart": 9
        }
    }
]