[
    {
        "start": 1739557800,
        "end": 1739559360,
        "bounce": {
            "isBounced": true,
            "pathname": "/frontend/index.html"
        },
        "device": "Mobile",
        "browser": "Safari",
        "location": {
            "latitude": -75.597249,
            "longitude": -81.883583
        },
        "uniqueId": "f9c7e851-4d89-46ce-8678-25b88916a574",
        "pathname": "/frontend/index.html",
        "language": "os",
        "referrer": "",
        "events": {
            "loadCount": 6,
            "visibilitychangeCount": 8,
            "resizeCount": 1,
            "focusCount": 4,
            "clickCount": 9,
            "blurCount": 7
        },
        "pageLoadTime": {
            "loadStart": 1739557800000,
            "loadEnd": 1739557800276
        },
        "productId": "TRK-TlxlcwGkl19t",
        "pathCounts": {
            "/login": 10,
            "/cart": 9,
            "/home/dashboard": 1
        }
    },
    {
        "start": 1739557800,
        "end": 1739560620,
        "bounce": {
            "isBounced": false,
            "pathname": "/frontend/index.html"
        },
        "device": "Desktop",
        "browser": "Safari",
        "location": {
            "latitude": -75.6756255,
            "longitude": -49.225139
        },
        "uniqueId": "4f113d91-1e3e-46f7-a9ca-95f02de96297",
        "pathname": "/profile",
        "language": "he",
        "referrer": "https://johnson.net/",
        "events": {
            "loadCount": 10,
            "visibilitychangeCount": 8,
            "resizeCount": 2,
            "focusCount": 6,
            "clickCount": 7,
            "blurCount": 7
        },
        "pageLoadTime": {
            "loadStart": 1739557800000,
            "loadEnd": 1739557800586
        },
        "productId": "TRK-TlxlcwGkl19t",
        "pathCounts": {
            "/checkout": 5,
            "/login": 7,
            "/settings": 3
        }
    },
    {
        "start": 1739557800,
        "end": 1739560740,
        "bounce": {
            "isBounced": false,
            "pathname": "/frontend/index.html"
        },
        "device": "Mobile",
        "browser": "Mozilla",
        "location": {
            "latitude": 88.431599,
            "longitude": 26.11517
        },
        "uniqueId": "5bde6480-0ab0-43b2-8529-ae22b458f836",
        "pathname": "/dashboard",
        "language": "de",
        "referrer": "",
        "events": {
            "loadCount": 9,
            "visibilitychangeCount": 0,
            "resizeCount": 9,
            "focusCount": 7,
            "clickCount": 2,
            "blurCount": 5
        },
        "pageLoadTime": {
            "loadStart": 1739557800000,
            "loadEnd": 1739557800552
        },
        "productId": "TRK-89olAsKyNOG7",
        "pathCounts": {
            "/cart": 1,
            "/login": 1,
            "/settings": 5,
            "/home/dashboard": 3
        }
    },
    {
        "start": 1739557800,
        "end": 1739560800,
        "bounce": {
            "isBounced": false,
            "pathname": "/frontend/index.html"
        },
        "device": "Desktop",
        "browser": "Chrome",
        "location": {
            "latitude": -51.8284255,
            "longitude": 7.601996
        },
        "uniqueId": "4f113d91-1e3e-46f7-a9ca-95f02de96297",
        "pathname": "/dashboard",
        "language": "ky",
        "referrer": "",
        "events": {
            "loadCount": 0,
            "visibilitychangeCount": 7,
            "resizeCount": 3,
            "focusCount": 6,
            "clickCount": 7,
            "blurCount": 0
        },
        "pageLoadTime": {
            "loadStart": 1739557800000,
            "loadEnd": 1739557800095
        },
        "productId": "TRK-89olAsKyNOG7",
        "pathCounts": {
            "/cart": 5,
            "/home/dashboard": 1,
            "/settings": 2
        }
    },
    {
        "start": 1739557800,
        "end": 1739560920,
        "bounce": {
            "isBounced": false,
            "pathname": "/frontend/index.html"
        },
        "device": "Mobile",
        "browser": "Chrome",
        "location": {
            "latitude": 86.1867995,
            "longitude": -138.862303
        },
        "uniqueId": "111907fd-95b7-4729-a2af-e51ad656e288",
        "pathname": "/dashboard",
        "language": "th",
        "referrer": "http://www.sims-dean.org/",
        "events": {
            "loadCount": 9,
            "visibilitychangeCount": 10,
            "resizeCount": 2,
            "focusCount": 1,
            "clickCount": 6,
            "blurCount": 3
        },
        "pageLoadTime": {
            "loadStart": 1739557800000,
            "loadEnd": 1739557800813
        },
        "productId": "TRK-TlxlcwGkl19t",
        "pathCounts": {
            "/home/create": 1,
            "/home/dashboard": 6,
            "/home": 4
        }
    },
    {
        "start": 1739557800,
        "end": 1739558760,
        "bounce": {
            "isBounced": true,
            "pathname": "/frontend/index.html"
        },
        "device": "Mobile",
        "browser": "Mozilla",
        "location": {
            "latitude": 13.9200215,
            "longitude": 163.657904
        },
        "uniqueId": "aca50ebd-2a70-41b2-a3f9-1a2deecc8322",
        "pathname": "/home",
        "language": "ber",
        "referrer": "https://allen-lopez.org/",
        "events": {
            "loadCount": 6,
            "visibilitychangeCount": 6,
            "resizeCount": 1,
            "focusCount": 10,
            "clickCount": 8,
            "blurCount": 9
        },
        "pageLoadTime": {
            "loadStart": 1739557800000,
            "loadEnd": 1739557800305
        },
        "productId": "TRK-Ob2CJVFgaau7",
        "pathCounts": {
            "/checkout": 5,
            "/home/create": 2,
            "/profile": 10,
            "/cart": 5
        }
    },
    {
        "start": 1739557800,
        "end": 1739559480,
        "bounce": {
            "isBounced": false,
            "pathname": "/frontend/index.html"
        },
        "device": "Mobile",
        "browser": "Edge",
        "location": {
            "latitude": 51.5213655,
            "longitude": 118.573183
        },
        "uniqueId": "9ce1bf0b-8366-40e1-b77c-9493a981c91b",
        "pathname": "/dashboard",
        "language": "id",
        "referrer": "https://www.lee.com/",
        "events": {
            "loadCount": 5,
            "visibilitychangeCount": 8,
            "resizeCount": 2,
            "focusCount": 1,
            "clickCount": 2,
            "blurCount": 6
        },
        "pageLoadTime": {
            "loadStart": 1739557800000,
            "loadEnd": 1739557800876
        },
        "productId": "TRK-Ob2CJVFgaau7",
        "pathCounts": {
            "/cart": 3,
            "/checkout": 7,
            "/settings": 8
        }
    },
    {
        "start": 1739557800,
        "end": 1739559180,
        "bounce": {
            "isBounced": false,
            "pathname": "/frontend/index.html"
        },
        "device": "Mobile",
        "browser": "Mozilla",
        "location": {
            "latitude": 2.281704,
            "longitude": 4.06327
        },
        "uniqueId": "4f113d91-1e3e-46f7-a9ca-95f02de96297",
        "pathname": "/profile",
        "language": "hi",
        "referrer": "https://williams-acosta.net/",
        "events": {
            "loadCount": 5,
            "visibilitychangeCount": 0,
            "resizeCount": 0,
            "focusCount": 10,
            "clickCount": 1,
            "blurCount": 5
        },
        "pageLoadTime": {
            "loadStart": 1739557800000,
            "loadEnd": 1739557800655
        },
        "productId": "TRK-89olAsKyNOG7",
        "pathCounts": {
            "/settings": 5,
            "/home/create": 6,
            "/checkout": 1
        }
    },
    {
        "start": 1739557800,
        "end": 1739560980,
        "bounce": {
            "isBounced": true,
            "pathname": "/frontend/index.html"
        },
        "device": "Laptop",
        "browser": "Chrome",
        "location": {
            "latitude": 44.1382795,
            "longitude": -158.900675
        },
        "uniqueId": "5bde6480-0ab0-43b2-8529-ae22b458f836",
        "pathname": "/frontend/index.html",
        "language": "ug",
        "referrer": "https://www.gonzalez.info/",
        "events": {
            "loadCount": 4,
            "visibilitychangeCount": 3,
            "resizeCount": 4,
            "focusCount": 8,
            "clickCount": 4,
            "blurCount": 2
        },
        "pageLoadTime": {
            "loadStart": 1739557800000,
            "loadEnd": 1739557800255
        },
        "productId": "TRK-TlxlcwGkl19t",
        "pathCounts": {
            "/settings": 10,
            "/home/dashboard": 8,
            "/profile": 7,
            "/home": 6
        }
    }
]